ovf,-0.000000,ovf,0.000003,-0.000000,-0.000000,-50759.355469,0.000000,ovf,ovf,ovf,-0.000000,ovf,0.000000,-0.000000,ovf,ovf,ovf
0.420000,1.013252,0.000000,0.000000,0.006080,0.000000,0.000000,-0.006116,1.015263,0.000000,0.005523,-77.659966,0.000003,-0.001456,0.000000,0.000000,0.000000,0.000000
2.380000,2.837105,0.000000,0.000016,0.034451,0.000000,-0.000003,-0.034639,2.842717,0.001456,0.031285,-217.446457,-0.000040,-0.004030,0.000000,0.000000,0.000000,0.000000
-0.580000,-4.284608,0.000000,0.000166,-0.008396,0.000000,0.000037,0.008720,-4.311170,0.005486,-0.013761,188.719147,-0.000058,0.003544,0.000000,0.000000,0.000000,0.000000
-0.040000,0.781651,0.000000,0.000164,-0.000579,0.000000,0.000095,0.000771,0.791489,0.001942,-0.001722,-24.494738,0.000017,-0.000475,0.000000,0.000000,0.000000,0.000000
0.420000,0.665851,0.000000,0.000190,0.006080,0.000000,0.000078,-0.006272,0.680077,0.002417,0.017926,-16.439573,-0.000004,-0.000262,0.000000,0.000000,0.000000,0.000000
-0.140000,-0.810601,0.000000,0.000237,-0.002027,0.000000,0.000082,0.002488,-0.837379,0.002679,-0.008581,16.773783,-0.000009,0.000295,0.000000,0.000000,0.000000,0.000000
-0.640000,-0.723751,0.000000,0.000262,-0.009264,0.000000,0.000091,0.010867,-0.757625,0.002384,-0.043473,13.083605,0.000015,0.000130,0.000000,0.000000,0.000000,0.000000
-0.980000,-0.492151,0.000000,0.000266,-0.014186,0.000000,0.000076,0.017204,-0.523257,0.002254,-0.077584,8.015818,0.000037,-0.000058,0.000000,0.000000,0.000000,0.000000
-1.170000,-0.275025,0.000000,0.000257,-0.016936,0.000000,0.000040,0.021463,-0.297716,0.002313,-0.106779,4.134092,0.000052,-0.000210,0.000000,0.000000,0.000000,0.000000
-0.870000,0.434251,0.000000,0.000242,-0.012593,0.000000,-0.000013,0.016876,0.478598,0.002523,-0.091074,-6.126876,0.000055,-0.000362,0.000000,0.000000,0.000000,0.000000
5.380000,9.046891,0.000000,0.000242,0.077876,0.000000,-0.000067,-0.107942,10.195689,0.002885,0.623349,-121.971191,-0.000099,-0.000623,0.000000,0.000000,0.000000,0.000000
-0.360000,-8.308665,0.000000,0.000505,-0.005211,0.000000,0.000032,0.008434,-9.588920,0.003508,-0.051548,108.385277,-0.000159,0.001914,0.000000,0.000000,0.000000,0.000000
0.370000,1.056677,0.000000,0.000531,0.005356,0.000000,0.000190,-0.007579,1.250380,0.001594,0.048586,-13.475443,0.000003,-0.000127,0.000000,0.000000,0.000000,0.000000
3.220000,4.125382,0.000000,0.000592,0.046610,0.000000,0.000187,-0.077182,5.019446,0.001721,0.515022,-51.966999,-0.000114,0.000409,0.000000,0.000000,0.000000,0.000000
-0.700000,-5.674210,0.000000,0.000775,-0.010133,0.000000,0.000300,0.019579,-7.111592,0.001312,-0.135146,71.176888,-0.000081,0.000981,0.000000,0.000000,0.000000,0.000000
4.100000,7.903364,0.000000,0.001014,0.059348,0.000000,0.001051,-0.059510,7.966013,0.005688,0.106238,-308.267334,-0.000010,-0.005551,0.000000,0.000000,0.000000,0.000000
-5.740000,-14.243424,0.000000,0.001384,-0.083087,0.000000,0.001061,0.086489,-14.357057,0.011240,-0.154403,555.586731,-0.000038,0.010113,0.000000,0.000000,0.000000,0.000000
-1.290000,6.441386,0.000000,0.001191,-0.018673,0.000000,0.001099,0.020772,6.539144,0.001127,-0.050501,-185.816101,0.000180,-0.003674,0.000000,0.000000,0.000000,0.000000
-1.080000,0.303975,0.000000,0.001215,-0.015633,0.000000,0.000919,0.018109,0.311130,0.004801,-0.055169,-7.055296,0.000055,-0.000276,0.000000,0.000000,0.000000,0.000000
-7.400000,-9.148216,0.000000,0.001257,-0.107115,0.000000,0.000864,0.120434,-9.485692,0.005077,-0.436645,180.746262,0.000146,0.002242,0.000000,0.000000,0.000000,0.000000
6.040000,19.454435,0.000000,0.001028,0.087429,0.000000,0.000718,-0.099835,20.452127,0.002835,0.415736,-339.300415,0.000117,-0.005304,0.000000,0.000000,0.000000,0.000000
2.100000,-5.703160,0.000000,0.001389,0.030398,0.000000,0.000601,-0.035032,-6.093766,0.008139,0.163243,90.342293,-0.000210,0.002162,0.000000,0.000000,0.000000,0.000000
-9.950000,-17.442406,0.000000,0.001590,-0.144027,0.000000,0.000812,0.184665,-18.976479,0.005977,-0.943916,256.476654,0.000141,0.002299,0.000000,0.000000,0.000000,0.000000
-4.500000,7.888889,0.000000,0.001291,-0.065138,0.000000,0.000671,0.088844,8.756661,0.003678,-0.490355,-109.606430,0.000406,-0.003406,0.000000,0.000000,0.000000,0.000000
4.210000,12.607748,0.000000,0.001230,0.060940,0.000000,0.000265,-0.084547,14.310168,0.007084,0.497515,-168.002243,0.000042,-0.001829,0.000000,0.000000,0.000000,0.000000
-0.290000,-6.513762,0.000000,0.001542,-0.004198,0.000000,0.000224,0.008634,-7.577792,0.008913,-0.053610,84.311317,-0.000120,0.001455,0.000000,0.000000,0.000000,0.000000
-7.770000,-5.066259,0.000000,0.000473,-0.112471,0.000000,0.000028,0.115692,-5.107056,0.018610,-0.206537,197.631912,0.000216,0.003181,0.000000,0.000000,0.000000,0.000000
-0.510000,10.508868,0.000000,0.000215,-0.007382,0.000000,-0.000189,0.007779,10.592035,0.015429,-0.013887,-409.888611,0.000221,-0.007805,0.000000,0.000000,0.000000,0.000000
0.110000,0.897452,0.000000,0.000426,0.001592,0.000000,-0.000410,-0.001219,0.910236,0.023234,0.002964,-25.865246,0.000014,-0.000467,0.000000,0.000000,0.000000,0.000000
-3.880000,-5.775535,0.000000,0.000668,-0.056163,0.000000,-0.000423,0.061083,-5.919980,0.023701,-0.186091,134.243393,0.000053,0.002039,0.000000,0.000000,0.000000,0.000000
4.440000,12.043221,0.000000,0.000734,0.064269,0.000000,-0.000477,-0.070607,12.485500,0.021662,0.255992,-237.906464,0.000045,-0.003816,0.000000,0.000000,0.000000,0.000000
7.820000,4.892559,0.000000,0.001172,0.113195,0.000000,-0.000522,-0.129440,5.141708,0.025478,0.539019,-85.300858,-0.000253,-0.000150,0.000000,0.000000,0.000000,0.000000
-3.710000,-16.689705,0.000000,0.001763,-0.053702,0.000000,-0.000269,0.066982,-17.832018,0.025628,-0.312129,264.366180,-0.000156,0.004162,0.000000,0.000000,0.000000,0.000000
-4.300000,-0.854027,0.000000,0.001871,-0.062243,0.000000,-0.000113,0.081306,-0.931566,0.021466,-0.415596,12.590580,0.000203,-0.000893,0.000000,0.000000,0.000000,0.000000
-9.810000,-7.975739,0.000000,0.001967,-0.142000,0.000000,-0.000316,0.192547,-8.857079,0.022360,-1.062722,110.863350,0.000353,-0.000774,0.000000,0.000000,0.000000,0.000000
0.610000,15.082976,0.000000,0.001844,0.008830,0.000000,-0.000668,-0.009892,17.118114,0.023134,0.058209,-200.967682,0.000297,-0.003646,0.000000,0.000000,0.000000,0.000000
-0.040000,-0.940877,0.000000,0.002169,-0.000579,0.000000,-0.000965,0.004134,-1.098495,0.026780,-0.025667,12.221972,-0.000010,0.000169,0.000000,0.000000,0.000000,0.000000
-7.450000,-4.168807,0.000000,-0.002035,-0.107839,0.000000,-0.002874,0.108417,-4.202837,0.037450,-0.193549,162.640610,0.000214,0.002556,0.000000,0.000000,0.000000,0.000000
-3.920000,5.109684,0.000000,-0.002239,-0.056742,0.000000,-0.003088,0.055806,5.149525,0.034894,-0.099626,-199.275360,0.000248,-0.004047,0.000000,0.000000,0.000000,0.000000
-3.830000,0.130275,0.000000,-0.002056,-0.055439,0.000000,-0.003336,0.055825,0.131069,0.038942,-0.135722,-3.724454,0.000153,-0.000430,0.000000,0.000000,0.000000,0.000000
3.910000,11.203670,0.000000,-0.001884,0.056597,0.000000,-0.003489,-0.062856,11.480191,0.039372,0.191494,-260.328552,0.000047,-0.004411,0.000000,0.000000,0.000000,0.000000
-5.060000,-12.984097,0.000000,-0.001376,-0.073244,0.000000,-0.003536,0.079866,-13.464329,0.043782,-0.289563,256.557678,-0.000039,0.004083,0.000000,0.000000,0.000000,0.000000
7.930000,18.803057,0.000000,-0.001276,0.114787,0.000000,-0.003497,-0.134108,19.765772,0.039700,0.558457,-327.913818,0.000012,-0.004706,0.000000,0.000000,0.000000,0.000000
-5.120000,-18.889908,0.000000,-0.000620,-0.074112,0.000000,-0.003509,0.088752,-20.182859,0.044405,-0.413574,299.218201,-0.000142,0.004556,0.000000,0.000000,0.000000,0.000000
1.140000,9.061366,0.000000,-0.000530,0.016502,0.000000,-0.003367,-0.021599,9.855000,0.039850,0.110404,-133.195282,0.000128,-0.002232,0.000000,0.000000,0.000000,0.000000
-0.750000,-2.735780,0.000000,-0.000178,-0.010856,0.000000,-0.003495,0.014281,-3.040337,0.042082,-0.078823,38.055649,-0.000019,0.000511,0.000000,0.000000,0.000000,0.000000
8.090000,12.795922,0.000000,0.000092,0.117103,0.000000,-0.003476,-0.165683,14.521645,0.041570,0.974964,-170.484985,-0.000173,-0.000592,0.000000,0.000000,0.000000,0.000000
2.470000,-8.134964,0.000000,0.000732,0.035753,0.000000,-0.003303,-0.052682,-9.465606,0.042162,0.327112,105.315331,-0.000321,0.002880,0.000000,0.000000,0.000000,0.000000
-6.690000,-7.324363,0.000000,-0.001277,-0.096838,0.000000,-0.002060,0.097925,-7.383446,0.034432,-0.174819,285.723236,0.000126,0.004932,0.000000,0.000000,0.000000,0.000000
-2.790000,5.645260,0.000000,-0.001458,-0.040385,0.000000,-0.002186,0.039858,5.689463,0.029500,-0.071156,-220.169785,0.000215,-0.004371,0.000000,0.000000,0.000000,0.000000
-2.850000,-0.086850,0.000000,-0.001264,-0.041254,0.000000,-0.002401,0.041818,-0.089249,0.033871,-0.101668,2.536094,0.000111,-0.000219,0.000000,0.000000,0.000000,0.000000
-3.710000,-1.244852,0.000000,-0.001084,-0.053702,0.000000,-0.002512,0.056554,-1.277086,0.034090,-0.172294,28.959629,0.000129,0.000083,0.000000,0.000000,0.000000,0.000000
-1.320000,3.459531,0.000000,-0.000951,-0.019107,0.000000,-0.002641,0.020176,3.585367,0.034007,-0.073152,-68.317818,0.000122,-0.001492,0.000000,0.000000,0.000000,0.000000
7.280000,12.448523,0.000000,-0.000720,0.105378,0.000000,-0.002763,-0.122594,13.085296,0.035499,0.510511,-217.084824,-0.000084,-0.002727,0.000000,0.000000,0.000000,0.000000
-4.410000,-16.921305,0.000000,-0.000121,-0.063835,0.000000,-0.002679,0.076943,-18.079573,0.038226,-0.358546,268.036255,-0.000134,0.004110,0.000000,0.000000,0.000000,0.000000
-1.970000,3.531906,0.000000,-0.000026,-0.028516,0.000000,-0.002545,0.036129,3.839785,0.034115,-0.184675,-51.896622,0.000171,-0.001490,0.000000,0.000000,0.000000,0.000000
0.130000,3.039755,0.000000,0.000173,0.001882,0.000000,-0.002716,-0.002286,3.371587,0.035605,0.012617,-42.201881,0.000057,-0.000762,0.000000,0.000000,0.000000,0.000000
0.070000,-23.970642,0.000000,-0.001297,0.001013,0.000000,-0.002016,-0.002292,-24.162039,0.031709,0.004091,935.018188,-0.000464,0.017717,0.000000,0.000000,0.000000,0.000000
-3.930000,-5.790010,0.000000,-0.001219,-0.056887,0.000000,-0.001552,0.056998,-5.836362,0.013992,-0.101755,225.854446,0.000045,0.003969,0.000000,0.000000,0.000000,0.000000
-3.050000,1.273803,0.000000,-0.001301,-0.044149,0.000000,-0.001597,0.044808,1.292927,0.010023,-0.108936,-36.739765,0.000146,-0.000998,0.000000,0.000000,0.000000,0.000000
-3.130000,-0.115801,0.000000,-0.001350,-0.045307,0.000000,-0.001742,0.047245,-0.118965,0.011021,-0.143933,2.697685,0.000125,-0.000336,0.000000,0.000000,0.000000,0.000000
2.940000,8.786341,0.000000,-0.001413,0.042557,0.000000,-0.001867,-0.048863,9.109658,0.011358,0.177159,-173.581085,0.000040,-0.002807,0.000000,0.000000,0.000000,0.000000
-3.610000,-9.481142,0.000000,-0.001218,-0.052255,0.000000,-0.001908,0.058972,-9.968097,0.014164,-0.245575,165.370560,-0.000029,0.002472,0.000000,0.000000,0.000000,0.000000
0.760000,6.325586,0.000000,-0.001316,0.011001,0.000000,-0.001878,-0.014874,6.757338,0.011692,0.069313,-100.179993,0.000088,-0.001714,0.000000,0.000000,0.000000,0.000000
-3.080000,-5.558410,0.000000,-0.001235,-0.044583,0.000000,-0.001966,0.054972,-6.047292,0.013406,-0.280988,81.732201,0.000034,0.000791,0.000000,0.000000,0.000000,0.000000
-4.330000,-1.809379,0.000000,-0.001327,-0.062677,0.000000,-0.002000,0.082052,-2.008876,0.012616,-0.452866,25.144945,0.000184,-0.000750,0.000000,0.000000,0.000000,0.000000
1.330000,8.192864,0.000000,-0.001480,0.019252,0.000000,-0.002184,-0.029356,9.300016,0.013366,0.172745,-109.182747,0.000096,-0.001599,0.000000,0.000000,0.000000,0.000000
2.830000,2.171254,0.000000,-0.001407,0.040964,0.000000,-0.002280,-0.063738,2.525068,0.014965,0.395763,-28.094172,-0.000125,0.000542,0.000000,0.000000,0.000000,0.000000
0.820000,-2.909480,0.000000,-0.001281,0.011870,0.000000,-0.002155,-0.021080,-3.473721,0.014423,0.136940,36.942459,-0.000123,0.001069,0.000000,0.000000,0.000000,0.000000
0.370000,8.873191,0.000000,0.001816,0.005356,0.000000,0.001823,-0.003621,8.943719,-0.001815,0.006465,-346.102386,0.000160,-0.006538,0.000000,0.000000,0.000000,0.000000
-2.550000,-4.226707,0.000000,0.001828,-0.036911,0.000000,0.001664,0.039665,-4.260530,0.004722,-0.070812,164.873215,0.000026,0.002942,0.000000,0.000000,0.000000,0.000000
0.950000,5.066259,0.000000,0.001778,0.013751,0.000000,0.001637,-0.012521,5.143040,0.001780,0.030442,-146.144455,0.000063,-0.002690,0.000000,0.000000,0.000000,0.000000
2.210000,1.823853,0.000000,0.001903,0.031990,0.000000,0.001574,-0.032337,1.868635,0.004470,0.098516,-42.373768,-0.000052,-0.000531,0.000000,0.000000,0.000000,0.000000
-0.380000,-3.749032,0.000000,0.002099,-0.005501,0.000000,0.001626,0.008445,-3.887820,0.005001,-0.030618,74.080940,-0.000051,0.001321,0.000000,0.000000,0.000000,0.000000
-0.250000,0.188175,0.000000,0.002194,-0.003619,0.000000,0.001677,0.006716,0.196972,0.003680,-0.027967,-3.267763,0.000022,-0.000140,0.000000,0.000000,0.000000,0.000000
2.490000,3.966157,0.000000,0.002309,0.036043,0.000000,0.001655,-0.040738,4.235914,0.003820,0.189834,-62.798962,-0.000030,-0.000675,0.000000,0.000000,0.000000,0.000000
-4.630000,-10.306218,0.000000,0.002558,-0.067019,0.000000,0.001685,0.088235,-11.213507,0.004496,-0.451015,151.556183,0.000026,0.001651,0.000000,0.000000,0.000000,0.000000
-4.600000,0.043425,0.000000,0.002522,-0.066585,0.000000,0.001658,0.092426,0.046493,0.002845,-0.510126,-0.581954,0.000251,-0.001394,0.000000,0.000000,0.000000,0.000000
-1.980000,-6.137411,0.000000,-0.000781,-0.028661,0.000000,-0.001391,0.028609,-6.186876,0.026650,-0.051074,239.418610,-0.000040,0.004398,0.000000,0.000000,0.000000,0.000000
-4.590000,-3.777982,0.000000,-0.000794,-0.066440,0.000000,-0.001350,0.067215,-3.808565,0.022252,-0.119994,147.383133,0.000110,0.002458,0.000000,0.000000,0.000000,0.000000
-4.480000,0.159226,0.000000,-0.000799,-0.064848,0.000000,-0.001460,0.066979,0.161021,0.019794,-0.162838,-4.575561,0.000184,-0.000532,0.000000,0.000000,0.000000,0.000000
7.970000,18.021406,0.000000,-0.000804,0.115366,0.000000,-0.001644,-0.124860,18.467775,0.020326,0.380391,-418.781281,0.000012,-0.006900,0.000000,0.000000,0.000000,0.000000
-11.320000,-27.922323,0.000000,-0.000252,-0.163857,0.000000,-0.001656,0.181814,-28.952122,0.027225,-0.659186,551.671692,-0.000056,0.008676,0.000000,0.000000,0.000000,0.000000
3.690000,21.727013,0.000000,-0.000556,0.053413,0.000000,-0.001599,-0.062360,22.840815,0.018550,0.259681,-378.928772,0.000264,-0.006489,0.000000,0.000000,0.000000,0.000000
-1.510000,-7.527013,0.000000,-0.000211,-0.021857,0.000000,-0.001863,0.026141,-8.042722,0.025038,-0.121816,119.236267,-0.000082,0.001940,0.000000,0.000000,0.000000,0.000000
-0.370000,1.650153,0.000000,-0.000092,-0.005356,0.000000,-0.001781,0.006676,1.793506,0.023098,-0.034123,-24.240137,0.000052,-0.000555,0.000000,0.000000,0.000000,0.000000
-2.150000,-2.576555,0.000000,0.000075,-0.031121,0.000000,-0.001833,0.041723,-2.862252,0.023653,-0.230283,35.826588,0.000059,0.000056,0.000000,0.000000,0.000000,0.000000
-2.110000,0.057900,0.000000,0.000167,-0.030542,0.000000,-0.001892,0.043483,0.063597,0.023597,-0.255877,-0.746634,0.000119,-0.000706,0.000000,0.000000,0.000000,0.000000
-7.390000,-28.602652,0.000000,-0.000216,-0.106970,0.000000,-0.000659,0.109353,-28.830612,0.019098,-0.195220,1115.681641,-0.000250,0.020599,0.000000,0.000000,0.000000,0.000000
-7.370000,0.028950,0.000000,-0.000459,-0.106681,0.000000,-0.000409,0.108761,0.029240,-0.001501,-0.194163,-1.131541,0.000295,-0.000585,0.000000,0.000000,0.000000,0.000000
-1.210000,8.916615,0.000000,-0.000770,-0.017515,0.000000,-0.000704,0.017510,9.052241,-0.000916,-0.042571,-257.228210,0.000218,-0.004985,0.000000,0.000000,0.000000,0.000000
-2.650000,-2.084404,0.000000,-0.000799,-0.038359,0.000000,-0.000923,0.040370,-2.136187,0.004069,-0.122988,48.440861,0.000068,0.000594,0.000000,0.000000,0.000000,0.000000
5.820000,12.260346,0.000000,-0.000899,0.084245,0.000000,-0.000991,-0.094620,12.711922,0.003475,0.343053,-242.220856,-0.000015,-0.003660,0.000000,0.000000,0.000000,0.000000
4.740000,-1.563304,0.000000,-0.000630,0.068612,0.000000,-0.000976,-0.080008,-1.643760,0.007135,0.333170,27.269953,-0.000248,0.001424,0.000000,0.000000,0.000000,0.000000
0.150000,-6.644037,0.000000,-0.000414,0.002171,0.000000,-0.000728,-0.003122,-7.098056,0.005710,0.014549,105.231262,-0.000142,0.002029,0.000000,0.000000,0.000000,0.000000
1.660000,2.185729,0.000000,-0.000397,0.024029,0.000000,-0.000586,-0.030976,2.377733,0.003681,0.158333,-32.136253,-0.000039,-0.000184,0.000000,0.000000,0.000000,0.000000
-0.980000,-3.821407,0.000000,-0.000319,-0.014186,0.000000,-0.000547,0.018546,-4.242391,0.003865,-0.102360,53.101665,-0.000030,0.000729,0.000000,0.000000,0.000000,0.000000
3.810000,6.933537,0.000000,-0.000354,0.055150,0.000000,-0.000517,-0.078591,7.870568,0.003136,0.462470,-92.400932,-0.000064,-0.000500,0.000000,0.000000,0.000000,0.000000
-5.270000,-32.930683,0.000000,0.001455,-0.076283,0.000000,0.001408,0.079605,-33.192669,0.000832,-0.142113,1284.483765,-0.000413,0.023938,0.000000,0.000000,0.000000,0.000000
0.860000,8.873191,0.000000,0.001253,0.012449,0.000000,0.001821,-0.011463,8.944296,-0.023107,0.020464,-346.124756,0.000139,-0.006543,0.000000,0.000000,0.000000,0.000000
-3.560000,-6.397961,0.000000,0.001149,-0.051531,0.000000,0.001682,0.055090,-6.494725,-0.016564,-0.133933,184.553879,0.000026,0.003144,0.000000,0.000000,0.000000,0.000000
-4.180000,-0.897451,0.000000,0.000846,-0.060506,0.000000,0.001656,0.065941,-0.918972,-0.019708,-0.200891,20.838907,0.000161,-0.000155,0.000000,0.000000,0.000000,0.000000
-4.350000,-0.246076,0.000000,0.000521,-0.062966,0.000000,0.001495,0.070554,-0.254223,-0.019554,-0.255799,4.844127,0.000186,-0.000600,0.000000,0.000000,0.000000,0.000000
-4.200000,0.217126,0.000000,0.000193,-0.060795,0.000000,0.001309,0.070470,0.229352,-0.018954,-0.293454,-3.804951,0.000195,-0.000865,0.000000,0.000000,0.000000,0.000000
-3.710000,0.709276,0.000000,-0.000127,-0.053702,0.000000,0.001115,0.064700,0.758988,-0.018089,-0.301493,-11.252279,0.000189,-0.001027,0.000000,0.000000,0.000000,0.000000
-6.430000,-3.937207,0.000000,-0.000427,-0.093074,0.000000,0.000926,0.117492,-4.281749,-0.017062,-0.600558,57.869980,0.000236,-0.000527,0.000000,0.000000,0.000000,0.000000
-5.260000,1.693577,0.000000,-0.000845,-0.076139,0.000000,0.000689,0.100701,1.881915,-0.016535,-0.555796,-23.555786,0.000308,-0.001948,0.000000,0.000000,0.000000,0.000000
0.160000,7.845465,0.000000,-0.001219,0.002316,0.000000,0.000382,-0.005005,8.907862,-0.014587,0.029452,-104.578835,0.000155,-0.001897,0.000000,0.000000,0.000000,0.000000
9.930000,1.143527,0.000000,0.002932,0.143737,0.000000,0.003366,-0.144209,1.153024,-0.020884,0.257446,-44.619514,-0.000369,-0.000145,0.000000,0.000000,0.000000,0.000000
-3.750000,-19.801836,0.000000,0.003275,-0.054281,0.000000,0.003734,0.058932,-19.958935,-0.020739,-0.105206,772.367249,-0.000218,0.014340,0.000000,0.000000,0.000000,0.000000
1.330000,7.353313,0.000000,0.002842,0.019252,0.000000,0.003952,-0.017160,7.466057,-0.035080,0.041720,-212.155258,0.000095,-0.003931,0.000000,0.000000,0.000000,0.000000
0.070000,-1.823853,0.000000,0.002669,0.001013,0.000000,0.003857,0.001780,-1.868119,-0.031149,-0.005421,42.362068,-0.000031,0.000795,0.000000,0.000000,0.000000,0.000000
-2.910000,-4.313558,0.000000,0.002457,-0.042122,0.000000,0.003888,0.049541,-4.471276,-0.031944,-0.179617,85.198463,0.000049,0.001126,0.000000,0.000000,0.000000,0.000000
1.080000,5.775535,0.000000,0.002132,0.015633,0.000000,0.003838,-0.015601,6.073239,-0.033070,0.064964,-100.754921,0.000073,-0.001734,0.000000,0.000000,0.000000,0.000000
1.750000,0.969827,0.000000,0.001995,0.025331,0.000000,0.003765,-0.028182,1.037423,-0.031335,0.131326,-15.380171,-0.000057,0.000067,0.000000,0.000000,0.000000,0.000000
-2.200000,-5.717635,0.000000,0.001901,-0.031845,0.000000,0.003822,0.042795,-6.218699,-0.031403,-0.218746,84.048836,-0.000002,0.001000,0.000000,0.000000,0.000000,0.000000
2.020000,6.108461,0.000000,0.001652,0.029240,0.000000,0.003824,-0.036896,6.782819,-0.032402,0.203641,-84.900002,0.000029,-0.001059,0.000000,0.000000,0.000000,0.000000
2.310000,0.419776,0.000000,0.001594,0.033437,0.000000,0.003795,-0.045089,0.478046,-0.031344,0.265327,-5.612286,-0.000113,0.000613,0.000000,0.000000,0.000000,0.000000
11.710000,13.606524,0.000000,0.001559,0.169503,0.000000,0.003908,-0.252634,15.826350,-0.031957,1.568659,-176.085648,-0.000383,0.000908,0.000000,0.000000,0.000000,0.000000
-2.320000,-6.180836,0.000000,0.002235,-0.033582,0.000000,0.002309,0.036671,-6.229969,-0.004966,-0.065466,241.086197,-0.000018,0.004386,0.000000,0.000000,0.000000,0.000000
-1.310000,1.461978,0.000000,0.002135,-0.018962,0.000000,0.002327,0.021602,1.473745,-0.009352,-0.038564,-57.030731,0.000086,-0.001192,0.000000,0.000000,0.000000,0.000000
-1.460000,-0.217125,0.000000,0.002043,-0.021134,0.000000,0.002241,0.024236,-0.220321,-0.008160,-0.058923,6.260640,0.000061,-0.000039,0.000000,0.000000,0.000000,0.000000
-0.650000,1.172477,0.000000,0.001958,-0.009409,0.000000,0.002180,0.012217,1.201644,-0.008121,-0.037219,-27.248875,0.000056,-0.000617,0.000000,0.000000,0.000000,0.000000
4.780000,7.859939,0.000000,0.001923,0.069191,0.000000,0.002124,-0.074755,8.149420,-0.007504,0.271032,-155.284103,-0.000048,-0.002206,0.000000,0.000000,0.000000,0.000000
-1.350000,-8.873191,0.000000,0.002140,-0.019541,0.000000,0.002172,0.025053,-9.328754,-0.005298,-0.104326,154.763870,-0.000109,0.002652,0.000000,0.000000,0.000000,0.000000
3.970000,7.700714,0.000000,0.002107,0.057466,0.000000,0.002281,-0.066854,8.226413,-0.007951,0.311534,-121.959572,-0.000025,-0.001472,0.000000,0.000000,0.000000,0.000000
0.770000,-4.632008,0.000000,0.002316,0.011146,0.000000,0.002305,-0.011198,-5.039709,-0.006479,0.057238,68.114189,-0.000126,0.001447,0.000000,0.000000,0.000000,0.000000
-2.720000,-5.051784,0.000000,0.002405,-0.039372,0.000000,0.002431,0.055874,-5.608937,-0.007926,-0.308383,70.206619,0.000045,0.000493,0.000000,0.000000,0.000000,0.000000
-3.210000,-0.709276,0.000000,0.002363,-0.046465,0.000000,0.002386,0.069138,-0.806093,-0.008419,-0.406846,9.463576,0.000172,-0.000922,0.000000,0.000000,0.000000,0.000000
0.910000,5.963710,0.000000,0.002317,0.013172,0.000000,0.002214,-0.016329,6.934699,-0.007497,0.101389,-77.156189,0.000087,-0.001185,0.000000,0.000000,0.000000,0.000000
-5.010000,-4.588583,0.000000,0.000034,-0.072520,0.000000,-0.000350,0.074329,-4.625501,0.016332,-0.132694,178.996765,0.000113,0.003033,0.000000,0.000000,0.000000,0.000000
-1.110000,5.645260,0.000000,-0.000122,-0.016067,0.000000,-0.000463,0.016326,5.689818,0.013300,-0.029146,-220.183548,0.000152,-0.004254,0.000000,0.000000,0.000000,0.000000
-1.200000,-0.130275,0.000000,0.000003,-0.017370,0.000000,-0.000615,0.018168,-0.132873,0.017553,-0.044169,3.775723,0.000046,-0.000040,0.000000,0.000000,0.000000,0.000000
-0.310000,1.288277,0.000000,0.000123,-0.004487,0.000000,-0.000661,0.004956,1.319448,0.017593,-0.015097,-29.920242,0.000038,-0.000607,0.000000,0.000000,0.000000,0.000000
2.250000,3.705606,0.000000,0.000284,0.032569,0.000000,-0.000699,-0.035878,3.841074,0.018201,0.130078,-73.190216,-0.000024,-0.001033,0.000000,0.000000,0.000000,0.000000
2.950000,1.013252,0.000000,0.000560,0.042701,0.000000,-0.000675,-0.048694,1.063918,0.019234,0.202772,-17.650377,-0.000112,0.000216,0.000000,0.000000,0.000000,0.000000
3.880000,1.346177,0.000000,0.000869,0.056163,0.000000,-0.000563,-0.066776,1.436509,0.019017,0.311168,-21.296774,-0.000153,0.000438,0.000000,0.000000,0.000000,0.000000
0.100000,-5.471560,0.000000,0.001223,0.001448,0.000000,-0.000410,-0.000285,-5.954371,0.018579,0.001455,80.476318,-0.000113,0.001527,0.000000,0.000000,0.000000,0.000000
-3.000000,-4.487258,0.000000,0.001425,-0.043425,0.000000,-0.000297,0.059984,-4.983656,0.017052,-0.331069,62.380028,0.000068,0.000283,0.000000,0.000000,0.000000,0.000000
-2.170000,1.201427,0.000000,0.001506,-0.031411,0.000000,-0.000365,0.046608,1.361299,0.016770,-0.274268,-15.981731,0.000152,-0.001045,0.000000,0.000000,0.000000,0.000000
1.980000,6.007136,0.000000,0.001631,0.028661,0.000000,-0.000517,-0.040660,6.983505,0.017815,0.252464,-77.699211,0.000022,-0.000786,0.000000,0.000000,0.000000,0.000000
-4.740000,-2.880530,0.000000,-0.000624,-0.068612,0.000000,-0.001265,0.069680,-2.904132,0.027884,-0.124395,112.383583,0.000133,0.001793,0.000000,0.000000,0.000000,0.000000
-5.020000,-0.405301,0.000000,-0.000742,-0.072665,0.000000,-0.001399,0.073641,-0.409163,0.026091,-0.131467,15.833734,0.000191,-0.000059,0.000000,0.000000,0.000000,0.000000
-4.040000,1.418553,0.000000,-0.000700,-0.058479,0.000000,-0.001590,0.060421,1.439256,0.026150,-0.146895,-40.897846,0.000190,-0.001172,0.000000,0.000000,0.000000,0.000000
-1.710000,3.372681,0.000000,-0.000619,-0.024752,0.000000,-0.001780,0.025939,3.455249,0.027322,-0.079024,-78.352341,0.000135,-0.001695,0.000000,0.000000,0.000000,0.000000
0.400000,3.054230,0.000000,-0.000437,0.005790,0.000000,-0.001916,-0.006920,3.165292,0.029017,0.025088,-60.313438,0.000041,-0.001071,0.000000,0.000000,0.000000,0.000000
-2.930000,-4.820184,0.000000,-0.000165,-0.042412,0.000000,-0.001957,0.048815,-5.069261,0.030088,-0.203277,84.098969,0.000036,0.001045,0.000000,0.000000,0.000000,0.000000
1.920000,7.020387,0.000000,-0.000041,0.027792,0.000000,-0.001993,-0.033612,7.497940,0.029044,0.156627,-111.159676,0.000051,-0.001683,0.000000,0.000000,0.000000,0.000000
0.670000,-1.809378,0.000000,0.000291,0.009698,0.000000,-0.002044,-0.011929,-1.970803,0.030727,0.060977,26.636387,-0.000070,0.000672,0.000000,0.000000,0.000000,0.000000
-0.390000,-1.534353,0.000000,0.000571,-0.005645,0.000000,-0.001974,0.008314,-1.706074,0.030054,-0.045889,21.354788,-0.000010,0.000279,0.000000,0.000000,0.000000,0.000000
1.000000,2.012029,0.000000,0.000810,0.014475,0.000000,-0.001964,-0.019349,2.280837,0.029775,0.113861,-26.777163,-0.000009,-0.000200,0.000000,0.000000,0.000000,0.000000
-0.770000,-6.470336,0.000000,-0.000522,-0.011146,0.000000,-0.001228,0.010952,-6.522561,0.030517,-0.019551,252.408875,-0.000094,0.004727,0.000000,0.000000,0.000000,0.000000
2.530000,4.776759,0.000000,-0.000479,0.036622,0.000000,-0.001134,-0.037987,4.814104,0.025791,0.067816,-186.295319,-0.000011,-0.003353,0.000000,0.000000,0.000000,0.000000
0.140000,-3.459531,0.000000,-0.000101,0.002027,0.000000,-0.001123,-0.002225,-3.513130,0.029143,0.005410,99.828972,-0.000073,0.001911,0.000000,0.000000,0.000000,0.000000
1.420000,1.852803,0.000000,0.000162,0.020555,0.000000,-0.001050,-0.021918,1.897551,0.027232,0.066774,-43.029476,-0.000023,-0.000638,0.000000,0.000000,0.000000,0.000000
-8.460000,-14.301326,0.000000,0.000484,-0.122459,0.000000,-0.001027,0.136626,-14.829631,0.027870,-0.495353,282.572998,0.000089,0.004012,0.000000,0.000000,0.000000,0.000000
5.490000,20.192661,0.000000,0.000373,0.079468,0.000000,-0.001116,-0.091393,21.227152,0.023858,0.380581,-352.158081,0.000155,-0.005646,0.000000,0.000000,0.000000,0.000000
-1.820000,-10.581244,0.000000,0.000869,-0.026345,0.000000,-0.001270,0.032865,-11.306269,0.029504,-0.153146,167.619553,-0.000125,0.002770,0.000000,0.000000,0.000000,0.000000
0.480000,3.329256,0.000000,0.001057,0.006948,0.000000,-0.001145,-0.007471,3.619352,0.026734,0.038188,-48.917358,0.000049,-0.000828,0.000000,0.000000,0.000000,0.000000
1.280000,1.158002,0.000000,0.001349,0.018528,0.000000,-0.001193,-0.022976,1.282539,0.027562,0.126810,-16.053434,-0.000038,0.000041,0.000000,0.000000,0.000000,0.000000
2.700000,2.055454,0.000000,0.001683,0.039083,0.000000,-0.001155,-0.052956,2.329703,0.027522,0.311619,-27.350851,-0.000099,0.000325,0.000000,0.000000,0.000000,0.000000
-6.770000,-25.201019,0.000000,-0.001422,-0.097996,0.000000,-0.002267,0.098969,-25.402340,0.037207,-0.176682,983.015076,-0.000213,0.018135,0.000000,0.000000,0.000000,0.000000
-7.170000,-0.579001,0.000000,-0.001599,-0.103786,0.000000,-0.002054,0.104629,-0.584023,0.019072,-0.186787,22.600426,0.000272,-0.000111,0.000000,0.000000,0.000000,0.000000
-0.990000,8.945566,0.000000,-0.001727,-0.014330,0.000000,-0.002326,0.013180,9.081011,0.019183,-0.032043,-258.045685,0.000207,-0.004973,0.000000,0.000000,0.000000,0.000000
-8.830000,-11.348420,0.000000,-0.001578,-0.127814,0.000000,-0.002534,0.135679,-11.630836,0.024156,-0.413353,263.744629,0.000146,0.003885,0.000000,0.000000,0.000000,0.000000
5.240000,20.366362,0.000000,-0.001796,0.075849,0.000000,-0.002680,-0.086287,21.115803,0.020271,0.312842,-402.353607,0.000166,-0.006779,0.000000,0.000000,0.000000,0.000000
2.430000,-4.067482,0.000000,-0.001405,0.035174,0.000000,-0.002846,-0.042266,-4.277398,0.027050,0.176005,70.961960,-0.000196,0.001832,0.000000,0.000000,0.000000,0.000000
-2.020000,-6.441386,0.000000,-0.001147,-0.029240,0.000000,-0.002650,0.033926,-6.882602,0.025218,-0.158093,102.037079,-0.000038,0.001501,0.000000,0.000000,0.000000,0.000000
0.190000,3.198981,0.000000,-0.001087,0.002750,0.000000,-0.002612,-0.004867,3.478879,0.023717,0.024876,-47.018803,0.000053,-0.000826,0.000000,0.000000,0.000000,0.000000
-3.230000,-4.950459,0.000000,-0.000942,-0.046754,0.000000,-0.002665,0.061271,-5.497073,0.024543,-0.338174,68.806427,0.000062,0.000390,0.000000,0.000000,0.000000,0.000000
-3.720000,-12.738023,0.000000,0.000577,-0.053847,0.000000,0.000347,0.055750,-12.839596,0.009321,-0.099527,496.864319,-0.000092,0.009138,0.000000,0.000000,0.000000,0.000000
-4.630000,-1.317227,0.000000,0.000455,-0.067019,0.000000,0.000439,0.069087,-1.327729,0.000183,-0.123335,51.380219,0.000162,0.000622,0.000000,0.000000,0.000000,0.000000
3.010000,11.058919,0.000000,0.000274,0.043570,0.000000,0.000278,-0.045276,11.226996,-0.000439,0.110074,-319.025970,0.000090,-0.005744,0.000000,0.000000,0.000000,0.000000
5.060000,2.967380,0.000000,0.000453,0.073244,0.000000,0.000188,-0.078235,3.040707,0.005305,0.238348,-68.952080,-0.000154,-0.000650,0.000000,0.000000,0.000000,0.000000
1.870000,-4.617533,0.000000,0.000727,0.027068,0.000000,0.000342,-0.029273,-4.788071,0.005955,0.106131,91.234871,-0.000170,0.002016,0.000000,0.000000,0.000000,0.000000
4.760000,4.183282,0.000000,0.000865,0.068901,0.000000,0.000512,-0.078614,4.397428,0.003940,0.327366,-72.953255,-0.000129,-0.000500,0.000000,0.000000,0.000000,0.000000
-1.870000,-9.596942,0.000000,0.001135,-0.027068,0.000000,0.000641,0.034060,-10.253149,0.004439,-0.158715,152.006668,-0.000102,0.002450,0.000000,0.000000,0.000000,0.000000
-1.600000,0.390826,0.000000,0.001128,-0.023160,0.000000,0.000742,0.030801,0.424484,0.001989,-0.157440,-5.737114,0.000092,-0.000539,0.000000,0.000000,0.000000,0.000000
-2.300000,-1.013252,0.000000,0.001141,-0.033293,0.000000,0.000651,0.046052,-1.125719,0.002528,-0.254175,14.090535,0.000103,-0.000420,0.000000,0.000000,0.000000,0.000000
2.830000,7.425688,0.000000,0.001131,0.040964,0.000000,0.000548,-0.056402,8.428192,0.002948,0.331900,-98.947487,0.000007,-0.000975,0.000000,0.000000,0.000000,0.000000
4.520000,2.446280,0.000000,0.001344,0.065427,0.000000,0.000541,-0.096398,2.843615,0.003923,0.598560,-31.638351,-0.000207,0.001022,0.000000,0.000000,0.000000,0.000000
4.630000,11.565545,0.000000,0.000199,0.067019,0.000000,-0.000165,-0.068378,11.657117,0.015383,0.122070,-451.104919,0.000036,-0.008213,0.000000,0.000000,0.000000,0.000000
1.560000,-4.443833,0.000000,0.000418,0.022581,0.000000,-0.000202,-0.022693,-4.479804,0.023596,0.040512,173.358612,-0.000146,0.003407,0.000000,0.000000,0.000000,0.000000
1.970000,0.593476,0.000000,0.000685,0.028516,0.000000,-0.000055,-0.029103,0.601725,0.020189,0.070756,-17.098593,-0.000067,-0.000139,0.000000,0.000000,0.000000,0.000000
2.430000,0.665851,0.000000,0.000976,0.035174,0.000000,0.000012,-0.036756,0.681335,0.020327,0.111980,-15.450179,-0.000086,0.000011,0.000000,0.000000,0.000000,0.000000
5.710000,4.747808,0.000000,0.001294,0.082652,0.000000,0.000098,-0.090414,4.921338,0.020317,0.327804,-93.774223,-0.000151,-0.000889,0.000000,0.000000,0.000000,0.000000
1.770000,-5.703160,0.000000,0.001765,0.025621,0.000000,0.000249,-0.027565,-5.997566,0.021206,0.114786,99.499512,-0.000188,0.002196,0.000000,0.000000,0.000000,0.000000
-1.230000,-4.342508,0.000000,0.002077,-0.017804,0.000000,0.000437,0.024009,-4.641174,0.019009,-0.111879,68.807098,-0.000023,0.000996,0.000000,0.000000,0.000000,0.000000
-2.730000,-2.171254,0.000000,0.002273,-0.039517,0.000000,0.000460,0.052996,-2.364490,0.018013,-0.270891,31.957277,0.000099,-0.000129,0.000000,0.000000,0.000000,0.000000
-4.080000,-1.954129,0.000000,0.002422,-0.059058,0.000000,0.000361,0.082225,-2.172220,0.018143,-0.453825,27.189510,0.000181,-0.000713,0.000000,0.000000,0.000000,0.000000
1.720000,8.395514,0.000000,0.002529,0.024897,0.000000,0.000180,-0.031672,9.526741,0.018855,0.186375,-111.844505,0.000094,-0.001612,0.000000,0.000000,0.000000,0.000000
-0.620000,-0.940877,0.000000,-0.001688,-0.008975,0.000000,-0.002586,0.007553,-0.949309,0.039682,-0.013484,36.736202,0.000002,0.000662,0.000000,0.000000,0.000000,0.000000
-6.740000,-8.858715,0.000000,-0.001618,-0.097562,0.000000,-0.002588,0.098237,-8.930099,0.039020,-0.175375,345.575378,0.000097,0.006068,0.000000,0.000000,0.000000,0.000000
-6.810000,-0.101325,0.000000,-0.001595,-0.098575,0.000000,-0.002685,0.101416,-0.103882,0.032952,-0.246560,2.951922,0.000272,-0.000622,0.000000,0.000000,0.000000,0.000000
-1.530000,7.642813,0.000000,-0.001587,-0.022147,0.000000,-0.002957,0.022098,7.831195,0.033575,-0.067323,-177.582748,0.000208,-0.003544,0.000000,0.000000,0.000000,0.000000
2.260000,5.486035,0.000000,-0.001352,0.032714,0.000000,-0.003164,-0.037857,5.686432,0.037118,0.137254,-108.352814,0.000005,-0.001674,0.000000,0.000000,0.000000,0.000000
6.210000,5.717635,0.000000,-0.000960,0.089890,0.000000,-0.003169,-0.104975,6.008933,0.038792,0.437142,-99.688087,-0.000170,-0.000702,0.000000,0.000000,0.000000,0.000000
12.100000,8.525791,0.000000,-0.000405,0.175148,0.000000,-0.002999,-0.212005,9.105597,0.039494,0.987919,-134.993790,-0.000401,0.000118,0.000000,0.000000,0.000000,0.000000
8.810000,-4.762284,0.000000,0.000400,0.127525,0.000000,-0.002598,-0.161215,-5.183907,0.039377,0.824051,70.063103,-0.000534,0.003555,0.000000,0.000000,0.000000,0.000000
-7.500000,-23.608767,0.000000,0.001066,-0.108563,0.000000,-0.002065,0.146621,-26.212362,0.035821,-0.809245,328.098053,-0.000099,0.004017,0.000000,0.000000,0.000000,0.000000
1.580000,13.143324,0.000000,0.001052,0.022871,0.000000,-0.001966,-0.030894,14.916146,0.031804,0.181799,-175.116470,0.000199,-0.002832,0.000000,0.000000,0.000000,0.000000
0.020000,-3.734556,0.000000,-0.000990,0.000290,0.000000,-0.001827,-0.001223,-3.765157,0.036508,0.002183,145.703384,-0.000075,0.002770,0.000000,0.000000,0.000000,0.000000
-3.480000,-5.066259,0.000000,-0.000901,-0.050373,0.000000,-0.001752,0.050654,-5.107379,0.033738,-0.090429,197.644440,0.000040,0.003493,0.000000,0.000000,0.000000,0.000000
-8.410000,-7.136188,0.000000,-0.000761,-0.121735,0.000000,-0.001792,0.126506,-7.245649,0.030245,-0.307560,205.892105,0.000205,0.003060,0.000000,0.000000,0.000000,0.000000
-3.170000,7.584913,0.000000,-0.000858,-0.045886,0.000000,-0.001997,0.048396,7.772035,0.027185,-0.147440,-176.241196,0.000278,-0.003742,0.000000,0.000000,0.000000,0.000000
-0.170000,4.342508,0.000000,-0.000725,-0.002461,0.000000,-0.002275,0.001929,4.500979,0.030927,-0.006995,-85.764442,0.000090,-0.001636,0.000000,0.000000,0.000000,0.000000
10.370000,15.256677,0.000000,-0.000465,0.150106,0.000000,-0.002365,-0.173981,16.037632,0.032563,0.724498,-266.064026,-0.000167,-0.003075,0.000000,0.000000,0.000000,0.000000
-7.090000,-25.273396,0.000000,0.000249,-0.102628,0.000000,-0.002198,0.124238,-27.002079,0.035638,-0.578936,400.315674,-0.000175,0.006020,0.000000,0.000000,0.000000,0.000000
-1.790000,7.671764,0.000000,0.000214,-0.025910,0.000000,-0.002023,0.033129,8.343678,0.029618,-0.169340,-112.769005,0.000248,-0.002604,0.000000,0.000000,0.000000,0.000000
5.770000,-8.728440,0.000000,-0.000165,0.083521,0.000000,-0.000879,-0.085610,-8.798642,0.030562,0.152833,340.488220,-0.000399,0.006865,0.000000,0.000000,0.000000,0.000000
-3.450000,-13.345974,0.000000,0.000136,-0.049939,0.000000,-0.000480,0.051271,-13.452732,0.023696,-0.091530,520.591370,-0.000115,0.009597,0.000000,0.000000,0.000000,0.000000
0.220000,5.312335,0.000000,0.000138,0.003185,0.000000,-0.000365,-0.003186,5.392569,0.014099,0.007747,-153.235062,0.000094,-0.002898,0.000000,0.000000,0.000000,0.000000
-0.660000,-1.273802,0.000000,0.000313,-0.009554,0.000000,-0.000458,0.010605,-1.306203,0.016998,-0.032307,29.619881,0.000004,0.000479,0.000000,0.000000,0.000000,0.000000
-0.400000,0.376351,0.000000,0.000450,-0.005790,0.000000,-0.000462,0.006934,0.389250,0.016519,-0.025141,-7.417016,0.000026,-0.000209,0.000000,0.000000,0.000000,0.000000
0.290000,0.998777,0.000000,0.000601,0.004198,0.000000,-0.000488,-0.004156,1.048839,0.016728,0.017307,-17.400223,0.000009,-0.000282,0.000000,0.000000,0.000000,0.000000
1.600000,1.896228,0.000000,0.000786,0.023160,0.000000,-0.000497,-0.027020,2.024296,0.017010,0.125912,-30.010927,-0.000035,-0.000227,0.000000,0.000000,0.000000,0.000000
4.510000,4.212233,0.000000,0.001031,0.065282,0.000000,-0.000462,-0.081480,4.580641,0.017238,0.416487,-61.909660,-0.000134,-0.000045,0.000000,0.000000,0.000000,0.000000
0.130000,-6.340061,0.000000,0.001407,0.001882,0.000000,-0.000328,-0.000634,-7.040522,0.017283,0.003502,88.125648,-0.000135,0.001678,0.000000,0.000000,0.000000,0.000000
0.750000,0.897452,0.000000,0.001608,0.010856,0.000000,-0.000194,-0.013095,1.016269,0.015605,0.077060,-11.931060,-0.000016,-0.000021,0.000000,0.000000,0.000000,0.000000
4.290000,5.124159,0.000000,0.001845,0.062098,0.000000,-0.000178,-0.090637,5.956594,0.015625,0.562783,-66.273697,-0.000132,0.000267,0.000000,0.000000,0.000000,0.000000
1.290000,2.692355,0.000000,-0.000325,0.018673,0.000000,-0.000983,-0.019382,2.713047,0.028320,0.034602,-104.988998,-0.000001,-0.001895,0.000000,0.000000,0.000000,0.000000
-5.440000,-9.741692,0.000000,-0.000206,-0.078744,0.000000,-0.000982,0.080415,-9.819938,0.030215,-0.143559,380.010162,0.000032,0.006811,0.000000,0.000000,0.000000,0.000000
-6.180000,-1.071152,0.000000,-0.000199,-0.089456,0.000000,-0.001014,0.093339,-1.088238,0.023404,-0.226925,30.923347,0.000232,-0.000041,0.000000,0.000000,0.000000,0.000000
1.530000,11.160244,0.000000,-0.000228,0.022147,0.000000,-0.001246,-0.024048,11.436152,0.023445,0.073263,-259.329895,0.000151,-0.004712,0.000000,0.000000,0.000000,0.000000
8.670000,10.335169,0.000000,0.000090,0.125498,0.000000,-0.001397,-0.139366,10.714334,0.028157,0.505287,-204.157562,-0.000174,-0.002490,0.000000,0.000000,0.000000,0.000000
-4.560000,-19.150459,0.000000,0.000722,-0.066006,0.000000,-0.001222,0.077103,-20.135080,0.030648,-0.321075,334.040619,-0.000172,0.005461,0.000000,0.000000,0.000000,0.000000
-1.530000,4.385932,0.000000,0.000784,-0.022147,0.000000,-0.001050,0.027692,4.683497,0.025186,-0.129041,-69.434555,0.000164,-0.001674,0.000000,0.000000,0.000000,0.000000
-0.760000,1.114577,0.000000,0.000981,-0.011001,0.000000,-0.001214,0.015195,1.210070,0.026860,-0.077670,-16.354704,0.000064,-0.000517,0.000000,0.000000,0.000000,0.000000
-0.480000,0.405301,0.000000,0.001217,-0.006948,0.000000,-0.001278,0.010920,0.447033,0.027377,-0.060269,-5.595477,0.000038,-0.000268,0.000000,0.000000,0.000000,0.000000
1.730000,3.198981,0.000000,0.001472,0.025042,0.000000,-0.001315,-0.033374,3.627913,0.027645,0.196392,-42.591923,-0.000022,-0.000275,0.000000,0.000000,0.000000,0.000000
1.840000,0.159225,0.000000,0.001829,0.026634,0.000000,-0.001294,-0.037314,0.181139,0.027920,0.231692,-2.015373,-0.000097,0.000589,0.000000,0.000000,0.000000,0.000000
-0.610000,1.259327,0.000000,-0.000945,-0.008830,0.000000,-0.001761,0.008159,1.268463,0.035603,-0.014565,-49.086754,0.000046,-0.000970,0.000000,0.000000,0.000000,0.000000
-5.070000,-6.455862,0.000000,-0.000883,-0.073388,0.000000,-0.001808,0.074238,-6.508109,0.036573,-0.132532,251.849579,0.000077,0.004412,0.000000,0.000000,0.000000,0.000000
-4.670000,0.579002,0.000000,-0.000788,-0.067598,0.000000,-0.001885,0.069866,0.586741,0.032161,-0.169858,-16.672800,0.000200,-0.000783,0.000000,0.000000,0.000000,0.000000
2.520000,10.407543,0.000000,-0.000680,0.036477,0.000000,-0.002085,-0.039936,10.664421,0.032944,0.121667,-241.829895,0.000094,-0.004249,0.000000,0.000000,0.000000,0.000000
2.250000,-0.390826,0.000000,-0.000252,0.032569,0.000000,-0.002179,-0.036474,-0.407119,0.037193,0.132239,7.757502,-0.000107,0.000512,0.000000,0.000000,0.000000,0.000000
0.170000,-3.010805,0.000000,0.000161,0.002461,0.000000,-0.002072,-0.002658,-3.167540,0.036680,0.011068,52.549435,-0.000067,0.001024,0.000000,0.000000,0.000000,0.000000
-2.510000,-3.879307,0.000000,0.000483,-0.036332,0.000000,-0.002005,0.044460,-4.146854,0.035656,-0.207178,61.478622,0.000042,0.000602,0.000000,0.000000,0.000000,0.000000
1.970000,6.484812,0.000000,0.000693,0.028516,0.000000,-0.002047,-0.035283,7.051783,0.035054,0.180351,-95.308380,0.000038,-0.001318,0.000000,0.000000,0.000000,0.000000
-0.450000,-3.502956,0.000000,0.001098,-0.006514,0.000000,-0.002085,0.010180,-3.892301,0.036372,-0.056187,48.719620,-0.000046,0.000773,0.000000,0.000000,0.000000,0.000000
6.900000,18.730684,0.000000,-0.001523,0.099878,0.000000,-0.002432,-0.103730,18.878681,0.040001,0.185182,-730.563782,0.000077,-0.013334,0.000000,0.000000,0.000000,0.000000
8.320000,2.055453,0.000000,-0.001158,0.120432,0.000000,-0.002509,-0.124495,2.070476,0.053334,0.222253,-80.122910,-0.000298,-0.000891,0.000000,0.000000,0.000000,0.000000
-3.060000,-16.472578,0.000000,-0.000317,-0.044294,0.000000,-0.002211,0.045988,-16.724827,0.054226,-0.111806,475.252197,-0.000192,0.008698,0.000000,0.000000,0.000000,0.000000
-3.500000,-0.636901,0.000000,-0.000012,-0.050663,0.000000,-0.002019,0.054439,-0.654710,0.045528,-0.165851,14.846416,0.000135,-0.000184,0.000000,0.000000,0.000000,0.000000
-5.540000,-2.952905,0.000000,0.000272,-0.080192,0.000000,-0.002155,0.089419,-3.064122,0.045711,-0.324197,58.385681,0.000184,0.000229,0.000000,0.000000,0.000000,0.000000
2.020000,10.943119,0.000000,0.000466,0.029240,0.000000,-0.002338,-0.033247,11.501706,0.045482,0.138448,-190.813126,0.000128,-0.003239,0.000000,0.000000,0.000000,0.000000
-1.740000,-5.442610,0.000000,0.000991,-0.025187,0.000000,-0.002466,0.031613,-5.818006,0.048721,-0.147314,86.254051,-0.000025,0.001241,0.000000,0.000000,0.000000,0.000000
-0.910000,1.201427,0.000000,0.001360,-0.013172,0.000000,-0.002441,0.018429,1.302845,0.047481,-0.094200,-17.608612,0.000075,-0.000591,0.000000,0.000000,0.000000,0.000000
0.750000,2.402854,0.000000,0.001772,0.010856,0.000000,-0.002515,-0.012149,2.662602,0.048071,0.067055,-33.327579,0.000017,-0.000449,0.000000,0.000000,0.000000,0.000000
-0.310000,-1.534353,0.000000,0.002266,-0.004487,0.000000,-0.002533,0.009562,-1.747456,0.048520,-0.056267,20.515242,-0.000007,0.000237,0.000000,0.000000,0.000000,0.000000
-6.030000,-18.716209,0.000000,-0.002507,-0.087284,0.000000,-0.003805,0.086937,-18.866428,0.057430,-0.155202,730.089600,-0.000122,0.013404,0.000000,0.000000,0.000000,0.000000
-0.700000,7.715189,0.000000,-0.002606,-0.010133,0.000000,-0.003683,0.007706,7.775533,0.044026,-0.013757,-300.896118,0.000168,-0.005759,0.000000,0.000000,0.000000,0.000000
-1.940000,-1.794903,0.000000,-0.002196,-0.028082,0.000000,-0.003852,0.027070,-1.823740,0.049785,-0.065812,51.823334,0.000038,0.000814,0.000000,0.000000,0.000000,0.000000
-1.050000,1.288277,0.000000,-0.001860,-0.015199,0.000000,-0.003890,0.014337,1.318351,0.048971,-0.043678,-29.895363,0.000064,-0.000686,0.000000,0.000000,0.000000,0.000000
4.300000,7.744139,0.000000,-0.001497,0.062243,0.000000,-0.003954,-0.070834,8.027078,0.049657,0.256817,-152.952942,-0.000040,-0.002200,0.000000,0.000000,0.000000,0.000000
0.680000,-5.239960,0.000000,-0.000911,0.009843,0.000000,-0.003914,-0.012425,-5.511671,0.051857,0.051743,91.438522,-0.000138,0.001875,0.000000,0.000000,0.000000,0.000000
-1.650000,-3.372681,0.000000,-0.000489,-0.023884,0.000000,-0.003776,0.028253,-3.606223,0.049982,-0.131656,53.463562,0.000008,0.000653,0.000000,0.000000,0.000000,0.000000
4.870000,9.437716,0.000000,-0.000171,0.070493,0.000000,-0.003784,-0.089613,10.263552,0.049329,0.458057,-138.717056,-0.000048,-0.001389,0.000000,0.000000,0.000000,0.000000
-1.370000,-9.032415,0.000000,0.000422,-0.019831,0.000000,-0.003736,0.027087,-10.031485,0.050718,-0.149502,125.563286,-0.000117,0.001976,0.000000,0.000000,0.000000,0.000000
3.180000,6.586137,0.000000,0.000753,0.046031,0.000000,-0.003620,-0.064111,7.471546,0.048742,0.377260,-87.716400,-0.000032,-0.000644,0.000000,0.000000,0.000000,0.000000
4.340000,1.679103,0.000000,0.001280,0.062822,0.000000,-0.003588,-0.092576,1.947333,0.049386,0.574823,-21.666233,-0.000213,0.001146,0.000000,0.000000,0.000000,0.000000
-1.270000,-0.260550,0.000000,-0.001688,-0.018383,0.000000,-0.002736,0.017202,-0.263739,0.046090,-0.030710,10.206114,0.000042,0.000108,0.000000,0.000000,0.000000,0.000000
-2.390000,-1.621203,0.000000,-0.001628,-0.034595,0.000000,-0.002778,0.033755,-1.635208,0.045982,-0.060260,63.278961,0.000060,0.001035,0.000000,0.000000,0.000000,0.000000
1.470000,5.587360,0.000000,-0.001314,0.021278,0.000000,-0.002839,-0.023626,5.670819,0.044947,0.057439,-161.141800,0.000043,-0.002898,0.000000,0.000000,0.000000,0.000000
1.110000,-0.521101,0.000000,-0.000830,0.016067,0.000000,-0.002882,-0.018161,-0.536021,0.047845,0.055329,12.154980,-0.000059,0.000385,0.000000,0.000000,0.000000,0.000000
1.640000,0.767176,0.000000,-0.000369,0.023739,0.000000,-0.002823,-0.026791,0.793020,0.047460,0.097134,-15.110695,-0.000057,-0.000024,0.000000,0.000000,0.000000,0.000000
2.190000,0.796126,0.000000,0.000112,0.031700,0.000000,-0.002765,-0.036500,0.834079,0.047484,0.151993,-13.837358,-0.000083,0.000149,0.000000,0.000000,0.000000,0.000000
2.090000,-0.144750,0.000000,0.000616,0.030253,0.000000,-0.002682,-0.035790,-0.158064,0.047335,0.166779,2.343353,-0.000100,0.000495,0.000000,0.000000,0.000000,0.000000
-3.290000,-7.787564,0.000000,0.001120,-0.047623,0.000000,-0.002583,0.061813,-8.475951,0.046839,-0.315957,114.556732,0.000007,0.001314,0.000000,0.000000,0.000000,0.000000
-0.500000,4.038532,0.000000,0.001401,-0.007238,0.000000,-0.002590,0.011553,4.478845,0.045526,-0.063766,-56.061352,0.000116,-0.001236,0.000000,0.000000,0.000000,0.000000
2.280000,4.024057,0.000000,0.001809,0.033003,0.000000,-0.002706,-0.044170,4.562629,0.046762,0.259919,-53.565544,-0.000033,-0.000309,0.000000,0.000000,0.000000,0.000000
-3.450000,-8.294189,0.000000,0.002344,-0.049939,0.000000,-0.002672,0.078648,-9.652585,0.047071,-0.488342,107.395676,0.000030,0.000713,0.000000,0.000000,0.000000,0.000000
-2.680000,-7.266463,0.000000,-0.002534,-0.038793,0.000000,-0.003692,0.037243,-7.325467,0.051458,-0.066488,283.479614,-0.000038,0.005187,0.000000,0.000000,0.000000,0.000000
-1.000000,2.431804,0.000000,-0.002517,-0.014475,0.000000,-0.003654,0.012243,2.450068,0.046271,-0.021857,-94.812263,0.000080,-0.001864,0.000000,0.000000,0.000000,0.000000
-4.500000,-5.066258,0.000000,-0.002133,-0.065138,0.000000,-0.003734,0.065886,-5.144764,0.048135,-0.160181,146.193466,0.000081,0.002338,0.000000,0.000000,0.000000,0.000000
-1.310000,4.617533,0.000000,-0.001929,-0.018962,0.000000,-0.003815,0.018307,4.730362,0.045797,-0.055774,-107.267250,0.000139,-0.002186,0.000000,0.000000,0.000000,0.000000
-0.790000,0.752701,0.000000,-0.001595,-0.011435,0.000000,-0.003953,0.010935,0.778243,0.047983,-0.039648,-14.829134,0.000044,-0.000384,0.000000,0.000000,0.000000,0.000000
-2.130000,-1.939654,0.000000,-0.001250,-0.030832,0.000000,-0.003998,0.034181,-2.041725,0.048367,-0.142337,33.872185,0.000054,0.000257,0.000000,0.000000,0.000000,0.000000
-2.620000,-0.709276,0.000000,-0.000973,-0.037925,0.000000,-0.004051,0.044624,-0.760596,0.048110,-0.207942,11.276106,0.000106,-0.000349,0.000000,0.000000,0.000000,0.000000
-1.900000,1.042202,0.000000,-0.000725,-0.027503,0.000000,-0.004157,0.033958,1.130555,0.048460,-0.173575,-15.280012,0.000113,-0.000758,0.000000,0.000000,0.000000,0.000000
-1.440000,0.665851,0.000000,-0.000453,-0.020844,0.000000,-0.004270,0.027272,0.735518,0.049218,-0.150524,-9.206422,0.000087,-0.000580,0.000000,0.000000,0.000000,0.000000
-0.820000,-5.992661,0.000000,-0.001207,-0.011870,0.000000,-0.002027,0.011002,-6.041196,0.035978,-0.019642,233.781113,-0.000085,0.004375,0.000000,0.000000,0.000000,0.000000
-2.430000,-2.330479,0.000000,-0.001153,-0.035174,0.000000,-0.001943,0.034834,-2.349776,0.031603,-0.062188,90.931183,0.000050,0.001545,0.000000,0.000000,0.000000,0.000000
-2.610000,-0.260550,0.000000,-0.000977,-0.037780,0.000000,-0.001992,0.038486,-0.265481,0.030058,-0.093566,7.543894,0.000099,-0.000113,0.000000,0.000000,0.000000,0.000000
-10.160000,-10.928644,0.000000,-0.000818,-0.147066,0.000000,-0.002091,0.157188,-11.201018,0.030171,-0.478881,253.997940,0.000213,0.003514,0.000000,0.000000,0.000000,0.000000
-3.730000,9.307442,0.000000,-0.001006,-0.053992,0.000000,-0.002304,0.058883,9.649063,0.026657,-0.213486,-183.859238,0.000342,-0.004065,0.000000,0.000000,0.000000,0.000000
-1.600000,3.083180,0.000000,-0.000918,-0.023160,0.000000,-0.002646,0.025701,3.239785,0.030722,-0.107023,-53.747978,0.000130,-0.001300,0.000000,0.000000,0.000000,0.000000
1.100000,3.908257,0.000000,-0.000744,0.015923,0.000000,-0.002776,-0.020128,4.173316,0.032022,0.093792,-61.870930,0.000024,-0.000915,0.000000,0.000000,0.000000,0.000000
-0.990000,-3.025280,0.000000,-0.000461,-0.014330,0.000000,-0.002801,0.017588,-3.293363,0.032937,-0.089903,44.511459,-0.000015,0.000601,0.000000,0.000000,0.000000,0.000000
-1.910000,-1.331702,0.000000,-0.000271,-0.027647,0.000000,-0.002786,0.036615,-1.480790,0.032336,-0.202086,18.534935,0.000071,-0.000197,0.000000,0.000000,0.000000,0.000000
-3.150000,-1.794903,0.000000,-0.000121,-0.045596,0.000000,-0.002857,0.064391,-2.040164,0.032532,-0.378909,23.951647,0.000135,-0.000571,0.000000,0.000000,0.000000,0.000000
4.220000,10.668094,0.000000,-0.000025,0.061085,0.000000,-0.002992,-0.091926,12.404353,0.033103,0.570790,-138.012131,-0.000014,-0.001068,0.000000,0.000000,0.000000,0.000000
-4.270000,1.606728,0.000000,-0.000163,-0.061808,0.000000,-0.000742,0.063180,1.618869,0.024852,-0.112791,-62.646679,0.000202,-0.001489,0.000000,0.000000,0.000000,0.000000
-5.660000,-2.012028,0.000000,-0.000270,-0.081929,0.000000,-0.000944,0.083610,-2.028698,0.026342,-0.149264,78.506187,0.000187,0.001086,0.000000,0.000000,0.000000,0.000000
-1.830000,5.543935,0.000000,-0.000254,-0.026489,0.000000,-0.001131,0.027436,5.627332,0.025256,-0.066701,-159.906082,0.000180,-0.003210,0.000000,0.000000,0.000000,0.000000
2.330000,6.021610,0.000000,-0.000061,0.033727,0.000000,-0.001312,-0.036315,6.169772,0.028466,0.110635,-139.907761,0.000018,-0.002344,0.000000,0.000000,0.000000,0.000000
2.220000,-0.159225,0.000000,0.000319,0.032135,0.000000,-0.001330,-0.035357,-0.166774,0.030810,0.128190,3.177818,-0.000099,0.000411,0.000000,0.000000,0.000000,0.000000
5.850000,5.254434,0.000000,0.000695,0.084679,0.000000,-0.001231,-0.097042,5.521993,0.030399,0.404105,-91.609772,-0.000158,-0.000642,0.000000,0.000000,0.000000,0.000000
-0.170000,-8.713965,0.000000,0.001232,-0.002461,0.000000,-0.001073,0.004460,-9.311696,0.031041,-0.020782,138.049271,-0.000164,0.002559,0.000000,0.000000,0.000000,0.000000
1.100000,1.838328,0.000000,0.001519,0.015923,0.000000,-0.000910,-0.018266,1.997048,0.028482,0.093366,-26.991102,-0.000011,-0.000263,0.000000,0.000000,0.000000,0.000000
0.690000,-0.593476,0.000000,0.001870,0.009988,0.000000,-0.000898,-0.010857,-0.662237,0.028746,0.059922,8.289165,-0.000042,0.000320,0.000000,0.000000,0.000000,0.000000
2.940000,3.256881,0.000000,0.002216,0.042557,0.000000,-0.000856,-0.057121,3.693044,0.028426,0.336128,-43.356564,-0.000085,0.000088,0.000000,0.000000,0.000000,0.000000
-3.300000,-9.032415,0.000000,0.002670,-0.047768,0.000000,-0.000772,0.075872,-10.509753,0.028338,-0.471109,116.932610,0.000006,0.000940,0.000000,0.000000,0.000000,0.000000
-4.040000,-9.220592,0.000000,-0.001879,-0.058479,0.000000,-0.002811,0.058048,-9.294904,0.041276,-0.103629,359.692535,-0.000019,0.006529,0.000000,0.000000,0.000000,0.000000
-3.500000,0.781651,0.000000,-0.001939,-0.050663,0.000000,-0.002792,0.049888,0.787061,0.034747,-0.089061,-30.457556,0.000150,-0.000830,0.000000,0.000000,0.000000,0.000000
-1.710000,2.591030,0.000000,-0.001767,-0.024752,0.000000,-0.002942,0.024037,2.629317,0.035577,-0.058438,-74.714592,0.000115,-0.001571,0.000000,0.000000,0.000000,0.000000
-0.790000,1.331702,0.000000,-0.001524,-0.011435,0.000000,-0.003056,0.010653,1.363326,0.037148,-0.032454,-30.915236,0.000054,-0.000670,0.000000,0.000000,0.000000,0.000000
-2.670000,-2.721305,0.000000,-0.001251,-0.038648,0.000000,-0.003111,0.041560,-2.823255,0.037819,-0.150678,53.796055,0.000059,0.000612,0.000000,0.000000,0.000000,0.000000
0.140000,4.067482,0.000000,-0.001071,0.002027,0.000000,-0.003169,-0.003579,4.274242,0.037206,0.014903,-70.909607,0.000071,-0.001303,0.000000,0.000000,0.000000,0.000000
-0.990000,-1.635678,0.000000,-0.000776,-0.014330,0.000000,-0.003241,0.016368,-1.749699,0.038510,-0.076274,25.939917,0.000011,0.000287,0.000000,0.000000,0.000000,0.000000
-5.510000,-6.542712,0.000000,-0.000537,-0.079757,0.000000,-0.003252,0.100464,-7.120267,0.038223,-0.513521,96.233986,0.000137,0.000433,0.000000,0.000000,0.000000,0.000000
1.780000,10.552294,0.000000,-0.000494,0.025766,0.000000,-0.003388,-0.035120,11.711722,0.037790,0.193840,-146.594696,0.000127,-0.002252,0.000000,0.000000,0.000000,0.000000
6.610000,6.991437,0.000000,-0.000148,0.095680,0.000000,-0.003515,-0.135688,7.933002,0.040042,0.798458,-93.133926,-0.000217,0.000400,0.000000,0.000000,0.000000,0.000000
-11.980000,-43.193478,0.000000,-0.000613,-0.173411,0.000000,-0.001326,0.177002,-43.537766,0.030912,-0.315988,1684.816284,-0.000345,0.031047,0.000000,0.000000,0.000000,0.000000
-6.550000,7.859938,0.000000,-0.001008,-0.094811,0.000000,-0.000981,0.096045,7.922498,-0.000135,-0.171462,-306.583405,0.000410,-0.006326,0.000000,0.000000,0.000000,0.000000
-0.880000,8.207340,0.000000,-0.001228,-0.012738,0.000000,-0.001392,0.012037,8.331977,0.006192,-0.029264,-236.761185,0.000190,-0.004551,0.000000,0.000000,0.000000,0.000000
1.650000,3.662181,0.000000,-0.001190,0.023884,0.000000,-0.001581,-0.026950,3.752746,0.010742,0.082104,-85.098488,-0.000002,-0.001381,0.000000,0.000000,0.000000,0.000000
-4.550000,-8.974516,0.000000,-0.001048,-0.065861,0.000000,-0.001579,0.072027,-9.305477,0.012123,-0.261142,177.312317,0.000019,0.002654,0.000000,0.000000,0.000000,0.000000
1.820000,9.220592,0.000000,-0.001187,0.026345,0.000000,-0.001598,-0.031812,9.693452,0.009470,0.132471,-160.814178,0.000097,-0.002692,0.000000,0.000000,0.000000,0.000000
-4.590000,-9.278491,0.000000,-0.001057,-0.066440,0.000000,-0.001695,0.078960,-9.912637,0.012161,-0.367946,146.958435,0.000026,0.001792,0.000000,0.000000,0.000000,0.000000
-1.690000,4.197757,0.000000,-0.001209,-0.024463,0.000000,-0.001721,0.029489,4.566476,0.010369,-0.150732,-61.718224,0.000166,-0.001580,0.000000,0.000000,0.000000,0.000000
-2.540000,-1.230377,0.000000,-0.001247,-0.036767,0.000000,-0.001887,0.047505,-1.366101,0.011948,-0.262193,17.099380,0.000102,-0.000383,0.000000,0.000000,0.000000,0.000000
3.910000,9.336391,0.000000,-0.001330,0.056597,0.000000,-0.001989,-0.082022,10.598068,0.012331,0.482662,-124.421959,-0.000021,-0.001050,0.000000,0.000000,0.000000,0.000000
3.430000,-0.694801,0.000000,-0.001151,0.049649,0.000000,-0.001968,-0.076418,-0.808310,0.013381,0.474498,8.993344,-0.000222,0.001456,0.000000,0.000000,0.000000,0.000000
-1.050000,-6.065036,0.000000,0.001507,-0.015199,0.000000,0.001495,0.017110,-6.113324,-0.000702,-0.030546,236.572281,-0.000069,0.004394,0.000000,0.000000,0.000000,0.000000
-3.160000,-3.054230,0.000000,0.001467,-0.045741,0.000000,0.001564,0.048336,-3.078458,-0.005096,-0.086290,119.129601,0.000073,0.002014,0.000000,0.000000,0.000000,0.000000
-12.550000,-13.592050,0.000000,0.001298,-0.181662,0.000000,0.001491,0.191327,-13.798504,-0.007111,-0.465152,392.097809,0.000256,0.006162,0.000000,0.000000,0.000000,0.000000
-7.040000,7.975739,0.000000,0.000699,-0.101904,0.000000,0.001235,0.110278,8.174118,-0.013273,-0.335966,-185.358978,0.000453,-0.004430,0.000000,0.000000,0.000000,0.000000
-3.480000,5.153109,0.000000,0.000354,-0.050373,0.000000,0.000783,0.056373,5.343295,-0.008843,-0.204386,-101.814468,0.000253,-0.002473,0.000000,0.000000,0.000000,0.000000
4.900000,12.130072,0.000000,0.000169,0.070928,0.000000,0.000530,-0.081761,12.752772,-0.006370,0.340470,-211.568253,0.000020,-0.003080,0.000000,0.000000,0.000000,0.000000
-3.020000,-11.464221,0.000000,0.000348,-0.043715,0.000000,0.000510,0.053212,-12.247143,-0.003290,-0.247961,181.568359,-0.000088,0.002773,0.000000,0.000000,0.000000,0.000000
0.690000,5.370234,0.000000,0.000189,0.009988,0.000000,0.000598,-0.012426,5.842538,-0.006063,0.063514,-78.964836,0.000077,-0.001329,0.000000,0.000000,0.000000,0.000000
12.410000,16.964729,0.000000,0.000191,0.179635,0.000000,0.000521,-0.239996,18.833372,-0.004734,1.324605,-235.735825,-0.000293,-0.000878,0.000000,0.000000,0.000000,0.000000
-0.380000,-18.513557,0.000000,0.000687,-0.005501,0.000000,0.000814,0.008761,-21.015764,-0.003856,-0.051554,246.726334,-0.000374,0.004534,0.000000,0.000000,0.000000,0.000000
-1.690000,-1.896228,0.000000,0.000652,-0.024463,0.000000,0.001187,0.037779,-2.205162,-0.008390,-0.234577,24.534864,0.000061,-0.000178,0.000000,0.000000,0.000000,0.000000
1.770000,-0.492151,0.000000,0.001449,0.025621,0.000000,0.001433,-0.024745,-0.496120,-0.000528,0.044175,19.198755,-0.000076,0.000483,0.000000,0.000000,0.000000,0.000000
1.540000,-0.332926,0.000000,0.001519,0.022292,0.000000,0.001510,-0.021269,-0.335619,-0.001012,0.037969,12.987717,-0.000064,0.000348,0.000000,0.000000,0.000000,0.000000
2.800000,1.823853,0.000000,0.001596,0.040530,0.000000,0.001574,-0.040715,1.851479,-0.001360,0.098986,-52.611572,-0.000075,-0.000729,0.000000,0.000000,0.000000,0.000000
-4.200000,-10.132517,0.000000,0.001742,-0.060795,0.000000,0.001649,0.067215,-10.384149,-0.000630,-0.204774,235.474365,-0.000015,0.003906,0.000000,0.000000,0.000000,0.000000
-1.050000,4.559633,0.000000,0.001584,-0.015199,0.000000,0.001663,0.018651,4.727474,-0.004537,-0.067619,-90.080231,0.000140,-0.001896,0.000000,0.000000,0.000000,0.000000
-1.980000,-1.346178,0.000000,0.001576,-0.028661,0.000000,0.001523,0.034938,-1.415545,-0.002641,-0.145490,23.483862,0.000067,0.000055,0.000000,0.000000,0.000000,0.000000
-2.280000,-0.434251,0.000000,0.001539,-0.033003,0.000000,0.001456,0.041714,-0.464313,-0.002695,-0.194383,6.883603,0.000104,-0.000396,0.000000,0.000000,0.000000,0.000000
-2.240000,0.057900,0.000000,0.001499,-0.032424,0.000000,0.001352,0.043019,0.062440,-0.002300,-0.219894,-0.843907,0.000117,-0.000610,0.000000,0.000000,0.000000,0.000000
-0.140000,3.039755,0.000000,0.001471,-0.002027,0.000000,0.001235,0.004677,3.373801,-0.001690,-0.025815,-42.229595,0.000076,-0.000868,0.000000,0.000000,0.000000,0.000000
1.360000,2.171254,0.000000,0.001541,0.019686,0.000000,0.001158,-0.025693,2.463668,-0.000821,0.151189,-28.923615,-0.000023,-0.000137,0.000000,0.000000,0.000000,0.000000
4.180000,4.081957,0.000000,0.001684,0.060506,0.000000,0.001181,-0.088483,4.746083,-0.000684,0.549412,-52.805420,-0.000149,0.000487,0.000000,0.000000,0.000000,0.000000
-1.460000,0.709276,0.000000,0.000510,-0.021134,0.000000,0.000139,0.022202,0.714492,0.015445,-0.039636,-27.649281,0.000074,-0.000632,0.000000,0.000000,0.000000,0.000000
-2.680000,-1.765953,0.000000,0.000492,-0.038793,0.000000,0.000065,0.040223,-1.780436,0.016077,-0.071808,68.898994,0.000075,0.001112,0.000000,0.000000,0.000000,0.000000
-2.720000,-0.057900,0.000000,0.000540,-0.039372,0.000000,-0.000010,0.041737,-0.059355,0.014965,-0.101472,1.686628,0.000112,-0.000245,0.000000,0.000000,0.000000,0.000000
-2.510000,0.303976,0.000000,0.000590,-0.036332,0.000000,-0.000122,0.039684,0.310762,0.015210,-0.120900,-7.046939,0.000113,-0.000460,0.000000,0.000000,0.000000,0.000000
1.060000,5.167584,0.000000,0.000653,0.015344,0.000000,-0.000235,-0.016326,5.356954,0.015670,0.059191,-102.074738,0.000057,-0.001772,0.000000,0.000000,0.000000,0.000000
6.920000,8.482366,0.000000,0.000877,0.100167,0.000000,-0.000292,-0.114727,8.916269,0.017442,0.477750,-147.920761,-0.000142,-0.001505,0.000000,0.000000,0.000000,0.000000
0.330000,-9.539042,0.000000,0.001362,0.004777,0.000000,-0.000150,-0.004124,-10.192359,0.018947,0.019217,151.105423,-0.000204,0.002916,0.000000,0.000000,0.000000,0.000000
-5.950000,-9.090316,0.000000,0.001572,-0.086126,0.000000,0.000054,0.111215,-9.891129,0.016031,-0.568478,133.683594,0.000114,0.000988,0.000000,0.000000,0.000000,0.000000
-2.450000,5.066258,0.000000,0.001527,-0.035464,0.000000,-0.000060,0.049472,5.622119,0.015043,-0.273052,-70.371613,0.000240,-0.002073,0.000000,0.000000,0.000000,0.000000
-0.500000,-3.488481,0.000000,-0.001158,-0.007238,0.000000,-0.001798,0.006291,-3.516903,0.028248,-0.011230,136.096451,-0.000050,0.002550,0.000000,0.000000,0.000000,0.000000
-8.070000,-10.957595,0.000000,-0.001110,-0.116813,0.000000,-0.001748,0.118468,-11.045352,0.025698,-0.211493,427.430969,0.000111,0.007517,0.000000,0.000000,0.000000,0.000000
5.500000,19.642611,0.000000,-0.001275,0.079613,0.000000,-0.001859,-0.084588,19.940638,0.018181,0.205648,-566.632507,0.000149,-0.010187,0.000000,0.000000,0.000000,0.000000
-8.010000,-19.555759,0.000000,-0.000814,-0.115945,0.000000,-0.002008,0.123743,-20.042112,0.028368,-0.376990,454.481476,-0.000045,0.007605,0.000000,0.000000,0.000000,0.000000
-5.340000,3.864832,0.000000,-0.000971,-0.077297,0.000000,-0.001963,0.084821,4.006295,0.020763,-0.307528,-76.338432,0.000305,-0.002291,0.000000,0.000000,0.000000,0.000000
-0.680000,6.745362,0.000000,-0.001015,-0.009843,0.000000,-0.002268,0.010200,7.090355,0.023054,-0.042476,-117.628876,0.000161,-0.002338,0.000000,0.000000,0.000000,0.000000
3.480000,6.021611,0.000000,-0.000866,0.050373,0.000000,-0.002430,-0.061878,6.431506,0.025392,0.288346,-95.349419,-0.000046,-0.001021,0.000000,0.000000,0.000000,0.000000
-2.790000,-9.075841,0.000000,-0.000545,-0.040385,0.000000,-0.002384,0.050524,-9.875135,0.026414,-0.258255,133.467407,-0.000050,0.001831,0.000000,0.000000,0.000000,0.000000
-0.850000,2.808155,0.000000,-0.000494,-0.012304,0.000000,-0.002334,0.015794,3.115753,0.024583,-0.087174,-38.999638,0.000102,-0.000978,0.000000,0.000000,0.000000,0.000000
1.630000,-7.527013,0.000000,0.000402,0.023594,0.000000,0.000023,-0.023705,-7.587305,0.015835,0.042318,293.612152,-0.000208,0.005676,0.000000,0.000000,0.000000,0.000000
-2.090000,-5.384709,0.000000,0.000506,-0.030253,0.000000,0.000231,0.031493,-5.427820,0.010159,-0.056223,210.044785,-0.000017,0.003815,0.000000,0.000000,0.000000,0.000000
2.410000,6.513761,0.000000,0.000493,0.034885,0.000000,0.000248,-0.035964,6.612498,0.006344,0.087436,-187.900513,0.000028,-0.003328,0.000000,0.000000,0.000000,0.000000
-4.400000,-9.857492,0.000000,0.000695,-0.063690,0.000000,0.000220,0.069202,-10.102604,0.009673,-0.210826,229.089935,-0.000004,0.003774,0.000000,0.000000,0.000000,0.000000
1.560000,8.627115,0.000000,0.000594,0.022581,0.000000,0.000225,-0.024435,8.944430,0.005899,0.088590,-170.432724,0.000103,-0.002994,0.000000,0.000000,0.000000,0.000000
-5.990000,-10.928644,0.000000,0.000760,-0.086705,0.000000,0.000121,0.101064,-11.490124,0.008894,-0.420853,190.620941,0.000056,0.002477,0.000000,0.000000,0.000000,0.000000
-8.200000,-3.198981,0.000000,0.000602,-0.118695,0.000000,0.000066,0.144069,-3.418134,0.006417,-0.671343,50.675091,0.000325,-0.000861,0.000000,0.000000,0.000000,0.000000
-7.840000,0.521101,0.000000,0.000354,-0.113484,0.000000,-0.000259,0.144365,0.566188,0.007278,-0.737922,-7.652311,0.000401,-0.002139,0.000000,0.000000,0.000000,0.000000
10.430000,26.445871,0.000000,0.000124,0.150975,0.000000,-0.000660,-0.201753,29.357611,0.009417,1.113535,-367.466888,0.000009,-0.003942,0.000000,0.000000,0.000000,0.000000
14.500000,5.891335,0.000000,0.000664,0.209888,0.000000,-0.000669,-0.296253,6.685921,0.013359,1.743305,-78.493118,-0.000675,0.003237,0.000000,0.000000,0.000000,0.000000
-5.460000,-0.897451,0.000000,0.000150,-0.079034,0.000000,-0.000302,0.081125,-0.905092,0.019138,-0.144826,35.025101,0.000204,0.000265,0.000000,0.000000,0.000000,0.000000
-3.950000,2.185729,0.000000,-0.000018,-0.057176,0.000000,-0.000505,0.058524,2.202625,0.018872,-0.104479,-85.236763,0.000200,-0.001897,0.000000,0.000000,0.000000,0.000000
-2.470000,2.142304,0.000000,0.000027,-0.035753,0.000000,-0.000705,0.037417,2.174132,0.020769,-0.090968,-61.780048,0.000142,-0.001412,0.000000,0.000000,0.000000,0.000000
-4.010000,-2.229154,0.000000,0.000141,-0.058045,0.000000,-0.000847,0.062539,-2.285463,0.022182,-0.190527,51.825897,0.000126,0.000469,0.000000,0.000000,0.000000,0.000000
4.290000,12.014272,0.000000,0.000186,0.062098,0.000000,-0.000972,-0.068803,12.455597,0.021713,0.249452,-237.336685,0.000050,-0.003820,0.000000,0.000000,0.000000,0.000000
0.330000,-5.732110,0.000000,0.000598,0.004777,0.000000,-0.001022,-0.004829,-6.027923,0.025533,0.020109,100.003136,-0.000127,0.001955,0.000000,0.000000,0.000000,0.000000
4.260000,5.688685,0.000000,0.000840,0.061664,0.000000,-0.000895,-0.073453,6.075316,0.023578,0.342282,-90.068779,-0.000083,-0.000783,0.000000,0.000000,0.000000,0.000000
-0.990000,-7.599389,0.000000,0.001257,-0.014330,0.000000,-0.000811,0.019767,-8.269643,0.024361,-0.101040,111.768372,-0.000103,0.001844,0.000000,0.000000,0.000000,0.000000
1.310000,3.329256,0.000000,0.001459,0.018962,0.000000,-0.000708,-0.023410,3.693258,0.022517,0.129206,-46.228214,0.000007,-0.000529,0.000000,0.000000,0.000000,0.000000
1.880000,0.825077,0.000000,0.001767,0.027213,0.000000,-0.000715,-0.036031,0.933366,0.023046,0.212022,-10.957771,-0.000080,0.000367,0.000000,0.000000,0.000000,0.000000
5.570000,5.341284,0.000000,0.002111,0.080626,0.000000,-0.000635,-0.118108,6.208261,0.022679,0.733362,-69.073761,-0.000202,0.000675,0.000000,0.000000,0.000000,0.000000
-6.220000,-2.243629,0.000000,-0.000849,-0.090035,0.000000,-0.001670,0.091403,-2.262358,0.035689,-0.163175,87.548325,0.000205,0.001215,0.000000,0.000000,0.000000,0.000000
-1.760000,6.455861,0.000000,-0.001007,-0.025476,0.000000,-0.001874,0.025054,6.506361,0.034474,-0.044727,-251.781952,0.000191,-0.004891,0.000000,0.000000,0.000000,0.000000
-2.890000,-1.635678,0.000000,-0.000711,-0.041833,0.000000,-0.002065,0.043003,-1.661861,0.039365,-0.104548,47.223377,0.000085,0.000620,0.000000,0.000000,0.000000,0.000000
1.560000,6.441386,0.000000,-0.000474,0.022581,0.000000,-0.002149,-0.024779,6.599570,0.038744,0.075492,-149.654007,0.000058,-0.002631,0.000000,0.000000,0.000000,0.000000
2.570000,1.461977,0.000000,-0.000040,0.037201,0.000000,-0.002207,-0.041386,1.513661,0.041375,0.150048,-28.842243,-0.000083,-0.000135,0.000000,0.000000,0.000000,0.000000
1.200000,-1.983078,0.000000,0.000437,0.017370,0.000000,-0.002124,-0.019566,-2.087454,0.041510,0.081476,34.630829,-0.000092,0.000876,0.000000,0.000000,0.000000,0.000000
0.540000,-0.955352,0.000000,0.000857,0.007817,0.000000,-0.002032,-0.008405,-1.023669,0.040634,0.039167,15.176262,-0.000042,0.000392,0.000000,0.000000,0.000000,0.000000
-4.380000,-7.121713,0.000000,0.001253,-0.063401,0.000000,-0.001990,0.081991,-7.751160,0.040242,-0.419095,104.760811,0.000075,0.000849,0.000000,0.000000,0.000000,0.000000
-1.940000,3.531906,0.000000,0.001448,-0.028082,0.000000,-0.002065,0.039494,3.916885,0.039393,-0.217976,-49.027336,0.000181,-0.001520,0.000000,0.000000,0.000000,0.000000
3.240000,7.498063,0.000000,0.001755,0.046899,0.000000,-0.002246,-0.063923,8.506672,0.040913,0.376153,-99.868851,-0.000012,-0.000871,0.000000,0.000000,0.000000,0.000000
0.090000,-4.559633,0.000000,0.002290,0.001303,0.000000,-0.002233,0.001484,-5.308665,0.041783,-0.009217,59.064766,-0.000096,0.001095,0.000000,0.000000,0.000000,0.000000
-1.080000,-5.211009,0.000000,-0.002226,-0.015633,0.000000,-0.003315,0.013839,-5.253599,0.048282,-0.024705,203.302826,-0.000062,0.003781,0.000000,0.000000,0.000000,0.000000
-3.150000,-2.996330,0.000000,-0.002154,-0.045596,0.000000,-0.003254,0.044481,-3.021208,0.044501,-0.079408,116.914169,0.000063,0.001992,0.000000,0.000000,0.000000,0.000000
-1.400000,2.533130,0.000000,-0.001904,-0.020265,0.000000,-0.003317,0.019201,2.570306,0.042509,-0.046680,-73.037720,0.000100,-0.001513,0.000000,0.000000,0.000000,0.000000
-1.990000,-0.854027,0.000000,-0.001586,-0.028805,0.000000,-0.003417,0.029255,-0.876929,0.044022,-0.089127,19.885527,0.000062,0.000138,0.000000,0.000000,0.000000,0.000000
-0.220000,2.562079,0.000000,-0.001308,-0.003185,0.000000,-0.003480,0.002086,2.654418,0.043884,-0.007562,-50.578934,0.000056,-0.000978,0.000000,0.000000,0.000000,0.000000
0.150000,0.535576,0.000000,-0.000961,0.002171,0.000000,-0.003535,-0.003619,0.560629,0.044862,0.015069,-9.300834,0.000001,-0.000134,0.000000,0.000000,0.000000,0.000000
-0.390000,-0.781651,0.000000,-0.000605,-0.005645,0.000000,-0.003536,0.006087,-0.837844,0.044996,-0.028363,12.421342,0.000001,0.000159,0.000000,0.000000,0.000000,0.000000
-0.790000,-0.579001,0.000000,-0.000278,-0.011435,0.000000,-0.003537,0.014149,-0.633069,0.044837,-0.072323,8.556242,0.000026,-0.000034,0.000000,0.000000,0.000000,0.000000
-3.840000,-4.414883,0.000000,0.000029,-0.055584,0.000000,-0.003563,0.074379,-4.904709,0.044871,-0.410520,61.391853,0.000108,0.000052,0.000000,0.000000,0.000000,0.000000
-0.710000,4.530683,0.000000,0.000207,-0.010277,0.000000,-0.003671,0.014845,5.139026,0.044819,-0.087358,-60.332470,0.000137,-0.001379,0.000000,0.000000,0.000000,0.000000
-2.790000,-3.010805,0.000000,0.000517,-0.040385,0.000000,-0.003809,0.061528,-3.506241,0.046198,-0.382042,39.010807,0.000100,-0.000292,0.000000,0.000000,0.000000,0.000000
-3.740000,2.895005,0.000000,-0.001321,-0.054137,0.000000,-0.002133,0.054162,2.917165,0.035711,-0.096691,-112.887886,0.000202,-0.002399,0.000000,0.000000,0.000000,0.000000
-10.850000,-10.291742,0.000000,-0.001382,-0.157054,0.000000,-0.002334,0.159392,-10.374512,0.038110,-0.284552,401.470886,0.000234,0.006837,0.000000,0.000000,0.000000,0.000000
-11.200000,-0.506625,0.000000,-0.001535,-0.162120,0.000000,-0.002569,0.167929,-0.515289,0.031273,-0.408267,14.642430,0.000444,-0.000840,0.000000,0.000000,0.000000,0.000000
1.330000,18.137207,0.000000,-0.001716,0.019252,0.000000,-0.003013,-0.022536,18.586060,0.032113,0.068658,-421.463562,0.000290,-0.007793,0.000000,0.000000,0.000000,0.000000
0.910000,-0.607951,0.000000,-0.001343,0.013172,0.000000,-0.003303,-0.016131,-0.632153,0.039906,0.058485,12.045439,-0.000056,0.000401,0.000000,0.000000,0.000000,0.000000
-0.870000,-2.576555,0.000000,-0.001000,-0.012593,0.000000,-0.003247,0.013396,-2.710842,0.039505,-0.055782,44.972832,-0.000015,0.000700,0.000000,0.000000,0.000000,0.000000
1.000000,2.706830,0.000000,-0.000742,0.014475,0.000000,-0.003232,-0.018377,2.889372,0.038805,0.085633,-42.835987,0.000005,-0.000581,0.000000,0.000000,0.000000,0.000000
-0.750000,-2.533129,0.000000,-0.000409,-0.010856,0.000000,-0.003237,0.013248,-2.758463,0.039386,-0.067719,37.282017,-0.000016,0.000524,0.000000,0.000000,0.000000,0.000000
12.600000,24.737820,0.000000,-0.000691,0.182385,0.000000,-0.001392,-0.187378,24.933800,0.030471,0.334513,-964.883606,-0.000035,-0.017366,0.000000,0.000000,0.000000,0.000000
-2.620000,-22.030989,0.000000,-0.000124,-0.037925,0.000000,-0.001358,0.038703,-22.207430,0.047837,-0.069094,859.379089,-0.000316,0.016118,0.000000,0.000000,0.000000,0.000000
-5.950000,-4.820183,0.000000,0.000078,-0.086126,0.000000,-0.001042,0.090147,-4.894568,0.031719,-0.219163,139.083908,0.000152,0.002011,0.000000,0.000000,0.000000,0.000000
-7.990000,-2.952905,0.000000,0.000125,-0.115655,0.000000,-0.001194,0.124441,-3.027501,0.029708,-0.379116,68.652603,0.000279,0.000271,0.000000,0.000000,0.000000,0.000000
-4.940000,4.414882,0.000000,0.000080,-0.071507,0.000000,-0.001473,0.079554,4.575927,0.029438,-0.288433,-87.192558,0.000301,-0.002432,0.000000,0.000000,0.000000,0.000000
-10.760000,-8.424465,0.000000,0.000170,-0.155751,0.000000,-0.001774,0.180163,-8.858673,0.031869,-0.750241,146.965271,0.000319,0.000758,0.000000,0.000000,0.000000,0.000000
0.680000,16.559429,0.000000,0.000007,0.009843,0.000000,-0.002093,-0.011879,17.688347,0.031111,0.055355,-262.236176,0.000302,-0.004817,0.000000,0.000000,0.000000,0.000000
-5.330000,-8.699491,0.000000,0.000334,-0.077152,0.000000,-0.002395,0.098264,-9.466835,0.035928,-0.502275,127.949043,0.000086,0.001073,0.000000,0.000000,0.000000,0.000000
9.660000,21.698063,0.000000,0.000406,0.139829,0.000000,-0.002481,-0.186469,24.084713,0.034855,1.029179,-301.466461,-0.000049,-0.002926,0.000000,0.000000,0.000000,0.000000
12.610000,4.270132,0.000000,0.001112,0.182530,0.000000,-0.002433,-0.256881,4.843219,0.037782,1.511618,-56.859684,-0.000603,0.003018,0.000000,0.000000,0.000000,0.000000
1.240000,-3.604281,0.000000,-0.001093,0.017949,0.000000,-0.002038,-0.019398,-3.633963,0.041200,0.034631,140.626450,-0.000120,0.002751,0.000000,0.000000,0.000000,0.000000
0.830000,-0.593476,0.000000,-0.000946,0.012014,0.000000,-0.001918,-0.013270,-0.599145,0.038449,0.023691,23.185595,-0.000047,0.000498,0.000000,0.000000,0.000000,0.000000
0.010000,-1.186952,0.000000,-0.000560,0.000145,0.000000,-0.001871,-0.000737,-1.206278,0.037951,0.001791,34.277565,-0.000025,0.000653,0.000000,0.000000,0.000000,0.000000
-3.830000,-5.558410,0.000000,-0.000216,-0.055439,0.000000,-0.001846,0.059354,-5.697939,0.037298,-0.180824,129.208313,0.000053,0.001956,0.000000,0.000000,0.000000,0.000000
-6.090000,-3.271356,0.000000,-0.000049,-0.088153,0.000000,-0.001899,0.097910,-3.393690,0.035342,-0.354982,64.665466,0.000200,0.000261,0.000000,0.000000,0.000000,0.000000
-2.160000,5.688685,0.000000,0.000018,-0.031266,0.000000,-0.002099,0.036148,5.978437,0.035081,-0.150527,-99.182182,0.000211,-0.002286,0.000000,0.000000,0.000000,0.000000
-2.180000,-0.028950,0.000000,0.000254,-0.031556,0.000000,-0.002310,0.038415,-0.033544,0.037367,-0.179009,0.497306,0.000103,-0.000471,0.000000,0.000000,0.000000,0.000000
-4.540000,-3.416106,0.000000,0.000490,-0.065717,0.000000,-0.002413,0.083961,-3.719354,0.037837,-0.429166,50.268948,0.000156,-0.000208,0.000000,0.000000,0.000000,0.000000
2.140000,9.669317,0.000000,0.000629,0.030977,0.000000,-0.002569,-0.040588,10.730819,0.038046,0.224017,-134.316803,0.000093,-0.001937,0.000000,0.000000,0.000000,0.000000
5.060000,4.226707,0.000000,0.001052,0.073244,0.000000,-0.002662,-0.102220,4.793780,0.039983,0.601515,-56.279270,-0.000186,0.000565,0.000000,0.000000,0.000000,0.000000
-3.640000,-15.560653,0.000000,-0.001401,-0.052689,0.000000,-0.002345,0.052611,-15.685413,0.041384,-0.093923,606.991211,-0.000154,0.011238,0.000000,0.000000,0.000000,0.000000
-2.900000,1.071152,0.000000,-0.001445,-0.041978,0.000000,-0.002190,0.041501,1.078960,0.030146,-0.074089,-41.753395,0.000133,-0.001012,0.000000,0.000000,0.000000,0.000000
-2.620000,0.405301,0.000000,-0.001283,-0.037925,0.000000,-0.002323,0.038317,0.410479,0.031158,-0.093157,-11.664171,0.000111,-0.000471,0.000000,0.000000,0.000000,0.000000
-0.840000,2.576555,0.000000,-0.001118,-0.012159,0.000000,-0.002435,0.011867,2.639251,0.031629,-0.036154,-59.848515,0.000082,-0.001230,0.000000,0.000000,0.000000,0.000000
-4.460000,-5.239959,0.000000,-0.000880,-0.064559,0.000000,-0.002516,0.070766,-5.434493,0.032859,-0.256569,103.552216,0.000088,0.001269,0.000000,0.000000,0.000000,0.000000
-1.070000,4.907034,0.000000,-0.000810,-0.015488,0.000000,-0.002605,0.016961,5.157132,0.031590,-0.070629,-85.556732,0.000143,-0.001813,0.000000,0.000000,0.000000,0.000000
4.330000,7.816514,0.000000,-0.000598,0.062677,0.000000,-0.002748,-0.076413,8.348360,0.033403,0.356077,-123.767479,-0.000049,-0.001377,0.000000,0.000000,0.000000,0.000000
-2.370000,-9.698267,0.000000,-0.000160,-0.034306,0.000000,-0.002699,0.043303,-10.553063,0.034780,-0.221341,142.629959,-0.000083,0.002105,0.000000,0.000000,0.000000,0.000000
3.670000,8.742915,0.000000,-0.000008,0.053123,0.000000,-0.002617,-0.071060,9.703194,0.032676,0.392202,-121.454102,-0.000008,-0.001243,0.000000,0.000000,0.000000,0.000000
2.240000,-2.069929,0.000000,0.000398,0.032424,0.000000,-0.002608,-0.045348,-2.352844,0.033919,0.266853,27.622536,-0.000167,0.001247,0.000000,0.000000,0.000000,0.000000
4.840000,3.763507,0.000000,0.000745,0.070059,0.000000,-0.002441,-0.104267,4.373507,0.032671,0.647420,-48.660095,-0.000199,0.000828,0.000000,0.000000,0.000000,0.000000
-0.050000,3.242406,0.000000,-0.000332,-0.000724,0.000000,-0.001034,0.000476,3.267423,0.030228,-0.000849,-126.442139,0.000064,-0.002398,0.000000,0.000000,0.000000,0.000000
-2.280000,-3.227931,0.000000,-0.000261,-0.033003,0.000000,-0.001098,0.033525,-3.254433,0.032626,-0.059849,125.939438,0.000029,0.002227,0.000000,0.000000,0.000000,0.000000
-0.780000,2.171254,0.000000,-0.000060,-0.011291,0.000000,-0.001127,0.011744,2.203191,0.030399,-0.028553,-62.605793,0.000073,-0.001267,0.000000,0.000000,0.000000,0.000000
5.520000,9.119267,0.000000,0.000211,0.079902,0.000000,-0.001200,-0.085652,9.344108,0.031666,0.260944,-211.890045,-0.000055,-0.003304,0.000000,0.000000,0.000000,0.000000
-1.370000,-9.973292,0.000000,0.000767,-0.019831,0.000000,-0.001145,0.022890,-10.342622,0.034970,-0.082990,197.074738,-0.000134,0.003513,0.000000,0.000000,0.000000,0.000000
-1.570000,-0.289501,0.000000,0.001022,-0.022726,0.000000,-0.001012,0.027440,-0.306547,0.031457,-0.114267,5.085606,0.000069,-0.000219,0.000000,0.000000,0.000000,0.000000
4.070000,8.163915,0.000000,0.001276,0.058913,0.000000,-0.001080,-0.069606,8.718893,0.031676,0.324355,-129.260773,-0.000023,-0.001570,0.000000,0.000000,0.000000,0.000000
-1.150000,-7.555963,0.000000,0.001779,-0.016646,0.000000,-0.001057,0.023366,-8.223307,0.033246,-0.119437,111.142136,-0.000092,0.001784,0.000000,0.000000,0.000000,0.000000
-1.300000,-0.217125,0.000000,0.002072,-0.018818,0.000000,-0.000964,0.027938,-0.244773,0.031462,-0.154198,3.063809,0.000071,-0.000362,0.000000,0.000000,0.000000,0.000000
2.010000,4.791234,0.000000,0.002372,0.029095,0.000000,-0.001036,-0.037839,5.434360,0.031824,0.222662,-63.799706,0.000000,-0.000605,0.000000,0.000000,0.000000,0.000000
1.350000,-0.955352,0.000000,0.002826,0.019541,0.000000,-0.001036,-0.025144,-1.116389,0.032429,0.156127,12.421063,-0.000089,0.000659,0.000000,0.000000,0.000000,0.000000
-0.710000,9.321917,0.000000,-0.001846,-0.010277,0.000000,-0.002919,0.008743,9.394913,0.047272,-0.015609,-363.562592,0.000202,-0.006927,0.000000,0.000000,0.000000,0.000000
-2.870000,-3.126605,0.000000,-0.001761,-0.041543,0.000000,-0.003121,0.040733,-3.152788,0.054200,-0.072718,122.006027,0.000050,0.002126,0.000000,0.000000,0.000000,0.000000
-2.510000,0.521101,0.000000,-0.001399,-0.036332,0.000000,-0.003171,0.036531,0.527314,0.052073,-0.088813,-14.984132,0.000109,-0.000528,0.000000,0.000000,0.000000,0.000000
0.300000,4.067482,0.000000,-0.001032,0.004343,0.000000,-0.003279,-0.005776,4.166234,0.052601,0.017597,-94.474876,0.000063,-0.001740,0.000000,0.000000,0.000000,0.000000
1.830000,2.214679,0.000000,-0.000545,0.026489,0.000000,-0.003342,-0.030043,2.293513,0.054342,0.108926,-43.702011,-0.000038,-0.000530,0.000000,0.000000,0.000000,0.000000
0.300000,-2.214679,0.000000,0.000003,0.004343,0.000000,-0.003305,-0.005014,-2.331617,0.054871,0.020878,38.681492,-0.000058,0.000790,0.000000,0.000000,0.000000,0.000000
-0.670000,-1.404078,0.000000,0.000484,-0.009698,0.000000,-0.003247,0.012297,-1.503808,0.054081,-0.057302,22.294508,0.000005,0.000266,0.000000,0.000000,0.000000,0.000000
-3.790000,-4.516208,0.000000,0.000926,-0.054860,0.000000,-0.003252,0.070746,-4.917525,0.053816,-0.361616,66.462830,0.000098,0.000280,0.000000,0.000000,0.000000,0.000000
-4.060000,-0.390826,0.000000,0.001240,-0.058769,0.000000,-0.003350,0.080258,-0.438877,0.053536,-0.442965,5.493383,0.000209,-0.001095,0.000000,0.000000,0.000000,0.000000
2.280000,9.177166,0.000000,0.001550,0.033003,0.000000,-0.003559,-0.044536,10.411677,0.054631,0.262074,-122.233711,0.000076,-0.001604,0.000000,0.000000,0.000000,0.000000
1.650000,6.542711,0.000000,-0.002895,0.023884,0.000000,-0.004192,-0.027286,6.593385,0.057689,0.048712,-255.149582,0.000051,-0.004697,0.000000,0.000000,0.000000,0.000000
-4.460000,-8.844240,0.000000,-0.002693,-0.064559,0.000000,-0.004243,0.063344,-8.916062,0.062386,-0.113083,345.032104,0.000002,0.006236,0.000000,0.000000,0.000000,0.000000
-4.240000,0.318451,0.000000,-0.002373,-0.061374,0.000000,-0.004245,0.061700,0.321527,0.056150,-0.150003,-9.136509,0.000173,-0.000590,0.000000,0.000000,0.000000,0.000000
1.870000,8.844240,0.000000,-0.002059,0.027068,0.000000,-0.004418,-0.031306,9.061479,0.056740,0.095376,-205.481049,0.000087,-0.003632,0.000000,0.000000,0.000000,0.000000
-3.720000,-8.091539,0.000000,-0.001485,-0.053847,0.000000,-0.004505,0.058190,-8.392418,0.060372,-0.210973,159.914337,-0.000002,0.002464,0.000000,0.000000,0.000000,0.000000
1.230000,7.165138,0.000000,-0.001170,0.017804,0.000000,-0.004503,-0.021924,7.529612,0.057908,0.091298,-124.916145,0.000083,-0.002123,0.000000,0.000000,0.000000,0.000000
1.410000,0.260550,0.000000,-0.000649,0.020410,0.000000,-0.004586,-0.025431,0.274543,0.060031,0.118506,-4.070203,-0.000064,0.000247,0.000000,0.000000,0.000000,0.000000
-0.620000,-2.938430,0.000000,-0.000126,-0.008975,0.000000,-0.004523,0.011221,-3.201027,0.059783,-0.057359,43.263493,-0.000030,0.000664,0.000000,0.000000,0.000000,0.000000
1.120000,2.518654,0.000000,0.000309,0.016212,0.000000,-0.004492,-0.021270,2.791136,0.059120,0.117394,-34.936432,-0.000005,-0.000345,0.000000,0.000000,0.000000,0.000000
-1.470000,-3.749032,0.000000,0.000817,-0.021278,0.000000,-0.004488,0.031287,-4.261347,0.059465,-0.184107,50.028465,0.000004,0.000450,0.000000,0.000000,0.000000,0.000000
2.780000,-4.168807,0.000000,-0.002357,0.040241,0.000000,-0.003520,-0.043496,-4.203188,0.051561,0.077650,162.654205,-0.000197,0.003289,0.000000,0.000000,0.000000,0.000000
-1.320000,-5.934761,0.000000,-0.002125,-0.019107,0.000000,-0.003323,0.017387,-5.983106,0.048272,-0.031041,231.533142,-0.000066,0.004294,0.000000,0.000000,0.000000,0.000000
-4.260000,-4.255658,0.000000,-0.001788,-0.061664,0.000000,-0.003257,0.062614,-4.321728,0.043978,-0.152227,122.806068,0.000088,0.001906,0.000000,0.000000,0.000000,0.000000
-3.100000,1.679103,0.000000,-0.001601,-0.044873,0.000000,-0.003345,0.046508,1.719141,0.042073,-0.141690,-38.983803,0.000158,-0.001125,0.000000,0.000000,0.000000,0.000000
-2.600000,0.723751,0.000000,-0.001374,-0.037635,0.000000,-0.003503,0.040297,0.748431,0.043198,-0.146102,-14.261077,0.000123,-0.000663,0.000000,0.000000,0.000000,0.000000
5.890000,12.289296,0.000000,-0.001135,0.085258,0.000000,-0.003626,-0.099825,12.917516,0.043861,0.415695,-214.301361,-0.000026,-0.002932,0.000000,0.000000,0.000000,0.000000
-0.210000,-8.829765,0.000000,-0.000536,-0.003040,0.000000,-0.003600,0.003023,-9.435796,0.046793,-0.014088,139.889114,-0.000170,0.002616,0.000000,0.000000,0.000000,0.000000
-7.440000,-10.465444,0.000000,-0.000205,-0.107694,0.000000,-0.003430,0.136314,-11.388336,0.044177,-0.696767,153.919067,0.000153,0.001025,0.000000,0.000000,0.000000,0.000000
1.580000,13.056474,0.000000,-0.000182,0.022871,0.000000,-0.003583,-0.030831,14.491083,0.043152,0.170165,-181.383728,0.000191,-0.002976,0.000000,0.000000,0.000000,0.000000
-0.640000,-8.902141,0.000000,-0.000960,-0.009264,0.000000,-0.001805,0.008591,-8.973847,0.036811,-0.015336,347.268311,-0.000147,0.006540,0.000000,0.000000,0.000000,0.000000
-2.150000,-2.185729,0.000000,-0.000896,-0.031121,0.000000,-0.001658,0.030947,-2.203852,0.030272,-0.055248,85.284256,0.000042,0.001453,0.000000,0.000000,0.000000,0.000000
-1.830000,0.463201,0.000000,-0.000717,-0.026489,0.000000,-0.001700,0.026951,0.469291,0.028818,-0.065523,-13.335363,0.000082,-0.000432,0.000000,0.000000,0.000000,0.000000
-2.390000,-0.810601,0.000000,-0.000529,-0.034595,0.000000,-0.001782,0.036615,-0.831928,0.029251,-0.111550,18.865065,0.000083,0.000056,0.000000,0.000000,0.000000,0.000000
0.370000,3.995107,0.000000,-0.000370,0.005356,0.000000,-0.001865,-0.006363,4.140799,0.029194,0.023068,-78.901360,0.000061,-0.001432,0.000000,0.000000,0.000000,0.000000
0.310000,-0.086850,0.000000,-0.000092,0.004487,0.000000,-0.001926,-0.005291,-0.093126,0.030626,0.022035,1.544951,-0.000016,0.000092,0.000000,0.000000,0.000000,0.000000
0.160000,-0.217125,0.000000,0.000181,0.002316,0.000000,-0.001910,-0.002578,-0.234084,0.030535,0.012014,3.470374,-0.000011,0.000098,0.000000,0.000000,0.000000,0.000000
-4.770000,-7.136188,0.000000,0.000449,-0.069046,0.000000,-0.001898,0.088130,-7.765796,0.030437,-0.450476,104.958633,0.000091,0.000769,0.000000,0.000000,0.000000,0.000000
-4.450000,0.463201,0.000000,0.000509,-0.064414,0.000000,-0.001990,0.086830,0.511544,0.029668,-0.479241,-6.402960,0.000244,-0.001419,0.000000,0.000000,0.000000,0.000000
6.590000,15.980428,0.000000,0.000586,0.095390,0.000000,-0.002234,-0.134239,18.137068,0.031087,0.789932,-212.930267,-0.000020,-0.001892,0.000000,0.000000,0.000000,0.000000
7.610000,1.476452,0.000000,0.001129,0.110155,0.000000,-0.002214,-0.164005,1.713246,0.032979,1.018347,-19.061754,-0.000411,0.002397,0.000000,0.000000,0.000000,0.000000
0.050000,-10.943119,0.000000,0.001720,0.000724,0.000000,-0.001803,0.001597,-13.069515,0.030582,-0.010373,138.992172,-0.000242,0.002599,0.000000,0.000000,0.000000,0.000000
-0.590000,-0.694801,0.000000,-0.000879,-0.008540,0.000000,-0.001613,0.007921,-0.701116,0.032002,-0.014140,27.131651,0.000009,0.000471,0.000000,0.000000,0.000000,0.000000
-1.820000,-1.780428,0.000000,-0.000826,-0.026345,0.000000,-0.001621,0.026129,-1.795363,0.031532,-0.046646,69.476646,0.000037,0.001188,0.000000,0.000000,0.000000,0.000000
-0.060000,2.547605,0.000000,-0.000617,-0.000869,0.000000,-0.001658,0.000263,2.585313,0.030343,-0.000639,-73.464180,0.000050,-0.001395,0.000000,0.000000,0.000000,0.000000
2.960000,4.371458,0.000000,-0.000331,0.042846,0.000000,-0.001708,-0.046407,4.478571,0.031738,0.141380,-101.557533,-0.000041,-0.001538,0.000000,0.000000,0.000000,0.000000
-0.500000,-5.008359,0.000000,0.000089,-0.007238,0.000000,-0.001667,0.008141,-5.194590,0.033276,-0.029517,98.980942,-0.000076,0.001797,0.000000,0.000000,0.000000,0.000000
-1.260000,-1.100102,0.000000,0.000355,-0.018239,0.000000,-0.001590,0.021484,-1.158546,0.031479,-0.089465,19.220257,0.000036,0.000119,0.000000,0.000000,0.000000,0.000000
-4.090000,-4.096432,0.000000,0.000590,-0.059203,0.000000,-0.001627,0.072208,-4.378561,0.031360,-0.336483,64.913742,0.000112,0.000319,0.000000,0.000000,0.000000,0.000000
0.840000,7.136188,0.000000,0.000707,0.012159,0.000000,-0.001739,-0.014523,7.760693,0.031042,0.074233,-104.889656,0.000107,-0.001786,0.000000,0.000000,0.000000,0.000000
-4.350000,-7.512538,0.000000,0.001038,-0.062966,0.000000,-0.001847,0.085602,-8.343151,0.032827,-0.472461,104.430573,0.000073,0.000703,0.000000,0.000000,0.000000,0.000000
1.400000,8.323140,0.000000,0.001156,0.020265,0.000000,-0.001920,-0.027058,9.444429,0.032125,0.159221,-110.878166,0.000106,-0.001670,0.000000,0.000000,0.000000,0.000000
0.050000,-1.954129,0.000000,0.001522,0.000724,0.000000,-0.002025,0.001201,-2.277024,0.033795,-0.007459,25.334412,-0.000040,0.000463,0.000000,0.000000,0.000000,0.000000
-1.540000,-0.767176,0.000000,-0.001310,-0.022292,0.000000,-0.002139,0.021569,-0.774161,0.036438,-0.038506,29.958355,0.000044,0.000462,0.000000,0.000000,0.000000,0.000000
-5.330000,-5.486035,0.000000,-0.001283,-0.077152,0.000000,-0.002182,0.077682,-5.530534,0.035976,-0.138681,214.019592,0.000105,0.003676,0.000000,0.000000,0.000000,0.000000
-4.750000,0.839551,0.000000,-0.001204,-0.068756,0.000000,-0.002288,0.070642,0.851283,0.032300,-0.171744,-24.190022,0.000207,-0.000929,0.000000,0.000000,0.000000,0.000000
-4.350000,0.579001,0.000000,-0.001106,-0.062966,0.000000,-0.002495,0.066487,0.592061,0.033229,-0.202556,-13.425777,0.000191,-0.000800,0.000000,0.000000,0.000000,0.000000
-3.060000,1.867278,0.000000,-0.001000,-0.044294,0.000000,-0.002685,0.048112,1.934479,0.034030,-0.174437,-36.860752,0.000166,-0.001168,0.000000,0.000000,0.000000,0.000000
1.640000,6.803262,0.000000,-0.000844,0.023739,0.000000,-0.002852,-0.028405,7.150444,0.035198,0.118285,-118.625740,0.000058,-0.001924,0.000000,0.000000,0.000000,0.000000
2.260000,0.897452,0.000000,-0.000491,0.032714,0.000000,-0.002910,-0.040099,0.956430,0.037122,0.186855,-14.179431,-0.000090,0.000241,0.000000,0.000000,0.000000,0.000000
-5.490000,-11.218144,0.000000,-0.000115,-0.079468,0.000000,-0.002820,0.100632,-12.206689,0.036881,-0.514379,164.979523,0.000041,0.001732,0.000000,0.000000,0.000000,0.000000
-6.140000,-0.940876,0.000000,-0.000071,-0.088877,0.000000,-0.002861,0.118772,-1.047265,0.035149,-0.655540,13.108528,0.000301,-0.001528,0.000000,0.000000,0.000000,0.000000
-5.810000,0.477676,0.000000,-0.000054,-0.084100,0.000000,-0.003162,0.119006,0.539146,0.036678,-0.700290,-6.329610,0.000332,-0.002011,0.000000,0.000000,0.000000,0.000000
1.170000,0.101325,0.000000,-0.000902,0.016936,0.000000,-0.001507,-0.018202,0.101485,0.026518,0.032494,-3.927262,-0.000048,0.000017,0.000000,0.000000,0.000000,0.000000
-12.190000,-19.338634,0.000000,-0.000793,-0.176451,0.000000,-0.001459,0.179856,-19.493080,0.026501,-0.321084,754.339600,0.000117,0.013415,0.000000,0.000000,0.000000,0.000000
-0.200000,17.355556,0.000000,-0.001167,-0.002895,0.000000,-0.001576,0.001807,17.618992,0.013086,-0.004394,-500.660614,0.000338,-0.009517,0.000000,0.000000,0.000000,0.000000
-5.620000,-7.845464,0.000000,-0.000987,-0.081350,0.000000,-0.001915,0.086374,-8.040980,0.022603,-0.263144,182.339874,0.000081,0.002758,0.000000,0.000000,0.000000,0.000000
-4.670000,1.375128,0.000000,-0.001060,-0.067598,0.000000,-0.001995,0.073944,1.424958,0.019845,-0.268091,-27.152040,0.000227,-0.001244,0.000000,0.000000,0.000000,0.000000
1.460000,8.873191,0.000000,-0.001099,0.021134,0.000000,-0.002222,-0.025689,9.327500,0.021089,0.106975,-154.743073,0.000107,-0.002638,0.000000,0.000000,0.000000,0.000000
7.030000,8.062590,0.000000,-0.000880,0.101759,0.000000,-0.002329,-0.123952,8.612002,0.023727,0.577600,-127.676071,-0.000172,-0.000850,0.000000,0.000000,0.000000,0.000000
-0.370000,-10.711519,0.000000,-0.000429,-0.005356,0.000000,-0.002157,0.006248,-11.654479,0.024578,-0.031938,157.516159,-0.000203,0.002898,0.000000,0.000000,0.000000,0.000000
-4.290000,-5.674210,0.000000,-0.000296,-0.062098,0.000000,-0.001953,0.082657,-6.300686,0.021680,-0.456206,78.865189,0.000105,0.000254,0.000000,0.000000,0.000000,0.000000
0.770000,7.324363,0.000000,-0.000329,0.011146,0.000000,-0.002058,-0.016248,8.312636,0.021426,0.095614,-97.590843,0.000113,-0.001590,0.000000,0.000000,0.000000,0.000000
-0.830000,-24.564117,0.000000,0.000549,-0.012014,0.000000,0.000197,0.012903,-24.759876,0.014549,-0.023034,958.153137,-0.000434,0.018083,0.000000,0.000000,0.000000,0.000000
0.180000,1.461978,0.000000,0.000553,0.002606,0.000000,0.000632,-0.002101,1.473670,-0.003535,0.003751,-57.027805,0.000023,-0.001103,0.000000,0.000000,0.000000,0.000000
-5.820000,-8.685016,0.000000,0.000547,-0.084245,0.000000,0.000609,0.088670,-8.816984,-0.002432,-0.215572,250.543137,0.000073,0.004163,0.000000,0.000000,0.000000,0.000000
-2.510000,4.791234,0.000000,0.000263,-0.036332,0.000000,0.000536,0.039333,4.910367,-0.006594,-0.119830,-111.349075,0.000199,-0.002440,0.000000,0.000000,0.000000,0.000000
-5.480000,-4.299082,0.000000,0.000132,-0.079323,0.000000,0.000336,0.088298,-4.457233,-0.004154,-0.320134,84.930901,0.000154,0.000747,0.000000,0.000000,0.000000,0.000000
-3.980000,2.171254,0.000000,-0.000131,-0.057611,0.000000,0.000182,0.066417,2.282989,-0.004901,-0.276575,-37.874748,0.000223,-0.001467,0.000000,0.000000,0.000000,0.000000
-1.440000,3.676656,0.000000,-0.000328,-0.020844,0.000000,-0.000040,0.024776,3.928130,-0.003434,-0.115452,-58.235958,0.000141,-0.001412,0.000000,0.000000,0.000000,0.000000
-2.460000,-1.476453,0.000000,-0.000419,-0.035609,0.000000,-0.000181,0.044625,-1.605855,-0.002022,-0.228102,21.703939,0.000090,-0.000203,0.000000,0.000000,0.000000,0.000000
-0.680000,2.576555,0.000000,-0.000557,-0.009843,0.000000,-0.000271,0.012419,2.860792,-0.001819,-0.068546,-35.808311,0.000088,-0.000863,0.000000,0.000000,0.000000,0.000000
9.390000,14.576352,0.000000,-0.000623,0.135920,0.000000,-0.000359,-0.193341,16.546824,-0.000955,1.137715,-194.260696,-0.000210,-0.000599,0.000000,0.000000,0.000000,0.000000
-4.650000,-9.220592,0.000000,0.002166,-0.067309,0.000000,0.002187,0.071138,-9.293956,-0.002647,-0.126998,359.655792,0.000017,0.006468,0.000000,0.000000,0.000000,0.000000
-0.060000,6.644037,0.000000,0.001981,-0.000869,0.000000,0.002170,0.002917,6.697018,-0.009115,-0.005208,-259.160004,0.000135,-0.004933,0.000000,0.000000,0.000000,0.000000
-3.590000,-5.109684,0.000000,0.001975,-0.051965,0.000000,0.002035,0.056407,-5.187376,-0.004182,-0.137136,147.404327,0.000054,0.002429,0.000000,0.000000,0.000000,0.000000
-5.450000,-2.692355,0.000000,0.001816,-0.078889,0.000000,0.001981,0.086742,-2.759128,-0.006611,-0.264264,62.566895,0.000182,0.000465,0.000000,0.000000,0.000000,0.000000
0.600000,8.757390,0.000000,0.001587,0.008685,0.000000,0.001799,-0.007889,9.079974,-0.007076,0.028601,-173.015472,0.000150,-0.003200,0.000000,0.000000,0.000000,0.000000
3.230000,3.806931,0.000000,0.001635,0.046754,0.000000,0.001649,-0.052134,4.002016,-0.003877,0.217099,-66.393364,-0.000066,-0.000664,0.000000,0.000000,0.000000,0.000000
-1.140000,-6.325586,0.000000,0.001809,-0.016502,0.000000,0.001714,0.022112,-6.758097,-0.003213,-0.103039,100.191246,-0.000068,0.001620,0.000000,0.000000,0.000000,0.000000
-6.300000,-7.469113,0.000000,0.001807,-0.091193,0.000000,0.001782,0.117938,-8.126021,-0.004832,-0.602840,109.827263,0.000165,0.000446,0.000000,0.000000,0.000000,0.000000
9.090000,22.277065,0.000000,0.001599,0.131578,0.000000,0.001617,-0.173839,24.729986,-0.005278,0.959468,-309.543274,-0.000002,-0.003267,0.000000,0.000000,0.000000,0.000000
1.410000,-11.116820,0.000000,0.002050,0.020410,0.000000,0.001619,-0.025996,-12.620507,-0.002011,0.152976,148.165512,-0.000309,0.003225,0.000000,0.000000,0.000000,0.000000
6.390000,7.208563,0.000000,0.002193,0.092495,0.000000,0.001929,-0.135839,8.382400,-0.005237,0.843458,-93.263458,-0.000208,0.000510,0.000000,0.000000,0.000000,0.000000
-4.690000,-7.078288,0.000000,0.000244,-0.067888,0.000000,-0.000172,0.069805,-7.135047,0.017519,-0.124618,276.110748,0.000054,0.004890,0.000000,0.000000,0.000000,0.000000
-1.750000,4.255658,0.000000,0.000103,-0.025331,0.000000,-0.000226,0.026042,4.289172,0.012629,-0.046491,-165.981567,0.000152,-0.003278,0.000000,0.000000,0.000000,0.000000
-2.050000,-0.434251,0.000000,0.000191,-0.029674,0.000000,-0.000377,0.031231,-0.441428,0.015907,-0.075927,12.543599,0.000076,0.000038,0.000000,0.000000,0.000000,0.000000
1.870000,5.674210,0.000000,0.000265,0.027068,0.000000,-0.000453,-0.028808,5.814261,0.015869,0.087765,-131.846085,0.000032,-0.002259,0.000000,0.000000,0.000000,0.000000
2.580000,1.027727,0.000000,0.000518,0.037346,0.000000,-0.000485,-0.040926,1.064519,0.018128,0.148382,-20.284002,-0.000091,0.000021,0.000000,0.000000,0.000000,0.000000
-2.440000,-7.266463,0.000000,0.000805,-0.035319,0.000000,-0.000394,0.041741,-7.640612,0.018106,-0.173819,126.757629,-0.000032,0.001930,0.000000,0.000000,0.000000,0.000000
-1.860000,0.839552,0.000000,0.000879,-0.026924,0.000000,-0.000363,0.033576,0.895468,0.016176,-0.156461,-13.275644,0.000108,-0.000678,0.000000,0.000000,0.000000,0.000000
-2.920000,-1.534353,0.000000,0.000985,-0.042267,0.000000,-0.000471,0.054850,-1.670913,0.016854,-0.280365,22.583235,0.000117,-0.000330,0.000000,0.000000,0.000000,0.000000
-3.450000,-0.767176,0.000000,0.001051,-0.049939,0.000000,-0.000587,0.068195,-0.853660,0.017184,-0.376390,10.685201,0.000168,-0.000815,0.000000,0.000000,0.000000,0.000000
0.520000,5.746585,0.000000,0.001101,0.007527,0.000000,-0.000755,-0.009098,6.520903,0.017999,0.053540,-76.555801,0.000099,-0.001303,0.000000,0.000000,0.000000,0.000000
3.360000,4.110907,0.000000,0.001325,0.048636,0.000000,-0.000854,-0.071168,4.778258,0.019302,0.441901,-53.163403,-0.000102,0.000191,0.000000,0.000000,0.000000,0.000000
0.240000,-3.966157,0.000000,-0.000404,0.003474,0.000000,-0.001006,-0.003907,-3.998356,0.026021,0.006974,154.727631,-0.000086,0.002948,0.000000,0.000000,0.000000,0.000000
-2.300000,-3.676656,0.000000,-0.000331,-0.033293,0.000000,-0.000920,0.033749,-3.706477,0.023073,-0.060249,143.432556,0.000021,0.002547,0.000000,0.000000,0.000000,0.000000
-0.250000,2.967380,0.000000,-0.000229,-0.003619,0.000000,-0.000941,0.003545,3.011780,0.020525,-0.008618,-85.582649,0.000067,-0.001649,0.000000,0.000000,0.000000,0.000000
-1.760000,-2.185729,0.000000,-0.000032,-0.025476,0.000000,-0.001008,0.027347,-2.240934,0.022174,-0.083314,50.816162,0.000031,0.000740,0.000000,0.000000,0.000000,0.000000
-0.850000,1.317227,0.000000,0.000095,-0.012304,0.000000,-0.001039,0.013779,1.364598,0.021434,-0.049957,-26.001892,0.000063,-0.000629,0.000000,0.000000,0.000000,0.000000
-0.220000,0.911927,0.000000,0.000263,-0.003185,0.000000,-0.001102,0.003984,0.957309,0.022063,-0.016588,-15.881743,0.000029,-0.000344,0.000000,0.000000,0.000000,0.000000
2.180000,3.474006,0.000000,0.000459,0.031556,0.000000,-0.001131,-0.037553,3.709597,0.022407,0.174993,-54.996124,-0.000031,-0.000567,0.000000,0.000000,0.000000,0.000000
8.160000,8.656065,0.000000,0.000761,0.118116,0.000000,-0.001100,-0.148825,9.414710,0.022975,0.760717,-127.244537,-0.000224,-0.000351,0.000000,0.000000,0.000000,0.000000
-2.760000,-15.806727,0.000000,0.001322,-0.039951,0.000000,-0.000875,0.055199,-17.550213,0.023325,-0.304662,219.674637,-0.000183,0.003336,0.000000,0.000000,0.000000,0.000000
1.580000,6.282161,0.000000,0.001430,0.022871,0.000000,-0.000693,-0.030359,7.128458,0.019989,0.178649,-83.688530,0.000053,-0.001108,0.000000,0.000000,0.000000,0.000000
-0.130000,3.980632,0.000000,-0.000424,-0.001882,0.000000,-0.001116,0.001565,4.011536,0.029835,-0.002794,-155.237671,0.000080,-0.002945,0.000000,0.000000,0.000000,0.000000
-2.060000,-2.793680,0.000000,-0.000357,-0.029819,0.000000,-0.001196,0.030165,-2.816728,0.032780,-0.053852,109.001213,0.000028,0.001924,0.000000,0.000000,0.000000,0.000000
-5.020000,-4.284608,0.000000,-0.000144,-0.072665,0.000000,-0.001224,0.075837,-4.350804,0.030857,-0.184374,123.632286,0.000123,0.001839,0.000000,0.000000,0.000000,0.000000
-0.160000,7.034862,0.000000,-0.000072,-0.002316,0.000000,-0.001347,0.002412,7.208142,0.029018,-0.007348,-163.454178,0.000143,-0.003118,0.000000,0.000000,0.000000,0.000000
0.990000,1.664628,0.000000,0.000219,0.014330,0.000000,-0.001489,-0.015682,1.724206,0.032136,0.056856,-32.854092,-0.000010,-0.000463,0.000000,0.000000,0.000000,0.000000
0.480000,-0.738226,0.000000,0.000561,0.006948,0.000000,-0.001479,-0.007380,-0.778231,0.032599,0.030732,12.910832,-0.000035,0.000328,0.000000,0.000000,0.000000,0.000000
-1.540000,-2.923955,0.000000,0.000884,-0.022292,0.000000,-0.001445,0.027988,-3.126175,0.032270,-0.130420,46.346684,0.000017,0.000524,0.000000,0.000000,0.000000,0.000000
-2.340000,-1.158002,0.000000,0.001126,-0.033872,0.000000,-0.001461,0.044382,-1.262658,0.031746,-0.226858,17.065454,0.000096,-0.000291,0.000000,0.000000,0.000000,0.000000
-0.350000,2.880530,0.000000,0.001340,-0.005066,0.000000,-0.001557,0.008568,3.194422,0.032038,-0.047291,-39.984322,0.000083,-0.000884,0.000000,0.000000,0.000000,0.000000
3.740000,5.920285,0.000000,0.001647,0.054137,0.000000,-0.001641,-0.074323,6.716420,0.032922,0.437354,-78.851173,-0.000074,-0.000308,0.000000,0.000000,0.000000,0.000000
2.980000,-1.100102,0.000000,0.002136,0.043136,0.000000,-0.001567,-0.061675,-1.284231,0.033230,0.382953,14.288486,-0.000191,0.001307,0.000000,0.000000,0.000000,0.000000
-4.730000,-3.879307,0.000000,-0.001596,-0.068467,0.000000,-0.002547,0.068567,-3.911170,0.041870,-0.122408,151.353745,0.000112,0.002532,0.000000,0.000000,0.000000,0.000000
-1.550000,4.603058,0.000000,-0.001682,-0.022436,0.000000,-0.002659,0.021251,4.638729,0.039338,-0.037937,-179.508682,0.000145,-0.003506,0.000000,0.000000,0.000000,0.000000
-3.500000,-2.822630,0.000000,-0.001356,-0.050663,0.000000,-0.002804,0.051562,-2.866918,0.042844,-0.125357,81.466255,0.000085,0.001210,0.000000,0.000000,0.000000,0.000000
0.710000,6.093986,0.000000,-0.001132,0.010277,0.000000,-0.002889,-0.012262,6.243517,0.041634,0.037358,-141.580032,0.000085,-0.002582,0.000000,0.000000,0.000000,0.000000
4.090000,4.892559,0.000000,-0.000726,0.059203,0.000000,-0.002974,-0.066599,5.070592,0.044216,0.241461,-96.618202,-0.000084,-0.001172,0.000000,0.000000,0.000000,0.000000
1.100000,-4.328032,0.000000,-0.000178,0.015923,0.000000,-0.002890,-0.018603,-4.552778,0.045388,0.077468,75.530502,-0.000136,0.001642,0.000000,0.000000,0.000000,0.000000
-0.460000,-2.258104,0.000000,0.000239,-0.006659,0.000000,-0.002753,0.008329,-2.415375,0.043746,-0.038813,35.808811,-0.000023,0.000570,0.000000,0.000000,0.000000,0.000000
-2.290000,-2.648930,0.000000,0.000589,-0.033148,0.000000,-0.002730,0.042783,-2.885199,0.043176,-0.218687,38.994919,0.000061,0.000146,0.000000,0.000000,0.000000,0.000000
-2.040000,0.361876,0.000000,0.000865,-0.029529,0.000000,-0.002791,0.040649,0.397782,0.043030,-0.224356,-4.979011,0.000117,-0.000701,0.000000,0.000000,0.000000,0.000000
3.060000,7.382263,0.000000,0.001156,0.044294,0.000000,-0.002909,-0.061081,8.375407,0.043731,0.359434,-98.327782,-0.000007,-0.000888,0.000000,0.000000,0.000000,0.000000
3.500000,0.636901,0.000000,0.001667,0.050663,0.000000,-0.002902,-0.073702,0.735325,0.044620,0.457633,-8.181298,-0.000185,0.001085,0.000000,0.000000,0.000000,0.000000
-3.880000,-19.425486,0.000000,-0.001895,-0.056163,0.000000,-0.002937,0.055672,-19.581079,0.045957,-0.099387,757.744934,-0.000220,0.014077,0.000000,0.000000,0.000000,0.000000
-4.170000,-0.419776,0.000000,-0.001938,-0.060361,0.000000,-0.002717,0.059819,-0.423846,0.031879,-0.106790,16.401930,0.000154,-0.000004,0.000000,0.000000,0.000000,0.000000
-4.080000,0.130275,0.000000,-0.001829,-0.059058,0.000000,-0.002871,0.059847,0.131297,0.031884,-0.145498,-3.730929,0.000164,-0.000464,0.000000,0.000000,0.000000,0.000000
0.100000,6.050561,0.000000,-0.001729,0.001448,0.000000,-0.003035,-0.003414,6.199511,0.032348,0.010401,-140.582138,0.000108,-0.002633,0.000000,0.000000,0.000000,0.000000
0.820000,1.042202,0.000000,-0.001453,0.011870,0.000000,-0.003143,-0.014805,1.079059,0.034981,0.053676,-20.561064,-0.000020,-0.000239,0.000000,0.000000,0.000000,0.000000
-1.720000,-3.676657,0.000000,-0.001156,-0.024897,0.000000,-0.003123,0.027433,-3.867085,0.035220,-0.114236,64.154861,0.000001,0.000906,0.000000,0.000000,0.000000,0.000000
