-0.000000,0.000401,0.475732,0.000508,-0.000000,-0.000000,-0.000000,ovf,0.000003,-0.061419,-0.000000,ovf,0.000000,ovf,-251194.359375,ovf,-0.000001,ovf
0.900000,1.186952,0.000000,0.000000,0.013028,0.000000,0.000000,-0.013105,1.189308,0.000000,0.011836,-90.973106,-0.000013,-0.001691,0.000000,0.000000,0.000000,0.000000
2.040000,1.650153,0.000000,0.000035,0.029529,0.000000,0.000013,-0.029669,1.653405,0.001691,0.026796,-126.473076,-0.000049,-0.002319,0.000000,0.000000,0.000000,0.000000
-0.720000,-3.995107,0.000000,0.000156,-0.010422,0.000000,0.000062,0.010774,-4.019849,0.004010,-0.017004,175.966736,-0.000047,0.003290,0.000000,0.000000,0.000000,0.000000
-0.280000,0.636901,0.000000,0.000137,-0.004053,0.000000,0.000109,0.004350,0.644945,0.000719,-0.009710,-19.959534,0.000024,-0.000410,0.000000,0.000000,0.000000,0.000000
0.010000,0.419776,0.000000,0.000140,0.000145,0.000000,0.000085,-0.000005,0.428758,0.001130,0.000015,-10.364410,0.000008,-0.000195,0.000000,0.000000,0.000000,0.000000
-0.360000,-0.535576,0.000000,0.000157,-0.005211,0.000000,0.000077,0.005900,-0.553246,0.001325,-0.020347,11.082235,0.000005,0.000155,0.000000,0.000000,0.000000,0.000000
0.030000,0.564526,0.000000,0.000158,0.000434,0.000000,0.000071,-0.000315,0.590676,0.001170,0.001259,-10.200528,0.000010,-0.000190,0.000000,0.000000,0.000000,0.000000
-1.280000,-1.896228,0.000000,0.000178,-0.018528,0.000000,0.000061,0.022269,-2.015303,0.001360,-0.100426,30.872604,0.000022,0.000313,0.000000,0.000000,0.000000,0.000000
-0.440000,1.215902,0.000000,0.000142,-0.006369,0.000000,0.000039,0.008128,1.314835,0.001047,-0.040440,-18.257822,0.000047,-0.000456,0.000000,0.000000,0.000000,0.000000
1.670000,3.054230,0.000000,0.000144,0.024173,0.000000,-0.000008,-0.031595,3.368275,0.001503,0.170500,-43.119682,-0.000022,-0.000354,0.000000,0.000000,0.000000,0.000000
2.190000,0.752701,0.000000,0.000235,0.031700,0.000000,0.000014,-0.043750,0.848002,0.001857,0.252646,-10.144664,-0.000102,0.000492,0.000000,0.000000,0.000000,0.000000
-1.060000,-4.704383,0.000000,0.000349,-0.015344,0.000000,0.000116,0.023156,-5.429262,0.001365,-0.141529,61.367916,-0.000040,0.000778,0.000000,0.000000,0.000000,0.000000
0.000000,1.534353,0.000000,0.000330,0.000000,0.000000,0.000156,0.000519,1.816192,0.000587,-0.003328,-19.573242,0.000036,-0.000381,0.000000,0.000000,0.000000,0.000000
-0.510000,-0.738226,0.000000,0.000358,-0.007382,0.000000,0.000120,0.012982,-0.898841,0.000968,-0.086629,9.305828,0.000018,-0.000057,0.000000,0.000000,0.000000,0.000000
-0.090000,0.607951,0.000000,0.000367,-0.001303,0.000000,0.000102,0.002997,0.761283,0.001025,-0.020689,-7.619354,0.000022,-0.000200,0.000000,0.000000,0.000000,0.000000
3.300000,3.242406,0.000000,0.001211,0.047768,0.000000,0.001233,-0.047525,3.268042,0.003362,0.084843,-126.466072,-0.000067,-0.002165,0.000000,0.000000,0.000000,0.000000
-2.390000,-8.236289,0.000000,0.001477,-0.034595,0.000000,0.001300,0.036935,-8.302005,0.005527,-0.065937,321.269409,-0.000057,0.005909,0.000000,0.000000,0.000000,0.000000
-3.590000,-1.737003,0.000000,0.001405,-0.051965,0.000000,0.001357,0.055812,-1.763516,-0.000382,-0.135688,50.112015,0.000118,0.000571,0.000000,0.000000,0.000000,0.000000
1.920000,7.975739,0.000000,0.001287,0.027792,0.000000,0.001240,-0.028488,8.173490,-0.000953,0.086789,-185.344711,0.000077,-0.003276,0.000000,0.000000,0.000000,0.000000
-7.720000,-13.953924,0.000000,0.001427,-0.111747,0.000000,0.001162,0.125770,-14.468292,0.002323,-0.455993,275.687805,0.000066,0.003993,0.000000,0.000000,0.000000,0.000000
10.290000,26.069523,0.000000,0.001150,0.148948,0.000000,0.001096,-0.170777,27.406855,-0.001670,0.711156,-454.679260,0.000057,-0.006693,0.000000,0.000000,0.000000,0.000000
-7.590000,-25.881344,0.000000,0.001664,-0.109865,0.000000,0.001039,0.134688,-27.650023,0.005023,-0.627630,409.921692,-0.000159,0.006076,0.000000,0.000000,0.000000,0.000000
-7.810000,-0.318450,0.000000,0.001421,-0.113050,0.000000,0.001198,0.145167,-0.347040,-0.001053,-0.742022,4.690419,0.000386,-0.001930,0.000000,0.000000,0.000000,0.000000
1.910000,6.817737,0.000000,0.000664,0.027647,0.000000,0.000360,-0.027594,6.871603,0.012421,0.049261,-265.916046,0.000055,-0.004898,0.000000,0.000000,0.000000,0.000000
-4.770000,-9.669317,0.000000,0.000771,-0.069046,0.000000,0.000306,0.071485,-9.746701,0.017320,-0.127618,377.176025,0.000009,0.006806,0.000000,0.000000,0.000000,0.000000
-5.570000,-1.158002,0.000000,0.000697,-0.080626,0.000000,0.000297,0.085043,-1.176035,0.010514,-0.206755,33.418175,0.000208,0.000061,0.000000,0.000000,0.000000,0.000000
0.090000,8.192865,0.000000,0.000591,0.001303,0.000000,0.000089,-0.000765,8.395600,0.010453,0.002330,-190.381393,0.000157,-0.003599,0.000000,0.000000,0.000000,0.000000
-7.710000,-11.290520,0.000000,0.000745,-0.111602,0.000000,-0.000067,0.124851,-11.707263,0.014052,-0.452661,223.077454,0.000116,0.003006,0.000000,0.000000,0.000000,0.000000
-3.200000,6.528237,0.000000,0.000558,-0.046320,0.000000,-0.000183,0.054166,6.862357,0.011046,-0.225561,-113.846390,0.000276,-0.002771,0.000000,0.000000,0.000000,0.000000
19.980000,33.553108,0.000000,0.000571,0.289211,0.000000,-0.000459,-0.348574,35.843658,0.013817,1.624317,-531.395264,-0.000265,-0.005663,0.000000,0.000000,0.000000,0.000000
-8.530000,-41.268295,0.000000,0.001581,-0.123472,0.000000,-0.000195,0.158587,-44.897224,0.019480,-0.810616,606.808533,-0.000421,0.009308,0.000000,0.000000,0.000000,0.000000
3.200000,16.979204,0.000000,0.001389,0.046320,0.000000,0.000226,-0.060092,18.847542,0.010172,0.331666,-235.913223,0.000195,-0.003587,0.000000,0.000000,0.000000,0.000000
-3.590000,-9.828543,0.000000,0.001703,-0.051965,0.000000,0.000031,0.075993,-11.159221,0.013759,-0.447180,131.009918,-0.000006,0.001278,0.000000,0.000000,0.000000,0.000000
4.320000,11.449745,0.000000,0.001743,0.062532,0.000000,0.000037,-0.091443,13.313806,0.012482,0.567791,-148.130798,0.000005,-0.001271,0.000000,0.000000,0.000000,0.000000
-1.040000,-0.651376,0.000000,0.000177,-0.015054,0.000000,-0.000443,0.015662,-0.657248,0.026328,-0.027961,25.434072,0.000030,0.000408,0.000000,0.000000,0.000000,0.000000
0.130000,1.693578,0.000000,0.000201,0.001882,0.000000,-0.000473,-0.001720,1.706367,0.025920,0.003071,-66.032700,0.000028,-0.001243,0.000000,0.000000,0.000000,0.000000
-1.810000,-2.808155,0.000000,0.000476,-0.026200,0.000000,-0.000501,0.027896,-2.851835,0.027163,-0.067820,81.037651,0.000021,0.001353,0.000000,0.000000,0.000000,0.000000
-2.700000,-1.288277,0.000000,0.000662,-0.039083,0.000000,-0.000522,0.042718,-1.321476,0.025809,-0.130142,29.966219,0.000090,0.000213,0.000000,0.000000,0.000000,0.000000
-0.510000,3.170031,0.000000,0.000812,-0.007382,0.000000,-0.000613,0.009106,3.285273,0.025597,-0.033016,-62.599625,0.000087,-0.001275,0.000000,0.000000,0.000000,0.000000
-2.910000,-3.474006,0.000000,0.001064,-0.042122,0.000000,-0.000699,0.049900,-3.654177,0.026872,-0.207797,60.622734,0.000066,0.000588,0.000000,0.000000,0.000000,0.000000
1.830000,6.861162,0.000000,0.001217,0.026489,0.000000,-0.000765,-0.030520,7.327549,0.026283,0.142218,-108.633575,0.000056,-0.001673,0.000000,0.000000,0.000000,0.000000
-4.460000,-9.104791,0.000000,0.001582,-0.064559,0.000000,-0.000821,0.083877,-9.907763,0.027957,-0.428736,133.908386,0.000039,0.001379,0.000000,0.000000,0.000000,0.000000
-2.360000,3.039756,0.000000,0.001689,-0.034161,0.000000,-0.000860,0.047948,3.371413,0.026578,-0.264638,-42.199718,0.000193,-0.001517,0.000000,0.000000,0.000000,0.000000
7.280000,13.953924,0.000000,0.001897,0.105378,0.000000,-0.001054,-0.146526,15.836014,0.028095,0.862232,-185.915771,-0.000097,-0.001185,0.000000,0.000000,0.000000,0.000000
5.050000,16.255453,0.000000,-0.001371,0.073099,0.000000,-0.002340,-0.076149,16.383694,0.042452,0.135944,-634.013123,0.000104,-0.011635,0.000000,0.000000,0.000000,0.000000
-3.140000,-11.855046,0.000000,-0.001072,-0.045452,0.000000,-0.002445,0.045440,-11.950675,0.054087,-0.081121,462.464996,-0.000104,0.008559,0.000000,0.000000,0.000000,0.000000
-1.230000,2.764730,0.000000,-0.000773,-0.017804,0.000000,-0.002341,0.017811,2.805219,0.045528,-0.043301,-79.713005,0.000101,-0.001642,0.000000,0.000000,0.000000,0.000000
1.130000,3.416106,0.000000,-0.000390,0.016357,0.000000,-0.002443,-0.017999,3.498843,0.047171,0.054835,-79.340897,0.000017,-0.001351,0.000000,0.000000,0.000000,0.000000
5.090000,5.732111,0.000000,0.000096,0.073678,0.000000,-0.002460,-0.081771,5.940666,0.048522,0.296471,-113.197144,-0.000109,-0.001339,0.000000,0.000000,0.000000,0.000000
0.890000,-6.079511,0.000000,0.000756,0.012883,0.000000,-0.002351,-0.014012,-6.394660,0.049861,0.058351,106.087311,-0.000159,0.002169,0.000000,0.000000,0.000000,0.000000
2.820000,2.793680,0.000000,0.001237,0.040820,0.000000,-0.002192,-0.047801,2.980803,0.047691,0.222749,-44.191486,-0.000073,-0.000238,0.000000,0.000000,0.000000,0.000000
3.040000,0.318451,0.000000,0.001809,0.044004,0.000000,-0.002120,-0.053510,0.342023,0.047930,0.273517,-4.622608,-0.000138,0.000653,0.000000,0.000000,0.000000,0.000000
-4.200000,-10.479918,0.000000,0.002401,-0.060795,0.000000,-0.001982,0.084521,-11.639297,0.047277,-0.466495,145.688156,0.000008,0.001496,0.000000,0.000000,0.000000,0.000000
-0.110000,5.920285,0.000000,0.002704,-0.001592,0.000000,-0.001990,0.006083,6.714575,0.045781,-0.035793,-78.829506,0.000144,-0.001592,0.000000,0.000000,0.000000,0.000000
-3.750000,-4.921509,0.000000,-0.003036,-0.054281,0.000000,-0.004405,0.052610,-4.962087,0.060913,-0.093921,192.021912,0.000048,0.003385,0.000000,0.000000,0.000000,0.000000
-2.850000,1.302752,0.000000,-0.003038,-0.041254,0.000000,-0.004453,0.039129,1.311770,0.057528,-0.069855,-50.762638,0.000131,-0.001156,0.000000,0.000000,0.000000,0.000000
0.620000,5.022834,0.000000,-0.002634,0.008975,0.000000,-0.004584,-0.012140,5.097347,0.058684,0.029513,-144.846054,0.000063,-0.002661,0.000000,0.000000,0.000000,0.000000
-3.130000,-5.428135,0.000000,-0.002088,-0.045307,0.000000,-0.004648,0.046452,-5.565222,0.061345,-0.141519,126.198784,0.000020,0.002012,0.000000,0.000000,0.000000,0.000000
-1.670000,2.113354,0.000000,-0.001727,-0.024173,0.000000,-0.004668,0.024945,2.188443,0.059333,-0.090440,-41.699955,0.000109,-0.001038,0.000000,0.000000,0.000000,0.000000
6.360000,11.623446,0.000000,-0.001314,0.092061,0.000000,-0.004777,-0.107893,12.216558,0.060371,0.449293,-202.672501,-0.000061,-0.002620,0.000000,0.000000,0.000000,0.000000
-7.410000,-19.932112,0.000000,-0.000564,-0.107260,0.000000,-0.004716,0.128851,-21.297520,0.062992,-0.600430,315.743500,-0.000055,0.004359,0.000000,0.000000,0.000000,0.000000
3.880000,16.342304,0.000000,-0.000410,0.056163,0.000000,-0.004661,-0.071743,17.774353,0.058632,0.366715,-240.229294,0.000143,-0.003565,0.000000,0.000000,0.000000,0.000000
-1.070000,-7.165138,0.000000,0.000221,-0.015488,0.000000,-0.004804,0.021010,-7.959355,0.062197,-0.115961,99.626625,-0.000094,0.001579,0.000000,0.000000,0.000000,0.000000
0.480000,2.243629,0.000000,0.000642,0.006948,0.000000,-0.004710,-0.008928,2.541229,0.060618,0.052540,-29.834185,0.000024,-0.000426,0.000000,0.000000,0.000000,0.000000
0.450000,-0.043425,0.000000,0.001132,0.006514,0.000000,-0.004734,-0.008095,-0.056942,0.061044,0.050265,0.633540,-0.000023,0.000149,0.000000,0.000000,0.000000,0.000000
-6.960000,-6.687462,0.000000,-0.002724,-0.100746,0.000000,-0.003896,0.100483,-6.741872,0.052197,-0.179386,260.895721,0.000144,0.004455,0.000000,0.000000,0.000000,0.000000
-2.340000,6.687462,0.000000,-0.002873,-0.033872,0.000000,-0.004040,0.031739,6.739548,0.047742,-0.056661,-260.805817,0.000213,-0.005100,0.000000,0.000000,0.000000,0.000000
-10.590000,-11.941896,0.000000,-0.002503,-0.153291,0.000000,-0.004253,0.157684,-12.125039,0.052842,-0.383358,344.544739,0.000197,0.005496,0.000000,0.000000,0.000000,0.000000
1.410000,17.370031,0.000000,-0.002539,0.020410,0.000000,-0.004450,-0.024665,17.799295,0.047346,0.075143,-403.622681,0.000270,-0.007449,0.000000,0.000000,0.000000,0.000000
1.560000,0.217125,0.000000,-0.002049,0.022581,0.000000,-0.004720,-0.027372,0.222680,0.054795,0.099239,-4.243085,-0.000070,0.000202,0.000000,0.000000,0.000000,0.000000
-1.270000,-4.096432,0.000000,-0.001570,-0.018383,0.000000,-0.004649,0.019427,-4.309446,0.054593,-0.080900,71.493629,-0.000029,0.001135,0.000000,0.000000,0.000000,0.000000
-8.970000,-11.145771,0.000000,-0.001225,-0.129841,0.000000,-0.004621,0.155322,-11.910174,0.053459,-0.723782,176.572662,0.000195,0.001383,0.000000,0.000000,0.000000,0.000000
1.820000,15.618552,0.000000,-0.001220,0.026345,0.000000,-0.004815,-0.034956,16.987869,0.052075,0.178680,-229.599609,0.000227,-0.003867,0.000000,0.000000,0.000000,0.000000
5.580000,5.442610,0.000000,-0.000766,0.080771,0.000000,-0.005042,-0.109050,6.038003,0.055942,0.601878,-75.577209,-0.000181,0.000204,0.000000,0.000000,0.000000,0.000000
-0.480000,-8.771865,0.000000,-0.000160,-0.006948,0.000000,-0.004861,0.009611,-9.961988,0.055738,-0.056556,116.954346,-0.000162,0.002061,0.000000,0.000000,0.000000,0.000000
-6.410000,-12.028746,0.000000,-0.001380,-0.092785,0.000000,-0.002262,0.093680,-12.125350,0.038764,-0.167241,469.224548,0.000024,0.008429,0.000000,0.000000,0.000000,0.000000
-4.470000,2.808155,0.000000,-0.001539,-0.064703,0.000000,-0.002287,0.064674,2.829777,0.030336,-0.115458,-109.506187,0.000228,-0.002401,0.000000,0.000000,0.000000,0.000000
-0.910000,5.153109,0.000000,-0.001425,-0.013172,0.000000,-0.002515,0.012284,5.230408,0.032737,-0.029865,-148.627090,0.000132,-0.002891,0.000000,0.000000,0.000000,0.000000
9.800000,15.502752,0.000000,-0.001156,0.141855,0.000000,-0.002647,-0.153709,15.886003,0.035628,0.468282,-360.236206,-0.000115,-0.005549,0.000000,0.000000,0.000000,0.000000
-0.900000,-15.488277,0.000000,-0.000412,-0.013028,0.000000,-0.002532,0.014020,-16.060808,0.041177,-0.050830,306.032623,-0.000266,0.005667,0.000000,0.000000,0.000000,0.000000
2.330000,4.675433,0.000000,-0.000145,0.033727,0.000000,-0.002266,-0.039138,4.913220,0.035509,0.162979,-81.510239,-0.000012,-0.001113,0.000000,0.000000,0.000000,0.000000
-0.920000,-4.704383,0.000000,0.000262,-0.013317,0.000000,-0.002253,0.016399,-5.028265,0.036622,-0.076416,74.545853,-0.000051,0.001207,0.000000,0.000000,0.000000,0.000000
0.260000,1.708053,0.000000,0.000530,0.003764,0.000000,-0.002202,-0.004101,1.855285,0.035415,0.020961,-25.075113,0.000024,-0.000420,0.000000,0.000000,0.000000,0.000000
2.620000,3.416106,0.000000,0.000851,0.037925,0.000000,-0.002227,-0.049583,3.788967,0.035836,0.273665,-47.426201,-0.000062,-0.000157,0.000000,0.000000,0.000000,0.000000
5.220000,3.763507,0.000000,0.001277,0.075560,0.000000,-0.002164,-0.105182,4.268161,0.035993,0.618943,-50.108463,-0.000204,0.000726,0.000000,0.000000,0.000000,0.000000
1.230000,-5.775535,0.000000,0.001819,0.017804,0.000000,-0.001961,-0.024046,-6.721814,0.035267,0.149309,74.787605,-0.000192,0.001819,0.000000,0.000000,0.000000,0.000000
-7.610000,-10.335169,0.000000,-0.001382,-0.110155,0.000000,-0.002282,0.111466,-10.418324,0.039532,-0.198992,403.166382,0.000105,0.007092,0.000000,0.000000,0.000000,0.000000
0.300000,11.449745,0.000000,-0.001586,0.004343,0.000000,-0.002387,-0.006070,11.540040,0.032440,0.010836,-446.574371,0.000202,-0.008440,0.000000,0.000000,0.000000,0.000000
-1.810000,-3.054230,0.000000,-0.001203,-0.026200,0.000000,-0.002589,0.026140,-3.101983,0.040879,-0.063552,88.145851,0.000012,0.001513,0.000000,0.000000,0.000000,0.000000
2.020000,5.543935,0.000000,-0.000929,0.029240,0.000000,-0.002600,-0.032425,5.679889,0.039367,0.098785,-128.799026,0.000020,-0.002174,0.000000,0.000000,0.000000,0.000000
0.570000,-2.098879,0.000000,-0.000489,0.008251,0.000000,-0.002620,-0.009712,-2.178260,0.041541,0.035214,41.505924,-0.000068,0.000885,0.000000,0.000000,0.000000,0.000000
3.030000,3.560856,0.000000,-0.000118,0.043859,0.000000,-0.002553,-0.050815,3.741138,0.040656,0.211604,-62.065426,-0.000066,-0.000604,0.000000,0.000000,0.000000,0.000000
-3.640000,-9.654842,0.000000,0.000359,-0.052689,0.000000,-0.002486,0.064063,-10.317193,0.041260,-0.298525,152.956131,-0.000022,0.002090,0.000000,0.000000,0.000000,0.000000
4.510000,11.797146,0.000000,0.000550,0.065282,0.000000,-0.002464,-0.082090,12.830738,0.039171,0.419604,-173.413864,0.000021,-0.002152,0.000000,0.000000,0.000000,0.000000
2.300000,-3.198981,0.000000,0.001092,0.033293,0.000000,-0.002485,-0.043067,-3.555240,0.041323,0.237697,44.500660,-0.000184,0.001490,0.000000,0.000000,0.000000,0.000000
1.560000,-1.071152,0.000000,0.001546,0.022581,0.000000,-0.002301,-0.029785,-1.220405,0.039833,0.175270,14.327624,-0.000103,0.000743,0.000000,0.000000,0.000000,0.000000
-4.190000,-8.323140,0.000000,0.001979,-0.060650,0.000000,-0.002198,0.094212,-9.685232,0.039091,-0.584981,107.758911,0.000072,0.000457,0.000000,0.000000,0.000000,0.000000
-2.620000,2.547605,0.000000,-0.001866,-0.037925,0.000000,-0.002831,0.037019,2.566847,0.042654,-0.066087,-99.331367,0.000149,-0.002060,0.000000,0.000000,0.000000,0.000000
-4.620000,-2.895005,0.000000,-0.001867,-0.066875,0.000000,-0.002979,0.066561,-2.919096,0.044715,-0.118826,112.962646,0.000124,0.001821,0.000000,0.000000,0.000000,0.000000
-7.690000,-4.443833,0.000000,-0.001667,-0.111313,0.000000,-0.003104,0.114660,-4.512736,0.042894,-0.278761,128.233765,0.000224,0.001671,0.000000,0.000000,0.000000,0.000000
2.780000,15.155352,0.000000,-0.001623,0.040241,0.000000,-0.003328,-0.044995,15.529803,0.041223,0.137081,-352.158905,0.000172,-0.006300,0.000000,0.000000,0.000000,0.000000
-1.970000,-6.875638,0.000000,-0.001118,-0.028516,0.000000,-0.003500,0.030447,-7.131135,0.047523,-0.110389,135.881088,-0.000053,0.002286,0.000000,0.000000,0.000000,0.000000
1.710000,5.326809,0.000000,-0.000832,0.024752,0.000000,-0.003447,-0.029563,5.597630,0.045237,0.123105,-92.864578,0.000026,-0.001430,0.000000,0.000000,0.000000,0.000000
-3.440000,-7.454638,0.000000,-0.000393,-0.049794,0.000000,-0.003473,0.059659,-7.966793,0.046667,-0.278003,118.110603,0.000010,0.001487,0.000000,0.000000,0.000000,0.000000
-5.920000,-3.589806,0.000000,-0.000179,-0.085692,0.000000,-0.003484,0.108444,-3.908542,0.045180,-0.554314,52.825905,0.000219,-0.000502,0.000000,0.000000,0.000000,0.000000
-1.210000,6.817738,0.000000,-0.000072,-0.017515,0.000000,-0.003703,0.023329,7.564988,0.045682,-0.128761,-94.690353,0.000206,-0.002140,0.000000,0.000000,0.000000,0.000000
-0.750000,0.665851,0.000000,0.000233,-0.010856,0.000000,-0.003909,0.015702,0.751600,0.047822,-0.092396,-8.823833,0.000056,-0.000413,0.000000,0.000000,0.000000,0.000000
-8.570000,-18.817532,0.000000,-0.001660,-0.124051,0.000000,-0.002524,0.125405,-18.968102,0.038242,-0.223877,734.024048,-0.000020,0.013294,0.000000,0.000000,0.000000,0.000000
-3.500000,7.338838,0.000000,-0.001904,-0.050663,0.000000,-0.002504,0.049924,7.396648,0.024948,-0.089125,-286.234100,0.000275,-0.005685,0.000000,0.000000,0.000000,0.000000
-3.100000,0.579001,0.000000,-0.001779,-0.044873,0.000000,-0.002779,0.045064,0.586882,0.030634,-0.109560,-16.676832,0.000133,-0.000602,0.000000,0.000000,0.000000,0.000000
-1.640000,2.113353,0.000000,-0.001649,-0.023739,0.000000,-0.002912,0.023742,2.164651,0.031235,-0.072331,-49.086330,0.000105,-0.001124,0.000000,0.000000,0.000000,0.000000
-0.810000,1.201427,0.000000,-0.001465,-0.011725,0.000000,-0.003017,0.011401,1.244289,0.032359,-0.041336,-23.709457,0.000054,-0.000559,0.000000,0.000000,0.000000,0.000000
3.200000,5.804485,0.000000,-0.001256,0.046320,0.000000,-0.003071,-0.054973,6.100679,0.032918,0.228920,-101.210167,-0.000033,-0.001296,0.000000,0.000000,0.000000,0.000000
-1.590000,-6.933537,0.000000,-0.000882,-0.023015,0.000000,-0.003038,0.026730,-7.409075,0.034214,-0.124557,109.842232,-0.000068,0.001745,0.000000,0.000000,0.000000,0.000000
8.600000,14.750051,0.000000,-0.000720,0.124485,0.000000,-0.002970,-0.158780,16.044254,0.032469,0.811602,-216.846176,-0.000126,-0.001914,0.000000,0.000000,0.000000,0.000000
-5.250000,-20.047911,0.000000,-0.000130,-0.075994,0.000000,-0.002844,0.101463,-22.258518,0.034383,-0.560002,278.608124,-0.000147,0.003764,0.000000,0.000000,0.000000,0.000000
-0.380000,7.049337,0.000000,-0.000127,-0.005501,0.000000,-0.002698,0.007609,7.999515,0.030618,-0.044775,-93.914787,0.000172,-0.001906,0.000000,0.000000,0.000000,0.000000
-1.080000,-5.095209,0.000000,-0.000263,-0.015633,0.000000,-0.000801,0.015795,-5.136320,0.023186,-0.028197,198.764389,-0.000055,0.003691,0.000000,0.000000,0.000000,0.000000
-4.410000,-4.820183,0.000000,-0.000249,-0.063835,0.000000,-0.000747,0.065106,-4.859010,0.019495,-0.116229,188.033081,0.000084,0.003239,0.000000,0.000000,0.000000,0.000000
-6.430000,-2.923955,0.000000,-0.000271,-0.093074,0.000000,-0.000831,0.097048,-2.968945,0.016256,-0.235942,84.365440,0.000206,0.000953,0.000000,0.000000,0.000000,0.000000
-4.700000,2.504179,0.000000,-0.000389,-0.068033,0.000000,-0.001037,0.072703,2.565695,0.015303,-0.221494,-58.180531,0.000245,-0.001703,0.000000,0.000000,0.000000,0.000000
-1.610000,4.472783,0.000000,-0.000433,-0.023305,0.000000,-0.001282,0.025418,4.636721,0.017005,-0.092155,-88.350967,0.000156,-0.001919,0.000000,0.000000,0.000000,0.000000
2.540000,6.007135,0.000000,-0.000343,0.036767,0.000000,-0.001438,-0.042880,6.314306,0.018924,0.178561,-104.754234,0.000003,-0.001497,0.000000,0.000000,0.000000,0.000000
2.570000,0.043425,0.000000,-0.000077,0.037201,0.000000,-0.001441,-0.045018,0.045043,0.020421,0.209780,-0.667772,-0.000121,0.000558,0.000000,0.000000,0.000000,0.000000
0.040000,-3.662181,0.000000,0.000190,0.000579,0.000000,-0.001320,-0.000494,-3.985581,0.019864,0.002525,53.867126,-0.000077,0.001026,0.000000,0.000000,0.000000,0.000000
3.420000,4.892559,0.000000,0.000350,0.049505,0.000000,-0.001244,-0.065742,5.429680,0.018838,0.362848,-67.962868,-0.000075,-0.000307,0.000000,0.000000,0.000000,0.000000
-2.890000,-7.280938,0.000000,0.000396,-0.041833,0.000000,-0.000093,0.043292,-7.339394,0.020552,-0.077286,284.018524,-0.000022,0.005169,0.000000,0.000000,0.000000,0.000000
-7.030000,-5.992661,0.000000,0.000334,-0.101759,0.000000,-0.000071,0.104533,-6.040733,0.015383,-0.186615,233.763199,0.000168,0.003912,0.000000,0.000000,0.000000,0.000000
-0.530000,9.408767,0.000000,0.000171,-0.007672,0.000000,-0.000240,0.008202,9.551353,0.011471,-0.019940,-271.410919,0.000203,-0.005200,0.000000,0.000000,0.000000,0.000000
-1.790000,-1.823853,0.000000,0.000315,-0.025910,0.000000,-0.000443,0.028186,-1.869887,0.016671,-0.085872,42.402180,0.000040,0.000580,0.000000,0.000000,0.000000,0.000000
0.870000,3.850357,0.000000,0.000402,0.012593,0.000000,-0.000483,-0.013549,3.991242,0.016091,0.049122,-76.051613,0.000039,-0.001308,0.000000,0.000000,0.000000,0.000000
1.370000,0.723751,0.000000,0.000609,0.019831,0.000000,-0.000522,-0.022211,0.759660,0.017399,0.092490,-12.602742,-0.000046,0.000014,0.000000,0.000000,0.000000,0.000000
-3.140000,-6.528237,0.000000,0.000841,-0.045452,0.000000,-0.000476,0.055905,-6.975611,0.017385,-0.260512,103.415970,0.000019,0.001253,0.000000,0.000000,0.000000,0.000000
2.270000,7.830989,0.000000,0.000886,0.032858,0.000000,-0.000495,-0.040547,8.517571,0.016132,0.207254,-115.119270,0.000052,-0.001621,0.000000,0.000000,0.000000,0.000000
3.760000,2.156779,0.000000,0.001166,0.054426,0.000000,-0.000547,-0.071233,2.392206,0.017753,0.393154,-29.943052,-0.000147,0.000500,0.000000,0.000000,0.000000,0.000000
3.140000,-0.897451,0.000000,0.001515,0.045452,0.000000,-0.000399,-0.062212,-1.021284,0.017254,0.366086,11.989939,-0.000187,0.001216,0.000000,0.000000,0.000000,0.000000
8.820000,8.221814,0.000000,0.001849,0.127670,0.000000,-0.000212,-0.189268,9.559217,0.016038,1.175210,-106.356850,-0.000331,0.001163,0.000000,0.000000,0.000000,0.000000
-2.330000,-2.923955,0.000000,-0.000394,-0.033727,0.000000,-0.001080,0.034202,-2.947958,0.029585,-0.061059,114.079559,0.000037,0.001993,0.000000,0.000000,0.000000,0.000000
-2.030000,0.434251,0.000000,-0.000414,-0.029384,0.000000,-0.001117,0.029663,0.437011,0.027592,-0.052955,-16.911366,0.000088,-0.000467,0.000000,0.000000,0.000000,0.000000
-2.460000,-0.622426,0.000000,-0.000228,-0.035609,0.000000,-0.001205,0.036999,-0.632854,0.028059,-0.089951,17.983150,0.000088,0.000098,0.000000,0.000000,0.000000,0.000000
4.120000,9.524567,0.000000,-0.000065,0.059637,0.000000,-0.001293,-0.064168,9.759667,0.027961,0.195490,-221.313400,0.000011,-0.003662,0.000000,0.000000,0.000000,0.000000
1.520000,-3.763507,0.000000,0.000395,0.022002,0.000000,-0.001304,-0.024012,-3.903866,0.031623,0.087058,74.386681,-0.000139,0.001651,0.000000,0.000000,0.000000,0.000000
-0.570000,-3.025280,0.000000,0.000741,-0.008251,0.000000,-0.001165,0.010390,-3.182522,0.029973,-0.043265,52.797981,-0.000032,0.000880,0.000000,0.000000,0.000000,0.000000
1.180000,2.533129,0.000000,0.001001,0.017081,0.000000,-0.001134,-0.019418,2.703801,0.029093,0.090488,-40.084831,-0.000001,-0.000516,0.000000,0.000000,0.000000,0.000000
1.450000,-0.434251,0.000000,-0.001567,0.020989,0.000000,-0.002492,-0.022999,-0.438688,0.040742,0.041059,16.976252,-0.000071,0.000433,0.000000,0.000000,0.000000,0.000000
-1.890000,-4.834659,0.000000,-0.001413,-0.027358,0.000000,-0.002421,0.026565,-4.874083,0.040309,-0.047425,188.616379,-0.000020,0.003442,0.000000,0.000000,0.000000,0.000000
-4.070000,-3.155556,0.000000,-0.001154,-0.058913,0.000000,-0.002401,0.060401,-3.204712,0.036866,-0.146845,91.064980,0.000103,0.001321,0.000000,0.000000,0.000000,0.000000
-3.840000,0.332926,0.000000,-0.001006,-0.055584,0.000000,-0.002504,0.058660,0.339764,0.035545,-0.178711,-7.704607,0.000165,-0.000632,0.000000,0.000000,0.000000,0.000000
-1.560000,3.300306,0.000000,-0.000856,-0.022581,0.000000,-0.002669,0.024143,3.420144,0.036177,-0.087533,-65.169540,0.000130,-0.001470,0.000000,0.000000,0.000000,0.000000
-1.910000,-0.506626,0.000000,-0.000612,-0.027647,0.000000,-0.002799,0.031239,-0.534712,0.037647,-0.130087,8.870856,0.000074,-0.000181,0.000000,0.000000,0.000000,0.000000
-3.880000,-2.851580,0.000000,-0.000388,-0.056163,0.000000,-0.002873,0.067357,-3.048749,0.037828,-0.313874,45.198811,0.000124,0.000007,0.000000,0.000000,0.000000,0.000000
0.420000,6.224261,0.000000,-0.000252,0.006080,0.000000,-0.002997,-0.008029,6.768582,0.037821,0.041042,-91.480789,0.000106,-0.001621,0.000000,0.000000,0.000000,0.000000
4.950000,6.557186,0.000000,0.000064,0.071651,0.000000,-0.003103,-0.095744,7.276160,0.039442,0.528437,-91.075111,-0.000121,-0.000292,0.000000,0.000000,0.000000,0.000000
5.310000,0.521101,0.000000,0.000570,0.076862,0.000000,-0.002982,-0.108027,0.587737,0.039734,0.635685,-6.900065,-0.000281,0.001589,0.000000,0.000000,0.000000,0.000000
-4.520000,-7.903365,0.000000,-0.000859,-0.065427,0.000000,-0.001686,0.066198,-7.967113,0.036010,-0.118179,308.309875,0.000029,0.005515,0.000000,0.000000,0.000000,0.000000
0.220000,6.861162,0.000000,-0.000949,0.003185,0.000000,-0.001715,-0.004233,6.914985,0.030495,0.007556,-267.594849,0.000119,-0.005057,0.000000,0.000000,0.000000,0.000000
-3.180000,-4.921509,0.000000,-0.000610,-0.046031,0.000000,-0.001835,0.047498,-4.997509,0.035551,-0.115476,142.009033,0.000034,0.002386,0.000000,0.000000,0.000000,0.000000
9.290000,18.050356,0.000000,-0.000436,0.134473,0.000000,-0.001868,-0.145001,18.496822,0.033165,0.441751,-419.440002,-0.000042,-0.006752,0.000000,0.000000,0.000000,0.000000
0.630000,-12.535373,0.000000,0.000299,0.009119,0.000000,-0.001826,-0.009802,-12.999228,0.039917,0.035540,247.695358,-0.000273,0.004799,0.000000,0.000000,0.000000,0.000000
1.550000,1.331702,0.000000,0.000651,0.022436,0.000000,-0.001554,-0.025173,1.397723,0.035118,0.104825,-23.188204,-0.000041,-0.000164,0.000000,0.000000,0.000000,0.000000
-4.340000,-8.525790,0.000000,0.001047,-0.062822,0.000000,-0.001513,0.077131,-9.110884,0.035283,-0.359422,135.072159,0.000036,0.001586,0.000000,0.000000,0.000000,0.000000
-0.150000,6.065036,0.000000,0.001198,-0.002171,0.000000,-0.001549,0.004272,6.594974,0.033697,-0.021838,-89.134392,0.000136,-0.001750,0.000000,0.000000,0.000000,0.000000
-2.980000,-4.096432,0.000000,0.001534,-0.043136,0.000000,-0.001685,0.059742,-4.551321,0.035447,-0.329736,56.968525,0.000075,0.000190,0.000000,0.000000,0.000000,0.000000
-0.760000,-13.953924,0.000000,-0.002043,-0.011001,0.000000,-0.003013,0.009271,-14.065919,0.043049,-0.016551,544.320313,-0.000241,0.010262,0.000000,0.000000,0.000000,0.000000
-4.050000,-4.762283,0.000000,-0.001971,-0.058624,0.000000,-0.002772,0.058007,-4.800911,0.032787,-0.103556,185.784790,0.000066,0.003219,0.000000,0.000000,0.000000,0.000000
-9.970000,-8.569215,0.000000,-0.001880,-0.144316,0.000000,-0.002839,0.148950,-8.700332,0.029568,-0.362126,247.228348,0.000238,0.003696,0.000000,0.000000,0.000000,0.000000
-1.060000,12.897249,0.000000,-0.002080,-0.015344,0.000000,-0.003077,0.014255,13.216416,0.025873,-0.043429,-299.699738,0.000288,-0.005799,0.000000,0.000000,0.000000,0.000000
-1.920000,-1.244852,0.000000,-0.001892,-0.027792,0.000000,-0.003365,0.028782,-1.291964,0.031672,-0.104353,24.617884,0.000053,0.000195,0.000000,0.000000,0.000000,0.000000
-4.430000,-3.633231,0.000000,-0.001757,-0.064124,0.000000,-0.003418,0.072064,-3.821032,0.031477,-0.300092,63.390854,0.000122,0.000388,0.000000,0.000000,0.000000,0.000000
0.830000,7.613863,0.000000,-0.001743,0.012014,0.000000,-0.003540,-0.016614,8.132459,0.031089,0.077419,-120.566650,0.000109,-0.002074,0.000000,0.000000,0.000000,0.000000
7.720000,9.973292,0.000000,-0.001516,0.111747,0.000000,-0.003649,-0.143635,10.848037,0.033163,0.734193,-146.616669,-0.000183,-0.000786,0.000000,0.000000,0.000000,0.000000
4.840000,-4.168807,0.000000,-0.001008,0.070059,0.000000,-0.003466,-0.095047,-4.630048,0.033950,0.524594,57.953945,-0.000344,0.002518,0.000000,0.000000,0.000000,0.000000
6.020000,1.708053,0.000000,-0.000629,0.087140,0.000000,-0.003121,-0.124277,1.936660,0.031432,0.731307,-22.736500,-0.000299,0.001543,0.000000,0.000000,0.000000,0.000000
-5.750000,-29.427725,0.000000,0.000898,-0.083231,0.000000,0.000439,0.086191,-29.662292,0.018851,-0.153871,1147.865845,-0.000328,0.021316,0.000000,0.000000,0.000000,0.000000
5.550000,16.356779,0.000000,0.000720,0.080336,0.000000,0.000767,-0.081519,16.486893,-0.002465,0.145530,-638.006714,0.000092,-0.011726,0.000000,0.000000,0.000000,0.000000
3.990000,-2.258104,0.000000,0.001046,0.057755,0.000000,0.000675,-0.059303,-2.292845,0.009261,0.144176,65.153404,-0.000204,0.001645,0.000000,0.000000,0.000000,0.000000
-5.860000,-14.257901,0.000000,0.001305,-0.084824,0.000000,0.000879,0.092572,-14.612193,0.007616,-0.282024,331.350861,-0.000026,0.005508,0.000000,0.000000,0.000000,0.000000
-5.520000,0.492151,0.000000,0.001128,-0.079902,0.000000,0.000905,0.090049,0.509928,0.002108,-0.326482,-9.716490,0.000253,-0.001077,0.000000,0.000000,0.000000,0.000000
-4.220000,1.881754,0.000000,0.000974,-0.061085,0.000000,0.000651,0.071708,1.977827,0.003185,-0.298608,-32.812119,0.000231,-0.001427,0.000000,0.000000,0.000000,0.000000
0.400000,6.687462,0.000000,0.000883,0.005790,0.000000,0.000420,-0.005926,7.143573,0.004612,0.027612,-105.906067,0.000119,-0.001928,0.000000,0.000000,0.000000,0.000000
1.520000,1.621203,0.000000,0.000996,0.022002,0.000000,0.000302,-0.026639,1.762715,0.006540,0.136165,-23.823984,-0.000039,-0.000079,0.000000,0.000000,0.000000,0.000000
4.370000,4.125382,0.000000,0.001163,0.063256,0.000000,0.000340,-0.083046,4.578509,0.006619,0.458354,-57.308838,-0.000138,0.000155,0.000000,0.000000,0.000000,0.000000
9.440000,7.338837,0.000000,0.001457,0.136644,0.000000,0.000478,-0.191420,8.329074,0.006464,1.126413,-97.783821,-0.000360,0.001195,0.000000,0.000000,0.000000,0.000000
-3.890000,-6.817738,0.000000,0.000598,-0.056308,0.000000,0.000094,0.058322,-6.872533,0.021040,-0.104117,265.951996,0.000028,0.004752,0.000000,0.000000,0.000000,0.000000
-5.100000,-1.751477,0.000000,0.000498,-0.073823,0.000000,0.000065,0.076096,-1.765851,0.016288,-0.135850,68.334587,0.000172,0.000918,0.000000,0.000000,0.000000,0.000000
-1.750000,4.849133,0.000000,0.000454,-0.025331,0.000000,-0.000107,0.026964,4.922255,0.015371,-0.065555,-139.870621,0.000166,-0.002827,0.000000,0.000000,0.000000,0.000000
-1.340000,0.593476,0.000000,0.000569,-0.019397,0.000000,-0.000273,0.021459,0.607317,0.018198,-0.065377,-13.771710,0.000069,-0.000432,0.000000,0.000000,0.000000,0.000000
8.460000,14.185524,0.000000,0.000706,0.122459,0.000000,-0.000342,-0.135303,14.706872,0.018630,0.490556,-280.233887,-0.000088,-0.003978,0.000000,0.000000,0.000000,0.000000
-0.340000,-12.738023,0.000000,0.001281,-0.004922,0.000000,-0.000254,0.007166,-13.393314,0.022609,-0.029843,222.194855,-0.000234,0.004134,0.000000,0.000000,0.000000,0.000000
3.270000,5.225484,0.000000,0.001480,0.047333,0.000000,-0.000020,-0.055374,5.580579,0.018475,0.258037,-82.734123,-0.000044,-0.000876,0.000000,0.000000,0.000000,0.000000
-5.180000,-12.231397,0.000000,0.001845,-0.074981,0.000000,0.000023,0.097427,-13.308630,0.019351,-0.498000,179.872818,0.000012,0.002060,0.000000,0.000000,0.000000,0.000000
-1.600000,5.182059,0.000000,0.001863,-0.023160,0.000000,0.000012,0.033467,5.750295,0.017291,-0.184713,-71.975983,0.000199,-0.001866,0.000000,0.000000,0.000000,0.000000
0.460000,4.458308,0.000000,-0.001117,0.006659,0.000000,-0.001883,-0.007881,4.492945,0.033587,0.014070,-173.867187,0.000063,-0.003251,0.000000,0.000000,0.000000,0.000000
-1.340000,-2.605505,0.000000,-0.001018,-0.019397,0.000000,-0.001946,0.018818,-2.627130,0.036838,-0.033594,101.664177,0.000001,0.001840,0.000000,0.000000,0.000000,0.000000
-10.510000,-13.273599,0.000000,-0.000748,-0.152133,0.000000,-0.001947,0.158308,-13.476512,0.034998,-0.384876,382.948120,0.000173,0.006207,0.000000,0.000000,0.000000,0.000000
-0.750000,14.127625,0.000000,-0.000914,-0.010856,0.000000,-0.002120,0.010686,14.477023,0.028791,-0.032555,-328.285706,0.000303,-0.006316,0.000000,0.000000,0.000000,0.000000
3.720000,6.470336,0.000000,-0.000645,0.053847,0.000000,-0.002423,-0.060557,6.706943,0.035107,0.219556,-127.798248,-0.000037,-0.001814,0.000000,0.000000,0.000000,0.000000
-1.680000,-7.816514,0.000000,-0.000185,-0.024318,0.000000,-0.002385,0.027885,-8.219732,0.036921,-0.116121,136.365219,-0.000080,0.002271,0.000000,0.000000,0.000000,0.000000
-1.410000,0.390826,0.000000,0.000039,-0.020410,0.000000,-0.002305,0.024694,0.415167,0.034650,-0.115072,-6.155008,0.000075,-0.000432,0.000000,0.000000,0.000000,0.000000
0.120000,2.214679,0.000000,0.000273,0.001737,0.000000,-0.002380,-0.001856,2.406582,0.035082,0.009487,-32.526165,0.000040,-0.000589,0.000000,0.000000,0.000000,0.000000
-1.740000,-2.692355,0.000000,0.000574,-0.025187,0.000000,-0.002421,0.034453,-2.992060,0.035671,-0.190158,37.451382,0.000036,0.000196,0.000000,0.000000,0.000000,0.000000
3.790000,8.004689,0.000000,0.000800,0.054860,0.000000,-0.002457,-0.076548,9.082909,0.035475,0.450446,-106.633888,-0.000035,-0.000801,0.000000,0.000000,0.000000,0.000000
-2.210000,-4.791234,0.000000,-0.001020,-0.031990,0.000000,-0.001850,0.031796,-4.830229,0.036194,-0.056763,186.919312,-0.000005,0.003387,0.000000,0.000000,0.000000,0.000000
-0.230000,2.866055,0.000000,-0.001020,-0.003329,0.000000,-0.001844,0.002364,2.888049,0.032807,-0.004221,-111.761185,0.000061,-0.002134,0.000000,0.000000,0.000000,0.000000
-7.800000,-10.957595,0.000000,-0.000706,-0.112905,0.000000,-0.001905,0.117330,-11.125308,0.034941,-0.285251,316.136383,0.000107,0.005218,0.000000,0.000000,0.000000,0.000000
1.680000,13.722324,0.000000,-0.000754,0.024318,0.000000,-0.002012,-0.026947,14.061601,0.029723,0.082095,-318.865448,0.000193,-0.005825,0.000000,0.000000,0.000000,0.000000
-5.760000,-10.769419,0.000000,-0.000377,-0.083376,0.000000,-0.002205,0.092237,-11.167859,0.035548,-0.334414,212.799316,0.000038,0.003136,0.000000,0.000000,0.000000,0.000000
-3.620000,3.097656,0.000000,-0.000334,-0.052400,0.000000,-0.002243,0.060161,3.254732,0.032412,-0.250523,-53.995945,0.000224,-0.001706,0.000000,0.000000,0.000000,0.000000
4.430000,11.652395,0.000000,-0.000200,0.064124,0.000000,-0.002467,-0.077681,12.446034,0.034118,0.361984,-184.516998,0.000025,-0.002512,0.000000,0.000000,0.000000,0.000000
-4.340000,-12.694597,0.000000,0.000277,-0.062822,0.000000,-0.002492,0.080018,-13.813064,0.036630,-0.409014,186.690506,-0.000045,0.002433,0.000000,0.000000,0.000000,0.000000
0.000000,6.282161,0.000000,0.000381,0.000000,0.000000,-0.002447,0.000510,6.971078,0.034196,-0.002815,-87.256432,0.000133,-0.001664,0.000000,0.000000,0.000000,0.000000
0.680000,0.984302,0.000000,0.000671,0.009843,0.000000,-0.002580,-0.012987,1.113796,0.035861,0.076420,-13.076031,-0.000014,-0.000038,0.000000,0.000000,0.000000,0.000000
1.700000,1.476453,0.000000,0.000993,0.024608,0.000000,-0.002566,-0.035522,1.713097,0.035899,0.220565,-19.060101,-0.000064,0.000236,0.000000,0.000000,0.000000,0.000000
-2.820000,-4.342508,0.000000,-0.000756,-0.040820,0.000000,-0.001538,0.041103,-4.377889,0.033969,-0.073378,169.414764,0.000028,0.003009,0.000000,0.000000,0.000000,0.000000
-4.090000,-1.838328,0.000000,-0.000785,-0.059203,0.000000,-0.001566,0.059814,-1.853711,0.030960,-0.106782,71.734581,0.000127,0.001064,0.000000,0.000000,0.000000,0.000000
-2.680000,2.040979,0.000000,-0.000670,-0.038793,0.000000,-0.001693,0.039867,2.071007,0.029896,-0.096923,-58.849689,0.000147,-0.001378,0.000000,0.000000,0.000000,0.000000
-1.570000,1.606728,0.000000,-0.000495,-0.022726,0.000000,-0.001840,0.023894,1.645286,0.031275,-0.072793,-37.309052,0.000096,-0.000901,0.000000,0.000000,0.000000,0.000000
10.670000,17.717432,0.000000,-0.000274,0.154449,0.000000,-0.001935,-0.171943,18.368362,0.032175,0.623398,-350.002197,-0.000117,-0.004939,0.000000,0.000000,0.000000,0.000000
7.690000,-4.313557,0.000000,0.000485,0.111313,0.000000,-0.001818,-0.128060,-4.537253,0.037115,0.533270,75.272957,-0.000432,0.002877,0.000000,0.000000,0.000000,0.000000
5.600000,-3.025280,0.000000,0.001116,0.081060,0.000000,-0.001386,-0.096545,-3.234642,0.034238,0.449887,47.954739,-0.000322,0.002120,0.000000,0.000000,0.000000,0.000000
-3.740000,-13.519673,0.000000,0.001664,-0.054137,0.000000,-0.001064,0.070764,-14.710981,0.032118,-0.361711,198.826294,-0.000087,0.002782,0.000000,0.000000,0.000000,0.000000
-5.120000,-1.997553,0.000000,0.001827,-0.074112,0.000000,-0.000978,0.101564,-2.220971,0.029336,-0.560561,27.799715,0.000233,-0.000995,0.000000,0.000000,0.000000,0.000000
6.650000,17.037104,0.000000,0.001944,0.096259,0.000000,-0.001210,-0.133546,19.335649,0.030331,0.785851,-227.001709,0.000004,-0.002171,0.000000,0.000000,0.000000,0.000000
6.260000,-0.564526,0.000000,0.002567,0.090614,0.000000,-0.001215,-0.132446,-0.661636,0.032501,0.822390,7.361431,-0.000371,0.002368,0.000000,0.000000,0.000000,0.000000
-8.370000,-13.765750,0.000000,-0.001958,-0.121156,0.000000,-0.002988,0.122152,-13.876317,0.045554,-0.218070,536.983154,0.000068,0.009574,0.000000,0.000000,0.000000,0.000000
-6.910000,2.113354,0.000000,-0.002178,-0.100022,0.000000,-0.003057,0.100183,2.129334,0.035980,-0.178850,-82.400581,0.000311,-0.002062,0.000000,0.000000,0.000000,0.000000
-2.280000,6.701937,0.000000,-0.002122,-0.033003,0.000000,-0.003368,0.032294,6.802651,0.038042,-0.078512,-193.303925,0.000216,-0.003869,0.000000,0.000000,0.000000,0.000000
-2.620000,-0.492151,0.000000,-0.001865,-0.037925,0.000000,-0.003583,0.038757,-0.505941,0.041911,-0.118075,11.472884,0.000095,-0.000095,0.000000,0.000000,0.000000,0.000000
3.600000,9.003466,0.000000,-0.001638,0.052110,0.000000,-0.003678,-0.059730,9.333220,0.042006,0.216557,-177.840942,0.000015,-0.002781,0.000000,0.000000,0.000000,0.000000
4.630000,1.490928,0.000000,-0.001148,0.067019,0.000000,-0.003693,-0.078766,1.565057,0.044787,0.327999,-25.964266,-0.000183,0.000401,0.000000,0.000000,0.000000,0.000000
-1.810000,-9.321917,0.000000,-0.000623,-0.026200,0.000000,-0.003510,0.030888,-9.961366,0.044387,-0.143933,147.680878,-0.000105,0.002406,0.000000,0.000000,0.000000,0.000000
-0.290000,2.200204,0.000000,-0.000379,-0.004198,0.000000,-0.003405,0.004843,2.390637,0.041980,-0.024753,-32.310665,0.000059,-0.000683,0.000000,0.000000,0.000000,0.000000
3.200000,5.051784,0.000000,-0.000074,0.046320,0.000000,-0.003464,-0.062049,5.604787,0.042664,0.342465,-70.154678,-0.000062,-0.000401,0.000000,0.000000,0.000000,0.000000
-0.280000,-5.037309,0.000000,0.000377,-0.004053,0.000000,-0.003402,0.006273,-5.722021,0.043064,-0.036913,67.176880,-0.000091,0.001173,0.000000,0.000000,0.000000,0.000000
8.490000,0.448725,0.000000,-0.001259,0.122893,0.000000,-0.002055,-0.127037,0.451445,0.034981,0.226790,-17.469952,-0.000335,0.000281,0.000000,0.000000,0.000000,0.000000
-4.510000,-18.817533,0.000000,-0.000843,-0.065282,0.000000,-0.001720,0.065979,-18.968044,0.034701,-0.117787,734.021973,-0.000180,0.013580,0.000000,0.000000,0.000000,0.000000
-1.820000,3.893782,0.000000,-0.000834,-0.026345,0.000000,-0.001540,0.026678,3.952296,0.021121,-0.064858,-112.308304,0.000147,-0.002327,0.000000,0.000000,0.000000,0.000000
1.690000,5.080734,0.000000,-0.000703,0.024463,0.000000,-0.001688,-0.027048,5.205865,0.023448,0.082403,-118.049889,0.000025,-0.002008,0.000000,0.000000,0.000000,0.000000
4.830000,4.545158,0.000000,-0.000419,0.069914,0.000000,-0.001713,-0.078161,4.711316,0.025457,0.283382,-89.772331,-0.000122,-0.000930,0.000000,0.000000,0.000000,0.000000
-0.070000,-7.092762,0.000000,-0.000000,-0.001013,0.000000,-0.001591,0.001171,-7.458265,0.026386,-0.004875,123.732491,-0.000138,0.002331,0.000000,0.000000,0.000000,0.000000
0.000000,0.101325,0.000000,0.000205,0.000000,0.000000,-0.001453,0.000248,0.106545,0.024055,-0.001154,-1.579574,0.000003,-0.000037,0.000000,0.000000,0.000000,0.000000
-2.760000,-3.995107,0.000000,0.000414,-0.039951,0.000000,-0.001456,0.051190,-4.348186,0.024092,-0.261657,58.767914,0.000056,0.000405,0.000000,0.000000,0.000000,0.000000
-4.080000,-1.910704,0.000000,0.000509,-0.059058,0.000000,-0.001512,0.079667,-2.123328,0.023687,-0.439706,26.577526,0.000175,-0.000687,0.000000,0.000000,0.000000,0.000000
-0.140000,5.703160,0.000000,0.000551,-0.002027,0.000000,-0.001687,0.003650,6.471457,0.024374,-0.021476,-75.975296,0.000132,-0.001495,0.000000,0.000000,0.000000,0.000000
0.540000,0.984302,0.000000,0.000761,0.007817,0.000000,-0.001819,-0.010613,1.141808,0.025869,0.065900,-12.703875,-0.000007,-0.000060,0.000000,0.000000,0.000000,0.000000
-5.750000,-7.816514,0.000000,-0.000447,-0.083231,0.000000,-0.001020,0.084823,-7.879301,0.024799,-0.151428,304.911713,0.000080,0.005364,0.000000,0.000000,0.000000,0.000000
0.880000,9.596942,0.000000,-0.000613,0.012738,0.000000,-0.001101,-0.013670,9.672792,0.019435,0.024404,-374.315948,0.000146,-0.007032,0.000000,0.000000,0.000000,0.000000
-3.360000,-6.137411,0.000000,-0.000330,-0.048636,0.000000,-0.001247,0.050516,-6.231596,0.026466,-0.122813,177.076828,0.000018,0.003034,0.000000,0.000000,0.000000,0.000000
-0.950000,3.488481,0.000000,-0.000249,-0.013751,0.000000,-0.001265,0.014512,3.574040,0.023432,-0.044213,-81.046097,0.000107,-0.001660,0.000000,0.000000,0.000000,0.000000
-1.290000,-0.492151,0.000000,-0.000061,-0.018673,0.000000,-0.001372,0.020683,-0.511582,0.025092,-0.074989,9.747992,0.000046,-0.000015,0.000000,0.000000,0.000000,0.000000
4.050000,7.729664,0.000000,0.000110,0.058624,0.000000,-0.001418,-0.067611,8.124708,0.025107,0.281548,-134.788788,-0.000029,-0.001791,0.000000,0.000000,0.000000,0.000000
-2.760000,-9.857493,0.000000,0.000514,-0.039951,0.000000,-0.001389,0.048867,-10.532775,0.026898,-0.227716,156.152222,-0.000067,0.002344,0.000000,0.000000,0.000000,0.000000
-6.250000,-5.051784,0.000000,0.000628,-0.090469,0.000000,-0.001322,0.115525,-5.497861,0.024554,-0.590507,74.306351,0.000209,-0.000195,0.000000,0.000000,0.000000,0.000000
-2.250000,5.790010,0.000000,0.000598,-0.032569,0.000000,-0.001530,0.044359,6.425352,0.024749,-0.244827,-80.425621,0.000241,-0.002185,0.000000,0.000000,0.000000,0.000000
-0.080000,3.141081,0.000000,0.000740,-0.001158,0.000000,-0.001771,0.002688,3.562768,0.026933,-0.015817,-41.827118,0.000074,-0.000831,0.000000,0.000000,0.000000,0.000000
-4.190000,-5.949235,0.000000,0.000977,-0.060650,0.000000,-0.001846,0.092705,-6.922452,0.027764,-0.575627,77.019928,0.000120,-0.000097,0.000000,0.000000,0.000000,0.000000
1.240000,6.209786,0.000000,-0.001030,0.017949,0.000000,-0.001630,-0.019371,6.258535,0.026403,0.034582,-242.191666,0.000066,-0.004492,0.000000,0.000000,0.000000,0.000000
-5.590000,-9.886442,0.000000,-0.000919,-0.080915,0.000000,-0.001695,0.081908,-9.965822,0.030896,-0.146226,385.655579,0.000033,0.006915,0.000000,0.000000,0.000000,0.000000
-4.340000,1.809378,0.000000,-0.000925,-0.062822,0.000000,-0.001728,0.064728,1.836118,0.023980,-0.157365,-52.175072,0.000210,-0.001426,0.000000,0.000000,0.000000,0.000000
5.550000,14.315801,0.000000,-0.000879,0.080336,0.000000,-0.001938,-0.087290,14.670012,0.025407,0.265934,-332.661957,0.000041,-0.005577,0.000000,0.000000,0.000000,0.000000
2.910000,-3.821407,0.000000,-0.000393,0.042122,0.000000,-0.001979,-0.047247,-3.963699,0.030984,0.171298,75.526772,-0.000203,0.001904,0.000000,0.000000,0.000000,0.000000
-0.880000,-5.486035,0.000000,-0.000027,-0.012738,0.000000,-0.001776,0.014687,-5.769255,0.029080,-0.061161,95.711845,-0.000069,0.001643,0.000000,0.000000,0.000000,0.000000
1.060000,2.808155,0.000000,0.000173,0.015344,0.000000,-0.001707,-0.018320,2.998037,0.027437,0.085370,-44.446991,0.000007,-0.000614,0.000000,0.000000,0.000000,0.000000
0.610000,-0.651376,0.000000,0.000458,0.008830,0.000000,-0.001715,-0.010617,-0.710915,0.028050,0.054270,9.608374,-0.000042,0.000330,0.000000,0.000000,0.000000,0.000000
-2.270000,-4.168808,0.000000,0.000725,-0.032858,0.000000,-0.001672,0.044916,-4.630573,0.027721,-0.247904,57.960526,0.000034,0.000426,0.000000,0.000000,0.000000,0.000000
-0.010000,3.271356,0.000000,0.000876,-0.000145,0.000000,-0.001706,0.001445,3.710523,0.027294,-0.008505,-43.561760,0.000074,-0.000849,0.000000,0.000000,0.000000,0.000000
-0.360000,-21.336187,0.000000,-0.000632,-0.005211,0.000000,-0.001308,0.004760,-21.506603,0.029385,-0.008498,832.258606,-0.000394,0.015737,0.000000,0.000000,0.000000,0.000000
-2.760000,-3.474006,0.000000,-0.000575,-0.039951,0.000000,-0.000914,0.040317,-3.501960,0.013648,-0.071976,135.518188,0.000043,0.002342,0.000000,0.000000,0.000000,0.000000
-5.190000,-3.517431,0.000000,-0.000585,-0.075125,0.000000,-0.000957,0.077949,-3.571239,0.011306,-0.189510,101.480202,0.000143,0.001405,0.000000,0.000000,0.000000,0.000000
-4.290000,1.302752,0.000000,-0.000714,-0.062098,0.000000,-0.001100,0.065976,1.334743,0.009901,-0.200999,-30.267057,0.000203,-0.001119,0.000000,0.000000,0.000000,0.000000
2.340000,9.596942,0.000000,-0.000806,0.033872,0.000000,-0.001304,-0.038538,9.950006,0.011021,0.139722,-189.593567,0.000084,-0.003210,0.000000,0.000000,0.000000,0.000000
1.300000,-1.505403,0.000000,-0.000612,0.018818,0.000000,-0.001388,-0.022451,-1.583321,0.014231,0.093490,26.267273,-0.000091,0.000756,0.000000,0.000000,0.000000,0.000000
0.010000,-1.867278,0.000000,-0.000469,0.000145,0.000000,-0.001297,-0.000741,-1.995545,0.013474,0.003452,29.584684,-0.000040,0.000568,0.000000,0.000000,0.000000,0.000000
0.190000,0.260550,0.000000,-0.000383,0.002750,0.000000,-0.001257,-0.003974,0.282677,0.012906,0.020313,-3.820522,-0.000005,-0.000018,0.000000,0.000000,0.000000,0.000000
0.780000,0.854026,0.000000,-0.000293,0.011291,0.000000,-0.001252,-0.015493,0.947223,0.012925,0.085509,-11.856321,-0.000024,0.000007,0.000000,0.000000,0.000000,0.000000
2.800000,2.923955,0.000000,-0.000181,0.040530,0.000000,-0.001228,-0.057645,3.318146,0.012918,0.339212,-38.955242,-0.000093,0.000180,0.000000,0.000000,0.000000,0.000000
-1.470000,-25.360245,0.000000,0.000954,-0.021278,0.000000,0.000726,0.022790,-25.562210,0.008935,-0.040686,989.201660,-0.000422,0.018620,0.000000,0.000000,0.000000,0.000000
-4.900000,-4.964934,0.000000,0.000920,-0.070928,0.000000,0.001149,0.073564,-5.004213,-0.009685,-0.131329,193.652100,0.000105,0.003277,0.000000,0.000000,0.000000,0.000000
-0.280000,6.687462,0.000000,0.000614,-0.004053,0.000000,0.001044,0.004881,6.789507,-0.012962,-0.011866,-192.930389,0.000142,-0.003691,0.000000,0.000000,0.000000,0.000000
1.700000,2.866055,0.000000,0.000530,0.024608,0.000000,0.000902,-0.025879,2.937500,-0.009271,0.078840,-66.611710,-0.000015,-0.001041,0.000000,0.000000,0.000000,0.000000
4.810000,4.501733,0.000000,0.000539,0.069625,0.000000,0.000917,-0.076775,4.667856,-0.008230,0.278357,-88.944237,-0.000119,-0.000929,0.000000,0.000000,0.000000,0.000000
-1.120000,-8.583690,0.000000,0.000689,-0.016212,0.000000,0.001036,0.019528,-9.023857,-0.007300,-0.081320,149.705643,-0.000118,0.002616,0.000000,0.000000,0.000000,0.000000
1.400000,3.647706,0.000000,0.000586,0.020265,0.000000,0.001154,-0.023766,3.897293,-0.009917,0.110746,-57.778790,0.000010,-0.000799,0.000000,0.000000,0.000000,0.000000
-1.310000,-3.922732,0.000000,0.000595,-0.018962,0.000000,0.001144,0.024802,-4.267079,-0.009117,-0.126776,57.671722,-0.000014,0.000751,0.000000,0.000000,0.000000,0.000000
0.350000,2.402854,0.000000,0.000494,0.005066,0.000000,0.001158,-0.006115,2.667985,-0.009868,0.033751,-33.394955,0.000034,-0.000542,0.000000,0.000000,0.000000,0.000000
6.890000,9.466666,0.000000,0.000466,0.099733,0.000000,0.001124,-0.140558,10.746519,-0.009326,0.827112,-126.164780,-0.000177,-0.000151,0.000000,0.000000,0.000000,0.000000
-1.700000,-12.434047,0.000000,0.000716,-0.024608,0.000000,0.001301,0.038093,-14.460938,-0.009175,-0.236530,160.893936,-0.000170,0.002407,0.000000,0.000000,0.000000,0.000000
-7.830000,-10.262793,0.000000,0.001786,-0.113339,0.000000,0.001806,0.117879,-10.344437,-0.002301,-0.210441,400.307129,0.000123,0.007006,0.000000,0.000000,0.000000,0.000000
-1.380000,9.336391,0.000000,0.001477,-0.019976,0.000000,0.001683,0.021965,9.410813,-0.009307,-0.039212,-364.177948,0.000237,-0.007015,0.000000,0.000000,0.000000,0.000000
-3.110000,-2.504179,0.000000,0.001427,-0.045017,0.000000,0.001445,0.048569,-2.542288,-0.002292,-0.118079,72.241570,0.000083,0.001061,0.000000,0.000000,0.000000,0.000000
2.210000,7.700713,0.000000,0.001306,0.031990,0.000000,0.001363,-0.032979,7.891743,-0.003354,0.100473,-178.955750,0.000060,-0.003119,0.000000,0.000000,0.000000,0.000000
0.940000,-1.838328,0.000000,0.001434,0.013607,0.000000,0.001303,-0.013527,-1.906327,-0.000235,0.049045,36.324345,-0.000073,0.000826,0.000000,0.000000,0.000000,0.000000
-1.320000,-3.271356,0.000000,0.001515,-0.019107,0.000000,0.001375,0.023829,-3.439577,-0.001061,-0.099228,57.062519,-0.000001,0.000811,0.000000,0.000000,0.000000,0.000000
-2.440000,-1.621203,0.000000,0.001509,-0.035319,0.000000,0.001376,0.044475,-1.732379,-0.001872,-0.207250,25.683142,0.000088,-0.000076,0.000000,0.000000,0.000000,0.000000
0.470000,4.212233,0.000000,0.001465,0.006803,0.000000,0.001288,-0.006769,4.581841,-0.001796,0.034601,-61.925884,0.000068,-0.001079,0.000000,0.000000,0.000000,0.000000
-2.650000,-4.516208,0.000000,0.001555,-0.038359,0.000000,0.001220,0.053382,-5.014452,-0.000717,-0.294633,62.765495,0.000049,0.000393,0.000000,0.000000,0.000000,0.000000
1.390000,5.847910,0.000000,0.001524,0.020120,0.000000,0.001171,-0.026332,6.637250,-0.001111,0.154950,-77.921715,0.000054,-0.001057,0.000000,0.000000,0.000000,0.000000
-3.340000,-10.682569,0.000000,0.000380,-0.048347,0.000000,0.000028,0.049930,-10.767926,0.014707,-0.089136,416.695190,-0.000069,0.007651,0.000000,0.000000,0.000000,0.000000
-0.480000,4.139857,0.000000,0.000286,-0.006948,0.000000,0.000097,0.007407,4.172585,0.007056,-0.013223,-161.469940,0.000099,-0.003107,0.000000,0.000000,0.000000,0.000000
-11.960000,-16.617331,0.000000,0.000372,-0.173121,0.000000,-0.000002,0.181428,-16.870291,0.010164,-0.441084,479.385651,0.000171,0.007890,0.000000,0.000000,0.000000,0.000000
-4.920000,10.190418,0.000000,-0.000079,-0.071217,0.000000,-0.000173,0.076460,10.443174,0.002274,-0.232939,-236.812836,0.000404,-0.005129,0.000000,0.000000,0.000000,0.000000
0.300000,7.555963,0.000000,-0.000210,0.004343,0.000000,-0.000578,-0.005059,7.833917,0.007403,0.018344,-149.272324,0.000134,-0.002767,0.000000,0.000000,0.000000,0.000000
1.980000,2.431804,0.000000,-0.000114,0.028661,0.000000,-0.000712,-0.033248,2.555994,0.010170,0.138453,-42.403904,-0.000042,-0.000423,0.000000,0.000000,0.000000,0.000000
0.570000,-2.040979,0.000000,0.000054,0.008251,0.000000,-0.000670,-0.009899,-2.181114,0.010593,0.046127,32.335804,-0.000068,0.000738,0.000000,0.000000,0.000000,0.000000
-0.380000,-1.375127,0.000000,0.000162,-0.005501,0.000000,-0.000602,0.007180,-1.496783,0.009855,-0.036703,20.229771,-0.000009,0.000282,0.000000,0.000000,0.000000,0.000000
-4.140000,-5.442609,0.000000,0.000230,-0.059927,0.000000,-0.000593,0.080455,-6.042922,0.009573,-0.444056,75.638763,0.000103,0.000231,0.000000,0.000000,0.000000,0.000000
4.730000,12.839348,0.000000,0.000141,0.068467,0.000000,-0.000696,-0.096747,14.573649,0.009342,0.569308,-171.095535,0.000014,-0.001700,0.000000,0.000000,0.000000,0.000000
1.200000,-5.109684,0.000000,0.000425,0.017370,0.000000,-0.000710,-0.025491,-5.944062,0.011043,0.158277,66.134254,-0.000182,0.001684,0.000000,0.000000,0.000000,0.000000
-0.900000,7.700713,0.000000,0.000692,-0.013028,0.000000,0.000430,0.014077,7.761648,0.010612,-0.025130,-300.358795,0.000185,-0.005758,0.000000,0.000000,0.000000,0.000000
-4.330000,-4.964934,0.000000,0.000683,-0.062677,0.000000,0.000244,0.064874,-5.004875,0.016370,-0.115816,193.677734,0.000080,0.003365,0.000000,0.000000,0.000000,0.000000
-4.830000,-0.723751,0.000000,0.000650,-0.069914,0.000000,0.000164,0.073792,-0.735268,0.013006,-0.179402,20.893339,0.000186,-0.000096,0.000000,0.000000,0.000000,0.000000
-1.520000,4.791234,0.000000,0.000598,-0.022002,0.000000,-0.000022,0.024290,4.909450,0.013102,-0.074002,-111.328278,0.000158,-0.002308,0.000000,0.000000,0.000000,0.000000
4.320000,8.453416,0.000000,0.000699,0.062532,0.000000,-0.000180,-0.068715,8.763811,0.015410,0.249134,-166.991104,-0.000020,-0.002484,0.000000,0.000000,0.000000,0.000000
2.060000,-3.271356,0.000000,0.001062,0.029819,0.000000,-0.000160,-0.033228,-3.440588,0.017893,0.138368,57.079292,-0.000155,0.001460,0.000000,0.000000,0.000000,0.000000
-2.000000,-5.876860,0.000000,0.001333,-0.028950,0.000000,-0.000005,0.036571,-6.279868,0.016434,-0.170418,93.101318,-0.000020,0.001299,0.000000,0.000000,0.000000,0.000000
1.620000,5.239959,0.000000,0.001439,0.023450,0.000000,0.000015,-0.027913,5.698646,0.015135,0.142675,-77.020065,0.000032,-0.001075,0.000000,0.000000,0.000000,0.000000
-2.320000,-5.703160,0.000000,0.001709,-0.033582,0.000000,-0.000017,0.047199,-6.333569,0.016209,-0.260506,79.276779,0.000008,0.000798,0.000000,0.000000,0.000000,0.000000
2.170000,6.499286,0.000000,0.001823,0.031411,0.000000,-0.000025,-0.041895,7.375037,0.015411,0.246531,-86.583382,0.000026,-0.000974,0.000000,0.000000,0.000000,0.000000
-1.670000,-5.558410,0.000000,0.002138,-0.024173,0.000000,-0.000051,0.039579,-6.467862,0.016385,-0.245757,71.962105,-0.000015,0.000700,0.000000,0.000000,0.000000,0.000000
-2.080000,-16.516003,0.000000,-0.000862,-0.030108,0.000000,-0.001527,0.030014,-16.648066,0.029063,-0.053582,644.243835,-0.000234,0.012053,0.000000,0.000000,0.000000,0.000000
-2.490000,-0.593476,0.000000,-0.000874,-0.036043,0.000000,-0.001293,0.036010,-0.598594,0.017010,-0.064286,23.164293,0.000087,0.000242,0.000000,0.000000,0.000000,0.000000
-6.520000,-5.833436,0.000000,-0.000825,-0.094377,0.000000,-0.001379,0.097831,-5.922615,0.016768,-0.237844,168.296844,0.000152,0.002543,0.000000,0.000000,0.000000,0.000000
-5.720000,1.158002,0.000000,-0.000972,-0.082797,0.000000,-0.001532,0.087946,1.186248,0.014225,-0.267932,-26.899748,0.000260,-0.001239,0.000000,0.000000,0.000000,0.000000
-0.260000,7.903364,0.000000,-0.001089,-0.003764,0.000000,-0.001792,0.002972,8.193875,0.015464,-0.010775,-156.131195,0.000163,-0.002983,0.000000,0.000000,0.000000,0.000000
3.020000,4.747808,0.000000,-0.000973,0.043715,0.000000,-0.001954,-0.051636,4.990577,0.018447,0.215024,-82.793594,-0.000045,-0.000981,0.000000,0.000000,0.000000,0.000000
2.260000,-1.100102,0.000000,-0.000723,0.032714,0.000000,-0.001909,-0.040379,-1.176276,0.019428,0.188162,17.438713,-0.000131,0.000841,0.000000,0.000000,0.000000,0.000000
-3.140000,-7.816514,0.000000,-0.000510,-0.045452,0.000000,-0.001777,0.056993,-8.504574,0.018587,-0.291319,114.943588,-0.000007,0.001387,0.000000,0.000000,0.000000,0.000000
2.640000,8.366565,0.000000,-0.000531,0.038214,0.000000,-0.001771,-0.051818,9.286939,0.017200,0.286001,-116.243881,0.000036,-0.001430,0.000000,0.000000,0.000000,0.000000
8.880000,9.032415,0.000000,-0.000311,0.128538,0.000000,-0.001807,-0.182446,10.251752,0.018630,1.073603,-120.356186,-0.000299,0.000628,0.000000,0.000000,0.000000,0.000000
8.780000,-0.144750,0.000000,0.000167,0.127091,0.000000,-0.001507,-0.190928,-0.170107,0.018002,1.185516,1.892628,-0.000519,0.003242,0.000000,0.000000,0.000000,0.000000
-6.360000,-7.034862,0.000000,0.000796,-0.092061,0.000000,0.000436,0.095116,-7.091228,0.014694,-0.169805,274.415039,0.000124,0.004731,0.000000,0.000000,0.000000,0.000000
-3.380000,4.313558,0.000000,0.000583,-0.048926,0.000000,0.000312,0.050692,4.347578,0.009963,-0.090497,-168.241776,0.000219,-0.003439,0.000000,0.000000,0.000000,0.000000
4.450000,11.333945,0.000000,0.000590,0.064414,0.000000,0.000093,-0.066742,11.505687,0.013402,0.162263,-326.945221,0.000037,-0.005745,0.000000,0.000000,0.000000,0.000000
0.480000,-5.746585,0.000000,0.000968,0.006948,0.000000,0.000056,-0.006428,-5.890153,0.019148,0.019582,133.567047,-0.000129,0.002593,0.000000,0.000000,0.000000,0.000000
-0.050000,-0.767176,0.000000,0.001171,-0.000724,0.000000,0.000185,0.002106,-0.796549,0.016555,-0.007635,15.177940,-0.000009,0.000262,0.000000,0.000000,0.000000,0.000000
-0.250000,-0.289501,0.000000,0.001359,-0.003619,0.000000,0.000194,0.005752,-0.305730,0.016293,-0.023952,5.072061,0.000010,0.000031,0.000000,0.000000,0.000000,0.000000
-7.040000,-9.828543,0.000000,0.001547,-0.101904,0.000000,0.000184,0.124932,-10.501522,0.016262,-0.582171,155.688889,0.000139,0.001373,0.000000,0.000000,0.000000,0.000000
5.970000,18.832008,0.000000,0.001454,0.086416,0.000000,0.000045,-0.107744,20.485199,0.014889,0.550736,-276.867767,0.000096,-0.003755,0.000000,0.000000,0.000000,0.000000
-1.910000,-11.406320,0.000000,0.001924,-0.027647,0.000000,-0.000051,0.039550,-12.665156,0.018645,-0.218287,158.528763,-0.000133,0.002418,0.000000,0.000000,0.000000,0.000000
-0.690000,1.765953,0.000000,0.002073,-0.009988,0.000000,0.000082,0.017078,2.001762,0.016226,-0.100495,-23.500811,0.000084,-0.000721,0.000000,0.000000,0.000000,0.000000
-0.410000,7.642813,0.000000,-0.001017,-0.005935,0.000000,-0.001745,0.005111,7.702816,0.031886,-0.009125,-298.082153,0.000160,-0.005668,0.000000,0.000000,0.000000,0.000000
-1.980000,-2.272579,0.000000,-0.000956,-0.028661,0.000000,-0.001904,0.028366,-2.291578,0.037554,-0.050641,88.679070,0.000033,0.001553,0.000000,0.000000,0.000000,0.000000
0.600000,3.734557,0.000000,-0.000701,0.008685,0.000000,-0.001937,-0.009815,3.790115,0.036001,0.023863,-107.699776,0.000045,-0.001978,0.000000,0.000000,0.000000,0.000000
-3.500000,-5.934761,0.000000,-0.000331,-0.050663,0.000000,-0.001982,0.054097,-6.083642,0.037979,-0.164809,137.954636,0.000031,0.002170,0.000000,0.000000,0.000000,0.000000
-1.120000,3.445056,0.000000,-0.000149,-0.016212,0.000000,-0.002014,0.017851,3.570095,0.035809,-0.064719,-68.026810,0.000116,-0.001467,0.000000,0.000000,0.000000,0.000000
0.790000,2.764730,0.000000,0.000136,0.011435,0.000000,-0.002129,-0.013056,2.904295,0.037276,0.054369,-48.182201,0.000019,-0.000763,0.000000,0.000000,0.000000,0.000000
2.550000,2.547604,0.000000,0.000504,0.036911,0.000000,-0.002149,-0.043968,2.718850,0.038039,0.204884,-40.307941,-0.000067,-0.000208,0.000000,0.000000,0.000000,0.000000
-0.590000,-4.545158,0.000000,0.000949,-0.008540,0.000000,-0.002081,0.012034,-4.947879,0.038246,-0.061512,66.873077,-0.000061,0.001100,0.000000,0.000000,0.000000,0.000000
-3.840000,-4.704383,0.000000,0.001267,-0.055584,0.000000,-0.002020,0.076035,-5.226206,0.037146,-0.419658,65.416008,0.000107,0.000101,0.000000,0.000000,0.000000,0.000000
-7.020000,-4.603058,0.000000,0.001456,-0.101615,0.000000,-0.002127,0.145944,-5.229336,0.037045,-0.858809,61.392715,0.000296,-0.001161,0.000000,0.000000,0.000000,0.000000
-6.210000,-15.719877,0.000000,-0.001782,-0.089890,0.000000,-0.002682,0.090305,-15.845844,0.039815,-0.161216,613.199524,-0.000056,0.011177,0.000000,0.000000,0.000000,0.000000
-9.360000,-4.559632,0.000000,-0.001930,-0.135486,0.000000,-0.002625,0.136747,-4.596543,0.028638,-0.244126,177.876205,0.000283,0.002687,0.000000,0.000000,0.000000,0.000000
0.370000,14.084199,0.000000,-0.002086,0.005356,0.000000,-0.002908,-0.007782,14.297540,0.025951,0.018920,-406.278442,0.000249,-0.007647,0.000000,0.000000,0.000000,0.000000
-1.480000,-2.677880,0.000000,-0.001801,-0.021423,0.000000,-0.003157,0.021090,-2.745545,0.033598,-0.064251,62.258881,0.000005,0.001019,0.000000,0.000000,0.000000,0.000000
-0.490000,1.433028,0.000000,-0.001614,-0.007093,0.000000,-0.003162,0.006089,1.484440,0.032579,-0.022075,-28.285437,0.000045,-0.000597,0.000000,0.000000,0.000000,0.000000
-2.840000,-3.401631,0.000000,-0.001394,-0.041109,0.000000,-0.003207,0.045889,-3.577755,0.033176,-0.191094,59.354908,0.000056,0.000608,0.000000,0.000000,0.000000,0.000000
3.740000,9.524567,0.000000,-0.001288,0.054137,0.000000,-0.003263,-0.066933,10.173392,0.032568,0.311898,-150.824234,0.000011,-0.002013,0.000000,0.000000,0.000000,0.000000
1.010000,-3.951682,0.000000,-0.000908,0.014620,0.000000,-0.003274,-0.019691,-4.301086,0.034581,0.100652,58.131336,-0.000135,0.001377,0.000000,0.000000,0.000000,0.000000
-5.460000,-9.365341,0.000000,-0.000651,-0.079034,0.000000,-0.003140,0.104832,-10.399044,0.033205,-0.578596,130.164001,0.000087,0.000897,0.000000,0.000000,0.000000,0.000000
0.620000,8.800816,0.000000,-0.000672,0.008975,0.000000,-0.003227,-0.013659,9.987944,0.032308,0.080378,-117.259048,0.000152,-0.002005,0.000000,0.000000,0.000000,0.000000
-4.210000,-2.113354,0.000000,0.000269,-0.060940,0.000000,-0.000200,0.062723,-2.130688,0.019805,-0.111974,82.452965,0.000129,0.001262,0.000000,0.000000,0.000000,0.000000
-2.410000,2.605505,0.000000,0.000153,-0.034885,0.000000,-0.000329,0.035875,2.625739,0.018543,-0.064046,-101.610382,0.000147,-0.002100,0.000000,0.000000,0.000000,0.000000
-3.810000,-2.026503,0.000000,0.000262,-0.055150,0.000000,-0.000476,0.057946,-2.058054,0.020642,-0.140878,58.481602,0.000118,0.000730,0.000000,0.000000,0.000000,0.000000
-1.600000,3.198981,0.000000,0.000306,-0.023160,0.000000,-0.000593,0.025221,3.277431,0.019912,-0.076838,-74.320107,0.000130,-0.001616,0.000000,0.000000,0.000000,0.000000
9.660000,16.298878,0.000000,0.000452,0.139829,0.000000,-0.000723,-0.154890,16.897966,0.021529,0.561569,-321.984314,-0.000099,-0.004575,0.000000,0.000000,0.000000,0.000000
2.220000,-10.769419,0.000000,0.001097,0.032135,0.000000,-0.000624,-0.035863,-11.323864,0.026103,0.149344,187.862701,-0.000311,0.003970,0.000000,0.000000,0.000000,0.000000
0.870000,-1.954129,0.000000,0.001425,0.012593,0.000000,-0.000313,-0.013487,-2.089630,0.022134,0.062849,30.979532,-0.000075,0.000749,0.000000,0.000000,0.000000,0.000000
1.540000,0.969827,0.000000,0.001705,0.022292,0.000000,-0.000237,-0.026107,1.052657,0.021384,0.133444,-14.227185,-0.000051,0.000090,0.000000,0.000000,0.000000,0.000000
3.830000,3.314781,0.000000,0.002025,0.055439,0.000000,-0.000187,-0.071438,3.676953,0.021294,0.394287,-46.024120,-0.000124,0.000195,0.000000,0.000000,0.000000,0.000000
7.520000,18.614883,0.000000,-0.000617,0.108852,0.000000,-0.001517,-0.111991,18.761946,0.038894,0.199929,-726.046326,0.000053,-0.013207,0.000000,0.000000,0.000000,0.000000
-4.270000,-17.066055,0.000000,-0.000229,-0.061808,0.000000,-0.001570,0.063051,-17.203115,0.052101,-0.112560,665.723022,-0.000155,0.012325,0.000000,0.000000,0.000000,0.000000
-2.610000,2.402854,0.000000,-0.000016,-0.037780,0.000000,-0.001415,0.039491,2.437977,0.039776,-0.096011,-69.277481,0.000153,-0.001594,0.000000,0.000000,0.000000,0.000000
-2.690000,-0.115800,0.000000,0.000276,-0.038938,0.000000,-0.001568,0.042147,-0.120538,0.041370,-0.128402,2.733354,0.000111,-0.000293,0.000000,0.000000,0.000000,0.000000
5.740000,12.202446,0.000000,0.000563,0.083087,0.000000,-0.001679,-0.091708,12.649576,0.041663,0.332497,-241.032867,-0.000009,-0.003664,0.000000,0.000000,0.000000,0.000000
3.680000,-2.981855,0.000000,0.001227,0.053268,0.000000,-0.001671,-0.060133,-3.137934,0.045327,0.250407,52.058281,-0.000222,0.001670,0.000000,0.000000,0.000000,0.000000
0.100000,-5.182059,0.000000,0.001807,0.001448,0.000000,-0.001449,0.000434,-5.539628,0.043657,-0.002022,82.126991,-0.000103,0.001547,0.000000,0.000000,0.000000,0.000000
3.710000,5.225484,0.000000,0.002245,0.053702,0.000000,-0.001345,-0.065256,5.680517,0.042110,0.333555,-76.775040,-0.000069,-0.000554,0.000000,0.000000,0.000000,0.000000
0.390000,-4.805708,0.000000,0.002851,0.005645,0.000000,-0.001277,-0.003737,-5.340066,0.042664,0.020623,66.841179,-0.000111,0.001322,0.000000,0.000000,0.000000,0.000000
5.230000,7.005912,0.000000,0.003336,0.075704,0.000000,-0.001165,-0.102471,7.946850,0.041342,0.602991,-93.296494,-0.000127,-0.000138,0.000000,0.000000,0.000000,0.000000
-3.800000,-16.805504,0.000000,-0.003196,-0.055005,0.000000,-0.004643,0.053195,-16.940674,0.064336,-0.094965,655.567078,-0.000177,0.012157,0.000000,0.000000,0.000000,0.000000
-4.010000,-0.303976,0.000000,-0.003193,-0.058045,0.000000,-0.004467,0.056163,-0.307591,0.052179,-0.100264,11.903100,0.000146,-0.000068,0.000000,0.000000,0.000000,0.000000
-8.320000,-6.238735,0.000000,-0.002901,-0.120432,0.000000,-0.004613,0.122906,-6.335138,0.052248,-0.298808,180.019073,0.000212,0.002600,0.000000,0.000000,0.000000,0.000000
-1.260000,10.219368,0.000000,-0.002833,-0.018239,0.000000,-0.004825,0.016558,10.471150,0.049647,-0.050444,-237.447235,0.000243,-0.004637,0.000000,0.000000,0.000000,0.000000
-2.200000,-1.360652,0.000000,-0.002466,-0.031845,0.000000,-0.005068,0.032649,-1.413095,0.054285,-0.118372,26.925985,0.000061,0.000198,0.000000,0.000000,0.000000,0.000000
0.540000,3.966157,0.000000,-0.002160,0.007817,0.000000,-0.005129,-0.011527,4.167017,0.054086,0.048001,-69.130753,0.000048,-0.001179,0.000000,0.000000,0.000000,0.000000
3.470000,4.241183,0.000000,-0.001750,0.050228,0.000000,-0.005177,-0.062771,4.527795,0.055266,0.292506,-67.126198,-0.000084,-0.000478,0.000000,0.000000,0.000000,0.000000
-0.690000,-6.021611,0.000000,-0.001228,-0.009988,0.000000,-0.005093,0.011109,-6.554336,0.055744,-0.056784,88.585136,-0.000094,0.001525,0.000000,0.000000,0.000000,0.000000
-0.060000,0.911927,0.000000,-0.000892,-0.000869,0.000000,-0.004999,-0.000032,1.008554,0.054219,0.000174,-12.623994,0.000019,-0.000241,0.000000,0.000000,0.000000,0.000000
3.610000,5.312335,0.000000,-0.000537,0.052255,0.000000,-0.005018,-0.074751,6.026022,0.054460,0.439872,-70.745857,-0.000088,-0.000149,0.000000,0.000000,0.000000,0.000000
-2.170000,-1.809378,0.000000,-0.001002,-0.031411,0.000000,-0.001861,0.031225,-1.824693,0.037456,-0.055744,70.611618,0.000050,0.001187,0.000000,0.000000,0.000000,0.000000
-4.220000,-2.967380,0.000000,-0.000997,-0.061085,0.000000,-0.001911,0.061523,-2.991869,0.036269,-0.109833,115.778793,0.000110,0.001893,0.000000,0.000000,0.000000,0.000000
-4.320000,-0.144751,0.000000,-0.000848,-0.062532,0.000000,-0.002021,0.064505,-0.148085,0.034376,-0.156823,4.207973,0.000171,-0.000348,0.000000,0.000000,0.000000,0.000000
-4.570000,-0.361876,0.000000,-0.000711,-0.066151,0.000000,-0.002192,0.070335,-0.372283,0.034724,-0.214280,8.442012,0.000183,-0.000419,0.000000,0.000000,0.000000,0.000000
4.740000,13.476249,0.000000,-0.000590,0.068612,0.000000,-0.002375,-0.076904,13.970880,0.035143,0.278823,-266.209808,0.000056,-0.004286,0.000000,0.000000,0.000000,0.000000
6.970000,3.227930,0.000000,-0.000063,0.100891,0.000000,-0.002432,-0.116650,3.391189,0.039429,0.485759,-56.259773,-0.000251,0.000257,0.000000,0.000000,0.000000,0.000000
-3.110000,-14.590825,0.000000,0.000558,-0.045017,0.000000,-0.002180,0.055039,-15.590240,0.039172,-0.256475,231.130981,-0.000146,0.003682,0.000000,0.000000,0.000000,0.000000
2.640000,8.323140,0.000000,0.000750,0.038214,0.000000,-0.002034,-0.047510,9.051606,0.035490,0.242847,-122.337013,0.000043,-0.001666,0.000000,0.000000,0.000000,0.000000
-0.530000,-4.588583,0.000000,0.001192,-0.007672,0.000000,-0.002077,0.011854,-5.097609,0.037156,-0.065428,63.806366,-0.000065,0.001034,0.000000,0.000000,0.000000,0.000000
-1.540000,-1.461978,0.000000,0.001507,-0.022292,0.000000,-0.002013,0.033697,-1.663705,0.036122,-0.198291,19.532000,0.000060,-0.000168,0.000000,0.000000,0.000000,0.000000
0.000000,2.229154,0.000000,0.001789,0.000000,0.000000,-0.002073,0.002691,2.587808,0.036291,-0.016708,-28.792223,0.000056,-0.000590,0.000000,0.000000,0.000000,0.000000
-1.270000,-1.838328,0.000000,0.002147,-0.018383,0.000000,-0.002129,0.032909,-2.200344,0.036881,-0.213779,23.400301,0.000047,-0.000134,0.000000,0.000000,0.000000,0.000000
-4.510000,-1.838329,0.000000,-0.001929,-0.065282,0.000000,-0.002850,0.064962,-1.853917,0.040845,-0.115971,71.742561,0.000141,0.001045,0.000000,0.000000,0.000000,0.000000
-6.560000,-2.967380,0.000000,-0.002008,-0.094956,0.000000,-0.002990,0.095169,-2.991913,0.039800,-0.169898,115.780502,0.000201,0.001731,0.000000,0.000000,0.000000,0.000000
-1.880000,6.774312,0.000000,-0.001936,-0.027213,0.000000,-0.003191,0.026434,6.876109,0.038069,-0.064265,-195.391281,0.000201,-0.003877,0.000000,0.000000,0.000000,0.000000
2.430000,6.238736,0.000000,-0.001657,0.035174,0.000000,-0.003392,-0.039587,6.391922,0.041946,0.120603,-144.945297,0.000014,-0.002411,0.000000,0.000000,0.000000,0.000000
-0.790000,-4.660958,0.000000,-0.001198,-0.011435,0.000000,-0.003405,0.011377,-4.834703,0.044357,-0.041249,92.123436,-0.000061,0.001637,0.000000,0.000000,0.000000,0.000000
4.150000,7.150663,0.000000,-0.000889,0.060071,0.000000,-0.003345,-0.070439,7.515229,0.042720,0.293323,-124.677521,-0.000048,-0.001570,0.000000,0.000000,0.000000,0.000000
-7.130000,-16.327829,0.000000,-0.000373,-0.103207,0.000000,-0.003297,0.124186,-17.445875,0.044290,-0.578694,258.641418,0.000006,0.003335,0.000000,0.000000,0.000000,0.000000
-7.920000,-1.143527,0.000000,-0.000345,-0.114642,0.000000,-0.003302,0.144947,-1.246887,0.040955,-0.740896,16.852304,0.000368,-0.001691,0.000000,0.000000,0.000000,0.000000
-2.700000,7.555963,0.000000,-0.000353,-0.039083,0.000000,-0.003671,0.051799,8.384925,0.042647,-0.285894,-104.953445,0.000298,-0.002758,0.000000,0.000000,0.000000,0.000000
-4.680000,-2.866055,0.000000,-0.000144,-0.067743,0.000000,-0.003969,0.095718,-3.257159,0.045404,-0.563255,38.239235,0.000197,-0.000794,0.000000,0.000000,0.000000,0.000000
-0.970000,5.370234,0.000000,-0.000020,-0.014041,0.000000,-0.004166,0.021091,6.241605,0.046198,-0.130959,-69.444748,0.000175,-0.001668,0.000000,0.000000,0.000000,0.000000
-3.500000,0.593476,0.000000,-0.001586,-0.050663,0.000000,-0.002319,0.050324,0.597426,0.032572,-0.089840,-23.119074,0.000147,-0.000678,0.000000,0.000000,0.000000,0.000000
-3.810000,-0.448726,0.000000,-0.001646,-0.055150,0.000000,-0.002466,0.054783,-0.453076,0.033250,-0.097800,17.533051,0.000139,0.000069,0.000000,0.000000,0.000000,0.000000
-3.140000,0.969826,0.000000,-0.001504,-0.045452,0.000000,-0.002606,0.045958,0.983534,0.033181,-0.111732,-27.948069,0.000143,-0.000832,0.000000,0.000000,0.000000,0.000000
-2.310000,1.201427,0.000000,-0.001342,-0.033437,0.000000,-0.002748,0.034496,1.229931,0.034013,-0.105095,-27.890320,0.000116,-0.000811,0.000000,0.000000,0.000000,0.000000
8.070000,15.025077,0.000000,-0.001153,0.116813,0.000000,-0.002865,-0.131096,15.576890,0.034824,0.475301,-296.811737,-0.000060,-0.004333,0.000000,0.000000,0.000000,0.000000
6.160000,-2.764729,0.000000,-0.000514,0.089166,0.000000,-0.002805,-0.103623,-2.908792,0.039157,0.431510,48.256809,-0.000335,0.002089,0.000000,0.000000,0.000000,0.000000
5.180000,-1.418552,0.000000,0.000037,0.074981,0.000000,-0.002470,-0.090505,-1.517954,0.037068,0.421743,22.504227,-0.000273,0.001563,0.000000,0.000000,0.000000,0.000000
-3.170000,-12.086646,0.000000,0.000546,-0.045886,0.000000,-0.002197,0.058882,-13.151730,0.035504,-0.300978,177.752243,-0.000089,0.002549,0.000000,0.000000,0.000000,0.000000
-0.900000,3.285831,0.000000,0.000703,-0.013028,0.000000,-0.002107,0.018363,3.644662,0.032956,-0.101353,-45.619949,0.000119,-0.001143,0.000000,0.000000,0.000000,0.000000
0.880000,-23.131092,0.000000,-0.001290,0.012738,0.000000,-0.002079,-0.014282,-23.315891,0.034687,0.025497,902.274048,-0.000480,0.017156,0.000000,0.000000,0.000000,0.000000
-4.050000,-7.136188,0.000000,-0.001173,-0.058624,0.000000,-0.001598,0.058824,-7.193339,0.017531,-0.105014,278.366516,0.000024,0.004955,0.000000,0.000000,0.000000,0.000000
-1.990000,2.981855,0.000000,-0.001234,-0.028805,0.000000,-0.001622,0.028833,3.026845,0.012576,-0.070098,-86.010727,0.000135,-0.001827,0.000000,0.000000,0.000000,0.000000
-5.400000,-4.935984,0.000000,-0.001206,-0.078165,0.000000,-0.001757,0.082716,-5.058917,0.014404,-0.251997,114.717644,0.000128,0.001494,0.000000,0.000000,0.000000,0.000000
-4.570000,1.201427,0.000000,-0.001342,-0.066151,0.000000,-0.001885,0.072022,1.245284,0.012910,-0.261123,-23.728411,0.000218,-0.001158,0.000000,0.000000,0.000000,0.000000
-3.820000,1.085627,0.000000,-0.001450,-0.055295,0.000000,-0.002103,0.062216,1.140901,0.014068,-0.259080,-18.927525,0.000189,-0.001057,0.000000,0.000000,0.000000,0.000000
-0.610000,4.646483,0.000000,-0.001537,-0.008830,0.000000,-0.002293,0.008807,4.963403,0.015125,-0.041041,-73.584267,0.000117,-0.001502,0.000000,0.000000,0.000000,0.000000
4.470000,7.353312,0.000000,-0.001496,0.064703,0.000000,-0.002410,-0.083952,7.999021,0.016628,0.429119,-108.110802,-0.000076,-0.000884,0.000000,0.000000,0.000000,0.000000
-0.770000,-7.584913,0.000000,-0.001251,-0.011146,0.000000,-0.002334,0.013234,-8.420924,0.017511,-0.073040,105.404037,-0.000124,0.001800,0.000000,0.000000,0.000000,0.000000
3.090000,5.587360,0.000000,-0.001236,0.044728,0.000000,-0.002211,-0.065082,6.342012,0.015711,0.382978,-74.455612,-0.000056,-0.000377,0.000000,0.000000,0.000000,0.000000
9.680000,9.539042,0.000000,-0.001067,0.140118,0.000000,-0.002155,-0.212381,11.093635,0.016088,1.318721,-123.428955,-0.000364,0.001231,0.000000,0.000000,0.000000,0.000000
-5.100000,-6.687462,0.000000,0.001872,-0.073823,0.000000,0.001737,0.077523,-6.740845,0.004228,-0.138396,260.855988,0.000083,0.004563,0.000000,0.000000,0.000000,0.000000
-0.980000,5.963710,0.000000,0.001685,-0.014186,0.000000,0.001655,0.016250,6.011068,-0.000335,-0.029010,-232.615204,0.000158,-0.004491,0.000000,0.000000,0.000000,0.000000
-1.790000,-1.172477,0.000000,0.001718,-0.025910,0.000000,0.001497,0.028892,-1.190598,0.004156,-0.070242,33.831989,0.000055,0.000459,0.000000,0.000000,0.000000,0.000000
0.780000,3.720082,0.000000,0.001725,0.011291,0.000000,0.001442,-0.010281,3.811972,0.003697,0.031323,-86.441528,0.000044,-0.001553,0.000000,0.000000,0.000000,0.000000
3.050000,3.285830,0.000000,0.001859,0.044149,0.000000,0.001397,-0.046997,3.406184,0.005250,0.170391,-64.903549,-0.000063,-0.000765,0.000000,0.000000,0.000000,0.000000
-0.560000,-5.225484,0.000000,0.002106,-0.008106,0.000000,0.001460,0.011800,-5.494565,0.006016,-0.049137,91.154732,-0.000072,0.001595,0.000000,0.000000,0.000000,0.000000
-0.440000,0.173700,0.000000,0.002210,-0.006369,0.000000,0.001532,0.010361,0.184427,0.004421,-0.048280,-2.734197,0.000032,-0.000185,0.000000,0.000000,0.000000,0.000000
2.050000,3.604281,0.000000,0.002335,0.029674,0.000000,0.001500,-0.034670,3.919571,0.004606,0.177216,-52.974972,-0.000020,-0.000523,0.000000,0.000000,0.000000,0.000000
1.900000,-0.217125,0.000000,0.002581,0.027503,0.000000,0.001520,-0.033331,-0.242970,0.005130,0.183963,3.041235,-0.000095,0.000556,0.000000,0.000000,0.000000,0.000000
2.860000,1.389602,0.000000,0.002838,0.041399,0.000000,0.001615,-0.054600,1.574999,0.004574,0.321296,-18.490580,-0.000118,0.000518,0.000000,0.000000,0.000000,0.000000
-0.670000,1.722528,0.000000,-0.000634,-0.009698,0.000000,-0.001340,0.009355,1.735463,0.030616,-0.016701,-67.158607,0.000058,-0.001318,0.000000,0.000000,0.000000,0.000000
-6.930000,-9.061366,0.000000,-0.000586,-0.100312,0.000000,-0.001398,0.102109,-9.134228,0.031934,-0.182287,353.474640,0.000103,0.006202,0.000000,0.000000,0.000000,0.000000
-6.210000,1.042202,0.000000,-0.000623,-0.089890,0.000000,-0.001501,0.093350,1.057192,0.025732,-0.226950,-30.041147,0.000272,-0.001194,0.000000,0.000000,0.000000,0.000000
1.730000,11.493171,0.000000,-0.000630,0.025042,0.000000,-0.001773,-0.027592,11.777243,0.026926,0.084060,-267.064606,0.000148,-0.004827,0.000000,0.000000,0.000000,0.000000
2.370000,0.926401,0.000000,-0.000283,0.034306,0.000000,-0.001921,-0.038439,0.958916,0.031753,0.139364,-18.271774,-0.000086,0.000040,0.000000,0.000000,0.000000,0.000000
0.850000,-2.200204,0.000000,0.000088,0.012304,0.000000,-0.001835,-0.014115,-2.315028,0.031713,0.058777,38.406277,-0.000082,0.000886,0.000000,0.000000,0.000000,0.000000
0.350000,-0.723751,0.000000,0.000394,0.005066,0.000000,-0.001753,-0.005643,-0.775413,0.030827,0.026295,11.495775,-0.000030,0.000287,0.000000,0.000000,0.000000,0.000000
-1.410000,-2.547605,0.000000,0.000680,-0.020410,0.000000,-0.001724,0.026745,-2.774078,0.030540,-0.136706,37.493061,0.000020,0.000340,0.000000,0.000000,0.000000,0.000000
-2.180000,-1.114577,0.000000,0.000895,-0.031556,0.000000,-0.001743,0.043401,-1.240269,0.030200,-0.239541,15.524355,0.000094,-0.000355,0.000000,0.000000,0.000000,0.000000
1.330000,5.080734,0.000000,0.001084,0.019252,0.000000,-0.001837,-0.025725,5.764008,0.030555,0.151382,-67.669792,0.000039,-0.000871,0.000000,0.000000,0.000000,0.000000
-2.560000,-10.262794,0.000000,-0.001090,-0.037056,0.000000,-0.001873,0.036907,-10.345251,0.034290,-0.065887,400.338623,-0.000096,0.007404,0.000000,0.000000,0.000000,0.000000
-1.980000,0.839551,0.000000,-0.001108,-0.028661,0.000000,-0.001777,0.028211,0.845586,0.026886,-0.050363,-32.722324,0.000092,-0.000770,0.000000,0.000000,0.000000,0.000000
-4.440000,-3.560856,0.000000,-0.000937,-0.064269,0.000000,-0.001869,0.066228,-3.615868,0.027656,-0.161014,102.748375,0.000111,0.001511,0.000000,0.000000,0.000000,0.000000
-4.600000,-0.231600,0.000000,-0.000889,-0.066585,0.000000,-0.001980,0.070611,-0.238371,0.026144,-0.215118,5.405387,0.000186,-0.000482,0.000000,0.000000,0.000000,0.000000
-10.740000,-8.887666,0.000000,-0.000854,-0.155462,0.000000,-0.002166,0.171815,-9.216228,0.026627,-0.622934,175.611755,0.000290,0.001641,0.000000,0.000000,0.000000,0.000000
-1.560000,13.288074,0.000000,-0.001098,-0.022581,0.000000,-0.002456,0.024823,13.968665,0.024985,-0.103371,-231.739914,0.000331,-0.004671,0.000000,0.000000,0.000000,0.000000
3.000000,6.600612,0.000000,-0.000950,0.043425,0.000000,-0.002787,-0.053590,7.049797,0.029656,0.249721,-104.515816,-0.000012,-0.001295,0.000000,0.000000,0.000000,0.000000
-0.950000,-5.717635,0.000000,-0.000615,-0.013751,0.000000,-0.002775,0.016659,-6.222106,0.030951,-0.085151,84.094887,-0.000073,0.001364,0.000000,0.000000,0.000000,0.000000
1.360000,3.343731,0.000000,-0.000453,0.019686,0.000000,-0.002702,-0.026935,3.709889,0.029587,0.148660,-46.436394,-0.000002,-0.000480,0.000000,0.000000,0.000000,0.000000
0.760000,-0.868502,0.000000,-0.000197,0.011001,0.000000,-0.002700,-0.015856,-0.988298,0.030066,0.093302,11.602680,-0.000062,0.000473,0.000000,0.000000,0.000000,0.000000
0.810000,0.072375,0.000000,0.000032,0.011725,0.000000,-0.002638,-0.017589,0.081487,0.029593,0.109212,-0.906637,-0.000046,0.000277,0.000000,0.000000,0.000000,0.000000
-1.640000,-1.708053,0.000000,0.000201,-0.023739,0.000000,-0.000291,0.024565,-1.722187,0.020824,-0.043854,66.644875,0.000034,0.001143,0.000000,0.000000,0.000000,0.000000
0.660000,3.329256,0.000000,0.000188,0.009554,0.000000,-0.000325,-0.009590,3.355216,0.019681,0.017120,-129.839508,0.000038,-0.002414,0.000000,0.000000,0.000000,0.000000
-0.460000,-1.621203,0.000000,0.000434,-0.006659,0.000000,-0.000363,0.007417,-1.646660,0.022095,-0.018031,46.791443,-0.000011,0.000842,0.000000,0.000000,0.000000,0.000000
0.810000,1.838328,0.000000,0.000629,0.011725,0.000000,-0.000352,-0.011925,1.882913,0.021254,0.036331,-42.697540,0.000003,-0.000712,0.000000,0.000000,0.000000,0.000000
0.890000,0.115800,0.000000,0.000887,0.012883,0.000000,-0.000355,-0.013331,0.118725,0.021966,0.048334,-2.262260,-0.000034,0.000089,0.000000,0.000000,0.000000,0.000000
-0.170000,-1.534353,0.000000,0.001153,-0.002461,0.000000,-0.000321,0.004175,-1.614730,0.021876,-0.017386,26.788334,-0.000019,0.000460,0.000000,0.000000,0.000000,0.000000
-1.030000,-1.244852,0.000000,0.001380,-0.014909,0.000000,-0.000302,0.019671,-1.331845,0.021416,-0.091667,19.745081,0.000028,0.000125,0.000000,0.000000,0.000000,0.000000
-2.540000,-2.185729,0.000000,0.001579,-0.036767,0.000000,-0.000330,0.048628,-2.380147,0.021291,-0.248565,32.168884,0.000086,-0.000063,0.000000,0.000000,0.000000,0.000000
0.020000,3.705606,0.000000,0.001725,0.000290,0.000000,-0.000416,0.001920,4.110993,0.021355,-0.010595,-51.456970,0.000083,-0.001003,0.000000,0.000000,0.000000,0.000000
2.590000,3.720082,0.000000,0.001990,0.037490,0.000000,-0.000499,-0.050268,4.219522,0.022358,0.295801,-49.537445,-0.000056,-0.000136,0.000000,0.000000,0.000000,0.000000
3.720000,1.635678,0.000000,0.002375,0.053847,0.000000,-0.000443,-0.077429,1.898326,0.022494,0.480772,-21.120977,-0.000173,0.000901,0.000000,0.000000,0.000000,0.000000
-1.730000,6.455861,0.000000,-0.001146,-0.025042,0.000000,-0.001993,0.024555,6.506296,0.037087,-0.043837,-251.779434,0.000190,-0.004888,0.000000,0.000000,0.000000,0.000000
-4.420000,-3.893782,0.000000,-0.001125,-0.063980,0.000000,-0.002183,0.064357,-3.925780,0.041975,-0.114892,151.919128,0.000099,0.002575,0.000000,0.000000,0.000000,0.000000
-0.510000,5.659735,0.000000,-0.000937,-0.007382,0.000000,-0.002283,0.006740,5.744455,0.039400,-0.016386,-163.234253,0.000127,-0.003140,0.000000,0.000000,0.000000,0.000000
4.500000,7.251988,0.000000,-0.000573,0.065138,0.000000,-0.002410,-0.070626,7.430132,0.042540,0.215167,-168.488083,-0.000051,-0.002603,0.000000,0.000000,0.000000,0.000000
0.000000,-6.513761,0.000000,0.000011,0.000000,0.000000,-0.002359,0.000013,-6.756044,0.045142,-0.000045,128.733856,-0.000128,0.002442,0.000000,0.000000,0.000000,0.000000
-0.020000,-0.028950,0.000000,0.000396,-0.000290,0.000000,-0.002231,0.000792,-0.033124,0.042700,-0.003298,0.549528,0.000002,-0.000003,0.000000,0.000000,0.000000,0.000000
-7.210000,-10.407543,0.000000,0.000782,-0.104365,0.000000,-0.002233,0.126980,-11.121561,0.042703,-0.591712,164.881195,0.000133,0.001521,0.000000,0.000000,0.000000,0.000000
1.500000,12.607748,0.000000,0.000864,0.021713,0.000000,-0.002366,-0.026439,13.712277,0.041182,0.135145,-185.328339,0.000188,-0.003146,0.000000,0.000000,0.000000,0.000000
0.960000,-0.781651,0.000000,0.001321,0.013896,0.000000,-0.002554,-0.016818,-0.872058,0.044328,0.092824,10.915477,-0.000062,0.000464,0.000000,0.000000,0.000000,0.000000
-2.780000,-8.656065,0.000000,-0.002314,-0.040241,0.000000,-0.003431,0.038948,-8.726083,0.049563,-0.069530,337.680328,-0.000060,0.006205,0.000000,0.000000,0.000000,0.000000
-3.320000,-0.781651,0.000000,-0.002305,-0.048057,0.000000,-0.003372,0.046845,-0.788879,0.043358,-0.083630,30.527903,0.000112,0.000340,0.000000,0.000000,0.000000,0.000000
-4.860000,-2.229155,0.000000,-0.002060,-0.070349,0.000000,-0.003484,0.071412,-2.264365,0.043018,-0.173616,64.344131,0.000150,0.000748,0.000000,0.000000,0.000000,0.000000
-2.250000,3.777982,0.000000,-0.001902,-0.032569,0.000000,-0.003634,0.032961,3.870132,0.042269,-0.100417,-87.760376,0.000162,-0.001935,0.000000,0.000000,0.000000,0.000000
-2.780000,-0.767176,0.000000,-0.001640,-0.040241,0.000000,-0.003796,0.042897,-0.797406,0.044204,-0.155526,15.194264,0.000101,-0.000129,0.000000,0.000000,0.000000,0.000000
-0.450000,3.372681,0.000000,-0.001414,-0.006514,0.000000,-0.003896,0.005892,3.543463,0.044334,-0.024536,-58.785988,0.000083,-0.001179,0.000000,0.000000,0.000000,0.000000
-8.430000,-11.551071,0.000000,-0.001098,-0.122024,0.000000,-0.003979,0.146036,-12.342669,0.045513,-0.680511,182.984558,0.000161,0.001626,0.000000,0.000000,0.000000,0.000000
-6.760000,2.417330,0.000000,-0.001133,-0.097851,0.000000,-0.004140,0.122654,2.627065,0.043887,-0.626946,-35.506100,0.000381,-0.002371,0.000000,0.000000,0.000000,0.000000
6.820000,19.657085,0.000000,-0.001105,0.098720,0.000000,-0.004522,-0.133509,21.818933,0.046258,0.736874,-273.105896,0.000051,-0.003174,0.000000,0.000000,0.000000,0.000000
7.760000,1.360652,0.000000,-0.000513,0.112326,0.000000,-0.004573,-0.159776,1.540694,0.049431,0.940205,-18.087839,-0.000403,0.002207,0.000000,0.000000,0.000000,0.000000
-3.680000,-15.155352,0.000000,-0.000871,-0.053268,0.000000,-0.001643,0.053729,-15.276712,0.033628,-0.095919,591.175415,-0.000143,0.010930,0.000000,0.000000,0.000000,0.000000
-8.300000,-6.687462,0.000000,-0.000935,-0.120143,0.000000,-0.001500,0.122056,-6.741189,0.022697,-0.217898,260.869293,0.000203,0.004330,0.000000,0.000000,0.000000,0.000000
1.100000,13.606524,0.000000,-0.001105,0.015923,0.000000,-0.001703,-0.017806,13.812785,0.018368,0.043289,-392.503662,0.000213,-0.007323,0.000000,0.000000,0.000000,0.000000
-4.100000,-7.527013,0.000000,-0.000841,-0.059348,0.000000,-0.001916,0.062883,-7.714786,0.025691,-0.191575,174.942978,0.000024,0.002808,0.000000,0.000000,0.000000,0.000000
-0.990000,4.501733,0.000000,-0.000821,-0.014330,0.000000,-0.001939,0.015013,4.666511,0.022883,-0.054432,-88.918602,0.000129,-0.001836,0.000000,0.000000,0.000000,0.000000
4.560000,8.033639,0.000000,-0.000668,0.066006,0.000000,-0.002068,-0.077041,8.444529,0.024719,0.320815,-140.094589,-0.000049,-0.001782,0.000000,0.000000,0.000000,0.000000
0.240000,-6.253211,0.000000,-0.000280,0.003474,0.000000,-0.002020,-0.004534,-6.681990,0.026500,0.021127,99.062935,-0.000139,0.001936,0.000000,0.000000,0.000000,0.000000
-4.030000,-6.180836,0.000000,-0.000080,-0.058334,0.000000,-0.001881,0.073875,-6.725798,0.024564,-0.377613,90.902542,0.000073,0.000696,0.000000,0.000000,0.000000,0.000000
-0.830000,4.632009,0.000000,-0.000062,-0.012014,0.000000,-0.001954,0.015985,5.140276,0.023868,-0.088225,-64.340431,0.000140,-0.001458,0.000000,0.000000,0.000000,0.000000
-1.990000,-1.679103,0.000000,0.000090,-0.028805,0.000000,-0.002094,0.040914,-1.908249,0.025326,-0.240759,22.402964,0.000074,-0.000224,0.000000,0.000000,0.000000,0.000000
-1.840000,-4.805708,0.000000,0.000126,-0.026634,0.000000,-0.000330,0.027449,-4.844437,0.019358,-0.049003,187.469101,-0.000018,0.003418,0.000000,0.000000,0.000000,0.000000
-2.750000,-1.317227,0.000000,0.000102,-0.039806,0.000000,-0.000312,0.040862,-1.328120,0.015940,-0.072948,51.395344,0.000085,0.000770,0.000000,0.000000,0.000000,0.000000
-4.780000,-2.938430,0.000000,0.000142,-0.069191,0.000000,-0.000398,0.072504,-2.983639,0.015171,-0.176271,84.782974,0.000139,0.001127,0.000000,0.000000,0.000000,0.000000
0.400000,7.498063,0.000000,0.000088,0.005790,0.000000,-0.000537,-0.006128,7.683474,0.014044,0.018670,-174.232956,0.000129,-0.003251,0.000000,0.000000,0.000000,0.000000
4.230000,5.543935,0.000000,0.000269,0.061229,0.000000,-0.000666,-0.067745,5.747162,0.017294,0.245618,-109.509987,-0.000075,-0.001403,0.000000,0.000000,0.000000,0.000000
5.330000,1.592253,0.000000,0.000619,0.077152,0.000000,-0.000591,-0.088432,1.672641,0.018698,0.368250,-27.749084,-0.000207,0.000473,0.000000,0.000000,0.000000,0.000000
6.250000,1.331702,0.000000,0.001021,0.090469,0.000000,-0.000384,-0.108021,1.421041,0.018224,0.503365,-21.067453,-0.000265,0.000962,0.000000,0.000000,0.000000,0.000000
0.520000,-8.294189,0.000000,0.001469,0.007527,0.000000,-0.000119,-0.007682,-9.025080,0.017262,0.039269,121.978477,-0.000191,0.002414,0.000000,0.000000,0.000000,0.000000
-0.010000,-0.767176,0.000000,0.001683,-0.000145,0.000000,0.000072,0.002445,-0.853847,0.014848,-0.013495,10.687533,-0.000009,0.000161,0.000000,0.000000,0.000000,0.000000
0.750000,1.100102,0.000000,0.001887,0.010856,0.000000,0.000082,-0.012700,1.246187,0.014687,0.074735,-14.630311,-0.000011,-0.000075,0.000000,0.000000,0.000000,0.000000
4.810000,5.876860,0.000000,0.002135,0.069625,0.000000,0.000092,-0.101524,6.831842,0.014762,0.630383,-76.011795,-0.000145,0.000266,0.000000,0.000000,0.000000,0.000000
-2.770000,-10.972070,0.000000,0.002566,-0.040096,0.000000,0.000238,0.068386,-13.103395,0.014496,-0.444239,139.352478,-0.000063,0.001436,0.000000,0.000000,0.000000,0.000000
-5.050000,-4.342508,0.000000,-0.000876,-0.073099,0.000000,-0.001529,0.074017,-4.377744,0.028579,-0.132138,169.409149,0.000117,0.002848,0.000000,0.000000,0.000000,0.000000
1.930000,10.103568,0.000000,-0.001005,0.027937,0.000000,-0.001646,-0.029633,10.183303,0.025732,0.052902,-394.071594,0.000112,-0.007324,0.000000,0.000000,0.000000,0.000000
3.690000,2.547605,0.000000,-0.000623,0.053413,0.000000,-0.001759,-0.056507,2.585218,0.033055,0.137379,-73.461479,-0.000104,-0.001006,0.000000,0.000000,0.000000,0.000000
1.290000,-3.474006,0.000000,-0.000164,0.018673,0.000000,-0.001655,-0.020246,-3.561682,0.034061,0.061680,80.765854,-0.000122,0.001698,0.000000,0.000000,0.000000,0.000000
-0.390000,-2.431804,0.000000,0.000184,-0.005645,0.000000,-0.001533,0.006478,-2.523109,0.032363,-0.023488,48.076878,-0.000030,0.000844,0.000000,0.000000,0.000000,0.000000
-2.040000,-2.388379,0.000000,0.000459,-0.029529,0.000000,-0.001503,0.034651,-2.512954,0.031520,-0.144293,41.689873,0.000046,0.000398,0.000000,0.000000,0.000000,0.000000
-4.160000,-3.068705,0.000000,0.000665,-0.060216,0.000000,-0.001549,0.073522,-3.280651,0.031122,-0.342605,48.636841,0.000137,-0.000007,0.000000,0.000000,0.000000,0.000000
4.070000,11.912946,0.000000,0.000783,0.058913,0.000000,-0.001686,-0.073718,12.957197,0.031129,0.376810,-175.123047,0.000046,-0.002297,0.000000,0.000000,0.000000,0.000000
-1.140000,-7.541488,0.000000,0.001256,-0.016502,0.000000,-0.001731,0.023750,-8.375466,0.033425,-0.131082,104.835052,-0.000094,0.001635,0.000000,0.000000,0.000000,0.000000
-0.030000,1.606728,0.000000,0.001517,-0.000434,0.000000,-0.001637,0.002762,1.820088,0.031791,-0.016255,-21.367941,0.000042,-0.000452,0.000000,0.000000,0.000000,0.000000
-3.280000,4.241182,0.000000,-0.001322,-0.047478,0.000000,-0.002198,0.047350,4.273976,0.038451,-0.084531,-165.393570,0.000209,-0.003360,0.000000,0.000000,0.000000,0.000000
-7.670000,-6.354536,0.000000,-0.001358,-0.111023,0.000000,-0.002407,0.112286,-6.406089,0.041811,-0.200457,247.901657,0.000182,0.004158,0.000000,0.000000,0.000000,0.000000
-3.310000,6.311111,0.000000,-0.001321,-0.047912,0.000000,-0.002589,0.048722,6.405828,0.037653,-0.118452,-182.027802,0.000253,-0.003775,0.000000,0.000000,0.000000,0.000000
3.290000,9.553517,0.000000,-0.001090,0.047623,0.000000,-0.002841,-0.052357,9.788891,0.041428,0.159508,-221.976074,0.000043,-0.003765,0.000000,0.000000,0.000000,0.000000
-2.110000,-7.816514,0.000000,-0.000570,-0.030542,0.000000,-0.002885,0.033308,-8.106660,0.045192,-0.120762,154.469330,-0.000063,0.002605,0.000000,0.000000,0.000000,0.000000
0.680000,4.038532,0.000000,-0.000294,0.009843,0.000000,-0.002821,-0.011713,4.243258,0.042587,0.048774,-70.395561,0.000049,-0.001206,0.000000,0.000000,0.000000,0.000000
-1.330000,-2.909480,0.000000,0.000101,-0.019252,0.000000,-0.002870,0.023372,-3.111192,0.043793,-0.108909,46.124550,0.000004,0.000581,0.000000,0.000000,0.000000,0.000000
-1.250000,0.115800,0.000000,0.000410,-0.018094,0.000000,-0.002874,0.023465,0.122583,0.043212,-0.119943,-1.656775,0.000066,-0.000357,0.000000,0.000000,0.000000,0.000000
10.060000,18.585934,0.000000,-0.001816,0.145619,0.000000,-0.002791,-0.150858,18.732714,0.043055,0.269316,-724.915161,-0.000053,-0.012997,0.000000,0.000000,0.000000,0.000000
-3.710000,-19.932112,0.000000,-0.001320,-0.053702,0.000000,-0.002737,0.053634,-20.092014,0.056052,-0.095750,777.517151,-0.000235,0.014487,0.000000,0.000000,0.000000,0.000000
-5.450000,-2.518654,0.000000,-0.001087,-0.078889,0.000000,-0.002502,0.081360,-2.558301,0.041565,-0.197802,72.696609,0.000172,0.000815,0.000000,0.000000,0.000000,0.000000
-8.800000,-4.849134,0.000000,-0.000943,-0.127380,0.000000,-0.002674,0.135895,-4.971112,0.040750,-0.414011,112.726555,0.000273,0.001013,0.000000,0.000000,0.000000,0.000000
-1.000000,11.290520,0.000000,-0.000958,-0.014475,0.000000,-0.002947,0.015022,11.704485,0.039737,-0.054462,-223.024521,0.000262,-0.004372,0.000000,0.000000,0.000000,0.000000
-1.320000,-0.463201,0.000000,-0.000636,-0.019107,0.000000,-0.003209,0.021343,-0.489441,0.044109,-0.088877,8.119818,0.000048,-0.000079,0.000000,0.000000,0.000000,0.000000
-1.960000,-0.926401,0.000000,-0.000334,-0.028371,0.000000,-0.003257,0.033859,-0.992529,0.044188,-0.157778,14.714603,0.000073,-0.000148,0.000000,0.000000,0.000000,0.000000
-12.920000,-15.864628,0.000000,-0.000063,-0.187017,0.000000,-0.003330,0.237088,-17.262091,0.044336,-1.211874,233.305832,0.000314,0.001140,0.000000,0.000000,0.000000,0.000000
8.400000,30.860752,0.000000,-0.000258,0.121590,0.000000,-0.003644,-0.162965,34.256245,0.043196,0.899450,-428.782684,0.000207,-0.005688,0.000000,0.000000,0.000000,0.000000
6.860000,-2.229153,0.000000,0.000442,0.099299,0.000000,-0.003851,-0.139977,-2.534894,0.048884,0.823694,29.759806,-0.000427,0.002802,0.000000,0.000000,0.000000,0.000000
3.330000,-5.109684,0.000000,0.001079,0.048202,0.000000,-0.003424,-0.070885,-5.947761,0.046082,0.440144,66.175415,-0.000304,0.002438,0.000000,0.000000,0.000000,0.000000
-0.420000,1.983078,0.000000,-0.001473,-0.006080,0.000000,-0.002401,0.004813,1.997861,0.040797,-0.008592,-77.312851,0.000051,-0.001492,0.000000,0.000000,0.000000,0.000000
-0.550000,-0.188175,0.000000,-0.001392,-0.007961,0.000000,-0.002453,0.006726,-0.190699,0.042288,-0.012007,7.379632,0.000014,0.000110,0.000000,0.000000,0.000000,0.000000
2.660000,4.646483,0.000000,-0.001028,0.038504,0.000000,-0.002467,-0.041339,4.715714,0.042178,0.100504,-134.001572,-0.000023,-0.002266,0.000000,0.000000,0.000000,0.000000
4.620000,2.837105,0.000000,-0.000521,0.066875,0.000000,-0.002445,-0.072437,2.905614,0.044444,0.220682,-65.888664,-0.000141,-0.000646,0.000000,0.000000,0.000000,0.000000
7.350000,3.951682,0.000000,0.000070,0.106391,0.000000,-0.002304,-0.118155,4.094848,0.045090,0.428384,-78.025780,-0.000242,-0.000317,0.000000,0.000000,0.000000,0.000000
0.250000,-10.277267,0.000000,0.000780,0.003619,0.000000,-0.002062,-0.003280,-10.807532,0.045408,0.013658,179.296783,-0.000213,0.003433,0.000000,0.000000,0.000000,0.000000
0.580000,0.477676,0.000000,0.001186,0.008396,0.000000,-0.001849,-0.008706,0.507020,0.041975,0.040569,-7.516750,-0.000014,-0.000039,0.000000,0.000000,0.000000,0.000000
-0.310000,-1.288277,0.000000,0.001615,-0.004487,0.000000,-0.001835,0.007738,-1.405376,0.042014,-0.039555,18.994370,-0.000006,0.000253,0.000000,0.000000,0.000000,0.000000
-3.220000,-4.212233,0.000000,0.002015,-0.046610,0.000000,-0.001830,0.065033,-4.680664,0.041762,-0.358934,58.587498,0.000087,0.000138,0.000000,0.000000,0.000000,0.000000
1.370000,6.644037,0.000000,0.002306,0.019831,0.000000,-0.001917,-0.024815,7.536775,0.041624,0.146021,-88.482185,0.000075,-0.001281,0.000000,0.000000,0.000000,0.000000
4.940000,10.899694,0.000000,-0.002938,0.071507,0.000000,-0.004156,-0.076100,10.985107,0.054373,0.135856,-425.099640,0.000002,-0.007679,0.000000,0.000000,0.000000,0.000000
-3.930000,-12.839348,0.000000,-0.002616,-0.056887,0.000000,-0.004158,0.055568,-12.942937,0.062052,-0.099201,500.863403,-0.000095,0.009230,0.000000,0.000000,0.000000,0.000000
-5.220000,-1.867278,0.000000,-0.002306,-0.075560,0.000000,-0.004064,0.076604,-1.897312,0.052823,-0.186239,53.913952,0.000171,0.000500,0.000000,0.000000,0.000000,0.000000
0.030000,7.599388,0.000000,-0.002072,0.000434,0.000000,-0.004235,-0.002694,7.785936,0.052323,0.008207,-176.556442,0.000140,-0.003322,0.000000,0.000000,0.000000,0.000000
2.380000,3.401631,0.000000,-0.001617,0.034451,0.000000,-0.004375,-0.040081,3.524340,0.055644,0.145319,-67.154968,-0.000042,-0.000872,0.000000,0.000000,0.000000,0.000000
2.390000,0.014475,0.000000,-0.001070,0.034595,0.000000,-0.004333,-0.041211,0.012121,0.056517,0.171612,-0.201093,-0.000111,0.000462,0.000000,0.000000,0.000000,0.000000
2.520000,0.188175,0.000000,-0.000532,0.036477,0.000000,-0.004222,-0.044694,0.197449,0.056055,0.208270,-2.927248,-0.000117,0.000507,0.000000,0.000000,0.000000,0.000000
6.940000,6.397961,0.000000,0.000006,0.100457,0.000000,-0.004105,-0.127387,6.956112,0.055548,0.651138,-94.015350,-0.000213,-0.000020,0.000000,0.000000,0.000000,0.000000
0.640000,-9.119267,0.000000,0.000732,0.009264,0.000000,-0.003892,-0.011411,-10.128469,0.055567,0.062983,126.777252,-0.000222,0.002571,0.000000,0.000000,0.000000,0.000000
6.260000,8.134965,0.000000,0.001195,0.090614,0.000000,-0.003670,-0.126613,9.229017,0.052996,0.745055,-108.349213,-0.000167,-0.000041,0.000000,0.000000,0.000000,0.000000
1.490000,-6.904587,0.000000,0.001902,0.021568,0.000000,-0.003503,-0.029583,-8.036601,0.053037,0.183688,89.416069,-0.000232,0.002190,0.000000,0.000000,0.000000,0.000000
-1.750000,2.663404,0.000000,-0.002080,-0.025331,0.000000,-0.003268,0.023929,2.683325,0.052375,-0.042719,-103.838837,0.000116,-0.002086,0.000000,0.000000,0.000000,0.000000
-4.880000,-4.530683,0.000000,-0.002024,-0.070638,0.000000,-0.003384,0.070254,-4.568027,0.054460,-0.125419,176.772659,0.000103,0.003012,0.000000,0.000000,0.000000,0.000000
0.310000,7.512538,0.000000,-0.001754,0.004487,0.000000,-0.003487,-0.006526,7.625070,0.051449,0.015867,-216.673706,0.000127,-0.004065,0.000000,0.000000,0.000000,0.000000
-3.470000,-5.471560,0.000000,-0.001253,-0.050228,0.000000,-0.003614,0.052639,-5.609587,0.055514,-0.160366,127.204826,0.000036,0.001982,0.000000,0.000000,0.000000,0.000000
1.360000,6.991437,0.000000,-0.000934,0.019686,0.000000,-0.003650,-0.022915,7.246332,0.053532,0.083081,-138.076096,0.000075,-0.002393,0.000000,0.000000,0.000000,0.000000
2.380000,1.476453,0.000000,-0.000409,0.034451,0.000000,-0.003725,-0.040280,1.548954,0.055925,0.167733,-25.697111,-0.000080,-0.000028,0.000000,0.000000,0.000000,0.000000
0.220000,-3.126606,0.000000,0.000156,0.003185,0.000000,-0.003645,-0.003658,-3.343988,0.055953,0.017045,49.575840,-0.000073,0.000985,0.000000,0.000000,0.000000,0.000000
0.180000,-0.057900,0.000000,0.000628,0.002606,0.000000,-0.003572,-0.002508,-0.067357,0.054968,0.012821,0.910357,-0.000008,0.000050,0.000000,0.000000,0.000000,0.000000
0.460000,0.405301,0.000000,0.001101,0.006659,0.000000,-0.003564,-0.007433,0.444901,0.054918,0.041024,-5.568789,-0.000012,0.000005,0.000000,0.000000,0.000000,0.000000
-0.560000,-1.476453,0.000000,0.001593,-0.008106,0.000000,-0.003553,0.013733,-1.681798,0.054913,-0.080811,19.744413,0.000005,0.000155,0.000000,0.000000,0.000000,0.000000
-7.810000,-10.494393,0.000000,0.002051,-0.113050,0.000000,-0.003558,0.173144,-12.211931,0.054758,-1.075088,135.871231,0.000237,-0.000336,0.000000,0.000000,0.000000,0.000000
-5.530000,0.492150,0.000000,-0.002813,-0.080047,0.000000,-0.004011,0.079202,0.494811,0.053417,-0.141393,-19.148117,0.000223,-0.000744,0.000000,0.000000,0.000000,0.000000
-0.310000,7.555963,0.000000,-0.002902,-0.004487,0.000000,-0.004234,0.001623,7.614792,0.054161,-0.002897,-294.675812,0.000148,-0.005586,0.000000,0.000000,0.000000,0.000000
-3.340000,-4.385932,0.000000,-0.002384,-0.048347,0.000000,-0.004382,0.048065,-4.454484,0.059747,-0.116854,126.578476,0.000045,0.002091,0.000000,0.000000,0.000000,0.000000
-3.400000,-0.086850,0.000000,-0.002026,-0.049215,0.000000,-0.004428,0.050719,-0.091255,0.057656,-0.154517,2.069333,0.000135,-0.000383,0.000000,0.000000,0.000000,0.000000
2.010000,7.830989,0.000000,-0.001686,0.029095,0.000000,-0.004563,-0.034207,8.116727,0.058039,0.124020,-154.661148,0.000061,-0.002592,0.000000,0.000000,0.000000,0.000000
-0.770000,-4.024057,0.000000,-0.001120,-0.011146,0.000000,-0.004624,0.011584,-4.233851,0.060631,-0.048240,70.239525,-0.000049,0.001204,0.000000,0.000000,0.000000,0.000000
4.830000,8.106014,0.000000,-0.000684,0.069914,0.000000,-0.004575,-0.085258,8.655910,0.059427,0.397293,-128.327026,-0.000067,-0.001357,0.000000,0.000000,0.000000,0.000000
-2.830000,-11.087870,0.000000,-0.000014,-0.040964,0.000000,-0.004508,0.051931,-12.066782,0.060784,-0.265447,163.088623,-0.000088,0.002373,0.000000,0.000000,0.000000,0.000000
-2.420000,0.593476,0.000000,0.000329,-0.035030,0.000000,-0.004421,0.047290,0.653977,0.058412,-0.261007,-8.185774,0.000140,-0.000865,0.000000,0.000000,0.000000,0.000000
-1.700000,1.042202,0.000000,0.000691,-0.024608,0.000000,-0.004561,0.035822,1.177513,0.059277,-0.210794,-13.824070,0.000119,-0.000830,0.000000,0.000000,0.000000,0.000000
1.240000,4.255658,0.000000,0.001087,0.017949,0.000000,-0.004680,-0.025366,4.943140,0.060108,0.157501,-54.997902,0.000025,-0.000614,0.000000,0.000000,0.000000,0.000000
-5.380000,-6.296636,0.000000,-0.002249,-0.077876,0.000000,-0.003424,0.077555,-6.347954,0.051950,-0.138453,245.651978,0.000090,0.004278,0.000000,0.000000,0.000000,0.000000
0.620000,8.685016,0.000000,-0.002336,0.008975,0.000000,-0.003513,-0.011581,8.752965,0.047672,0.020674,-338.720673,0.000134,-0.006366,0.000000,0.000000,0.000000,0.000000
-6.580000,-10.422018,0.000000,-0.001826,-0.095246,0.000000,-0.003648,0.097692,-10.582163,0.054037,-0.237508,300.702393,0.000064,0.005063,0.000000,0.000000,0.000000,0.000000
2.820000,13.606524,0.000000,-0.001668,0.040820,0.000000,-0.003711,-0.045665,13.942210,0.048974,0.139122,-316.158112,0.000140,-0.005619,0.000000,0.000000,0.000000,0.000000
-1.060000,-5.616310,0.000000,-0.001096,-0.015344,0.000000,-0.003852,0.015833,-5.825800,0.054594,-0.057404,111.008415,-0.000068,0.001957,0.000000,0.000000,0.000000,0.000000
-0.700000,0.521101,0.000000,-0.000706,-0.010133,0.000000,-0.003784,0.010892,0.544869,0.052637,-0.045357,-9.039371,0.000040,-0.000297,0.000000,0.000000,0.000000,0.000000
2.130000,4.096432,0.000000,-0.000306,0.030832,0.000000,-0.003824,-0.037603,4.372766,0.052934,0.175227,-64.827850,-0.000019,-0.000753,0.000000,0.000000,0.000000,0.000000
0.420000,-2.475230,0.000000,0.000212,0.006080,0.000000,-0.003805,-0.007440,-2.696831,0.053687,0.038032,36.449028,-0.000071,0.000794,0.000000,0.000000,0.000000,0.000000
-3.750000,-6.036086,0.000000,0.000658,-0.054281,0.000000,-0.003734,0.073478,-6.705472,0.052893,-0.405546,83.931862,0.000072,0.000491,0.000000,0.000000,0.000000,0.000000
-1.010000,3.966157,0.000000,0.000932,-0.014620,0.000000,-0.003806,0.022020,4.497046,0.052402,-0.129578,-52.795589,0.000145,-0.001351,0.000000,0.000000,0.000000,0.000000
-3.210000,-3.184506,0.000000,0.001325,-0.046465,0.000000,-0.003950,0.071890,-3.709618,0.053753,-0.446379,41.273594,0.000124,-0.000423,0.000000,0.000000,0.000000,0.000000
-3.030000,-11.782671,0.000000,-0.002134,-0.043859,0.000000,-0.003218,0.042834,-11.877522,0.047989,-0.076468,459.634155,-0.000109,0.008497,0.000000,0.000000,0.000000,0.000000
