0.236882,0.129960,0.000000,nan,-0.000000,ovf,0.000003,-0.000000,-0.000000,-0.000000,0.000000,ovf,ovf,ovf,-0.000001,ovf,0.000000,-0.000000
1.580000,2.504179,0.000000,0.000000,0.022871,0.000000,0.000000,-0.023007,2.509150,0.000000,0.020779,-191.931061,-0.000015,-0.003578,0.000000,0.000000,0.000000,0.000000
4.260000,3.879307,0.000000,0.000062,0.061664,0.000000,0.000015,-0.061969,3.886959,0.003578,0.055967,-297.323120,-0.000094,-0.005472,0.000000,0.000000,0.000000,0.000000
-2.690000,-10.060143,0.000000,0.000321,-0.038938,0.000000,0.000109,0.039987,-10.122419,0.009050,-0.063106,443.103516,-0.000083,0.008230,0.000000,0.000000,0.000000,0.000000
0.220000,4.212233,0.000000,0.000227,0.003185,0.000000,0.000192,-0.003070,4.265608,0.000820,0.006854,-132.010574,0.000073,-0.002496,0.000000,0.000000,0.000000,0.000000
-0.340000,-0.810601,0.000000,0.000273,-0.004922,0.000000,0.000119,0.005532,-0.828243,0.003317,-0.015810,20.021189,-0.000001,0.000341,0.000000,0.000000,0.000000,0.000000
-0.970000,-0.911927,0.000000,0.000295,-0.014041,0.000000,0.000120,0.015757,-0.942055,0.002976,-0.054342,18.870575,0.000025,0.000210,0.000000,0.000000,0.000000,0.000000
-1.420000,-0.651376,0.000000,0.000292,-0.020555,0.000000,0.000096,0.023782,-0.681913,0.002766,-0.095138,11.776120,0.000051,-0.000035,0.000000,0.000000,0.000000,0.000000
-1.170000,0.361876,0.000000,0.000270,-0.016936,0.000000,0.000044,0.020483,0.384294,0.002801,-0.092372,-5.887026,0.000063,-0.000361,0.000000,0.000000,0.000000,0.000000
-0.920000,0.361876,0.000000,0.000261,-0.013317,0.000000,-0.000018,0.016950,0.391017,0.003162,-0.084328,-5.429666,0.000053,-0.000330,0.000000,0.000000,0.000000,0.000000
0.350000,1.838328,0.000000,0.000265,0.005066,0.000000,-0.000072,-0.006313,2.027050,0.003492,0.034070,-25.949703,0.000021,-0.000399,0.000000,0.000000,0.000000,0.000000
1.550000,1.737003,0.000000,0.000323,0.022436,0.000000,-0.000093,-0.030746,1.957108,0.003891,0.177553,-23.412909,-0.000046,0.000038,0.000000,0.000000,0.000000,0.000000
-0.450000,-2.895005,0.000000,0.000434,-0.006514,0.000000,-0.000047,0.010252,-3.341526,0.003853,-0.062661,37.769863,-0.000035,0.000546,0.000000,0.000000,0.000000,0.000000
-0.070000,0.550051,0.000000,0.000465,-0.001013,0.000000,-0.000011,0.002322,0.650477,0.003307,-0.014882,-7.010242,0.000019,-0.000174,0.000000,0.000000,0.000000,0.000000
1.450000,2.200204,0.000000,0.000514,0.020989,0.000000,-0.000030,-0.034341,2.676576,0.003481,0.229152,-27.710955,-0.000042,0.000095,0.000000,0.000000,0.000000,0.000000
-0.190000,-2.373904,0.000000,0.000630,-0.002750,0.000000,0.000012,0.006067,-2.975919,0.003386,-0.041877,29.784708,-0.000040,0.000451,0.000000,0.000000,0.000000,0.000000
1.480000,0.289501,0.000000,0.000910,0.021423,0.000000,0.000950,-0.020770,0.291589,0.006221,0.037080,-11.283839,-0.000051,-0.000114,0.000000,0.000000,0.000000,0.000000
-3.530000,-7.251988,0.000000,0.001192,-0.051097,0.000000,0.001001,0.053539,-7.309882,0.006335,-0.095579,282.876495,0.000007,0.005098,0.000000,0.000000,0.000000,0.000000
-4.810000,-1.852803,0.000000,0.001085,-0.069625,0.000000,0.000994,0.073944,-1.881105,0.001237,-0.179772,53.453419,0.000164,0.000516,0.000000,0.000000,0.000000,0.000000
0.170000,7.208563,0.000000,0.000926,0.002461,0.000000,0.000830,-0.001650,7.387256,0.000721,0.005025,-167.515854,0.000135,-0.003159,0.000000,0.000000,0.000000,0.000000
-3.220000,-4.907034,0.000000,0.000998,-0.046610,0.000000,0.000695,0.052907,-5.088182,0.003880,-0.191818,96.953384,0.000047,0.001323,0.000000,0.000000,0.000000,0.000000
7.340000,15.285628,0.000000,0.000927,0.106247,0.000000,0.000648,-0.121694,16.069473,0.002557,0.506764,-266.592285,-0.000025,-0.003680,0.000000,0.000000,0.000000,0.000000
-0.980000,-12.043221,0.000000,0.001321,-0.014186,0.000000,0.000673,0.018726,-12.866702,0.006237,-0.087263,190.753540,-0.000193,0.003383,0.000000,0.000000,0.000000,0.000000
-5.830000,-7.020387,0.000000,0.001366,-0.084389,0.000000,0.000866,0.108751,-7.638217,0.002854,-0.555883,103.234352,0.000150,0.000445,0.000000,0.000000,0.000000,0.000000
-2.750000,4.458308,0.000000,0.001215,-0.039806,0.000000,0.000716,0.054864,4.948406,0.002410,-0.302809,-61.938797,0.000242,-0.001993,0.000000,0.000000,0.000000,0.000000
2.450000,7.527013,0.000000,0.001203,0.035464,0.000000,0.000474,-0.048513,8.543036,0.004402,0.285472,-100.295769,0.000030,-0.001123,0.000000,0.000000,0.000000,0.000000
-0.030000,2.127829,0.000000,-0.000161,-0.000434,0.000000,-0.000540,0.000320,2.144336,0.016299,-0.000571,-82.981110,0.000041,-0.001571,0.000000,0.000000,0.000000,0.000000
-6.320000,-9.104792,0.000000,-0.000123,-0.091482,0.000000,-0.000582,0.093543,-9.177657,0.017869,-0.166995,355.155304,0.000079,0.006276,0.000000,0.000000,0.000000,0.000000
0.360000,9.669317,0.000000,-0.000264,0.005211,0.000000,-0.000661,-0.005726,9.815899,0.011593,0.013921,-278.928253,0.000170,-0.005255,0.000000,0.000000,0.000000,0.000000
-1.840000,-3.184506,0.000000,-0.000095,-0.026634,0.000000,-0.000831,0.028525,-3.264249,0.016849,-0.086902,74.021179,0.000015,0.001176,0.000000,0.000000,0.000000,0.000000
6.600000,12.216922,0.000000,-0.000026,0.095535,0.000000,-0.000846,-0.106197,12.666074,0.015672,0.385029,-241.347214,-0.000047,-0.003531,0.000000,0.000000,0.000000,0.000000
7.490000,1.288277,0.000000,0.000415,0.108418,0.000000,-0.000799,-0.124795,1.353098,0.019203,0.519677,-22.447865,-0.000312,0.000987,0.000000,0.000000,0.000000,0.000000
-3.950000,-16.559429,0.000000,0.000896,-0.057176,0.000000,-0.000487,0.070131,-17.692017,0.018216,-0.326801,262.290588,-0.000145,0.004081,0.000000,0.000000,0.000000,0.000000
-1.850000,3.039755,0.000000,0.000893,-0.026779,0.000000,-0.000342,0.035092,3.305420,0.014135,-0.179371,-44.674419,0.000158,-0.001339,0.000000,0.000000,0.000000,0.000000
-0.950000,1.302752,0.000000,0.000985,-0.013751,0.000000,-0.000500,0.019709,1.444411,0.015474,-0.108778,-18.079580,0.000080,-0.000634,0.000000,0.000000,0.000000,0.000000
1.190000,3.097656,0.000000,0.001121,0.017225,0.000000,-0.000580,-0.022803,3.514126,0.016108,0.134183,-41.256050,0.000005,-0.000417,0.000000,0.000000,0.000000,0.000000
0.870000,-0.463201,0.000000,0.001354,0.012593,0.000000,-0.000585,-0.016906,-0.541338,0.016525,0.104976,6.022989,-0.000056,0.000399,0.000000,0.000000,0.000000,0.000000
-5.630000,-9.350866,0.000000,-0.000450,-0.081494,0.000000,-0.000989,0.083038,-9.425817,0.023354,-0.148241,364.758545,0.000046,0.006505,0.000000,0.000000,0.000000,0.000000
-3.920000,2.475230,0.000000,-0.000614,-0.056742,0.000000,-0.001035,0.057469,2.494508,0.016849,-0.102596,-96.532036,0.000203,-0.002117,0.000000,0.000000,0.000000,0.000000
-5.870000,-2.822630,0.000000,-0.000596,-0.084968,0.000000,-0.001238,0.088231,-2.866145,0.018966,-0.214505,81.444290,0.000184,0.000966,0.000000,0.000000,0.000000,0.000000
-1.200000,6.759837,0.000000,-0.000675,-0.017370,0.000000,-0.001422,0.017944,6.926866,0.018000,-0.054667,-157.075851,0.000179,-0.003124,0.000000,0.000000,0.000000,0.000000
6.340000,10.914169,0.000000,-0.000547,0.091772,0.000000,-0.001601,-0.102594,11.315163,0.021124,0.371966,-215.606125,-0.000064,-0.003071,0.000000,0.000000,0.000000,0.000000
3.830000,-3.633232,0.000000,-0.000092,0.055439,0.000000,-0.001538,-0.064165,-3.821076,0.024195,0.267197,63.391579,-0.000246,0.001929,0.000000,0.000000,0.000000,0.000000
-1.170000,-7.237513,0.000000,0.000254,-0.016936,0.000000,-0.001292,0.020759,-7.733437,0.022266,-0.096734,114.651001,-0.000090,0.001906,0.000000,0.000000,0.000000,0.000000
1.360000,3.662181,0.000000,0.000386,0.019686,0.000000,-0.001202,-0.024475,3.982329,0.020360,0.125106,-53.823174,0.000009,-0.000684,0.000000,0.000000,0.000000,0.000000
-1.490000,-4.125382,0.000000,0.000629,-0.021568,0.000000,-0.001211,0.029686,-4.581775,0.021044,-0.163847,57.349724,-0.000006,0.000644,0.000000,0.000000,0.000000,0.000000
-0.120000,1.983078,0.000000,0.000754,-0.001737,0.000000,-0.001205,0.003528,2.248812,0.020401,-0.020759,-26.401192,0.000052,-0.000557,0.000000,0.000000,0.000000,0.000000
-1.190000,7.932314,0.000000,-0.000138,-0.017225,0.000000,-0.000670,0.017552,7.994813,0.022796,-0.031335,-309.381836,0.000199,-0.005942,0.000000,0.000000,0.000000,0.000000
-3.500000,-3.343731,0.000000,-0.000129,-0.050663,0.000000,-0.000869,0.051741,-3.371060,0.028738,-0.092370,130.452652,0.000076,0.002231,0.000000,0.000000,0.000000,0.000000
-4.420000,-1.331702,0.000000,-0.000012,-0.063980,0.000000,-0.000944,0.066893,-1.352875,0.026507,-0.162630,38.443249,0.000155,0.000284,0.000000,0.000000,0.000000,0.000000
-1.580000,4.110907,0.000000,0.000061,-0.022871,0.000000,-0.001099,0.024647,4.211742,0.026223,-0.075088,-95.506836,0.000146,-0.002012,0.000000,0.000000,0.000000,0.000000
-1.340000,0.347401,0.000000,0.000262,-0.019397,0.000000,-0.001246,0.021847,0.358659,0.028235,-0.079209,-6.834105,0.000066,-0.000340,0.000000,0.000000,0.000000,0.000000
3.550000,7.078287,0.000000,0.000475,0.051386,0.000000,-0.001311,-0.058827,7.439597,0.028575,0.244968,-123.422783,-0.000018,-0.001674,0.000000,0.000000,0.000000,0.000000
-1.900000,-7.888889,0.000000,0.000903,-0.027503,0.000000,-0.001293,0.034303,-8.430088,0.030248,-0.159850,124.979103,-0.000067,0.001937,0.000000,0.000000,0.000000,0.000000
-1.070000,1.201427,0.000000,0.001102,-0.015488,0.000000,-0.001226,0.021039,1.304387,0.028311,-0.107539,-17.629452,0.000082,-0.000628,0.000000,0.000000,0.000000,0.000000
3.010000,5.905810,0.000000,0.001343,0.043570,0.000000,-0.001308,-0.056476,6.553131,0.028939,0.311705,-82.025024,-0.000029,-0.000709,0.000000,0.000000,0.000000,0.000000
-3.670000,-9.669317,0.000000,0.001765,-0.053123,0.000000,-0.001279,0.077720,-10.979873,0.029648,-0.457342,128.904358,0.000002,0.001205,0.000000,0.000000,0.000000,0.000000
1.980000,8.178390,0.000000,0.001918,0.028661,0.000000,-0.001281,-0.040228,9.507541,0.028443,0.249785,-105.781898,0.000071,-0.001330,0.000000,0.000000,0.000000,0.000000
-5.450000,-10.754944,0.000000,0.002320,-0.078889,0.000000,-0.001353,0.130176,-12.845364,0.029773,-0.845629,136.608383,0.000109,0.000302,0.000000,0.000000,0.000000,0.000000
-2.410000,-1.273802,0.000000,-0.001558,-0.034885,0.000000,-0.002375,0.034208,-1.284796,0.036118,-0.061068,49.718815,0.000068,0.000776,0.000000,0.000000,0.000000,0.000000
-1.260000,1.664628,0.000000,-0.001566,-0.018239,0.000000,-0.002443,0.017071,1.677027,0.035343,-0.030476,-64.897301,0.000078,-0.001313,0.000000,0.000000,0.000000,0.000000
-6.480000,-7.555963,0.000000,-0.001287,-0.093798,0.000000,-0.002520,0.096743,-7.671983,0.036655,-0.235199,218.006790,0.000116,0.003494,0.000000,0.000000,0.000000,0.000000
1.270000,11.218145,0.000000,-0.001262,0.018383,0.000000,-0.002637,-0.021115,11.495211,0.033161,0.064328,-260.669098,0.000160,-0.004768,0.000000,0.000000,0.000000,0.000000
-2.110000,-4.892559,0.000000,-0.000896,-0.030542,0.000000,-0.002797,0.032946,-5.074560,0.037930,-0.119448,96.693810,-0.000007,0.001517,0.000000,0.000000,0.000000,0.000000
0.640000,3.980632,0.000000,-0.000687,0.009264,0.000000,-0.002790,-0.011499,4.182873,0.036413,0.047883,-69.393784,0.000048,-0.001187,0.000000,0.000000,0.000000,0.000000
-2.890000,-5.109684,0.000000,-0.000364,-0.041833,0.000000,-0.002838,0.050079,-5.461076,0.037600,-0.233363,80.962440,0.000032,0.000904,0.000000,0.000000,0.000000,0.000000
-2.270000,0.897452,0.000000,-0.000196,-0.032858,0.000000,-0.002870,0.041421,0.973700,0.036696,-0.211722,-13.160047,0.000130,-0.000824,0.000000,0.000000,0.000000,0.000000
-1.090000,1.708053,0.000000,-0.000004,-0.015778,0.000000,-0.003000,0.021097,1.893171,0.037520,-0.116440,-23.696667,0.000093,-0.000762,0.000000,0.000000,0.000000,0.000000
-0.140000,-13.041997,0.000000,-0.000822,-0.002027,0.000000,-0.001535,0.001307,-13.146486,0.031070,-0.002334,508.740295,-0.000246,0.009628,0.000000,0.000000,0.000000,0.000000
-8.140000,-11.580021,0.000000,-0.000753,-0.117827,0.000000,-0.001289,0.119871,-11.672634,0.021442,-0.213998,451.705444,0.000104,0.007956,0.000000,0.000000,0.000000,0.000000
-7.000000,1.650153,0.000000,-0.000961,-0.101325,0.000000,-0.001393,0.104955,1.674846,0.013486,-0.255165,-47.592361,0.000315,-0.001606,0.000000,0.000000,0.000000,0.000000
-3.040000,5.732111,0.000000,-0.001121,-0.044004,0.000000,-0.001709,0.046091,5.873832,0.015092,-0.140418,-133.196945,0.000235,-0.002899,0.000000,0.000000,0.000000,0.000000
-0.270000,4.009582,0.000000,-0.001111,-0.003908,0.000000,-0.001944,0.003109,4.156552,0.017991,-0.011271,-79.201523,0.000087,-0.001525,0.000000,0.000000,0.000000,0.000000
2.540000,4.067482,0.000000,-0.000987,0.036767,0.000000,-0.002031,-0.043623,4.275285,0.019516,0.181658,-70.926895,-0.000037,-0.000849,0.000000,0.000000,0.000000,0.000000
-0.160000,-3.908257,0.000000,-0.000748,-0.002316,0.000000,-0.001993,0.001893,-4.176282,0.020364,-0.008822,61.914913,-0.000074,0.001150,0.000000,0.000000,0.000000,0.000000
10.110000,14.865850,0.000000,-0.000631,0.146343,0.000000,-0.001919,-0.186386,16.171169,0.019214,0.952711,-218.561478,-0.000198,-0.001564,0.000000,0.000000,0.000000,0.000000
-1.140000,-16.284403,0.000000,-0.000082,-0.016502,0.000000,-0.001722,0.021960,-18.079466,0.020778,-0.121201,226.299240,-0.000283,0.003960,0.000000,0.000000,0.000000,0.000000
-1.280000,-13.128849,0.000000,0.000683,-0.018528,0.000000,0.000375,0.019705,-13.233620,0.012585,-0.035177,512.112183,-0.000197,0.009594,0.000000,0.000000,0.000000,0.000000
-0.330000,1.375127,0.000000,0.000664,-0.004777,0.000000,0.000572,0.005571,1.385955,0.002991,-0.009946,-53.633430,0.000042,-0.001060,0.000000,0.000000,0.000000,0.000000
-3.980000,-5.283384,0.000000,0.000703,-0.057611,0.000000,0.000530,0.060981,-5.363893,0.004051,-0.148256,152.420197,0.000063,0.002487,0.000000,0.000000,0.000000,0.000000
-2.090000,2.735780,0.000000,0.000576,-0.030253,0.000000,0.000467,0.033134,2.803508,0.001564,-0.100946,-63.573269,0.000143,-0.001481,0.000000,0.000000,0.000000,0.000000
2.530000,6.687462,0.000000,0.000538,0.036622,0.000000,0.000324,-0.040100,6.933498,0.003045,0.145388,-132.115173,0.000023,-0.002106,0.000000,0.000000,0.000000,0.000000
-3.850000,-9.235066,0.000000,0.000707,-0.055729,0.000000,0.000301,0.065210,-9.709411,0.005151,-0.271551,161.078949,-0.000007,0.002319,0.000000,0.000000,0.000000,0.000000
-1.980000,2.706830,0.000000,0.000604,-0.028661,0.000000,0.000309,0.035341,2.891288,0.002831,-0.164684,-42.864391,0.000150,-0.001261,0.000000,0.000000,0.000000,0.000000
0.620000,3.763507,0.000000,0.000585,0.008975,0.000000,0.000159,-0.010639,4.093667,0.004093,0.054382,-55.327965,0.000048,-0.000898,0.000000,0.000000,0.000000,0.000000
-4.920000,-8.019164,0.000000,0.000681,-0.071217,0.000000,0.000110,0.096159,-8.903139,0.004991,-0.530727,111.439888,0.000091,0.000676,0.000000,0.000000,0.000000,0.000000
12.490000,25.201019,0.000000,0.000547,0.180793,0.000000,0.000019,-0.255222,28.606102,0.004315,1.501855,-335.837341,-0.000149,-0.002298,0.000000,0.000000,0.000000,0.000000
4.540000,-11.507645,0.000000,0.001146,0.065717,0.000000,0.000168,-0.097132,-13.385284,0.006613,0.603113,148.926086,-0.000516,0.004456,0.000000,0.000000,0.000000,0.000000
-1.020000,6.571662,0.000000,0.000894,-0.014765,0.000000,0.000569,0.016070,6.623542,0.013128,-0.028689,-256.316620,0.000170,-0.004939,0.000000,0.000000,0.000000,0.000000
-1.140000,-0.173700,0.000000,0.000887,-0.016502,0.000000,0.000400,0.017804,-0.175591,0.018067,-0.031785,6.794972,0.000045,0.000052,0.000000,0.000000,0.000000,0.000000
-3.630000,-3.604282,0.000000,0.001034,-0.052544,0.000000,0.000355,0.056029,-3.659791,0.018015,-0.136217,103.996483,0.000082,0.001601,0.000000,0.000000,0.000000,0.000000
6.200000,14.228951,0.000000,0.001071,0.089745,0.000000,0.000273,-0.095307,14.581121,0.016414,0.290357,-330.646271,0.000018,-0.005478,0.000000,0.000000,0.000000,0.000000
1.810000,-6.354536,0.000000,0.001560,0.026200,0.000000,0.000255,-0.027382,-6.590063,0.021893,0.099277,125.571136,-0.000199,0.002656,0.000000,0.000000,0.000000,0.000000
-1.000000,-4.067482,0.000000,0.001864,-0.014475,0.000000,0.000454,0.018879,-4.277875,0.019236,-0.078618,70.969864,-0.000030,0.001126,0.000000,0.000000,0.000000,0.000000
-1.510000,-0.738226,0.000000,0.002059,-0.021857,0.000000,0.000483,0.028882,-0.790651,0.018110,-0.134587,11.721683,0.000063,-0.000144,0.000000,0.000000,0.000000,0.000000
2.020000,5.109684,0.000000,0.002245,0.029240,0.000000,0.000420,-0.034233,5.556304,0.018254,0.174981,-75.096245,0.000012,-0.000948,0.000000,0.000000,0.000000,0.000000
-3.330000,-7.744139,0.000000,0.002597,-0.048202,0.000000,0.000407,0.067940,-8.600090,0.019203,-0.374980,107.646645,0.000021,0.001026,0.000000,0.000000,0.000000,0.000000
-5.970000,-2.706829,0.000000,-0.001588,-0.086416,0.000000,-0.002480,0.086947,-2.729303,0.039359,-0.155220,105.618050,0.000183,0.001578,0.000000,0.000000,0.000000,0.000000
1.740000,11.160244,0.000000,-0.001728,0.025187,0.000000,-0.002664,-0.027558,11.248106,0.037781,0.049197,-435.277130,0.000138,-0.008112,0.000000,0.000000,0.000000,0.000000
-6.800000,-12.361672,0.000000,-0.001241,-0.098430,0.000000,-0.002802,0.101634,-12.551064,0.045892,-0.247091,356.650635,0.000037,0.006100,0.000000,0.000000,0.000000,0.000000
-1.830000,7.194088,0.000000,-0.001165,-0.026489,0.000000,-0.002839,0.027218,7.371002,0.039793,-0.082922,-167.147232,0.000213,-0.003400,0.000000,0.000000,0.000000,0.000000
-4.050000,-3.213456,0.000000,-0.000873,-0.058624,0.000000,-0.003052,0.064179,-3.333895,0.043193,-0.232687,63.526100,0.000110,0.000580,0.000000,0.000000,0.000000,0.000000
1.490000,8.019164,0.000000,-0.000686,0.021568,0.000000,-0.003162,-0.025714,8.428239,0.042613,0.107078,-139.824310,0.000090,-0.002359,0.000000,0.000000,0.000000,0.000000
0.450000,-1.505403,0.000000,-0.000264,0.006514,0.000000,-0.003252,-0.008185,-1.611156,0.044972,0.038142,23.885973,-0.000053,0.000560,0.000000,0.000000,0.000000,0.000000
-3.040000,-5.051784,0.000000,0.000110,-0.044004,0.000000,-0.003199,0.055944,-5.499082,0.044413,-0.285956,74.322853,0.000047,0.000633,0.000000,0.000000,0.000000,0.000000
0.550000,5.196534,0.000000,0.000336,0.007961,0.000000,-0.003247,-0.010199,5.765148,0.043780,0.056289,-72.161911,0.000081,-0.001215,0.000000,0.000000,0.000000,0.000000
-2.370000,-4.226707,0.000000,0.000714,-0.034306,0.000000,-0.003328,0.049587,-4.802273,0.044995,-0.291797,56.378975,0.000043,0.000280,0.000000,0.000000,0.000000,0.000000
-1.600000,3.198981,0.000000,-0.001609,-0.023160,0.000000,-0.002504,0.022158,3.223473,0.039494,-0.039558,-124.741364,0.000121,-0.002469,0.000000,0.000000,0.000000,0.000000
-10.720000,-13.201223,0.000000,-0.001577,-0.155172,0.000000,-0.002625,0.157265,-13.307220,0.041964,-0.280755,514.960449,0.000173,0.008996,0.000000,0.000000,0.000000,0.000000
-3.970000,9.770642,0.000000,-0.001713,-0.057466,0.000000,-0.002798,0.058303,9.918141,0.032968,-0.141746,-281.833588,0.000345,-0.005737,0.000000,0.000000,0.000000,0.000000
1.180000,7.454638,0.000000,-0.001544,0.017081,0.000000,-0.003143,-0.020017,7.638119,0.038704,0.060984,-173.204483,0.000090,-0.003104,0.000000,0.000000,0.000000,0.000000
0.760000,-0.607951,0.000000,-0.001154,0.011001,0.000000,-0.003233,-0.013508,-0.632293,0.041808,0.048976,12.048100,-0.000049,0.000366,0.000000,0.000000,0.000000,0.000000
5.730000,7.194088,0.000000,-0.000793,0.082942,0.000000,-0.003184,-0.096754,7.560931,0.041442,0.402905,-125.435715,-0.000118,-0.001286,0.000000,0.000000,0.000000,0.000000
4.680000,-1.519878,0.000000,-0.000222,0.067743,0.000000,-0.003066,-0.082078,-1.626484,0.042728,0.382472,24.113220,-0.000253,0.001494,0.000000,0.000000,0.000000,0.000000
1.030000,-5.283384,0.000000,0.000301,0.014909,0.000000,-0.002813,-0.018525,-5.750893,0.041234,0.094691,77.726204,-0.000159,0.001725,0.000000,0.000000,0.000000,0.000000
4.910000,5.616310,0.000000,0.000671,0.071072,0.000000,-0.002655,-0.094157,6.231299,0.039509,0.519681,-77.996666,-0.000136,-0.000074,0.000000,0.000000,0.000000,0.000000
3.200000,-2.475229,0.000000,0.001208,0.046320,0.000000,-0.002518,-0.063877,-2.813978,0.039584,0.375882,33.036270,-0.000226,0.001642,0.000000,0.000000,0.000000,0.000000
1.510000,-2.446279,0.000000,0.001681,0.021857,0.000000,-0.002292,-0.030350,-2.849916,0.037941,0.188452,31.708467,-0.000136,0.001107,0.000000,0.000000,0.000000,0.000000
0.610000,0.854027,0.000000,-0.001407,0.008830,0.000000,-0.002336,-0.010385,0.859827,0.040759,0.018540,-33.273437,-0.000012,-0.000582,0.000000,0.000000,0.000000,0.000000
-5.660000,-9.075841,0.000000,-0.001286,-0.081929,0.000000,-0.002324,0.082570,-9.149028,0.041341,-0.147406,354.047363,0.000050,0.006306,0.000000,0.000000,0.000000,0.000000
-4.890000,1.114577,0.000000,-0.001194,-0.070783,0.000000,-0.002374,0.072772,1.130392,0.035035,-0.176922,-32.121170,0.000218,-0.001098,0.000000,0.000000,0.000000,0.000000
-6.860000,-2.851581,0.000000,-0.001074,-0.099299,0.000000,-0.002592,0.105572,-2.923772,0.036133,-0.321631,66.300415,0.000230,0.000387,0.000000,0.000000,0.000000,0.000000
-2.260000,6.658512,0.000000,-0.001052,-0.032714,0.000000,-0.002822,0.035186,6.902102,0.035746,-0.127570,-131.516922,0.000225,-0.002836,0.000000,0.000000,0.000000,0.000000
2.490000,6.875638,0.000000,-0.000834,0.036043,0.000000,-0.003048,-0.042611,7.226326,0.038582,0.177441,-119.884628,0.000021,-0.001785,0.000000,0.000000,0.000000,0.000000
6.990000,6.513762,0.000000,-0.000418,0.101180,0.000000,-0.003069,-0.122694,6.956091,0.040367,0.571742,-103.126579,-0.000200,-0.000403,0.000000,0.000000,0.000000,0.000000
-4.450000,-16.559429,0.000000,0.000188,-0.064414,0.000000,-0.002869,0.081925,-18.017807,0.040770,-0.418758,243.519714,-0.000119,0.003479,0.000000,0.000000,0.000000,0.000000
2.320000,9.799592,0.000000,0.000307,0.033582,0.000000,-0.002749,-0.044503,10.875690,0.037290,0.245624,-136.130157,0.000086,-0.001920,0.000000,0.000000,0.000000,0.000000
6.830000,6.528237,0.000000,0.000715,0.098864,0.000000,-0.002835,-0.138976,7.406661,0.039210,0.817808,-86.954643,-0.000236,0.000569,0.000000,0.000000,0.000000,0.000000
-4.060000,-15.763303,0.000000,0.001314,-0.058769,0.000000,-0.002599,0.090381,-18.337761,0.038641,-0.561196,204.027832,-0.000102,0.002344,0.000000,0.000000,0.000000,0.000000
-1.080000,3.734557,0.000000,-0.001091,-0.015633,0.000000,-0.001896,0.014973,3.763394,0.035235,-0.026731,-145.635147,0.000112,-0.002834,0.000000,0.000000,0.000000,0.000000
0.230000,1.896229,0.000000,-0.001049,0.003329,0.000000,-0.002008,-0.004483,1.910375,0.038069,0.008002,-73.927330,0.000024,-0.001373,0.000000,0.000000,0.000000,0.000000
1.090000,1.244852,0.000000,-0.000673,0.015778,0.000000,-0.002032,-0.017203,1.262445,0.039442,0.041825,-35.873600,-0.000023,-0.000564,0.000000,0.000000,0.000000,0.000000
-1.010000,-3.039755,0.000000,-0.000263,-0.014620,0.000000,-0.002009,0.015430,-3.116904,0.040006,-0.047010,70.679939,-0.000017,0.001212,0.000000,0.000000,0.000000,0.000000
-2.770000,-2.547605,0.000000,0.000049,-0.040096,0.000000,-0.001992,0.044613,-2.643483,0.038794,-0.161748,50.370571,0.000071,0.000514,0.000000,0.000000,0.000000,0.000000
-0.570000,3.184506,0.000000,0.000283,-0.008251,0.000000,-0.002063,0.009860,3.345505,0.038280,-0.041061,-55.501881,0.000090,-0.001163,0.000000,0.000000,0.000000,0.000000
-0.750000,-0.260550,0.000000,0.000614,-0.010856,0.000000,-0.002152,0.013851,-0.281240,0.039443,-0.064546,4.169479,0.000032,-0.000094,0.000000,0.000000,0.000000,0.000000
-7.350000,-9.553517,0.000000,0.000940,-0.106391,0.000000,-0.002184,0.136112,-10.396474,0.039536,-0.695739,140.513565,0.000171,0.000779,0.000000,0.000000,0.000000,0.000000
-3.190000,6.021610,0.000000,0.000991,-0.046175,0.000000,-0.002356,0.063082,6.681108,0.038757,-0.348165,-83.626892,0.000297,-0.002527,0.000000,0.000000,0.000000,0.000000
0.840000,5.833435,0.000000,0.001223,0.012159,0.000000,-0.002652,-0.015484,6.617421,0.041284,0.091118,-77.688911,0.000083,-0.001220,0.000000,0.000000,0.000000,0.000000
-0.790000,-2.359429,0.000000,0.001632,-0.011435,0.000000,-0.002735,0.019657,-2.749276,0.042504,-0.122052,30.588732,0.000001,0.000251,0.000000,0.000000,0.000000,0.000000
1.690000,9.148216,0.000000,-0.001959,0.024463,0.000000,-0.002936,-0.026953,9.219940,0.043278,0.048117,-356.791595,0.000102,-0.006626,0.000000,0.000000,0.000000,0.000000
-3.750000,-7.874414,0.000000,-0.001790,-0.054281,0.000000,-0.003038,0.053746,-7.938244,0.049904,-0.095949,307.192688,-0.000005,0.005569,0.000000,0.000000,0.000000,0.000000
-3.910000,-0.231600,0.000000,-0.001540,-0.056597,0.000000,-0.003033,0.057576,-0.236543,0.044334,-0.139977,6.721596,0.000151,-0.000262,0.000000,0.000000,0.000000,0.000000
0.930000,7.005912,0.000000,-0.001308,0.013462,0.000000,-0.003184,-0.015875,7.177966,0.044596,0.048363,-162.769882,0.000093,-0.002951,0.000000,0.000000,0.000000,0.000000
3.980000,4.414883,0.000000,-0.000868,0.057611,0.000000,-0.003276,-0.064987,4.575179,0.047547,0.235619,-87.178291,-0.000089,-0.001008,0.000000,0.000000,0.000000,0.000000
-0.230000,-6.093986,0.000000,-0.000301,-0.003329,0.000000,-0.003187,0.003499,-6.409492,0.048555,-0.014571,106.333374,-0.000112,0.001976,0.000000,0.000000,0.000000,0.000000
0.100000,0.477676,0.000000,0.000080,0.001448,0.000000,-0.003075,-0.001651,0.507129,0.046579,0.007694,-7.518374,0.000005,-0.000125,0.000000,0.000000,0.000000,0.000000
-2.390000,-3.604281,0.000000,0.000475,-0.034595,0.000000,-0.003081,0.044475,-3.924716,0.046704,-0.227334,53.044498,0.000046,0.000390,0.000000,0.000000,0.000000,0.000000
-4.910000,-3.647706,0.000000,0.000767,-0.071072,0.000000,-0.003127,0.096080,-4.053591,0.046314,-0.530296,50.738483,0.000183,-0.000474,0.000000,0.000000,0.000000,0.000000
-1.230000,5.326809,0.000000,0.000957,-0.017804,0.000000,-0.003310,0.026565,6.042046,0.046789,-0.156320,-70.933983,0.000186,-0.001765,0.000000,0.000000,0.000000,0.000000
-0.180000,1.519878,0.000000,0.001306,-0.002606,0.000000,-0.003496,0.005884,1.762202,0.048554,-0.036535,-19.606447,0.000049,-0.000467,0.000000,0.000000,0.000000,0.000000
-2.680000,-1.490928,0.000000,-0.002010,-0.038793,0.000000,-0.003034,0.037767,-1.503865,0.045302,-0.067423,58.196308,0.000074,0.000920,0.000000,0.000000,0.000000,0.000000
-1.760000,1.331702,0.000000,-0.002007,-0.025476,0.000000,-0.003107,0.024030,1.341241,0.044381,-0.042898,-51.903111,0.000090,-0.001101,0.000000,0.000000,0.000000,0.000000
-5.690000,-5.688685,0.000000,-0.001670,-0.082363,0.000000,-0.003198,0.084383,-5.776600,0.045482,-0.205152,164.147675,0.000119,0.002555,0.000000,0.000000,0.000000,0.000000
-1.480000,6.093986,0.000000,-0.001530,-0.021423,0.000000,-0.003316,0.021381,6.243517,0.042927,-0.065139,-141.580048,0.000176,-0.002862,0.000000,0.000000,0.000000,0.000000
1.620000,4.487258,0.000000,-0.001210,0.023450,0.000000,-0.003492,-0.027405,4.650383,0.045788,0.099358,-88.611290,0.000014,-0.001404,0.000000,0.000000,0.000000,0.000000
4.000000,3.445056,0.000000,-0.000764,0.057900,0.000000,-0.003506,-0.067785,3.619191,0.047192,0.282272,-60.042309,-0.000115,-0.000371,0.000000,0.000000,0.000000,0.000000
-3.310000,-10.581244,0.000000,-0.000221,-0.047912,0.000000,-0.003391,0.057595,-11.307074,0.047563,-0.268384,167.631470,-0.000058,0.002449,0.000000,0.000000,0.000000,0.000000
8.560000,17.181856,0.000000,0.000007,0.123906,0.000000,-0.003333,-0.157124,18.688488,0.045114,0.803141,-252.584274,-0.000071,-0.002615,0.000000,0.000000,0.000000,0.000000
2.330000,-9.017941,0.000000,0.000737,0.033727,0.000000,-0.003262,-0.044121,-10.015363,0.047729,0.243517,125.361496,-0.000309,0.003037,0.000000,0.000000,0.000000,0.000000
-5.380000,-18.701733,0.000000,-0.001778,-0.077876,0.000000,-0.002799,0.078022,-18.851549,0.044998,-0.139287,729.513794,-0.000145,0.013431,0.000000,0.000000,0.000000,0.000000
-3.380000,2.895005,0.000000,-0.001881,-0.048926,0.000000,-0.002653,0.048168,2.917302,0.031567,-0.085991,-112.893219,0.000186,-0.002395,0.000000,0.000000,0.000000,0.000000
-1.130000,3.256881,0.000000,-0.001719,-0.016357,0.000000,-0.002839,0.015307,3.305341,0.033962,-0.037214,-93.924477,0.000104,-0.001875,0.000000,0.000000,0.000000,0.000000
1.940000,4.443833,0.000000,-0.001464,0.028082,0.000000,-0.002943,-0.031756,4.552725,0.035837,0.096746,-103.239067,0.000000,-0.001690,0.000000,0.000000,0.000000,0.000000
1.670000,-0.390826,0.000000,-0.001082,0.024173,0.000000,-0.002943,-0.028066,-0.406961,0.037527,0.101756,7.754492,-0.000084,0.000425,0.000000,0.000000,0.000000,0.000000
-1.400000,-4.443833,0.000000,-0.000720,-0.020265,0.000000,-0.002859,0.022584,-4.673862,0.037102,-0.094046,77.539299,-0.000027,0.001213,0.000000,0.000000,0.000000,0.000000
1.550000,4.270133,0.000000,-0.000497,0.022436,0.000000,-0.002832,-0.027695,4.559553,0.035889,0.129055,-67.597031,0.000011,-0.000933,0.000000,0.000000,0.000000,0.000000
1.930000,0.550051,0.000000,-0.000151,0.027937,0.000000,-0.002843,-0.035620,0.595738,0.036822,0.182070,-8.051703,-0.000085,0.000342,0.000000,0.000000,0.000000,0.000000
-1.920000,-5.572885,0.000000,0.000209,-0.027792,0.000000,-0.002758,0.037449,-6.189681,0.036480,-0.206693,77.475739,-0.000016,0.000907,0.000000,0.000000,0.000000,0.000000
9.330000,13.982875,0.000000,-0.000869,0.135052,0.000000,-0.001570,-0.139096,14.093326,0.030614,0.248318,-545.380920,-0.000109,-0.009657,0.000000,0.000000,0.000000,0.000000
-6.700000,-23.203466,0.000000,-0.000430,-0.096983,0.000000,-0.001461,0.098860,-23.389021,0.040271,-0.176487,905.104065,-0.000175,0.016679,0.000000,0.000000,0.000000,0.000000
-0.870000,8.438940,0.000000,-0.000476,-0.012593,0.000000,-0.001286,0.012671,8.566418,0.023592,-0.030806,-243.423035,0.000197,-0.004723,0.000000,0.000000,0.000000,0.000000
-0.250000,0.897452,0.000000,-0.000251,-0.003619,0.000000,-0.001482,0.003619,0.918507,0.028315,-0.011027,-20.828360,0.000027,-0.000416,0.000000,0.000000,0.000000,0.000000
-0.070000,0.260550,0.000000,-0.000002,-0.001013,0.000000,-0.001509,0.001124,0.268639,0.028731,-0.004076,-5.118824,0.000008,-0.000107,0.000000,0.000000,0.000000,0.000000
3.660000,5.399185,0.000000,0.000255,0.052979,0.000000,-0.001517,-0.060921,5.674392,0.028838,0.253687,-94.138054,-0.000057,-0.001096,0.000000,0.000000,0.000000,0.000000
-1.850000,-7.975739,0.000000,0.000675,-0.026779,0.000000,-0.001460,0.033155,-8.522762,0.029934,-0.154497,126.353058,-0.000072,0.001977,0.000000,0.000000,0.000000,0.000000
-9.670000,-11.319469,0.000000,0.000863,-0.139973,0.000000,-0.001388,0.178602,-12.316727,0.027958,-0.912926,166.466751,0.000250,0.000679,0.000000,0.000000,0.000000,0.000000
0.710000,15.025077,0.000000,0.000723,0.010277,0.000000,-0.001638,-0.012778,16.677229,0.027279,0.070523,-208.747559,0.000281,-0.003763,0.000000,0.000000,0.000000,0.000000
-2.600000,8.019164,0.000000,-0.001064,-0.037635,0.000000,-0.001818,0.037523,8.082133,0.033004,-0.066987,-312.760925,0.000254,-0.006096,0.000000,0.000000,0.000000,0.000000
3.100000,8.250764,0.000000,-0.001087,0.044873,0.000000,-0.002072,-0.047058,8.315423,0.039100,0.084009,-321.788696,0.000030,-0.005855,0.000000,0.000000,0.000000,0.000000
-8.470000,-16.747604,0.000000,-0.000543,-0.122603,0.000000,-0.002102,0.127643,-17.003689,0.044954,-0.310323,483.176208,0.000023,0.008320,0.000000,0.000000,0.000000,0.000000
2.080000,15.271152,0.000000,-0.000547,0.030108,0.000000,-0.002125,-0.032948,15.648525,0.036634,0.100379,-354.851044,0.000207,-0.006463,0.000000,0.000000,0.000000,0.000000
2.870000,1.143527,0.000000,-0.000078,0.041543,0.000000,-0.002332,-0.046254,1.183400,0.043097,0.167698,-22.549229,-0.000103,0.000039,0.000000,0.000000,0.000000,0.000000
0.590000,-3.300306,0.000000,0.000424,0.008540,0.000000,-0.002229,-0.009379,-3.472355,0.043058,0.039055,57.606304,-0.000091,0.001196,0.000000,0.000000,0.000000,0.000000
-0.780000,-1.983078,0.000000,0.000828,-0.011291,0.000000,-0.002138,0.014635,-2.121662,0.041862,-0.068198,31.454412,-0.000000,0.000409,0.000000,0.000000,0.000000,0.000000
-0.670000,0.159225,0.000000,0.001179,-0.009698,0.000000,-0.002137,0.013794,0.169586,0.041453,-0.070508,-2.292036,0.000041,-0.000235,0.000000,0.000000,0.000000,0.000000
-3.190000,-3.647706,0.000000,0.001541,-0.046175,0.000000,-0.002178,0.063818,-4.053679,0.041688,-0.352231,50.739578,0.000096,0.000008,0.000000,0.000000,0.000000,0.000000
0.230000,4.950459,0.000000,0.001807,0.003329,0.000000,-0.002274,-0.002155,5.614665,0.041680,0.012681,-65.916496,0.000100,-0.001214,0.000000,0.000000,0.000000,0.000000
-0.910000,-2.098879,0.000000,-0.002290,-0.013172,0.000000,-0.003402,0.011256,-2.116742,0.049289,-0.020095,81.913277,-0.000010,0.001499,0.000000,0.000000,0.000000,0.000000
-11.300000,-15.039552,0.000000,-0.002208,-0.163568,0.000000,-0.003392,0.165215,-15.160291,0.047790,-0.294947,586.670166,0.000160,0.010308,0.000000,0.000000,0.000000,0.000000
-2.670000,12.491947,0.000000,-0.002335,-0.038648,0.000000,-0.003552,0.037974,12.680704,0.037482,-0.092323,-360.334473,0.000343,-0.007092,0.000000,0.000000,0.000000,0.000000
-5.550000,-4.168808,0.000000,-0.002073,-0.080336,0.000000,-0.003894,0.084118,-4.273911,0.044574,-0.256269,96.916588,0.000146,0.001155,0.000000,0.000000,0.000000,0.000000
-12.210000,-9.640368,0.000000,-0.001958,-0.176740,0.000000,-0.004040,0.194236,-9.997302,0.043419,-0.704221,190.494781,0.000336,0.001700,0.000000,0.000000,0.000000,0.000000
7.850000,29.036901,0.000000,-0.002151,0.113629,0.000000,-0.004376,-0.133781,30.524824,0.041719,0.557094,-506.406342,0.000215,-0.008085,0.000000,0.000000,0.000000,0.000000
4.470000,-4.892559,0.000000,-0.001488,0.064703,0.000000,-0.004592,-0.079936,-5.229517,0.049804,0.372491,77.529503,-0.000316,0.002491,0.000000,0.000000,0.000000,0.000000
-2.610000,-10.248318,0.000000,-0.000983,-0.037780,0.000000,-0.004276,0.046664,-11.151987,0.047313,-0.238523,150.724716,-0.000084,0.002204,0.000000,0.000000,0.000000,0.000000
-2.490000,0.173700,0.000000,-0.000786,-0.036043,0.000000,-0.004192,0.047154,0.189690,0.045109,-0.260255,-2.374334,0.000131,-0.000753,0.000000,0.000000,0.000000,0.000000
-2.690000,-0.289501,0.000000,-0.000590,-0.038938,0.000000,-0.004323,0.054300,-0.332114,0.045862,-0.319526,3.899034,0.000140,-0.000789,0.000000,0.000000,0.000000,0.000000
-3.650000,-1.389603,0.000000,-0.000407,-0.052834,0.000000,-0.004463,0.078865,-1.620000,0.046651,-0.489691,18.024296,0.000182,-0.000982,0.000000,0.000000,0.000000,0.000000
2.110000,8.337615,0.000000,-0.000267,0.030542,0.000000,-0.004646,-0.049387,9.950034,0.047633,0.320821,-105.817017,0.000054,-0.001134,0.000000,0.000000,0.000000,0.000000
3.360000,1.809378,0.000000,0.000108,0.048636,0.000000,-0.004700,-0.083117,2.216814,0.048767,0.560870,-22.695349,-0.000183,0.001090,0.000000,0.000000,0.000000,0.000000
-5.210000,-6.180836,0.000000,-0.000944,-0.075415,0.000000,-0.001626,0.076322,-6.230722,0.029874,-0.136251,241.115356,0.000089,0.004195,0.000000,0.000000,0.000000,0.000000
-4.760000,0.651376,0.000000,-0.001077,-0.068901,0.000000,-0.001715,0.069445,0.655944,0.025679,-0.123976,-25.383589,0.000200,-0.000824,0.000000,0.000000,0.000000,0.000000
-1.390000,4.878084,0.000000,-0.001027,-0.020120,0.000000,-0.001915,0.019966,4.951386,0.026503,-0.048541,-140.698425,0.000147,-0.002794,0.000000,0.000000,0.000000,0.000000
-1.080000,0.448726,0.000000,-0.000828,-0.015633,0.000000,-0.002062,0.015912,0.458687,0.029297,-0.048478,-10.401339,0.000051,-0.000323,0.000000,0.000000,0.000000,0.000000
4.120000,7.527013,0.000000,-0.000622,0.059637,0.000000,-0.002114,-0.066966,7.802822,0.029619,0.242791,-148.679810,-0.000033,-0.002158,0.000000,0.000000,0.000000,0.000000
4.580000,0.665851,0.000000,-0.000191,0.066296,0.000000,-0.002080,-0.076823,0.698155,0.031777,0.319910,-11.582371,-0.000195,0.000650,0.000000,0.000000,0.000000,0.000000
1.260000,-4.805708,0.000000,0.000258,0.018239,0.000000,-0.001886,-0.021714,-5.136138,0.031127,0.101185,76.145119,-0.000156,0.001714,0.000000,0.000000,0.000000,0.000000
4.890000,5.254434,0.000000,0.000566,0.070783,0.000000,-0.001730,-0.089047,5.713755,0.029413,0.455162,-77.224274,-0.000132,-0.000234,0.000000,0.000000,0.000000,0.000000
-2.940000,-11.333945,0.000000,0.001031,-0.042557,0.000000,-0.001598,0.058295,-12.585164,0.029647,-0.321748,157.527496,-0.000080,0.002113,0.000000,0.000000,0.000000,0.000000
-0.400000,3.676657,0.000000,0.001172,-0.005790,0.000000,-0.001518,0.009858,4.170368,0.027534,-0.058010,-48.960373,0.000106,-0.001088,0.000000,0.000000,0.000000,0.000000
-1.210000,-8.033639,0.000000,-0.001014,-0.017515,0.000000,-0.001753,0.016972,-8.098323,0.032371,-0.030299,313.387390,-0.000108,0.005854,0.000000,0.000000,0.000000,0.000000
-2.650000,-2.084404,0.000000,-0.000983,-0.038359,0.000000,-0.001646,0.038268,-2.101620,0.026517,-0.068318,81.328102,0.000064,0.001344,0.000000,0.000000,0.000000,0.000000
-6.030000,-4.892559,0.000000,-0.000862,-0.087284,0.000000,-0.001710,0.090375,-4.967731,0.025173,-0.219720,141.162857,0.000150,0.002076,0.000000,0.000000,0.000000,0.000000
-2.700000,4.820184,0.000000,-0.000904,-0.039083,0.000000,-0.001860,0.041034,4.938894,0.023097,-0.125012,-111.995987,0.000204,-0.002463,0.000000,0.000000,0.000000,0.000000
-2.530000,0.246076,0.000000,-0.000803,-0.036622,0.000000,-0.002064,0.039805,0.253967,0.025559,-0.144317,-4.839253,0.000112,-0.000477,0.000000,0.000000,0.000000,0.000000
8.340000,15.734352,0.000000,-0.000701,0.120722,0.000000,-0.002176,-0.140302,16.540277,0.026037,0.584248,-274.402924,-0.000067,-0.003615,0.000000,0.000000,0.000000,0.000000
-4.030000,-17.905607,0.000000,-0.000133,-0.058334,0.000000,-0.002110,0.070287,-19.130520,0.029651,-0.327530,283.616913,-0.000172,0.004491,0.000000,0.000000,0.000000,0.000000
-1.270000,3.995108,0.000000,-0.000097,-0.018383,0.000000,-0.001938,0.023190,4.344389,0.025160,-0.118537,-58.716606,0.000145,-0.001441,0.000000,0.000000,0.000000,0.000000
1.230000,3.618756,0.000000,0.000056,0.017804,0.000000,-0.002083,-0.023737,4.015142,0.026601,0.131010,-50.257225,0.000012,-0.000595,0.000000,0.000000,0.000000,0.000000
-1.530000,-8.077065,0.000000,0.000121,-0.022147,0.000000,-0.000430,0.022860,-8.141914,0.023433,-0.040810,315.074310,-0.000092,0.005857,0.000000,0.000000,0.000000,0.000000
1.000000,3.662181,0.000000,0.000119,0.014475,0.000000,-0.000338,-0.014699,3.690846,0.017576,0.026241,-142.827698,0.000030,-0.002644,0.000000,0.000000,0.000000,0.000000
-2.340000,-4.834659,0.000000,0.000359,-0.033872,0.000000,-0.000368,0.035796,-4.908885,0.020220,-0.087027,139.490707,0.000004,0.002411,0.000000,0.000000,0.000000,0.000000
-2.660000,-0.463201,0.000000,0.000444,-0.038504,0.000000,-0.000372,0.041861,-0.475544,0.017810,-0.127532,10.783581,0.000104,-0.000145,0.000000,0.000000,0.000000,0.000000
-0.860000,2.605505,0.000000,0.000518,-0.012449,0.000000,-0.000476,0.014409,2.700418,0.017955,-0.052243,-51.455429,0.000090,-0.001115,0.000000,0.000000,0.000000,0.000000
3.140000,5.790010,0.000000,0.000674,0.045452,0.000000,-0.000566,-0.051740,6.085737,0.019070,0.215455,-100.962265,-0.000025,-0.001327,0.000000,0.000000,0.000000,0.000000
-7.080000,-14.793475,0.000000,0.001008,-0.102483,0.000000,-0.000541,0.124980,-15.805635,0.020397,-0.582393,234.324310,0.000039,0.002864,0.000000,0.000000,0.000000,0.000000
2.460000,13.809175,0.000000,0.000909,0.035609,0.000000,-0.000580,-0.044004,15.021015,0.017533,0.224927,-203.016571,0.000165,-0.003241,0.000000,0.000000,0.000000,0.000000
3.610000,1.664628,0.000000,0.001223,0.052255,0.000000,-0.000746,-0.068252,1.845578,0.020774,0.376704,-23.100950,-0.000150,0.000588,0.000000,0.000000,0.000000,0.000000
-8.750000,-12.477472,0.000000,-0.000576,-0.126656,0.000000,-0.001271,0.129166,-12.577459,0.030117,-0.230591,486.720215,0.000112,0.008591,0.000000,0.000000,0.000000,0.000000
-4.870000,5.616311,0.000000,-0.000846,-0.070493,0.000000,-0.001383,0.071311,5.660460,0.021526,-0.127307,-219.047440,0.000300,-0.004508,0.000000,0.000000,0.000000,0.000000
-8.200000,-4.820184,0.000000,-0.000802,-0.118695,0.000000,-0.001683,0.123285,-4.894291,0.026034,-0.299730,139.076019,0.000240,0.001831,0.000000,0.000000,0.000000,0.000000
-5.530000,3.864831,0.000000,-0.000920,-0.080047,0.000000,-0.001923,0.085046,3.959791,0.024203,-0.259097,-89.793510,0.000305,-0.002404,0.000000,0.000000,0.000000,0.000000
1.860000,10.697044,0.000000,-0.000924,0.026924,0.000000,-0.002228,-0.030947,11.089832,0.026607,0.112201,-211.312561,0.000126,-0.003693,0.000000,0.000000,0.000000,0.000000
9.500000,11.058920,0.000000,-0.000609,0.137513,0.000000,-0.002353,-0.159597,11.624677,0.030300,0.664597,-192.853180,-0.000212,-0.001847,0.000000,0.000000,0.000000,0.000000
4.510000,-7.223037,0.000000,0.000032,0.065282,0.000000,-0.002142,-0.078799,-7.718555,0.032148,0.367193,114.430397,-0.000359,0.003163,0.000000,0.000000,0.000000,0.000000
1.800000,-3.922732,0.000000,0.000459,0.026055,0.000000,-0.001783,-0.032460,-4.269834,0.028984,0.165919,57.708946,-0.000168,0.001536,0.000000,0.000000,0.000000,0.000000
-7.720000,-13.780223,0.000000,0.000773,-0.111747,0.000000,-0.001615,0.150489,-15.300530,0.027448,-0.830593,191.515518,0.000118,0.001377,0.000000,0.000000,0.000000,0.000000
1.620000,-21.090113,0.000000,-0.001011,0.023450,0.000000,-0.001604,-0.024984,-21.258469,0.026122,0.044602,822.656372,-0.000470,0.015695,0.000000,0.000000,0.000000,0.000000
-1.660000,-4.747808,0.000000,-0.000885,-0.024029,0.000000,-0.001134,0.023697,-4.785795,0.010427,-0.042304,185.199814,-0.000026,0.003363,0.000000,0.000000,0.000000,0.000000
-4.420000,-3.995107,0.000000,-0.000899,-0.063980,0.000000,-0.001108,0.065966,-4.055998,0.007063,-0.160375,115.255096,0.000102,0.001742,0.000000,0.000000,0.000000,0.000000
-4.980000,-0.810601,0.000000,-0.001048,-0.072086,0.000000,-0.001210,0.076351,-0.830797,0.005321,-0.232608,18.839434,0.000191,-0.000276,0.000000,0.000000,0.000000,0.000000
0.620000,8.106014,0.000000,-0.001230,0.008975,0.000000,-0.001400,-0.011340,8.404538,0.005597,0.041114,-160.145264,0.000128,-0.002921,0.000000,0.000000,0.000000,0.000000
1.300000,0.984302,0.000000,-0.001173,0.018818,0.000000,-0.001528,-0.023098,1.034631,0.008517,0.096187,-17.164503,-0.000043,-0.000059,0.000000,0.000000,0.000000,0.000000
1.570000,0.390826,0.000000,-0.001095,0.022726,0.000000,-0.001485,-0.028767,0.417357,0.008577,0.134051,-6.187463,-0.000070,0.000246,0.000000,0.000000,0.000000,0.000000
-0.570000,-3.097656,0.000000,-0.001013,-0.008251,0.000000,-0.001415,0.009178,-3.370013,0.008331,-0.046915,45.547424,-0.000039,0.000735,0.000000,0.000000,0.000000,0.000000
2.090000,3.850357,0.000000,-0.001029,0.030253,0.000000,-0.001377,-0.041838,4.274408,0.007596,0.230916,-53.502434,-0.000032,-0.000390,0.000000,0.000000,0.000000,0.000000
5.420000,4.820183,0.000000,-0.000940,0.078455,0.000000,-0.001344,-0.112420,5.471603,0.007986,0.661539,-64.236946,-0.000200,0.000574,0.000000,0.000000,0.000000,0.000000
-6.360000,-5.934761,0.000000,0.001956,-0.092061,0.000000,0.001947,0.096269,-5.982021,-0.001215,-0.171863,231.491104,0.000148,0.003917,0.000000,0.000000,0.000000,0.000000
-1.790000,6.615087,0.000000,0.001707,-0.025910,0.000000,0.001800,0.028277,6.667747,-0.005132,-0.050481,-258.027252,0.000202,-0.005030,0.000000,0.000000,0.000000,0.000000
-2.710000,-1.331702,0.000000,0.001666,-0.039227,0.000000,0.001597,0.042764,-1.352089,-0.000103,-0.103967,38.420902,0.000090,0.000456,0.000000,0.000000,0.000000,0.000000
-3.130000,-0.607951,0.000000,0.001594,-0.045307,0.000000,0.001507,0.050409,-0.623241,-0.000558,-0.153573,14.132822,0.000124,-0.000149,0.000000,0.000000,0.000000,0.000000
2.720000,8.467890,0.000000,0.001513,0.039372,0.000000,0.001383,-0.042073,8.779477,-0.000410,0.152539,-167.289597,0.000052,-0.002755,0.000000,0.000000,0.000000,0.000000
1.750000,-1.404078,0.000000,0.001701,0.025331,0.000000,0.001331,-0.027304,-1.476752,0.002345,0.113701,24.499290,-0.000102,0.000777,0.000000,0.000000,0.000000,0.000000
4.050000,3.329256,0.000000,0.001858,0.058624,0.000000,0.001433,-0.068553,3.555835,0.001568,0.319449,-52.716553,-0.000118,-0.000136,0.000000,0.000000,0.000000,0.000000
7.360000,4.791234,0.000000,0.002126,0.106536,0.000000,0.001551,-0.132408,5.211150,0.001704,0.676804,-70.431305,-0.000259,0.000497,0.000000,0.000000,0.000000,0.000000
1.810000,-8.033639,0.000000,0.002550,0.026200,0.000000,0.001810,-0.031631,-8.920008,0.001206,0.174579,111.651024,-0.000254,0.002585,0.000000,0.000000,0.000000,0.000000
-1.420000,-4.675433,0.000000,0.002756,-0.020555,0.000000,0.002064,0.033007,-5.309142,-0.001379,-0.194229,62.329643,-0.000011,0.000650,0.000000,0.000000,0.000000,0.000000
-1.180000,-3.560856,0.000000,-0.000313,-0.017081,0.000000,-0.000863,0.017226,-3.589776,0.023697,-0.030753,138.916458,-0.000021,0.002546,0.000000,0.000000,0.000000,0.000000
0.760000,2.808155,0.000000,-0.000302,0.011001,0.000000,-0.000841,-0.011573,2.829956,0.021151,0.020660,-109.513100,0.000022,-0.002022,0.000000,0.000000,0.000000,0.000000
-4.810000,-8.062590,0.000000,-0.000050,-0.069625,0.000000,-0.000864,0.072756,-8.185946,0.023173,-0.176885,232.611572,0.000042,0.003930,0.000000,0.000000,0.000000,0.000000
3.780000,12.434047,0.000000,-0.000061,0.054716,0.000000,-0.000905,-0.058874,12.741721,0.019243,0.179363,-288.935425,0.000082,-0.004993,0.000000,0.000000,0.000000,0.000000
0.940000,-4.110907,0.000000,0.000316,0.013607,0.000000,-0.000987,-0.014769,-4.263657,0.024237,0.053548,81.242371,-0.000121,0.001692,0.000000,0.000000,0.000000,0.000000
0.610000,-0.477676,0.000000,0.000569,0.008830,0.000000,-0.000867,-0.009545,-0.503708,0.022544,0.039749,8.356507,-0.000035,0.000263,0.000000,0.000000,0.000000,0.000000
-2.360000,-4.299082,0.000000,0.000811,-0.034161,0.000000,-0.000831,0.042234,-4.594523,0.022281,-0.196804,68.115471,0.000027,0.000757,0.000000,0.000000,0.000000,0.000000
-4.100000,-2.518655,0.000000,0.000931,-0.059348,0.000000,-0.000859,0.076442,-2.742037,0.021525,-0.390735,37.060013,0.000155,-0.000357,0.000000,0.000000,0.000000,0.000000
-1.900000,3.184506,0.000000,0.000982,-0.027503,0.000000,-0.001014,0.038097,3.532898,0.021881,-0.210268,-44.220997,0.000170,-0.001405,0.000000,0.000000,0.000000,0.000000
0.120000,2.923955,0.000000,0.001133,0.001737,0.000000,-0.001183,-0.000855,3.316331,0.023287,0.005031,-38.933922,0.000060,-0.000721,0.000000,0.000000,0.000000,0.000000
2.750000,3.806932,0.000000,0.001376,0.039806,0.000000,-0.001243,-0.057810,4.424261,0.024008,0.358958,-49.224796,-0.000073,0.000040,0.000000,0.000000,0.000000,0.000000
-4.770000,-1.881753,0.000000,-0.000836,-0.069046,0.000000,-0.001514,0.069911,-1.897448,0.029609,-0.124807,73.427078,0.000153,0.001053,0.000000,0.000000,0.000000,0.000000
-3.270000,2.171254,0.000000,-0.000951,-0.047333,0.000000,-0.001667,0.047490,2.187829,0.028556,-0.084781,-84.664177,0.000170,-0.001834,0.000000,0.000000,0.000000,0.000000
-10.370000,-10.277268,0.000000,-0.000802,-0.150106,0.000000,-0.001837,0.156132,-10.434473,0.030391,-0.379586,296.505585,0.000224,0.004591,0.000000,0.000000,0.000000,0.000000
3.470000,20.033436,0.000000,-0.000993,0.050228,0.000000,-0.002061,-0.055052,20.529510,0.025800,0.167719,-465.533905,0.000239,-0.008370,0.000000,0.000000,0.000000,0.000000
4.490000,1.476452,0.000000,-0.000564,0.064993,0.000000,-0.002301,-0.072853,1.529158,0.034169,0.264136,-29.137531,-0.000169,0.000178,0.000000,0.000000,0.000000,0.000000
-0.490000,-7.208562,0.000000,-0.000096,-0.007093,0.000000,-0.002132,0.008085,-7.580437,0.033991,-0.033666,125.759323,-0.000121,0.002290,0.000000,0.000000,0.000000,0.000000
-2.130000,-2.373904,0.000000,0.000154,-0.030832,0.000000,-0.002011,0.037420,-2.538240,0.031701,-0.174373,37.630329,0.000053,0.000237,0.000000,0.000000,0.000000,0.000000
-0.850000,1.852803,0.000000,0.000335,-0.012304,0.000000,-0.002064,0.016028,2.013142,0.031465,-0.081925,-27.208632,0.000081,-0.000737,0.000000,0.000000,0.000000,0.000000
0.220000,1.548828,0.000000,0.000571,0.003185,0.000000,-0.002145,-0.003495,1.716495,0.032202,0.019289,-21.485235,0.000023,-0.000353,0.000000,0.000000,0.000000,0.000000
3.540000,4.805708,0.000000,0.000856,0.051242,0.000000,-0.002168,-0.071344,5.451804,0.032555,0.419823,-64.004509,-0.000090,-0.000076,0.000000,0.000000,0.000000,0.000000
-0.630000,-3.314781,0.000000,-0.000918,-0.009119,0.000000,-0.001695,0.008479,-3.341979,0.033882,-0.015136,129.327301,-0.000040,0.002408,0.000000,0.000000,0.000000,0.000000
-4.370000,-5.413660,0.000000,-0.000861,-0.063256,0.000000,-0.001654,0.063886,-5.457486,0.031474,-0.114051,211.192795,0.000070,0.003686,0.000000,0.000000,0.000000,0.000000
4.060000,12.202446,0.000000,-0.000780,0.058769,0.000000,-0.001724,-0.062272,12.387005,0.027788,0.151395,-351.988708,0.000066,-0.006262,0.000000,0.000000,0.000000,0.000000
5.650000,2.301529,0.000000,-0.000310,0.081784,0.000000,-0.001790,-0.088235,2.357178,0.034051,0.268811,-53.452133,-0.000194,-0.000273,0.000000,0.000000,0.000000,0.000000
-0.750000,-9.264016,0.000000,0.000229,-0.010856,0.000000,-0.001596,0.012319,-9.607074,0.034324,-0.044662,183.059143,-0.000148,0.003346,0.000000,0.000000,0.000000,0.000000
3.780000,6.557187,0.000000,0.000485,0.054716,0.000000,-0.001447,-0.062662,6.891612,0.030978,0.260940,-114.331726,-0.000039,-0.001465,0.000000,0.000000,0.000000,0.000000
0.330000,-4.993884,0.000000,0.000941,0.004777,0.000000,-0.001409,-0.004632,-5.337514,0.032443,0.021583,79.130585,-0.000114,0.001559,0.000000,0.000000,0.000000,0.000000
-5.030000,-7.758615,0.000000,0.001255,-0.072809,0.000000,-0.001295,0.093926,-8.443342,0.030884,-0.480101,114.116013,0.000094,0.000859,0.000000,0.000000,0.000000,0.000000
-1.540000,5.051785,0.000000,0.001350,-0.022292,0.000000,-0.001390,0.031619,5.604959,0.030025,-0.174512,-70.156822,0.000191,-0.001802,0.000000,0.000000,0.000000,0.000000
4.440000,8.656065,0.000000,0.001600,0.064269,0.000000,-0.001581,-0.088737,9.822058,0.031827,0.522176,-115.311554,-0.000054,-0.000768,0.000000,0.000000,0.000000,0.000000
1.710000,-3.951682,0.000000,0.002110,0.024752,0.000000,-0.001527,-0.034060,-4.600624,0.032594,0.211485,51.187023,-0.000179,0.001543,0.000000,0.000000,0.000000,0.000000
-2.660000,0.564526,0.000000,-0.001707,-0.038504,0.000000,-0.002627,0.037770,0.568042,0.040604,-0.067428,-21.982000,0.000113,-0.000601,0.000000,0.000000,0.000000,0.000000
-2.320000,0.492151,0.000000,-0.001715,-0.033582,0.000000,-0.002740,0.032628,0.495081,0.041205,-0.058249,-19.158567,0.000097,-0.000519,0.000000,0.000000,0.000000,0.000000
0.080000,3.474006,0.000000,-0.001432,0.001158,0.000000,-0.002837,-0.002708,3.525468,0.041724,0.006584,-100.179573,0.000059,-0.001878,0.000000,0.000000,0.000000,0.000000
4.020000,5.703160,0.000000,-0.001047,0.058190,0.000000,-0.002897,-0.063667,5.842896,0.043602,0.193965,-132.495392,-0.000062,-0.001981,0.000000,0.000000,0.000000,0.000000
3.190000,-1.201427,0.000000,-0.000492,0.046175,0.000000,-0.002835,-0.051861,-1.247966,0.045583,0.188028,23.779516,-0.000164,0.000963,0.000000,0.000000,0.000000,0.000000
2.780000,-0.593476,0.000000,0.000021,0.040241,0.000000,-0.002671,-0.046472,-0.626622,0.044621,0.193521,10.395643,-0.000137,0.000719,0.000000,0.000000,0.000000,0.000000
4.310000,2.214679,0.000000,0.000516,0.062387,0.000000,-0.002534,-0.074718,2.362786,0.043902,0.348178,-35.029152,-0.000157,0.000277,0.000000,0.000000,0.000000,0.000000
-1.400000,-8.265239,0.000000,0.001079,-0.020265,0.000000,-0.002377,0.027068,-8.995348,0.043625,-0.138359,121.576653,-0.000097,0.001927,0.000000,0.000000,0.000000,0.000000
-5.670000,-6.180836,0.000000,0.001406,-0.082073,0.000000,-0.002280,0.111649,-6.865710,0.041698,-0.616222,85.937561,0.000172,-0.000043,0.000000,0.000000,0.000000,0.000000
2.830000,12.303771,0.000000,0.001562,0.040964,0.000000,-0.002452,-0.055792,13.961923,0.041741,0.328306,-163.913803,0.000113,-0.002216,0.000000,0.000000,0.000000,0.000000
-4.880000,-10.957595,0.000000,-0.002153,-0.070638,0.000000,-0.003255,0.070234,-11.045902,0.048757,-0.125384,427.452332,-0.000019,0.007759,0.000000,0.000000,0.000000,0.000000
0.460000,7.729664,0.000000,-0.002228,0.006659,0.000000,-0.003236,-0.009099,7.790183,0.040998,0.016244,-301.463074,0.000123,-0.005679,0.000000,0.000000,0.000000,0.000000
-7.990000,-12.231397,0.000000,-0.001795,-0.115655,0.000000,-0.003359,0.119068,-12.418786,0.046677,-0.289477,352.891846,0.000087,0.005909,0.000000,0.000000,0.000000,0.000000
-5.070000,4.226707,0.000000,-0.001771,-0.073388,0.000000,-0.003446,0.076975,4.330038,0.040767,-0.234507,-98.189346,0.000290,-0.002504,0.000000,0.000000,0.000000,0.000000
0.390000,7.903365,0.000000,-0.001628,0.005645,0.000000,-0.003736,-0.008082,8.192532,0.043272,0.029303,-156.105576,0.000133,-0.002872,0.000000,0.000000,0.000000,0.000000
1.930000,2.229154,0.000000,-0.001256,0.027937,0.000000,-0.003868,-0.033731,2.341109,0.046144,0.140466,-38.838963,-0.000047,-0.000350,0.000000,0.000000,0.000000,0.000000
-0.540000,-3.575331,0.000000,-0.000827,-0.007817,0.000000,-0.003821,0.008441,-3.822351,0.046494,-0.039332,56.667740,-0.000049,0.000967,0.000000,0.000000,0.000000,0.000000
-1.980000,-2.084404,0.000000,-0.000511,-0.028661,0.000000,-0.003772,0.035698,-2.270708,0.045527,-0.182469,30.689762,0.000054,0.000086,0.000000,0.000000,0.000000,0.000000
-0.920000,1.534353,0.000000,-0.000261,-0.013317,0.000000,-0.003825,0.017462,1.699859,0.045441,-0.096377,-21.277000,0.000079,-0.000664,0.000000,0.000000,0.000000,0.000000
-0.500000,0.607951,0.000000,0.000032,-0.007238,0.000000,-0.003905,0.010293,0.686164,0.046105,-0.060570,-8.055607,0.000041,-0.000315,0.000000,0.000000,0.000000,0.000000
0.580000,1.563303,0.000000,0.000341,0.008396,0.000000,-0.003945,-0.012116,1.813709,0.046420,0.075230,-20.179514,0.000001,-0.000178,0.000000,0.000000,0.000000,0.000000
-5.750000,-6.325586,0.000000,-0.001226,-0.083231,0.000000,-0.002033,0.084048,-6.376754,0.035405,-0.150045,246.766449,0.000107,0.004267,0.000000,0.000000,0.000000,0.000000
-9.600000,-5.572885,0.000000,-0.001367,-0.138960,0.000000,-0.002140,0.140881,-5.617945,0.031138,-0.251506,217.402206,0.000275,0.003428,0.000000,0.000000,0.000000,0.000000
-3.920000,8.221815,0.000000,-0.001505,-0.056742,0.000000,-0.002414,0.057764,8.345940,0.027709,-0.140434,-237.157944,0.000314,-0.004877,0.000000,0.000000,0.000000,0.000000
2.210000,8.873191,0.000000,-0.001387,0.031990,0.000000,-0.002728,-0.035874,9.092116,0.032586,0.109292,-206.175797,0.000075,-0.003599,0.000000,0.000000,0.000000,0.000000
2.960000,1.085627,0.000000,-0.001004,0.042846,0.000000,-0.002802,-0.048731,1.123925,0.036185,0.176678,-21.415974,-0.000111,0.000079,0.000000,0.000000,0.000000,0.000000
4.200000,1.794903,0.000000,-0.000596,0.060795,0.000000,-0.002692,-0.070935,1.884991,0.036106,0.295392,-31.271973,-0.000156,0.000207,0.000000,0.000000,0.000000,0.000000
1.980000,-3.213455,0.000000,-0.000138,0.028661,0.000000,-0.002536,-0.034778,-3.435305,0.035900,0.162063,50.929649,-0.000159,0.001402,0.000000,0.000000,0.000000,0.000000
0.800000,-1.708053,0.000000,0.000223,0.011580,0.000000,-0.002377,-0.014403,-1.860819,0.034497,0.073621,25.149904,-0.000074,0.000673,0.000000,0.000000,0.000000,0.000000
-2.760000,-5.153109,0.000000,0.000534,-0.039951,0.000000,-0.002303,0.054146,-5.723654,0.033824,-0.298848,71.642525,0.000038,0.000547,0.000000,0.000000,0.000000,0.000000
3.410000,8.931091,0.000000,0.000698,0.049360,0.000000,-0.002341,-0.068903,10.134769,0.033277,0.405458,-118.982803,0.000005,-0.001157,0.000000,0.000000,0.000000,0.000000
1.100000,5.486035,0.000000,-0.001004,0.015923,0.000000,-0.001776,-0.017251,5.528837,0.033722,0.030797,-213.953918,0.000058,-0.003966,0.000000,0.000000,0.000000,0.000000
-4.400000,-7.961265,0.000000,-0.000880,-0.063690,0.000000,-0.001834,0.064311,-8.025513,0.037688,-0.114809,310.569794,0.000022,0.005577,0.000000,0.000000,0.000000,0.000000
-3.970000,0.622426,0.000000,-0.000759,-0.057466,0.000000,-0.001856,0.059301,0.630824,0.032110,-0.144171,-17.925486,0.000172,-0.000740,0.000000,0.000000,0.000000,0.000000
-0.180000,5.486035,0.000000,-0.000623,-0.002606,0.000000,-0.002028,0.002131,5.620796,0.032850,-0.006493,-127.459000,0.000112,-0.002430,0.000000,0.000000,0.000000,0.000000
1.520000,2.460754,0.000000,-0.000320,0.022002,0.000000,-0.002140,-0.024807,2.549604,0.035280,0.089940,-48.581741,-0.000019,-0.000672,0.000000,0.000000,0.000000,0.000000
1.130000,-0.564526,0.000000,0.000054,0.016357,0.000000,-0.002121,-0.018838,-0.595673,0.035952,0.078446,9.882204,-0.000062,0.000401,0.000000,0.000000,0.000000,0.000000
-0.180000,-1.896228,0.000000,0.000410,-0.002606,0.000000,-0.002059,0.003642,-2.028295,0.035551,-0.016969,30.070217,-0.000028,0.000523,0.000000,0.000000,0.000000,0.000000
-1.390000,-1.751478,0.000000,0.000712,-0.020120,0.000000,-0.002030,0.026419,-1.908334,0.035029,-0.135040,25.792099,0.000035,0.000122,0.000000,0.000000,0.000000,0.000000
0.370000,2.547605,0.000000,0.000967,0.005356,0.000000,-0.002065,-0.005869,2.824821,0.034907,0.032394,-35.358055,0.000038,-0.000582,0.000000,0.000000,0.000000,0.000000
-0.070000,-0.636901,0.000000,0.001302,-0.001013,0.000000,-0.002103,0.003279,-0.726924,0.035489,-0.019295,8.534126,-0.000005,0.000110,0.000000,0.000000,0.000000,0.000000
1.120000,1.722528,0.000000,0.001627,0.016212,0.000000,-0.002098,-0.021940,1.998805,0.035378,0.136228,-22.238914,-0.000021,-0.000053,0.000000,0.000000,0.000000,0.000000
-1.010000,2.446279,0.000000,-0.001451,-0.014620,0.000000,-0.002342,0.013576,2.464786,0.039182,-0.024235,-95.381836,0.000083,-0.001872,0.000000,0.000000,0.000000,0.000000
-5.340000,-6.267686,0.000000,-0.001397,-0.077297,0.000000,-0.002425,0.077713,-6.318528,0.041053,-0.138736,244.513199,0.000090,0.004258,0.000000,0.000000,0.000000,0.000000
4.030000,13.563100,0.000000,-0.001277,0.058334,0.000000,-0.002516,-0.062337,13.768067,0.036795,0.151554,-391.232910,0.000092,-0.007006,0.000000,0.000000,0.000000,0.000000
-5.560000,-13.881550,0.000000,-0.000727,-0.080481,0.000000,-0.002608,0.085720,-14.227806,0.043801,-0.261151,322.634369,-0.000038,0.005416,0.000000,0.000000,0.000000,0.000000
-3.340000,3.213456,0.000000,-0.000617,-0.048347,0.000000,-0.002570,0.053042,3.329928,0.038385,-0.192308,-63.450523,0.000207,-0.001732,0.000000,0.000000,0.000000,0.000000
0.910000,6.151886,0.000000,-0.000414,0.013172,0.000000,-0.002777,-0.015699,6.465226,0.040117,0.065373,-107.257988,0.000080,-0.001851,0.000000,0.000000,0.000000,0.000000
0.630000,-0.405301,0.000000,-0.000031,0.009119,0.000000,-0.002856,-0.011050,-0.435802,0.041968,0.051490,6.460928,-0.000038,0.000265,0.000000,0.000000,0.000000,0.000000
-2.710000,-4.834659,0.000000,0.000340,-0.039227,0.000000,-0.002818,0.050177,-5.262785,0.041703,-0.256480,71.129189,0.000036,0.000653,0.000000,0.000000,0.000000,0.000000
1.240000,-2.735780,0.000000,-0.001578,0.017949,0.000000,-0.002473,-0.019901,-2.758486,0.039453,0.035528,106.747398,-0.000106,0.002116,0.000000,0.000000,0.000000,0.000000
3.000000,2.547605,0.000000,-0.001435,0.043425,0.000000,-0.002366,-0.045932,2.566968,0.037337,0.081999,-99.336075,-0.000075,-0.001663,0.000000,0.000000,0.000000,0.000000
-1.570000,-6.615087,0.000000,-0.000960,-0.022726,0.000000,-0.002291,0.022761,-6.716917,0.039000,-0.055336,190.867691,-0.000065,0.003467,0.000000,0.000000,0.000000,0.000000
-4.030000,-3.560856,0.000000,-0.000708,-0.058334,0.000000,-0.002225,0.061937,-3.650673,0.035533,-0.188695,82.783852,0.000099,0.001051,0.000000,0.000000,0.000000,0.000000
-2.290000,2.518655,0.000000,-0.000572,-0.033148,0.000000,-0.002324,0.036202,2.609732,0.034482,-0.131254,-49.727448,0.000147,-0.001299,0.000000,0.000000,0.000000,0.000000
-0.350000,2.808155,0.000000,-0.000363,-0.005066,0.000000,-0.002471,0.005434,2.950183,0.035781,-0.022629,-48.943489,0.000070,-0.000986,0.000000,0.000000,0.000000,0.000000
-6.080000,-8.294189,0.000000,-0.000074,-0.088008,0.000000,-0.002541,0.106193,-8.863139,0.036766,-0.494846,131.399277,0.000119,0.001151,0.000000,0.000000,0.000000,0.000000
-5.290000,1.143527,0.000000,-0.000033,-0.076573,0.000000,-0.002661,0.097065,1.241403,0.035615,-0.496149,-16.778185,0.000286,-0.001662,0.000000,0.000000,0.000000,0.000000
12.340000,14.880326,0.000000,-0.001085,0.178622,0.000000,-0.001794,-0.183928,14.997911,0.031118,0.328353,-580.386414,-0.000214,-0.010098,0.000000,0.000000,0.000000,0.000000
-7.060000,-28.081549,0.000000,-0.000527,-0.102194,0.000000,-0.001580,0.104096,-28.305918,0.041216,-0.185836,1095.377319,-0.000254,0.020257,0.000000,0.000000,0.000000,0.000000
-5.780000,1.852803,0.000000,-0.000615,-0.083666,0.000000,-0.001326,0.086849,1.880282,0.020959,-0.211146,-53.430023,0.000271,-0.001620,0.000000,0.000000,0.000000,0.000000
-3.540000,3.242406,0.000000,-0.000646,-0.051242,0.000000,-0.001597,0.054380,3.321955,0.022579,-0.165672,-75.329727,0.000209,-0.001872,0.000000,0.000000,0.000000,0.000000
-4.410000,-1.259327,0.000000,-0.000581,-0.063835,0.000000,-0.001806,0.070294,-1.306871,0.024451,-0.254857,24.901922,0.000165,-0.000214,0.000000,0.000000,0.000000,0.000000
3.390000,11.290520,0.000000,-0.000560,0.049070,0.000000,-0.001971,-0.057347,11.868484,0.024665,0.238804,-196.897964,0.000069,-0.003082,0.000000,0.000000,0.000000,0.000000
5.470000,3.010805,0.000000,-0.000204,0.079178,0.000000,-0.002041,-0.095866,3.214650,0.027747,0.446723,-47.658360,-0.000199,0.000312,0.000000,0.000000,0.000000,0.000000
-5.370000,-15.690928,0.000000,0.000238,-0.077731,0.000000,-0.001842,0.098877,-17.072018,0.027436,-0.505411,230.736908,-0.000055,0.003001,0.000000,0.000000,0.000000,0.000000
8.020000,19.382059,0.000000,0.000221,0.116090,0.000000,-0.001787,-0.154967,21.514582,0.024434,0.855305,-269.296326,-0.000012,-0.002791,0.000000,0.000000,0.000000,0.000000
2.170000,-8.467891,0.000000,0.000771,0.031411,0.000000,-0.001775,-0.043385,-9.615165,0.027225,0.255302,112.882614,-0.000299,0.002833,0.000000,0.000000,0.000000,0.000000
-1.560000,-5.399184,0.000000,0.001078,-0.022581,0.000000,-0.001475,0.035590,-6.282507,0.024392,-0.220988,69.899841,-0.000022,0.000721,0.000000,0.000000,0.000000,0.000000
-3.220000,-1.505403,0.000000,-0.000339,-0.046610,0.000000,-0.000925,0.047439,-1.518016,0.025303,-0.084689,58.743885,0.000100,0.000882,0.000000,0.000000,0.000000,0.000000
-1.550000,2.417329,0.000000,-0.000403,-0.022436,0.000000,-0.001025,0.022559,2.435942,0.024421,-0.040274,-94.265633,0.000107,-0.001895,0.000000,0.000000,0.000000,0.000000
-2.340000,-1.143527,0.000000,-0.000215,-0.033872,0.000000,-0.001132,0.035196,-1.161814,0.026316,-0.085567,33.014084,0.000073,0.000397,0.000000,0.000000,0.000000,0.000000
0.780000,4.516208,0.000000,-0.000067,0.011291,0.000000,-0.001205,-0.012207,4.627131,0.025919,0.037188,-104.926331,0.000054,-0.001887,0.000000,0.000000,0.000000,0.000000
0.420000,-0.521101,0.000000,0.000222,0.006080,0.000000,-0.001259,-0.006509,-0.541800,0.027806,0.023600,10.323797,-0.000028,0.000263,0.000000,0.000000,0.000000,0.000000
1.740000,1.910704,0.000000,0.000495,0.025187,0.000000,-0.001231,-0.028530,2.006933,0.027543,0.118805,-33.294987,-0.000039,-0.000310,0.000000,0.000000,0.000000,0.000000
-1.880000,-5.239959,0.000000,0.000829,-0.027213,0.000000,-0.001192,0.033865,-5.600044,0.027853,-0.157806,83.022697,-0.000014,0.001146,0.000000,0.000000,0.000000,0.000000
-2.590000,-1.027727,0.000000,0.001012,-0.037490,0.000000,-0.001178,0.048827,-1.120507,0.026707,-0.249580,15.144213,0.000111,-0.000390,0.000000,0.000000,0.000000,0.000000
2.200000,6.933537,0.000000,0.001172,0.031845,0.000000,-0.001289,-0.041024,7.694293,0.027098,0.226422,-96.308861,0.000035,-0.001210,0.000000,0.000000,0.000000,0.000000
3.780000,2.287054,0.000000,0.001540,0.054716,0.000000,-0.001323,-0.075294,2.592638,0.028308,0.443068,-30.437721,-0.000155,0.000624,0.000000,0.000000,0.000000,0.000000
-1.110000,-12.824872,0.000000,-0.001230,-0.016067,0.000000,-0.002065,0.015278,-12.927760,0.036633,-0.027276,500.276031,-0.000203,0.009398,0.000000,0.000000,0.000000,0.000000
-4.130000,-4.371458,0.000000,-0.001186,-0.059782,0.000000,-0.001862,0.059996,-4.406871,0.027236,-0.107107,170.536301,0.000079,0.002922,0.000000,0.000000,0.000000,0.000000
-0.880000,4.704383,0.000000,-0.001135,-0.012738,0.000000,-0.001941,0.012133,4.775132,0.024314,-0.029498,-135.690002,0.000123,-0.002655,0.000000,0.000000,0.000000,0.000000
-6.870000,-8.670541,0.000000,-0.000941,-0.099443,0.000000,-0.002064,0.105871,-8.886728,0.026968,-0.322541,201.518356,0.000118,0.002948,0.000000,0.000000,0.000000,0.000000
7.830000,21.278288,0.000000,-0.001024,0.113339,0.000000,-0.002182,-0.127092,22.060957,0.024020,0.460787,-420.363159,0.000074,-0.006719,0.000000,0.000000,0.000000,0.000000
0.900000,-10.031193,0.000000,-0.000466,0.013028,0.000000,-0.002256,-0.015591,-10.547586,0.030739,0.064926,174.984268,-0.000242,0.003501,0.000000,0.000000,0.000000,0.000000
-4.100000,-7.237513,0.000000,-0.000214,-0.059348,0.000000,-0.002014,0.071413,-7.733595,0.027237,-0.332776,114.653351,0.000047,0.001264,0.000000,0.000000,0.000000,0.000000
-3.260000,1.215902,0.000000,-0.000177,-0.047189,0.000000,-0.002061,0.059618,1.320921,0.025973,-0.304738,-17.852907,0.000186,-0.001165,0.000000,0.000000,0.000000,0.000000
-1.240000,2.923955,0.000000,-0.000106,-0.017949,0.000000,-0.002247,0.023864,3.243874,0.027138,-0.131711,-40.603310,0.000126,-0.001123,0.000000,0.000000,0.000000,0.000000
-1.190000,0.072375,0.000000,0.000048,-0.017225,0.000000,-0.002373,0.024459,0.079715,0.028260,-0.143928,-0.935858,0.000067,-0.000405,0.000000,0.000000,0.000000,0.000000
-0.180000,1.461978,0.000000,0.000204,-0.002606,0.000000,-0.002440,0.004227,1.697575,0.028665,-0.026246,-18.887396,0.000043,-0.000428,0.000000,0.000000,0.000000,0.000000
-0.080000,12.390622,0.000000,-0.000361,-0.001158,0.000000,-0.000866,0.000869,12.488613,0.021843,-0.001552,-483.282074,0.000239,-0.009154,0.000000,0.000000,0.000000,0.000000
-3.330000,-4.704383,0.000000,-0.000311,-0.048202,0.000000,-0.001105,0.049035,-4.742583,0.030997,-0.087539,183.527603,0.000042,0.003255,0.000000,0.000000,0.000000,0.000000
-2.600000,1.056677,0.000000,-0.000179,-0.037635,0.000000,-0.001147,0.039169,1.071777,0.027742,-0.095228,-30.455580,0.000126,-0.000840,0.000000,0.000000,0.000000,0.000000
-4.840000,-3.242406,0.000000,-0.000014,-0.070059,0.000000,-0.001274,0.075285,-3.324115,0.028582,-0.229358,75.378708,0.000140,0.000808,0.000000,0.000000,0.000000,0.000000
1.440000,9.090317,0.000000,0.000048,0.020844,0.000000,-0.001414,-0.023110,9.423659,0.027774,0.083788,-179.564255,0.000116,-0.003175,0.000000,0.000000,0.000000,0.000000
3.360000,2.779205,0.000000,0.000388,0.048636,0.000000,-0.001530,-0.055749,2.919821,0.030949,0.232154,-48.439777,-0.000096,-0.000283,0.000000,0.000000,0.000000,0.000000
1.920000,-2.084404,0.000000,0.000812,0.027792,0.000000,-0.001434,-0.032582,-2.229184,0.031232,0.151827,33.048470,-0.000130,0.001037,0.000000,0.000000,0.000000,0.000000
-2.090000,-5.804485,0.000000,0.001180,-0.030253,0.000000,-0.001304,0.039862,-6.317394,0.030195,-0.203752,85.382751,-0.000012,0.001064,0.000000,0.000000,0.000000,0.000000
-1.420000,0.969827,0.000000,0.001384,-0.020555,0.000000,-0.001292,0.029342,1.073493,0.029132,-0.161947,-13.436824,0.000100,-0.000694,0.000000,0.000000,0.000000,0.000000
-4.840000,-4.950459,0.000000,0.001626,-0.070059,0.000000,-0.001392,0.101504,-5.623192,0.029826,-0.597301,66.016609,0.000168,-0.000364,0.000000,0.000000,0.000000,0.000000
1.240000,8.800816,0.000000,0.001735,0.017949,0.000000,-0.001560,-0.024390,10.231437,0.030190,0.151441,-113.836044,0.000127,-0.001745,0.000000,0.000000,0.000000,0.000000
-0.320000,-2.258104,0.000000,0.002109,-0.004632,0.000000,-0.001687,0.010806,-2.701011,0.031936,-0.070194,28.724815,-0.000022,0.000357,0.000000,0.000000,0.000000,0.000000
-7.340000,-3.575332,0.000000,-0.001523,-0.106247,0.000000,-0.002370,0.107314,-3.604664,0.037384,-0.191580,139.492630,0.000222,0.002122,0.000000,0.000000,0.000000,0.000000
-8.390000,-1.519878,0.000000,-0.001721,-0.121445,0.000000,-0.002592,0.122586,-1.532796,0.035261,-0.218844,59.315838,0.000302,0.000527,0.000000,0.000000,0.000000,0.000000
-0.010000,12.130073,0.000000,-0.001748,-0.000145,0.000000,-0.002894,-0.001677,12.313374,0.034734,0.004076,-349.896423,0.000228,-0.006615,0.000000,0.000000,0.000000,0.000000
5.050000,7.324363,0.000000,-0.001396,0.073099,0.000000,-0.003122,-0.080067,7.504474,0.041349,0.243928,-170.173889,-0.000075,-0.002550,0.000000,0.000000,0.000000,0.000000
1.980000,-4.443833,0.000000,-0.000826,0.028661,0.000000,-0.003047,-0.032768,-4.609635,0.043899,0.118805,87.834854,-0.000176,0.001989,0.000000,0.000000,0.000000,0.000000
8.070000,8.815290,0.000000,-0.000399,0.116813,0.000000,-0.002871,-0.135436,9.265171,0.041910,0.563988,-153.709015,-0.000191,-0.001389,0.000000,0.000000,0.000000,0.000000
-2.200000,-14.865850,0.000000,0.000290,-0.031845,0.000000,-0.002681,0.038807,-15.884227,0.043299,-0.180837,235.489456,-0.000195,0.003972,0.000000,0.000000,0.000000,0.000000
-3.640000,-2.084404,0.000000,0.000538,-0.052689,0.000000,-0.002485,0.067500,-2.270753,0.039326,-0.345029,30.690367,0.000140,-0.000360,0.000000,0.000000,0.000000,0.000000
-4.410000,-1.114577,0.000000,0.000729,-0.063835,0.000000,-0.002625,0.086350,-1.240929,0.039686,-0.476593,15.532613,0.000210,-0.000994,0.000000,0.000000,0.000000,0.000000
12.490000,18.079306,0.000000,-0.002075,0.180793,0.000000,-0.002950,-0.187149,18.222176,0.039005,0.334104,-705.158386,-0.000162,-0.012447,0.000000,0.000000,0.000000,0.000000
-3.620000,-23.319265,0.000000,-0.001493,-0.052400,0.000000,-0.002788,0.052123,-23.505981,0.051452,-0.093051,909.630066,-0.000304,0.016995,0.000000,0.000000,0.000000,0.000000
-4.580000,-1.389603,0.000000,-0.001330,-0.066296,0.000000,-0.002484,0.067937,-1.411817,0.034457,-0.165168,40.118149,0.000158,0.000281,0.000000,0.000000,0.000000,0.000000
-6.980000,-3.474006,0.000000,-0.001220,-0.101036,0.000000,-0.002642,0.107283,-3.561534,0.034175,-0.326841,80.762512,0.000222,0.000645,0.000000,0.000000,0.000000,0.000000
-1.990000,7.223038,0.000000,-0.001228,-0.028805,0.000000,-0.002864,0.030647,7.487573,0.033531,-0.111115,-142.672882,0.000224,-0.003003,0.000000,0.000000,0.000000,0.000000
3.810000,8.395514,0.000000,-0.001024,0.055150,0.000000,-0.003089,-0.064908,8.824362,0.036534,0.270291,-146.396027,-0.000009,-0.002035,0.000000,0.000000,0.000000,0.000000
-5.800000,-13.910500,0.000000,-0.000577,-0.083955,0.000000,-0.003080,0.100691,-14.862976,0.038569,-0.469207,220.349030,-0.000009,0.002907,0.000000,0.000000,0.000000,0.000000
-0.630000,7.483588,0.000000,-0.000548,-0.009119,0.000000,-0.003071,0.010870,8.138883,0.035662,-0.055562,-110.001099,0.000184,-0.002239,0.000000,0.000000,0.000000,0.000000
0.020000,0.940877,0.000000,-0.000302,0.000290,0.000000,-0.003254,-0.000792,1.041649,0.037901,0.004370,-13.038235,0.000017,-0.000231,0.000000,0.000000,0.000000,0.000000
4.360000,6.282161,0.000000,-0.000033,0.063111,0.000000,-0.003271,-0.089410,7.127951,0.038132,0.526132,-83.682579,-0.000107,-0.000161,0.000000,0.000000,0.000000,0.000000
-0.340000,8.916615,0.000000,-0.000465,-0.004922,0.000000,-0.001163,0.004637,8.986768,0.030142,-0.008278,-347.768311,0.000183,-0.006607,0.000000,0.000000,0.000000,0.000000
-7.860000,-10.885220,0.000000,-0.000405,-0.113774,0.000000,-0.001345,0.116077,-10.972719,0.036749,-0.207225,424.620270,0.000106,0.007492,0.000000,0.000000,0.000000,0.000000
0.280000,11.782671,0.000000,-0.000441,0.004053,0.000000,-0.001451,-0.004700,11.960768,0.029257,0.011426,-339.876801,0.000214,-0.006418,0.000000,0.000000,0.000000,0.000000
5.170000,7.078288,0.000000,-0.000099,0.074836,0.000000,-0.001665,-0.080540,7.252356,0.035675,0.245368,-164.456787,-0.000081,-0.002438,0.000000,0.000000,0.000000,0.000000
2.320000,-4.125382,0.000000,0.000463,0.033582,0.000000,-0.001584,-0.036806,-4.279425,0.038114,0.133443,81.542824,-0.000180,0.001910,0.000000,0.000000,0.000000,0.000000
4.940000,3.792457,0.000000,0.000900,0.071507,0.000000,-0.001404,-0.081585,3.984595,0.036204,0.339737,-66.104370,-0.000145,-0.000336,0.000000,0.000000,0.000000,0.000000
2.760000,-3.155556,0.000000,0.001456,0.039951,0.000000,-0.001259,-0.046488,-3.374099,0.036540,0.216628,50.022251,-0.000189,0.001534,0.000000,0.000000,0.000000,0.000000
-2.910000,-8.207339,0.000000,0.001929,-0.042122,0.000000,-0.001069,0.055864,-8.932129,0.035007,-0.285546,120.722221,-0.000018,0.001511,0.000000,0.000000,0.000000,0.000000
-4.590000,-2.431804,0.000000,0.002173,-0.066440,0.000000,-0.001052,0.091765,-2.703583,0.033496,-0.506480,33.840542,0.000197,-0.000732,0.000000,0.000000,0.000000,0.000000
-3.530000,-9.987767,0.000000,-0.002506,-0.051097,0.000000,-0.003581,0.049861,-10.068323,0.047897,-0.089014,389.622101,-0.000056,0.007138,0.000000,0.000000,0.000000,0.000000
-3.600000,-0.101325,0.000000,-0.002531,-0.052110,0.000000,-0.003525,0.050764,-0.103065,0.040759,-0.090626,3.988382,0.000135,-0.000183,0.000000,0.000000,0.000000,0.000000
0.130000,5.399184,0.000000,-0.002321,0.001882,0.000000,-0.003660,-0.004395,5.480014,0.040942,0.010685,-155.719910,0.000092,-0.002919,0.000000,0.000000,0.000000,0.000000
0.080000,-0.072375,0.000000,-0.001954,0.001158,0.000000,-0.003752,-0.003344,-0.075823,0.043861,0.010189,1.719387,-0.000011,0.000066,0.000000,0.000000,0.000000,0.000000
-6.420000,-9.408766,0.000000,-0.001603,-0.092930,0.000000,-0.003741,0.101491,-9.757264,0.043796,-0.367965,185.920975,0.000090,0.002525,0.000000,0.000000,0.000000,0.000000
-1.470000,7.165138,0.000000,-0.001552,-0.021278,0.000000,-0.003831,0.022793,7.530726,0.041271,-0.094915,-124.934631,0.000204,-0.002627,0.000000,0.000000,0.000000,0.000000
2.150000,5.239960,0.000000,-0.001297,0.031121,0.000000,-0.004035,-0.039150,5.595383,0.043898,0.182434,-82.953583,-0.000000,-0.001072,0.000000,0.000000,0.000000,0.000000
-7.010000,-13.259124,0.000000,-0.000897,-0.101470,0.000000,-0.004035,0.127542,-14.427257,0.044970,-0.651931,194.991608,0.000072,0.001931,0.000000,0.000000,0.000000,0.000000
7.070000,20.380836,0.000000,-0.000894,0.102338,0.000000,-0.004107,-0.138066,22.622530,0.043039,0.762028,-283.164398,0.000055,-0.003304,0.000000,0.000000,0.000000,0.000000
0.390000,-9.669317,0.000000,-0.000303,0.005645,0.000000,-0.004161,-0.008422,-10.979828,0.046343,0.049562,128.903824,-0.000231,0.002581,0.000000,0.000000,0.000000,0.000000
-1.980000,-3.430581,0.000000,0.000004,-0.028661,0.000000,-0.003931,0.043119,-3.993804,0.043762,-0.267738,44.435474,0.000041,0.000112,0.000000,0.000000,0.000000,0.000000
-1.850000,-0.434251,0.000000,-0.000590,-0.026779,0.000000,-0.001271,0.026886,-0.438443,0.029519,-0.047997,16.966768,0.000064,0.000191,0.000000,0.000000,0.000000,0.000000
-4.100000,-3.256881,0.000000,-0.000591,-0.059348,0.000000,-0.001336,0.060160,-3.283512,0.029328,-0.107400,127.064743,0.000100,0.002115,0.000000,0.000000,0.000000,0.000000
-0.910000,4.617533,0.000000,-0.000500,-0.013172,0.000000,-0.001436,0.013252,4.686803,0.027213,-0.032217,-133.180038,0.000124,-0.002613,0.000000,0.000000,0.000000,0.000000
3.600000,6.528237,0.000000,-0.000263,0.052110,0.000000,-0.001560,-0.056291,6.688939,0.029825,0.171494,-151.680557,-0.000026,-0.002403,0.000000,0.000000,0.000000,0.000000
6.000000,3.474006,0.000000,0.000174,0.086850,0.000000,-0.001535,-0.096323,3.600231,0.032229,0.349228,-68.601036,-0.000192,-0.000350,0.000000,0.000000,0.000000,0.000000
2.190000,-5.514985,0.000000,0.000718,0.031700,0.000000,-0.001342,-0.035799,-5.800117,0.032579,0.149076,96.223839,-0.000206,0.002226,0.000000,0.000000,0.000000,0.000000
3.330000,1.650153,0.000000,0.001101,0.048202,0.000000,-0.001136,-0.056881,1.760394,0.030353,0.265061,-26.098480,-0.000120,0.000219,0.000000,0.000000,0.000000,0.000000
0.680000,-3.835881,0.000000,0.001539,0.009843,0.000000,-0.001016,-0.010530,-4.175953,0.030134,0.053826,56.440109,-0.000107,0.001214,0.000000,0.000000,0.000000,0.000000
-0.870000,-2.243629,0.000000,0.001875,-0.012593,0.000000,-0.000908,0.019351,-2.494143,0.028920,-0.106802,31.218990,0.000005,0.000300,0.000000,0.000000,0.000000,0.000000
-1.420000,-0.796126,0.000000,0.002158,-0.020555,0.000000,-0.000914,0.032160,-0.907690,0.028620,-0.189247,10.656332,0.000070,-0.000311,0.000000,0.000000,0.000000,0.000000
-0.550000,-4.979409,0.000000,-0.001662,-0.007961,0.000000,-0.002601,0.006547,-5.020007,0.041438,-0.011688,194.263290,-0.000077,0.003647,0.000000,0.000000,0.000000,0.000000
-2.610000,-2.981855,0.000000,-0.001584,-0.037780,0.000000,-0.002524,0.037061,-3.006471,0.037791,-0.066162,116.343872,0.000043,0.002017,0.000000,0.000000,0.000000,0.000000
-6.510000,-5.645260,0.000000,-0.001368,-0.094232,0.000000,-0.002567,0.097112,-5.732201,0.035774,-0.236096,162.886017,0.000154,0.002442,0.000000,0.000000,0.000000,0.000000
1.040000,10.928644,0.000000,-0.001345,0.015054,0.000000,-0.002721,-0.017626,11.198531,0.033332,0.053697,-253.941544,0.000164,-0.004668,0.000000,0.000000,0.000000,0.000000
0.670000,-0.535576,0.000000,-0.000990,0.009698,0.000000,-0.002885,-0.011878,-0.557087,0.037999,0.043065,10.615078,-0.000043,0.000326,0.000000,0.000000,0.000000,0.000000
2.720000,2.967380,0.000000,-0.000660,0.039372,0.000000,-0.002842,-0.046257,3.117550,0.037673,0.192623,-51.720097,-0.000066,-0.000459,0.000000,0.000000,0.000000,0.000000
3.210000,0.709276,0.000000,-0.000247,0.046465,0.000000,-0.002776,-0.056411,0.755242,0.038132,0.262868,-11.196733,-0.000138,0.000500,0.000000,0.000000,0.000000,0.000000
3.330000,0.173700,0.000000,0.000185,0.048202,0.000000,-0.002638,-0.060892,0.186092,0.037632,0.311251,-2.515125,-0.000161,0.000793,0.000000,0.000000,0.000000,0.000000
0.560000,-4.009582,0.000000,0.000623,0.008106,0.000000,-0.002477,-0.010008,-4.454480,0.036839,0.055236,55.756374,-0.000111,0.001204,0.000000,0.000000,0.000000,0.000000
0.130000,-0.622426,0.000000,0.000948,0.001882,0.000000,-0.002366,-0.001323,-0.710253,0.035635,0.007783,8.338412,-0.000017,0.000177,0.000000,0.000000,0.000000,0.000000
-0.480000,-0.882977,0.000000,0.001260,-0.006948,0.000000,-0.002349,0.012347,-1.031173,0.035459,-0.076667,11.472934,0.000014,0.000010,0.000000,0.000000,0.000000,0.000000
-3.040000,-19.382059,0.000000,-0.001060,-0.044004,0.000000,-0.001870,0.044055,-19.537071,0.035414,-0.078648,756.041931,-0.000251,0.014103,0.000000,0.000000,0.000000,0.000000
-5.670000,-3.806931,0.000000,-0.001094,-0.082073,0.000000,-0.001619,0.082914,-3.837707,0.021311,-0.148021,148.510880,0.000152,0.002386,0.000000,0.000000,0.000000,0.000000
-0.610000,7.324363,0.000000,-0.001156,-0.008830,0.000000,-0.001771,0.008025,7.435124,0.018926,-0.019510,-211.276245,0.000162,-0.004058,0.000000,0.000000,0.000000,0.000000
-1.700000,-1.577778,0.000000,-0.000989,-0.024608,0.000000,-0.001933,0.025386,-1.617796,0.022983,-0.077338,36.685684,0.000038,0.000493,0.000000,0.000000,0.000000,0.000000
-4.760000,-4.429358,0.000000,-0.000879,-0.068901,0.000000,-0.001971,0.075593,-4.593493,0.022490,-0.274070,87.527260,0.000117,0.000915,0.000000,0.000000,0.000000,0.000000
-1.010000,5.428135,0.000000,-0.000911,-0.014620,0.000000,-0.002089,0.015841,5.705603,0.021575,-0.065964,-94.655861,0.000151,-0.001972,0.000000,0.000000,0.000000,0.000000
3.560000,6.615087,0.000000,-0.000786,0.051531,0.000000,-0.002239,-0.063181,7.065611,0.023548,0.294414,-104.750252,-0.000037,-0.001183,0.000000,0.000000,0.000000,0.000000
6.590000,4.385933,0.000000,-0.000472,0.095390,0.000000,-0.002202,-0.121568,4.769773,0.024731,0.621397,-64.465874,-0.000238,0.000462,0.000000,0.000000,0.000000,0.000000
-0.410000,-10.132518,0.000000,-0.000033,-0.005935,0.000000,-0.001963,0.007893,-11.250362,0.024269,-0.043566,140.819885,-0.000191,0.002548,0.000000,0.000000,0.000000,0.000000
3.960000,6.325586,0.000000,0.000110,0.057321,0.000000,-0.001772,-0.081008,7.178541,0.021721,0.476694,-84.276505,-0.000083,-0.000311,0.000000,0.000000,0.000000,0.000000
-0.280000,-6.137411,0.000000,0.000437,-0.004053,0.000000,-0.001689,0.006755,-7.140337,0.022032,-0.041943,79.444138,-0.000117,0.001391,0.000000,0.000000,0.000000,0.000000
-2.770000,2.967381,0.000000,0.000545,-0.040096,0.000000,0.000112,0.041660,2.990486,0.018012,-0.074372,-115.725288,0.000170,-0.002395,0.000000,0.000000,0.000000,0.000000
-2.230000,0.781651,0.000000,0.000481,-0.032279,0.000000,-0.000057,0.033543,0.787318,0.020407,-0.059883,-30.467482,0.000105,-0.000734,0.000000,0.000000,0.000000,0.000000
1.990000,6.108461,0.000000,0.000608,0.028805,0.000000,-0.000163,-0.029487,6.200506,0.021142,0.071688,-176.193359,0.000037,-0.003141,0.000000,0.000000,0.000000,0.000000
1.020000,-1.404078,0.000000,0.000936,0.014765,0.000000,-0.000200,-0.014863,-1.440122,0.024283,0.045281,32.656670,-0.000068,0.000747,0.000000,0.000000,0.000000,0.000000
1.510000,0.709276,0.000000,0.001225,0.021857,0.000000,-0.000133,-0.022928,0.733906,0.023536,0.083129,-13.984296,-0.000048,-0.000041,0.000000,0.000000,0.000000,0.000000
1.200000,-0.448726,0.000000,0.001544,0.017370,0.000000,-0.000085,-0.018286,-0.473618,0.023577,0.076147,7.857313,-0.000058,0.000355,0.000000,0.000000,0.000000,0.000000
-2.960000,-6.021611,0.000000,0.001860,-0.042846,0.000000,-0.000026,0.053989,-6.435163,0.023223,-0.251583,95.403633,0.000024,0.001125,0.000000,0.000000,0.000000,0.000000
-3.310000,-0.506626,0.000000,0.002009,-0.047912,0.000000,-0.000050,0.063309,-0.553748,0.022097,-0.323602,7.484178,0.000161,-0.000736,0.000000,0.000000,0.000000,0.000000
-2.110000,1.737003,0.000000,0.002157,-0.030542,0.000000,-0.000211,0.043734,1.925208,0.022833,-0.241378,-24.097679,0.000154,-0.001108,0.000000,0.000000,0.000000,0.000000
4.380000,9.394291,0.000000,0.002370,0.063401,0.000000,-0.000366,-0.086417,10.660179,0.023941,0.508524,-125.151138,-0.000032,-0.000992,0.000000,0.000000,0.000000,0.000000
2.870000,-2.185729,0.000000,0.002869,0.041543,0.000000,-0.000333,-0.058176,-2.546717,0.024933,0.361229,28.335043,-0.000206,0.001515,0.000000,0.000000,0.000000,0.000000
-3.340000,-8.829765,0.000000,-0.001791,-0.048347,0.000000,-0.002751,0.047766,-8.901004,0.042404,-0.085274,344.449402,-0.000039,0.006289,0.000000,0.000000,0.000000,0.000000
-2.550000,1.143527,0.000000,-0.001821,-0.036911,0.000000,-0.002712,0.035928,1.151774,0.036115,-0.064140,-44.571144,0.000119,-0.001029,0.000000,0.000000,0.000000,0.000000
-0.200000,3.401631,0.000000,-0.001594,-0.002895,0.000000,-0.002831,0.001361,3.452168,0.037144,-0.003308,-98.096703,0.000069,-0.001865,0.000000,0.000000,0.000000,0.000000
1.750000,2.822630,0.000000,-0.001268,0.025331,0.000000,-0.002900,-0.028589,2.891128,0.039009,0.087098,-65.560165,-0.000023,-0.001002,0.000000,0.000000,0.000000,0.000000
3.210000,2.113354,0.000000,-0.000864,0.046465,0.000000,-0.002877,-0.052597,2.189275,0.040011,0.190695,-41.715797,-0.000101,-0.000272,0.000000,0.000000,0.000000,0.000000
-3.420000,-9.596942,0.000000,-0.000403,-0.049505,0.000000,-0.002777,0.056736,-10.091649,0.040283,-0.236263,167.420273,-0.000037,0.002532,0.000000,0.000000,0.000000,0.000000
-0.100000,4.805708,0.000000,-0.000233,-0.001448,0.000000,-0.002739,0.001467,5.131483,0.037752,-0.006836,-76.076096,0.000101,-0.001464,0.000000,0.000000,0.000000,0.000000
-0.720000,-0.897452,0.000000,0.000078,-0.010422,0.000000,-0.002840,0.013315,-0.979260,0.039216,-0.068060,13.235190,0.000017,0.000069,0.000000,0.000000,0.000000,0.000000
-7.810000,-10.262793,0.000000,0.000361,-0.113050,0.000000,-0.002858,0.151680,-11.396406,0.039146,-0.837164,142.647903,0.000194,0.000436,0.000000,0.000000,0.000000,0.000000
5.840000,11.551070,0.000000,-0.001110,0.084534,0.000000,-0.001849,-0.087614,11.642145,0.032417,0.156412,-450.525635,-0.000017,-0.008108,0.000000,0.000000,0.000000,0.000000
-3.660000,-13.751275,0.000000,-0.000803,-0.052979,0.000000,-0.001832,0.053422,-13.861648,0.040525,-0.095370,536.415466,-0.000118,0.009914,0.000000,0.000000,0.000000,0.000000
-6.580000,-4.226707,0.000000,-0.000666,-0.095246,0.000000,-0.001714,0.098905,-4.291967,0.030611,-0.240458,121.960396,0.000186,0.001641,0.000000,0.000000,0.000000,0.000000
-7.670000,-1.577778,0.000000,-0.000670,-0.111023,0.000000,-0.001900,0.118609,-1.618106,0.028971,-0.361347,36.692707,0.000290,-0.000286,0.000000,0.000000,0.000000,0.000000
-5.160000,3.633231,0.000000,-0.000728,-0.074691,0.000000,-0.002190,0.082195,3.765668,0.029256,-0.298008,-71.753357,0.000293,-0.002164,0.000000,0.000000,0.000000,0.000000
8.430000,19.671560,0.000000,-0.000681,0.122024,0.000000,-0.002483,-0.141784,20.679163,0.031420,0.590420,-343.066956,0.000007,-0.004895,0.000000,0.000000,0.000000,0.000000
7.270000,-2.576555,0.000000,-0.000517,0.105233,0.000000,-0.001336,-0.108191,-2.597939,0.035351,0.193146,100.534576,-0.000342,0.002435,0.000000,0.000000,0.000000,0.000000
0.520000,-9.770642,0.000000,-0.000147,0.007527,0.000000,-0.000994,-0.007857,-9.849191,0.032916,0.014027,381.142181,-0.000207,0.007250,0.000000,0.000000,0.000000,0.000000
0.550000,0.043425,0.000000,0.000121,0.007961,0.000000,-0.000787,-0.008198,0.043171,0.025666,0.019932,-1.226747,-0.000021,0.000017,0.000000,0.000000,0.000000,0.000000
-4.640000,-7.512538,0.000000,0.000392,-0.067164,0.000000,-0.000766,0.072610,-7.700128,0.025648,-0.221209,174.610596,0.000051,0.002708,0.000000,0.000000,0.000000,0.000000
0.490000,7.425688,0.000000,0.000430,0.007093,0.000000,-0.000817,-0.007404,7.697893,0.022941,0.026844,-146.680420,0.000126,-0.002710,0.000000,0.000000,0.000000,0.000000
0.340000,-0.217125,0.000000,0.000698,0.004922,0.000000,-0.000942,-0.004881,-0.230014,0.025650,0.020324,3.815929,-0.000018,0.000132,0.000000,0.000000,0.000000,0.000000
-3.750000,-5.920286,0.000000,0.000962,-0.054281,0.000000,-0.000925,0.066714,-6.326731,0.025518,-0.310881,93.796097,0.000061,0.000935,0.000000,0.000000,0.000000,0.000000
-11.520000,-11.247095,0.000000,0.001057,-0.166752,0.000000,-0.000985,0.212809,-12.237836,0.024583,-1.087771,165.400497,0.000344,0.000188,0.000000,0.000000,0.000000,0.000000
3.610000,21.900715,0.000000,0.000829,0.052255,0.000000,-0.001329,-0.068779,24.310268,0.024396,0.379610,-304.289734,0.000274,-0.004735,0.000000,0.000000,0.000000,0.000000
4.810000,1.737003,0.000000,0.001244,0.069625,0.000000,-0.001603,-0.096825,1.968390,0.029131,0.569766,-23.109011,-0.000225,0.001112,0.000000,0.000000,0.000000,0.000000
5.420000,0.882977,0.000000,0.001716,0.078455,0.000000,-0.001378,-0.115436,1.022969,0.028018,0.716770,-11.381661,-0.000292,0.001721,0.000000,0.000000,0.000000,0.000000
-3.170000,-4.762283,0.000000,-0.001187,-0.045886,0.000000,-0.001988,0.045850,-4.801013,0.035130,-0.081853,185.788712,0.000034,0.003293,0.000000,0.000000,0.000000,0.000000
0.320000,5.051784,0.000000,-0.001228,0.004632,0.000000,-0.002022,-0.006000,5.091195,0.031837,0.010711,-197.018158,0.000080,-0.003708,0.000000,0.000000,0.000000,0.000000
-0.310000,-0.911927,0.000000,-0.000890,-0.004487,0.000000,-0.002102,0.003762,-0.926958,0.035544,-0.009146,26.340418,-0.000008,0.000481,0.000000,0.000000,0.000000,0.000000
0.160000,0.680326,0.000000,-0.000589,0.002316,0.000000,-0.002094,-0.003122,0.695745,0.035063,0.009512,-15.776945,0.000005,-0.000274,0.000000,0.000000,0.000000,0.000000
-3.220000,-4.892559,0.000000,-0.000272,-0.046610,0.000000,-0.002099,0.051495,-5.074556,0.035337,-0.186702,96.693741,0.000043,0.001326,0.000000,0.000000,0.000000,0.000000
-1.020000,3.184506,0.000000,-0.000106,-0.014765,0.000000,-0.002142,0.016937,3.345876,0.034011,-0.070530,-55.508018,0.000109,-0.001244,0.000000,0.000000,0.000000,0.000000
0.020000,1.505403,0.000000,0.000153,0.000290,0.000000,-0.002251,-0.000165,1.605786,0.035255,0.000768,-23.806364,0.000030,-0.000446,0.000000,0.000000,0.000000,0.000000
-5.000000,-7.266463,0.000000,0.000457,-0.072375,0.000000,-0.002281,0.092363,-7.907913,0.035702,-0.472113,106.879417,0.000100,0.000748,0.000000,0.000000,0.000000,0.000000
-4.510000,0.709276,0.000000,0.000550,-0.065282,0.000000,-0.002381,0.088047,0.784274,0.034954,-0.485957,-9.816689,0.000253,-0.001502,0.000000,0.000000,0.000000,0.000000
7.720000,17.702955,0.000000,0.000667,0.111747,0.000000,-0.002634,-0.157285,20.091875,0.036456,0.925543,-235.879807,-0.000045,-0.001960,0.000000,0.000000,0.000000,0.000000
-4.570000,-6.745362,0.000000,-0.001208,-0.066151,0.000000,-0.002076,0.066585,-6.799936,0.038014,-0.118870,263.142700,0.000051,0.004665,0.000000,0.000000,0.000000,0.000000
2.220000,9.828543,0.000000,-0.001296,0.032135,0.000000,-0.002127,-0.034229,9.905909,0.033349,0.061107,-383.336975,0.000095,-0.007102,0.000000,0.000000,0.000000,0.000000
-3.900000,-8.858716,0.000000,-0.000835,-0.056453,0.000000,-0.002222,0.058161,-8.994710,0.040451,-0.141401,255.593369,-0.000013,0.004470,0.000000,0.000000,0.000000,0.000000
0.020000,5.674211,0.000000,-0.000669,0.000290,0.000000,-0.002209,-0.001030,5.813509,0.035981,0.003137,-131.829025,0.000107,-0.002496,0.000000,0.000000,0.000000,0.000000
3.860000,5.558410,0.000000,-0.000330,0.055874,0.000000,-0.002316,-0.062459,5.761185,0.038477,0.226451,-109.777199,-0.000060,-0.001461,0.000000,0.000000,0.000000,0.000000
-1.320000,-7.498063,0.000000,0.000175,-0.019107,0.000000,-0.002256,0.022280,-7.885228,0.039938,-0.092778,130.815796,-0.000089,0.002229,0.000000,0.000000,0.000000,0.000000
-3.230000,-2.764730,0.000000,0.000455,-0.046754,0.000000,-0.002167,0.057012,-2.956279,0.037709,-0.265667,43.827900,0.000098,0.000107,0.000000,0.000000,0.000000,0.000000
1.550000,6.919062,0.000000,0.000655,0.022436,0.000000,-0.002266,-0.027622,7.524025,0.037602,0.141190,-101.690979,0.000068,-0.001544,0.000000,0.000000,0.000000,0.000000
-1.230000,-4.024057,0.000000,0.001062,-0.017804,0.000000,-0.002333,0.025233,-4.470993,0.039146,-0.139268,55.963066,-0.000017,0.000686,0.000000,0.000000,0.000000,0.000000
2.380000,5.225484,0.000000,0.001358,0.034451,0.000000,-0.002317,-0.046857,5.927452,0.038460,0.275732,-69.588646,-0.000014,-0.000573,0.000000,0.000000,0.000000,0.000000
-1.390000,-5.457085,0.000000,0.001814,-0.020120,0.000000,-0.002302,0.032996,-6.351782,0.039033,-0.204878,70.670586,-0.000031,0.000785,0.000000,0.000000,0.000000,0.000000
-3.110000,-5.659735,0.000000,-0.001646,-0.045017,0.000000,-0.002597,0.044506,-5.705756,0.041907,-0.079454,220.800278,0.000012,0.003964,0.000000,0.000000,0.000000,0.000000
-8.440000,-7.715188,0.000000,-0.001667,-0.122169,0.000000,-0.002609,0.123381,-7.777447,0.037942,-0.220264,300.970245,0.000186,0.005096,0.000000,0.000000,0.000000,0.000000
-7.880000,0.810600,0.000000,-0.001715,-0.114063,0.000000,-0.002795,0.117487,0.821918,0.032846,-0.285633,-23.355602,0.000333,-0.001224,0.000000,0.000000,0.000000,0.000000
2.000000,14.301326,0.000000,-0.001748,0.028950,0.000000,-0.003128,-0.032994,14.654921,0.034071,0.100518,-332.319794,0.000188,-0.006018,0.000000,0.000000,0.000000,0.000000
-0.870000,-4.154333,0.000000,-0.001347,-0.012593,0.000000,-0.003316,0.012498,-4.309162,0.040089,-0.045312,82.109459,-0.000048,0.001443,0.000000,0.000000,0.000000,0.000000
5.340000,8.988991,0.000000,-0.001084,0.077297,0.000000,-0.003268,-0.090568,9.448179,0.038646,0.377144,-156.745117,-0.000066,-0.001950,0.000000,0.000000,0.000000,0.000000
-0.160000,-7.961265,0.000000,-0.000560,-0.002316,0.000000,-0.003202,0.002121,-8.507550,0.040596,-0.009882,126.127510,-0.000155,0.002365,0.000000,0.000000,0.000000,0.000000
-2.530000,-3.430581,0.000000,-0.000277,-0.036622,0.000000,-0.003047,0.046091,-3.734762,0.038231,-0.235597,50.477192,0.000054,0.000314,0.000000,0.000000,0.000000,0.000000
-1.070000,2.113353,0.000000,-0.000096,-0.015488,0.000000,-0.003101,0.020586,2.343131,0.037917,-0.113622,-29.328785,0.000100,-0.000863,0.000000,0.000000,0.000000,0.000000
-0.070000,1.447503,0.000000,0.000145,-0.001013,0.000000,-0.003201,0.001640,1.639722,0.038780,-0.009649,-19.250433,0.000035,-0.000389,0.000000,0.000000,0.000000,0.000000
-4.280000,-6.093986,0.000000,0.000428,-0.061953,0.000000,-0.003236,0.093838,-7.091364,0.039169,-0.582659,78.899261,0.000119,-0.000081,0.000000,0.000000,0.000000,0.000000
-0.780000,2.692355,0.000000,-0.001094,-0.011291,0.000000,-0.001762,0.010509,2.713056,0.029408,-0.018762,-104.989326,0.000080,-0.002039,0.000000,0.000000,0.000000,0.000000
-2.620000,-2.663405,0.000000,-0.001054,-0.037925,0.000000,-0.001842,0.037752,-2.685349,0.031447,-0.067395,103.917160,0.000051,0.001789,0.000000,0.000000,0.000000,0.000000
-0.740000,2.721305,0.000000,-0.000888,-0.010712,0.000000,-0.001893,0.010273,2.761702,0.029658,-0.024974,-78.476433,0.000080,-0.001557,0.000000,0.000000,0.000000,0.000000
2.220000,4.284607,0.000000,-0.000641,0.032135,0.000000,-0.001973,-0.035227,4.389633,0.031214,0.107322,-99.540764,-0.000012,-0.001592,0.000000,0.000000,0.000000,0.000000
0.410000,-2.619980,0.000000,-0.000266,0.005935,0.000000,-0.001961,-0.006891,-2.718143,0.032806,0.024983,51.793186,-0.000070,0.001051,0.000000,0.000000,0.000000,0.000000
-3.110000,-5.095209,0.000000,0.000027,-0.045017,0.000000,-0.001891,0.052048,-5.358554,0.031755,-0.216739,88.898315,0.000039,0.001095,0.000000,0.000000,0.000000,0.000000
1.920000,7.280938,0.000000,0.000167,0.027792,0.000000,-0.001930,-0.033362,7.776098,0.030660,0.155462,-115.283485,0.000057,-0.001764,0.000000,0.000000,0.000000,0.000000
-3.700000,-8.134964,0.000000,0.000522,-0.053558,0.000000,-0.001987,0.068582,-8.852529,0.032424,-0.350557,119.646370,0.000018,0.001321,0.000000,0.000000,0.000000,0.000000
-1.190000,3.633231,0.000000,0.000642,-0.017225,0.000000,-0.002005,0.023896,4.030507,0.031104,-0.131891,-50.449532,0.000141,-0.001314,0.000000,0.000000,0.000000,0.000000
0.350000,2.229154,0.000000,0.000872,0.005066,0.000000,-0.002146,-0.005940,2.527037,0.032418,0.034951,-29.667568,0.000032,-0.000465,0.000000,0.000000,0.000000,0.000000
-1.460000,10.523343,0.000000,-0.000850,-0.021134,0.000000,-0.001609,0.020847,10.606216,0.033047,-0.037217,-410.437439,0.000257,-0.007871,0.000000,0.000000,0.000000,0.000000
0.650000,3.054230,0.000000,-0.000828,0.009409,0.000000,-0.001866,-0.010481,3.077502,0.040918,0.018711,-119.092621,0.000029,-0.002190,0.000000,0.000000,0.000000,0.000000
-4.330000,-7.208563,0.000000,-0.000396,-0.062677,0.000000,-0.001895,0.065130,-7.319609,0.043108,-0.158343,207.993759,0.000038,0.003514,0.000000,0.000000,0.000000,0.000000
-1.850000,3.589806,0.000000,-0.000201,-0.026779,0.000000,-0.001933,0.028566,3.677160,0.039594,-0.087028,-83.384468,0.000147,-0.001821,0.000000,0.000000,0.000000,0.000000
-0.140000,2.475229,0.000000,0.000104,-0.002027,0.000000,-0.002080,0.002368,2.564200,0.041415,-0.008585,-48.859863,0.000055,-0.000945,0.000000,0.000000,0.000000,0.000000
3.690000,5.543935,0.000000,0.000484,0.053413,0.000000,-0.002134,-0.061158,5.825687,0.042360,0.254676,-96.648048,-0.000055,-0.001139,0.000000,0.000000,0.000000,0.000000
-0.760000,-6.441386,0.000000,0.001033,-0.011001,0.000000,-0.002079,0.014532,-6.884663,0.043499,-0.067719,102.067627,-0.000091,0.001752,0.000000,0.000000,0.000000,0.000000
0.540000,1.881753,0.000000,0.001396,0.007817,0.000000,-0.001988,-0.008142,2.043367,0.041747,0.041620,-27.617130,0.000017,-0.000414,0.000000,0.000000,0.000000,0.000000
-0.110000,-0.940877,0.000000,0.001823,-0.001592,0.000000,-0.002005,0.004568,-1.048942,0.042161,-0.025213,13.129523,-0.000008,0.000181,0.000000,0.000000,0.000000,0.000000
-3.520000,-4.935984,0.000000,0.002235,-0.050952,0.000000,-0.001997,0.075311,-5.608228,0.041980,-0.443166,65.840927,0.000098,0.000048,0.000000,0.000000,0.000000,0.000000
-4.890000,-10.190418,0.000000,-0.002632,-0.070783,0.000000,-0.003781,0.069897,-10.272665,0.051181,-0.124781,397.529724,-0.000006,0.007190,0.000000,0.000000,0.000000,0.000000
-4.760000,0.188175,0.000000,-0.002702,-0.068901,0.000000,-0.003776,0.067781,0.188662,0.043991,-0.121005,-7.300822,0.000187,-0.000479,0.000000,0.000000,0.000000,0.000000
-1.650000,4.501733,0.000000,-0.002507,-0.023884,0.000000,-0.003963,0.022354,4.568815,0.044470,-0.054347,-129.827316,0.000147,-0.002604,0.000000,0.000000,0.000000,0.000000
-3.840000,-3.170031,0.000000,-0.002186,-0.055584,0.000000,-0.004109,0.057393,-3.250446,0.047075,-0.174850,73.708168,0.000093,0.000928,0.000000,0.000000,0.000000,0.000000
-1.030000,4.067482,0.000000,-0.001979,-0.014909,0.000000,-0.004203,0.014369,4.215291,0.046147,-0.052097,-80.320755,0.000119,-0.001664,0.000000,0.000000,0.000000,0.000000
-1.290000,-0.376351,0.000000,-0.001663,-0.018673,0.000000,-0.004321,0.019654,-0.398060,0.047811,-0.081844,6.603806,0.000045,-0.000093,0.000000,0.000000,0.000000,0.000000
3.360000,6.730887,0.000000,-0.001371,0.048636,0.000000,-0.004367,-0.060391,7.187900,0.047904,0.281416,-106.563225,-0.000027,-0.001256,0.000000,0.000000,0.000000,0.000000
-4.490000,-11.362895,0.000000,-0.000890,-0.064993,0.000000,-0.004339,0.081292,-12.364696,0.049160,-0.415525,167.115097,-0.000014,0.002043,0.000000,0.000000,0.000000,0.000000
-4.920000,-0.622427,0.000000,-0.000750,-0.071217,0.000000,-0.004325,0.094245,-0.694298,0.047118,-0.520166,8.690478,0.000242,-0.001246,0.000000,0.000000,0.000000,0.000000
-0.030000,-3.850357,0.000000,-0.000918,-0.000434,0.000000,-0.001615,-0.000422,-3.881727,0.030504,0.000754,150.214355,-0.000075,0.002849,0.000000,0.000000,0.000000,0.000000
-4.680000,-6.730887,0.000000,-0.000845,-0.067743,0.000000,-0.001540,0.068496,-6.785092,0.027656,-0.122282,262.568207,0.000057,0.004636,0.000000,0.000000,0.000000,0.000000
-5.860000,-1.708054,0.000000,-0.000823,-0.084824,0.000000,-0.001597,0.087842,-1.734751,0.023020,-0.213561,49.294640,0.000205,0.000347,0.000000,0.000000,0.000000,0.000000
-3.940000,2.779205,0.000000,-0.000862,-0.057032,0.000000,-0.001802,0.060371,2.847287,0.022673,-0.183924,-64.566017,0.000217,-0.001721,0.000000,0.000000,0.000000,0.000000
-1.320000,3.792457,0.000000,-0.000821,-0.019107,0.000000,-0.002019,0.020322,3.931032,0.024394,-0.073678,-74.904327,0.000129,-0.001614,0.000000,0.000000,0.000000,0.000000
2.680000,5.790010,0.000000,-0.000670,0.038793,0.000000,-0.002148,-0.045599,6.085709,0.026008,0.189884,-100.961800,-0.000008,-0.001395,0.000000,0.000000,0.000000,0.000000
-4.260000,-10.045668,0.000000,-0.000351,-0.061664,0.000000,-0.002139,0.074043,-10.733507,0.027403,-0.345034,159.128159,-0.000003,0.002082,0.000000,0.000000,0.000000,0.000000
0.820000,7.353313,0.000000,-0.000333,0.011870,0.000000,-0.002136,-0.015475,7.997822,0.025321,0.079102,-108.094582,0.000110,-0.001837,0.000000,0.000000,0.000000,0.000000
3.250000,3.517431,0.000000,-0.000102,0.047044,0.000000,-0.002246,-0.063055,3.902707,0.027158,0.348017,-48.849876,-0.000097,0.000020,0.000000,0.000000,0.000000,0.000000
-4.700000,5.370235,0.000000,0.000068,-0.068033,0.000000,-0.000463,0.069785,5.412354,0.022602,-0.124583,-209.446289,0.000291,-0.004303,0.000000,0.000000,0.000000,0.000000
-5.030000,-0.477677,0.000000,-0.000061,-0.072809,0.000000,-0.000754,0.074487,-0.482168,0.026905,-0.132977,18.658852,0.000192,0.000002,0.000000,0.000000,0.000000,0.000000
1.680000,9.712743,0.000000,0.000001,0.024318,0.000000,-0.000946,-0.025430,9.859422,0.026903,0.061824,-280.165009,0.000118,-0.005138,0.000000,0.000000,0.000000,0.000000
-2.240000,-5.674210,0.000000,0.000375,-0.032424,0.000000,-0.001064,0.035253,-5.816466,0.032041,-0.107400,131.896088,-0.000015,0.002216,0.000000,0.000000,0.000000,0.000000
1.910000,6.007135,0.000000,0.000574,0.027647,0.000000,-0.001049,-0.030087,6.226701,0.029824,0.109082,-118.647423,0.000037,-0.001956,0.000000,0.000000,0.000000,0.000000
-1.770000,-5.326809,0.000000,0.000959,-0.025621,0.000000,-0.001085,0.030713,-5.602308,0.031780,-0.127896,92.942192,-0.000023,0.001418,0.000000,0.000000,0.000000,0.000000
-0.220000,2.243629,0.000000,0.001191,-0.003185,0.000000,-0.001062,0.005283,2.394370,0.030362,-0.024620,-35.497410,0.000060,-0.000741,0.000000,0.000000,0.000000,0.000000
-3.430000,-4.646483,0.000000,0.001496,-0.049649,0.000000,-0.001122,0.064860,-5.057843,0.031104,-0.331532,68.359299,0.000080,0.000399,0.000000,0.000000,0.000000,0.000000
-4.800000,-1.983078,0.000000,0.001674,-0.069480,0.000000,-0.001201,0.095164,-2.204921,0.030705,-0.525238,27.598824,0.000216,-0.000899,0.000000,0.000000,0.000000,0.000000
-0.250000,6.586137,0.000000,0.001805,-0.003619,0.000000,-0.001417,0.007680,7.472259,0.031604,-0.045195,-87.724777,0.000162,-0.001782,0.000000,0.000000,0.000000,0.000000
4.180000,6.412436,0.000000,0.002139,0.060506,0.000000,-0.001579,-0.087800,7.453055,0.033385,0.545168,-82.923477,-0.000097,-0.000092,0.000000,0.000000,0.000000,0.000000
-0.870000,-7.309888,0.000000,0.002670,-0.012593,0.000000,-0.001482,0.024467,-8.733014,0.033478,-0.158940,92.874199,-0.000099,0.001329,0.000000,0.000000,0.000000,0.000000
-6.690000,-1.013252,0.000000,-0.001744,-0.096838,0.000000,-0.002700,0.097464,-1.022323,0.042198,-0.173996,39.561687,0.000244,0.000276,0.000000,0.000000,0.000000,0.000000
-2.710000,5.761060,0.000000,-0.001906,-0.039227,0.000000,-0.002945,0.038213,5.805884,0.041922,-0.068219,-224.675034,0.000213,-0.004439,0.000000,0.000000,0.000000,0.000000
-5.340000,-3.806932,0.000000,-0.001596,-0.077297,0.000000,-0.003158,0.079163,-3.866283,0.046361,-0.192460,109.864166,0.000141,0.001568,0.000000,0.000000,0.000000,0.000000
-2.200000,4.545158,0.000000,-0.001422,-0.031845,0.000000,-0.003298,0.032699,4.656163,0.044793,-0.099619,-105.584679,0.000176,-0.002272,0.000000,0.000000,0.000000,0.000000
0.810000,4.356983,0.000000,-0.001116,0.011725,0.000000,-0.003475,-0.014270,4.515223,0.047065,0.051738,-86.035873,0.000047,-0.001485,0.000000,0.000000,0.000000,0.000000
1.200000,0.564526,0.000000,-0.000687,0.017370,0.000000,-0.003521,-0.020865,0.590763,0.048550,0.086885,-9.800753,-0.000045,0.000052,0.000000,0.000000,0.000000,0.000000
-5.500000,-9.698268,0.000000,-0.000247,-0.079613,0.000000,-0.003476,0.095845,-10.363843,0.048498,-0.446629,153.647720,0.000063,0.001701,0.000000,0.000000,0.000000,0.000000
-2.260000,4.689908,0.000000,-0.000097,-0.032714,0.000000,-0.003539,0.041363,5.098650,0.046797,-0.211427,-68.910805,0.000208,-0.001880,0.000000,0.000000,0.000000,0.000000
-3.150000,-1.288278,0.000000,0.000189,-0.045596,0.000000,-0.003747,0.061236,-1.434160,0.048676,-0.337977,17.951265,0.000138,-0.000571,0.000000,0.000000,0.000000,0.000000
1.070000,6.108461,0.000000,0.000438,0.015488,0.000000,-0.003885,-0.021310,6.929494,0.049247,0.125400,-81.352676,0.000073,-0.001200,0.000000,0.000000,0.000000,0.000000
-0.510000,-26.489298,0.000000,-0.001899,-0.007382,0.000000,-0.002859,0.005713,-26.700977,0.042498,-0.010198,1033.269531,-0.000490,0.019540,0.000000,0.000000,0.000000,0.000000
-4.700000,-6.065035,0.000000,-0.001818,-0.068033,0.000000,-0.002369,0.067797,-6.113778,0.022959,-0.121033,236.589844,0.000069,0.004116,0.000000,0.000000,0.000000,0.000000
-3.110000,2.301529,0.000000,-0.001855,-0.045017,0.000000,-0.002437,0.045136,2.336013,0.018843,-0.109734,-66.380066,0.000166,-0.001561,0.000000,0.000000,0.000000,0.000000
-5.390000,-3.300306,0.000000,-0.001831,-0.078020,0.000000,-0.002603,0.081888,-3.382828,0.020404,-0.249477,76.710121,0.000157,0.000781,0.000000,0.000000,0.000000,0.000000
-0.700000,6.788787,0.000000,-0.001923,-0.010133,0.000000,-0.002761,0.009123,7.038206,0.019623,-0.033075,-134.110336,0.000158,-0.002630,0.000000,0.000000,0.000000,0.000000
0.840000,2.229154,0.000000,-0.001822,0.012159,0.000000,-0.002918,-0.016155,2.342714,0.022254,0.067273,-38.865574,0.000000,-0.000549,0.000000,0.000000,0.000000,0.000000
-0.490000,-1.925178,0.000000,-0.001667,-0.007093,0.000000,-0.002919,0.006552,-2.057574,0.022803,-0.030532,30.504284,-0.000021,0.000496,0.000000,0.000000,0.000000,0.000000
3.550000,5.847910,0.000000,-0.001581,0.051386,0.000000,-0.002897,-0.067171,6.360943,0.022307,0.343346,-85.971336,-0.000061,-0.000700,0.000000,0.000000,0.000000,0.000000
