-0.000000,0.000000,0.000000,0.000508,0.000000,ovf,-0.000000,ovf,0.000003,-0.061419,-0.000000,-0.000000,0.000000,ovf,-16600855.000000,ovf,-0.000001,ovf
-0.090000,-0.188175,0.000000,0.000000,-0.001303,0.000000,0.000000,0.001311,-0.188549,0.000000,-0.001184,14.422565,-0.000000,0.000270,0.000000,0.000000,0.000000,0.000000
3.140000,4.675434,0.000000,-0.000004,0.045452,0.000000,0.000000,-0.045726,4.684717,-0.000270,0.041297,-358.345581,-0.000035,-0.006674,0.000000,0.000000,0.000000,0.000000
-0.250000,-4.907034,0.000000,0.000185,-0.003619,0.000000,0.000035,0.003874,-4.937457,0.006404,-0.006114,216.134537,-0.000083,0.004088,0.000000,0.000000,0.000000,0.000000
-0.980000,-1.056677,0.000000,0.000200,-0.014186,0.000000,0.000118,0.014934,-1.070167,0.002316,-0.033338,33.119175,0.000020,0.000529,0.000000,0.000000,0.000000,0.000000
-1.900000,-1.331702,0.000000,0.000183,-0.027503,0.000000,0.000098,0.029483,-1.360500,0.001786,-0.084259,32.887478,0.000054,0.000394,0.000000,0.000000,0.000000,0.000000
-1.640000,0.376351,0.000000,0.000124,-0.023739,0.000000,0.000044,0.026228,0.388607,0.001393,-0.090456,-7.784300,0.000078,-0.000393,0.000000,0.000000,0.000000,0.000000
-1.550000,0.130275,0.000000,0.000079,-0.022436,0.000000,-0.000034,0.025686,0.136211,0.001785,-0.102754,-2.352260,0.000072,-0.000322,0.000000,0.000000,0.000000,0.000000
-1.600000,-0.072375,0.000000,0.000037,-0.023160,0.000000,-0.000106,0.027615,-0.077065,0.002107,-0.124537,1.180563,0.000073,-0.000314,0.000000,0.000000,0.000000,0.000000
0.000000,2.316004,0.000000,-0.000006,0.000000,0.000000,-0.000180,-0.000008,2.504541,0.002421,0.000040,-34.778103,0.000047,-0.000658,0.000000,0.000000,0.000000,0.000000
4.470000,6.470336,0.000000,0.000018,0.064703,0.000000,-0.000227,-0.085049,7.135801,0.003079,0.458969,-91.350449,-0.000095,-0.000487,0.000000,0.000000,0.000000,0.000000
-1.770000,-9.032415,0.000000,0.000231,-0.025621,0.000000,-0.000132,0.035945,-10.180231,0.003566,-0.207575,121.786263,-0.000095,0.001745,0.000000,0.000000,0.000000,0.000000
0.130000,2.750255,0.000000,0.000184,0.001882,0.000000,-0.000036,-0.002505,3.173488,0.001821,0.015312,-35.870506,0.000053,-0.000641,0.000000,0.000000,0.000000,0.000000
1.190000,1.534353,0.000000,0.000218,0.017225,0.000000,-0.000090,-0.026719,1.816123,0.002462,0.171275,-19.572506,-0.000038,0.000094,0.000000,0.000000,0.000000,0.000000
-0.530000,-2.489705,0.000000,0.000297,-0.007672,0.000000,-0.000052,0.013365,-3.030316,0.002368,-0.089180,31.373272,-0.000021,0.000353,0.000000,0.000000,0.000000,0.000000
-0.460000,0.101325,0.000000,0.000306,-0.006659,0.000000,-0.000031,0.012502,0.126393,0.002015,-0.086297,-1.265011,0.000036,-0.000258,0.000000,0.000000,0.000000,0.000000
3.490000,5.659735,0.000000,0.001209,0.050518,0.000000,0.001231,-0.050342,5.704594,0.003392,0.089873,-220.755341,-0.000028,-0.003936,0.000000,0.000000,0.000000,0.000000
-7.510000,-15.922529,0.000000,0.001484,-0.108707,0.000000,0.001260,0.112824,-16.049419,0.007329,-0.201417,621.077393,0.000001,0.011223,0.000000,0.000000,0.000000,0.000000
2.840000,14.981651,0.000000,0.001172,0.041109,0.000000,0.001258,-0.041763,15.209393,-0.003894,0.101534,-432.189606,0.000175,-0.007930,0.000000,0.000000,0.000000,0.000000
1.520000,-1.910703,0.000000,0.001355,0.022002,0.000000,0.001083,-0.022191,-1.958486,0.004036,0.067606,44.411255,-0.000097,0.001038,0.000000,0.000000,0.000000,0.000000
-4.910000,-9.307442,0.000000,0.001487,-0.071072,0.000000,0.001181,0.080635,-9.650721,0.002997,-0.292351,183.890823,0.000036,0.002689,0.000000,0.000000,0.000000,0.000000
1.450000,9.206117,0.000000,0.001345,0.020989,0.000000,0.001145,-0.022698,9.678052,0.000308,0.094522,-160.558731,0.000122,-0.002789,0.000000,0.000000,0.000000,0.000000
4.310000,4.139857,0.000000,0.001488,0.062387,0.000000,0.001023,-0.073545,4.421838,0.003097,0.342710,-65.555359,-0.000115,-0.000309,0.000000,0.000000,0.000000,0.000000
-4.930000,-13.374924,0.000000,0.001764,-0.071362,0.000000,0.001139,0.092735,-14.551433,0.003407,-0.474014,196.669922,-0.000024,0.002442,0.000000,0.000000,0.000000,0.000000
-1.270000,5.297859,0.000000,0.001659,-0.018383,0.000000,0.001163,0.026805,5.880273,0.000964,-0.147944,-73.602921,0.000184,-0.001798,0.000000,0.000000,0.000000,0.000000
2.630000,5.645260,0.000000,0.001720,0.038069,0.000000,0.000979,-0.051469,6.406744,0.002763,0.302873,-75.215553,-0.000018,-0.000602,0.000000,0.000000,0.000000,0.000000
3.840000,1.751478,0.000000,0.001955,0.055584,0.000000,0.000998,-0.080672,2.035076,0.003364,0.500912,-22.642473,-0.000180,0.000927,0.000000,0.000000,0.000000,0.000000
2.560000,-1.852803,0.000000,0.002254,0.037056,0.000000,0.001177,-0.055787,-2.214493,0.002437,0.362393,23.550772,-0.000193,0.001424,0.000000,0.000000,0.000000,0.000000
-11.050000,-9.336392,0.000000,0.000048,-0.159949,0.000000,-0.000423,0.163871,-9.411167,0.020074,-0.292548,364.191620,0.000265,0.006102,0.000000,0.000000,0.000000,0.000000
3.830000,21.538837,0.000000,-0.000336,0.055439,0.000000,-0.000689,-0.057108,21.709787,0.013972,0.101950,-840.121399,0.000256,-0.015643,0.000000,0.000000,0.000000,0.000000
7.450000,5.239959,0.000000,0.000102,0.107839,0.000000,-0.000945,-0.112665,5.318551,0.029615,0.273908,-151.131760,-0.000205,-0.002092,0.000000,0.000000,0.000000,0.000000
-1.230000,-12.564322,0.000000,0.000707,-0.017804,0.000000,-0.000740,0.019896,-12.877568,0.031707,-0.060614,292.015961,-0.000190,0.005369,0.000000,0.000000,0.000000,0.000000
1.620000,4.125382,0.000000,0.000924,0.023450,0.000000,-0.000551,-0.025033,4.275749,0.026338,0.090758,-81.472771,0.000014,-0.001307,0.000000,0.000000,0.000000,0.000000
-0.260000,-2.721305,0.000000,0.001273,-0.003764,0.000000,-0.000564,0.005820,-2.862964,0.027645,-0.024236,47.496525,-0.000038,0.000836,0.000000,0.000000,0.000000,0.000000
-8.140000,-11.406321,0.000000,0.001549,-0.117827,0.000000,-0.000526,0.144163,-12.187775,0.026809,-0.671783,180.688202,0.000159,0.001603,0.000000,0.000000,0.000000,0.000000
-8.510000,-0.535576,0.000000,0.001496,-0.123182,0.000000,-0.000685,0.158112,-0.585226,0.025206,-0.808191,7.909620,0.000416,-0.002039,0.000000,0.000000,0.000000,0.000000
-4.910000,5.211010,0.000000,0.001438,-0.071072,0.000000,-0.001101,0.096978,5.781890,0.027245,-0.535251,-72.371452,0.000371,-0.002814,0.000000,0.000000,0.000000,0.000000
-2.930000,2.866055,0.000000,0.001541,-0.042412,0.000000,-0.001472,0.062235,3.249739,0.030060,-0.366222,-38.152130,0.000229,-0.001708,0.000000,0.000000,0.000000,0.000000
3.800000,9.741693,0.000000,0.001735,0.055005,0.000000,-0.001702,-0.080132,11.325563,0.031768,0.497559,-126.009399,-0.000003,-0.001037,0.000000,0.000000,0.000000,0.000000
4.140000,0.492151,0.000000,0.002221,0.059927,0.000000,-0.001699,-0.092501,0.582318,0.032805,0.600889,-6.192853,-0.000239,0.001510,0.000000,0.000000,0.000000,0.000000
-9.070000,-3.170029,0.000000,-0.001861,-0.131288,0.000000,-0.002753,0.132612,-3.196179,0.039574,-0.236742,123.685150,0.000299,0.001699,0.000000,0.000000,0.000000,0.000000
-3.810000,7.613863,0.000000,-0.002122,-0.055150,0.000000,-0.003052,0.054295,7.673537,0.037875,-0.096928,-296.949127,0.000292,-0.005888,0.000000,0.000000,0.000000,0.000000
-3.240000,0.825077,0.000000,-0.001886,-0.046899,0.000000,-0.003343,0.047072,0.836246,0.043763,-0.114441,-23.762730,0.000143,-0.000749,0.000000,0.000000,0.000000,0.000000
0.190000,4.964934,0.000000,-0.001637,0.002750,0.000000,-0.003486,-0.004715,5.086398,0.044512,0.014365,-115.340813,0.000083,-0.002144,0.000000,0.000000,0.000000,0.000000
3.260000,4.443833,0.000000,-0.001245,0.047189,0.000000,-0.003569,-0.053825,4.605321,0.046656,0.195147,-87.752647,-0.000059,-0.001130,0.000000,0.000000,0.000000,0.000000
4.860000,2.316005,0.000000,-0.000728,0.070349,0.000000,-0.003511,-0.082128,2.432164,0.047785,0.341999,-40.349560,-0.000176,0.000163,0.000000,0.000000,0.000000,0.000000
1.230000,-5.254435,0.000000,-0.000148,0.017804,0.000000,-0.003335,-0.021680,-5.616471,0.047622,0.101025,83.266235,-0.000165,0.001850,0.000000,0.000000,0.000000,0.000000
-4.350000,-8.077065,0.000000,0.000275,-0.062966,0.000000,-0.003170,0.080200,-8.790409,0.045773,-0.409941,118.806793,0.000051,0.001137,0.000000,0.000000,0.000000,0.000000
-2.570000,2.576555,0.000000,0.000462,-0.037201,0.000000,-0.003221,0.050371,2.856480,0.044635,-0.278013,-35.754333,0.000190,-0.001431,0.000000,0.000000,0.000000,0.000000
3.930000,9.408767,0.000000,0.000726,0.056887,0.000000,-0.003411,-0.079521,10.675893,0.046066,0.467944,-125.335625,-0.000013,-0.001105,0.000000,0.000000,0.000000,0.000000
-4.310000,-11.681345,0.000000,-0.001894,-0.062387,0.000000,-0.002884,0.062041,-11.775292,0.043768,-0.110757,455.678070,-0.000055,0.008331,0.000000,0.000000,0.000000,0.000000
-0.530000,5.471560,0.000000,-0.001959,-0.007672,0.000000,-0.002829,0.005850,5.514251,0.035437,-0.010443,-213.389481,0.000120,-0.004084,0.000000,0.000000,0.000000,0.000000
-1.470000,-1.360653,0.000000,-0.001630,-0.021278,0.000000,-0.002949,0.020547,-1.382578,0.039521,-0.049955,39.287300,0.000029,0.000616,0.000000,0.000000,0.000000,0.000000
3.360000,6.991437,0.000000,-0.001357,0.048636,0.000000,-0.002978,-0.053733,7.163390,0.038905,0.163699,-162.439362,-0.000010,-0.002634,0.000000,0.000000,0.000000,0.000000
1.590000,-2.562079,0.000000,-0.000876,0.023015,0.000000,-0.002968,-0.026551,-2.658439,0.041539,0.096262,50.655548,-0.000122,0.001224,0.000000,0.000000,0.000000,0.000000
-4.340000,-8.583691,0.000000,-0.000481,-0.062822,0.000000,-0.002846,0.072033,-9.026390,0.040315,-0.299963,149.747635,0.000024,0.002022,0.000000,0.000000,0.000000,0.000000
-4.730000,-0.564526,0.000000,-0.000347,-0.068467,0.000000,-0.002871,0.082264,-0.605534,0.038293,-0.383342,8.977270,0.000211,-0.000871,0.000000,0.000000,0.000000,0.000000
3.710000,12.216922,0.000000,-0.000233,0.053702,0.000000,-0.003082,-0.068399,13.287781,0.039163,0.349620,-179.591034,0.000066,-0.002453,0.000000,0.000000,0.000000,0.000000
-7.140000,-15.705402,0.000000,0.000237,-0.103352,0.000000,-0.003148,0.138543,-17.438551,0.041617,-0.764660,218.276962,0.000044,0.002069,0.000000,0.000000,0.000000,0.000000
17.170000,35.188786,0.000000,0.000250,0.248536,0.000000,-0.003192,-0.351564,39.940891,0.039547,2.068781,-468.908478,-0.000195,-0.003287,0.000000,0.000000,0.000000,0.000000
-0.360000,0.231600,0.000000,-0.000832,-0.005211,0.000000,-0.001775,0.004583,0.232420,0.040910,-0.008181,-8.994140,0.000017,-0.000186,0.000000,0.000000,0.000000,0.000000
-3.110000,-3.980632,0.000000,-0.000748,-0.045017,0.000000,-0.001792,0.045327,-4.013316,0.041096,-0.080920,155.306564,0.000047,0.002722,0.000000,0.000000,0.000000,0.000000
-4.000000,-1.288277,0.000000,-0.000511,-0.057900,0.000000,-0.001839,0.060014,-1.309163,0.038374,-0.145905,37.201130,0.000137,0.000305,0.000000,0.000000,0.000000,0.000000
-12.870000,-12.839348,0.000000,-0.000320,-0.186294,0.000000,-0.001976,0.199885,-13.159551,0.038069,-0.608959,298.410248,0.000291,0.004003,0.000000,0.000000,0.000000,0.000000
-13.950000,-1.563303,0.000000,-0.000533,-0.201927,0.000000,-0.002268,0.223808,-1.622557,0.034067,-0.811440,30.917208,0.000574,-0.001617,0.000000,0.000000,0.000000,0.000000
6.890000,30.165953,0.000000,-0.000798,0.099733,0.000000,-0.002842,-0.116162,31.711775,0.035684,0.483724,-526.097778,0.000285,-0.008650,0.000000,0.000000,0.000000,0.000000
2.020000,-7.049337,0.000000,-0.000165,0.029240,0.000000,-0.003127,-0.035510,-7.533739,0.044334,0.165473,111.690422,-0.000239,0.002578,0.000000,0.000000,0.000000,0.000000
-0.690000,-3.922732,0.000000,0.000256,-0.009988,0.000000,-0.002888,0.012990,-4.270680,0.041756,-0.066401,57.720394,-0.000045,0.000909,0.000000,0.000000,0.000000,0.000000
8.600000,13.447300,0.000000,0.000563,0.124485,0.000000,-0.002842,-0.165738,14.924697,0.040847,0.914758,-186.811249,-0.000166,-0.001065,0.000000,0.000000,0.000000,0.000000
3.770000,-6.991438,0.000000,0.001265,0.054571,0.000000,-0.002677,-0.075480,-7.940776,0.041912,0.444160,93.225182,-0.000354,0.002969,0.000000,0.000000,0.000000,0.000000
6.870000,-12.274822,0.000000,-0.001585,0.099443,0.000000,-0.002551,-0.103342,-12.373471,0.042532,0.184490,478.826324,-0.000513,0.009560,0.000000,0.000000,0.000000,0.000000
-1.140000,-11.594496,0.000000,-0.001214,-0.016502,0.000000,-0.002038,0.015652,-11.687501,0.032972,-0.027943,452.280731,-0.000178,0.008471,0.000000,0.000000,0.000000,0.000000
-1.570000,-0.622426,0.000000,-0.001044,-0.022726,0.000000,-0.001860,0.022674,-0.632655,0.024501,-0.055124,17.977516,0.000050,0.000176,0.000000,0.000000,0.000000,0.000000
-2.860000,-1.867278,0.000000,-0.000900,-0.041399,0.000000,-0.001910,0.043528,-1.914552,0.024326,-0.132611,43.415005,0.000081,0.000463,0.000000,0.000000,0.000000,0.000000
8.750000,16.805504,0.000000,-0.000821,0.126656,0.000000,-0.001991,-0.141666,17.423397,0.023863,0.513624,-331.996246,-0.000053,-0.004898,0.000000,0.000000,0.000000,0.000000
3.560000,-7.512538,0.000000,-0.000236,0.051531,0.000000,-0.001938,-0.059816,-7.899653,0.028760,0.249086,131.055115,-0.000311,0.003164,0.000000,0.000000,0.000000,0.000000
-9.330000,-18.658308,0.000000,0.000121,-0.135052,0.000000,-0.001626,0.163240,-19.934454,0.025596,-0.760682,295.535522,0.000065,0.003532,0.000000,0.000000,0.000000,0.000000
-9.750000,-0.607951,0.000000,-0.000074,-0.141131,0.000000,-0.001691,0.178882,-0.662975,0.022064,-0.914358,8.960443,0.000471,-0.002310,0.000000,0.000000,0.000000,0.000000
5.280000,21.755964,0.000000,-0.000288,0.076428,0.000000,-0.002162,-0.102603,24.150236,0.024374,0.566293,-302.286591,0.000179,-0.004188,0.000000,0.000000,0.000000,0.000000
4.700000,-0.839552,0.000000,0.000130,0.068033,0.000000,-0.002341,-0.096148,-0.955540,0.028561,0.565784,11.218095,-0.000279,0.001751,0.000000,0.000000,0.000000,0.000000
5.480000,1.129052,0.000000,0.000522,0.079323,0.000000,-0.002063,-0.118539,1.310273,0.026811,0.736033,-14.578232,-0.000295,0.001712,0.000000,0.000000,0.000000,0.000000
-0.450000,9.770641,0.000000,-0.000703,-0.006514,0.000000,-0.001248,0.006006,9.847761,0.023825,-0.010723,-381.086853,0.000203,-0.007248,0.000000,0.000000,0.000000,0.000000
-4.810000,-6.311111,0.000000,-0.000664,-0.069625,0.000000,-0.001451,0.070609,-6.362074,0.031073,-0.126053,246.198395,0.000070,0.004334,0.000000,0.000000,0.000000,0.000000
0.150000,7.179613,0.000000,-0.000607,0.002171,0.000000,-0.001522,-0.002905,7.287850,0.026739,0.007064,-207.091309,0.000130,-0.003910,0.000000,0.000000,0.000000,0.000000
0.120000,-0.043425,0.000000,-0.000322,0.001737,0.000000,-0.001652,-0.002213,-0.045808,0.030649,0.006743,1.038748,-0.000007,0.000045,0.000000,0.000000,0.000000,0.000000
3.390000,4.733334,0.000000,-0.000043,0.049070,0.000000,-0.001644,-0.054579,4.906072,0.030604,0.197882,-93.483345,-0.000055,-0.001235,0.000000,0.000000,0.000000,0.000000
3.890000,0.723751,0.000000,0.000381,0.056308,0.000000,-0.001590,-0.064623,0.758856,0.031839,0.269103,-12.589400,-0.000160,0.000492,0.000000,0.000000,0.000000,0.000000
-2.840000,-9.741693,0.000000,0.000827,-0.041109,0.000000,-0.001429,0.050644,-10.409484,0.031347,-0.235996,154.324371,-0.000060,0.002283,0.000000,0.000000,0.000000,0.000000
-4.470000,-2.359429,0.000000,0.000990,-0.064703,0.000000,-0.001370,0.083310,-2.569405,0.029064,-0.425838,34.726803,0.000177,-0.000499,0.000000,0.000000,0.000000,0.000000
-1.670000,4.053007,0.000000,0.001091,-0.024173,0.000000,-0.001546,0.033789,4.496372,0.029563,-0.186491,-56.280724,0.000176,-0.001569,0.000000,0.000000,0.000000,0.000000
-5.380000,-5.370234,0.000000,0.001316,-0.077876,0.000000,-0.001723,0.112132,-6.099590,0.031132,-0.659841,71.609558,0.000187,-0.000426,0.000000,0.000000,0.000000,0.000000
1.460000,9.900917,0.000000,0.001393,0.021134,0.000000,-0.001910,-0.029695,11.511051,0.031558,0.184380,-128.073166,0.000137,-0.001926,0.000000,0.000000,0.000000,0.000000
-7.240000,-11.189195,0.000000,-0.001586,-0.104799,0.000000,-0.002397,0.105763,-11.279037,0.035901,-0.188812,436.474121,0.000072,0.007757,0.000000,0.000000,0.000000,0.000000
-6.800000,0.636901,0.000000,-0.001784,-0.098430,0.000000,-0.002469,0.098956,0.641323,0.028144,-0.176659,-24.817797,0.000280,-0.000962,0.000000,0.000000,0.000000,0.000000
-2.450000,6.296636,0.000000,-0.001804,-0.035464,0.000000,-0.002749,0.035200,6.391477,0.029106,-0.085577,-181.620010,0.000216,-0.003669,0.000000,0.000000,0.000000,0.000000
-3.160000,-1.027727,0.000000,-0.001633,-0.045741,0.000000,-0.002965,0.047407,-1.054436,0.032775,-0.144429,23.910742,0.000108,0.000069,0.000000,0.000000,0.000000,0.000000
4.150000,10.581244,0.000000,-0.001507,0.060071,0.000000,-0.003073,-0.068432,10.969570,0.032706,0.248108,-209.021011,0.000022,-0.003287,0.000000,0.000000,0.000000,0.000000
0.600000,-5.138634,0.000000,-0.001069,0.008685,0.000000,-0.003095,-0.011271,-5.404145,0.035993,0.046935,89.654663,-0.000133,0.001831,0.000000,0.000000,0.000000,0.000000
-1.030000,-2.359429,0.000000,-0.000794,-0.014909,0.000000,-0.002962,0.017046,-2.522583,0.034162,-0.079431,37.398201,-0.000001,0.000490,0.000000,0.000000,0.000000,0.000000
0.540000,2.272579,0.000000,-0.000595,0.007817,0.000000,-0.002961,-0.010667,2.470091,0.033672,0.054526,-33.384525,0.000018,-0.000486,0.000000,0.000000,0.000000,0.000000
-1.780000,-3.358206,0.000000,-0.000334,-0.025766,0.000000,-0.002979,0.034013,-3.730587,0.034158,-0.187729,46.695457,0.000021,0.000377,0.000000,0.000000,0.000000,0.000000
1.460000,4.689908,0.000000,-0.000174,0.021134,0.000000,-0.003000,-0.030170,5.320981,0.033781,0.177536,-62.468624,0.000019,-0.000703,0.000000,0.000000,0.000000,0.000000
-0.210000,-2.417329,0.000000,0.000121,-0.003040,0.000000,-0.003019,0.004754,-2.814626,0.034484,-0.029521,31.315821,-0.000040,0.000514,0.000000,0.000000,0.000000,0.000000
-2.680000,0.984302,0.000000,-0.000325,-0.038793,0.000000,-0.000892,0.039448,0.991510,0.024465,-0.070423,-38.369270,0.000126,-0.000918,0.000000,0.000000,0.000000,0.000000
-0.940000,2.518655,0.000000,-0.000370,-0.013607,0.000000,-0.001017,0.013553,2.538047,0.025383,-0.024195,-98.216866,0.000084,-0.001923,0.000000,0.000000,0.000000,0.000000
-5.270000,-6.267685,0.000000,-0.000147,-0.076283,0.000000,-0.001102,0.079618,-6.363897,0.027307,-0.193566,180.836304,0.000095,0.002904,0.000000,0.000000,0.000000,0.000000
-1.660000,5.225484,0.000000,-0.000130,-0.024029,0.000000,-0.001197,0.025687,5.354082,0.024402,-0.078256,-121.410912,0.000171,-0.002516,0.000000,0.000000,0.000000,0.000000
-2.120000,-0.665851,0.000000,0.000050,-0.030687,0.000000,-0.001367,0.034159,-0.691799,0.026918,-0.123845,13.181964,0.000079,-0.000081,0.000000,0.000000,0.000000,0.000000
3.090000,7.541488,0.000000,0.000209,0.044728,0.000000,-0.001446,-0.051440,7.926736,0.026999,0.214209,-131.504410,0.000011,-0.001910,0.000000,0.000000,0.000000,0.000000
-2.250000,-7.729663,0.000000,0.000595,-0.032569,0.000000,-0.001457,0.040050,-8.259779,0.028910,-0.186630,122.454224,-0.000048,0.001817,0.000000,0.000000,0.000000,0.000000
0.490000,3.966157,0.000000,0.000755,0.007093,0.000000,-0.001409,-0.008037,4.312343,0.027092,0.041081,-58.283489,0.000060,-0.000996,0.000000,0.000000,0.000000,0.000000
1.930000,2.084404,0.000000,0.001036,0.027937,0.000000,-0.001469,-0.035977,2.311110,0.028088,0.198570,-28.927979,-0.000054,-0.000009,0.000000,0.000000,0.000000,0.000000
2.120000,0.275025,0.000000,0.001385,0.030687,0.000000,-0.001415,-0.041491,0.308818,0.028097,0.244155,-3.625546,-0.000106,0.000592,0.000000,0.000000,0.000000,0.000000
5.420000,20.076859,0.000000,-0.001125,0.078455,0.000000,-0.001911,-0.081399,20.235687,0.034435,0.145317,-783.076904,0.000163,-0.014436,0.000000,0.000000,0.000000,0.000000
-1.660000,-10.248318,0.000000,-0.000830,-0.024029,0.000000,-0.002074,0.023753,-10.331044,0.048871,-0.042404,399.788849,-0.000132,0.007482,0.000000,0.000000,0.000000,0.000000
-4.380000,-3.937207,0.000000,-0.000508,-0.063401,0.000000,-0.001942,0.065769,-3.998461,0.041389,-0.159897,113.620125,0.000102,0.001705,0.000000,0.000000,0.000000,0.000000
-0.480000,5.645260,0.000000,-0.000317,-0.006948,0.000000,-0.002044,0.007128,5.783626,0.039684,-0.021714,-131.151382,0.000129,-0.002545,0.000000,0.000000,0.000000,0.000000
-1.100000,-0.897452,0.000000,0.000048,-0.015923,0.000000,-0.002173,0.017748,-0.932732,0.042229,-0.064347,17.772863,0.000030,0.000167,0.000000,0.000000,0.000000,0.000000
-2.940000,-2.663405,0.000000,0.000384,-0.042557,0.000000,-0.002203,0.049617,-2.802705,0.042062,-0.206615,46.496819,0.000081,0.000321,0.000000,0.000000,0.000000,0.000000
2.320000,7.613863,0.000000,0.000641,0.033582,0.000000,-0.002284,-0.039780,8.130836,0.041740,0.185372,-120.542580,0.000046,-0.001782,0.000000,0.000000,0.000000,0.000000
-5.210000,-10.899693,0.000000,0.001128,-0.075415,0.000000,-0.002330,0.097069,-11.861340,0.043522,-0.496167,160.311951,0.000038,0.001697,0.000000,0.000000,0.000000,0.000000
-6.390000,-1.708053,0.000000,0.001302,-0.092495,0.000000,-0.002368,0.125447,-1.900275,0.041825,-0.692381,23.785597,0.000303,-0.001426,0.000000,0.000000,0.000000,0.000000
2.160000,12.376147,0.000000,0.001434,0.031266,0.000000,-0.002672,-0.042242,14.044044,0.043251,0.248572,-164.877914,0.000151,-0.002447,0.000000,0.000000,0.000000,0.000000
0.080000,10.219368,0.000000,-0.002086,0.001158,0.000000,-0.003186,-0.003208,10.299479,0.048620,0.005728,-398.567322,0.000186,-0.007527,0.000000,0.000000,0.000000,0.000000
-4.850000,-7.136187,0.000000,-0.001967,-0.070204,0.000000,-0.003372,0.069868,-7.194298,0.056146,-0.124730,278.403656,0.000052,0.004948,0.000000,0.000000,0.000000,0.000000
1.560000,9.278491,0.000000,-0.001697,0.022581,0.000000,-0.003424,-0.025388,9.417867,0.051198,0.061723,-267.617767,0.000110,-0.004910,0.000000,0.000000,0.000000,0.000000
-3.010000,-6.615087,0.000000,-0.001139,-0.043570,0.000000,-0.003534,0.045605,-6.781530,0.056108,-0.138938,153.780182,-0.000005,0.002545,0.000000,0.000000,0.000000,0.000000
1.740000,6.875638,0.000000,-0.000797,0.025187,0.000000,-0.003529,-0.028876,7.126235,0.053563,0.104693,-135.787720,0.000057,-0.002293,0.000000,0.000000,0.000000,0.000000
4.520000,4.024057,0.000000,-0.000253,0.065427,0.000000,-0.003585,-0.075892,4.227229,0.055855,0.316030,-70.129646,-0.000125,-0.000469,0.000000,0.000000,0.000000,0.000000
4.570000,0.072375,0.000000,0.000409,0.066151,0.000000,-0.003460,-0.079392,0.073364,0.056324,0.369958,-1.087647,-0.000213,0.000981,0.000000,0.000000,0.000000,0.000000
-1.500000,-8.786341,0.000000,0.001075,-0.021713,0.000000,-0.003247,0.028898,-9.563110,0.055343,-0.147714,129.250244,-0.000103,0.002046,0.000000,0.000000,0.000000,0.000000
-4.240000,-3.966157,0.000000,0.001489,-0.061374,0.000000,-0.003144,0.084076,-4.408098,0.053297,-0.464039,55.175819,0.000144,-0.000214,0.000000,0.000000,0.000000,0.000000
0.640000,7.063812,0.000000,0.001797,0.009264,0.000000,-0.003289,-0.010572,8.012630,0.053512,0.062213,-94.068756,0.000123,-0.001613,0.000000,0.000000,0.000000,0.000000
-7.700000,-19.642611,0.000000,-0.003009,-0.111458,0.000000,-0.004324,0.111174,-19.800203,0.058562,-0.198472,766.224670,-0.000074,0.013975,0.000000,0.000000,0.000000,0.000000
-4.640000,4.429358,0.000000,-0.003171,-0.067164,0.000000,-0.004250,0.065522,4.463582,0.044588,-0.116972,-172.730850,0.000262,-0.003613,0.000000,0.000000,0.000000,0.000000
-1.910000,3.951682,0.000000,-0.002944,-0.027647,0.000000,-0.004512,0.025833,4.010312,0.048201,-0.062805,-113.956871,0.000145,-0.002321,0.000000,0.000000,0.000000,0.000000
6.410000,12.043221,0.000000,-0.002611,0.092785,0.000000,-0.004657,-0.102531,12.340186,0.050522,0.312367,-279.830109,-0.000044,-0.004449,0.000000,0.000000,0.000000,0.000000
-0.040000,-9.336391,0.000000,-0.001920,-0.000579,0.000000,-0.004613,-0.001491,-9.682744,0.054971,0.005404,184.501038,-0.000187,0.003516,0.000000,0.000000,0.000000,0.000000
0.070000,0.159225,0.000000,-0.001530,0.001013,0.000000,-0.004426,-0.002939,0.164737,0.051455,0.012237,-2.732983,-0.000004,-0.000025,0.000000,0.000000,0.000000,0.000000
5.800000,8.294189,0.000000,-0.001146,0.083955,0.000000,-0.004421,-0.102772,8.857649,0.051480,0.478904,-131.317886,-0.000110,-0.001191,0.000000,0.000000,0.000000,0.000000
4.700000,-1.592253,0.000000,-0.000525,0.068033,0.000000,-0.004311,-0.086942,-1.735829,0.052671,0.444402,23.460596,-0.000268,0.001649,0.000000,0.000000,0.000000,0.000000
-0.290000,-7.223038,0.000000,0.000044,-0.004198,0.000000,-0.004043,0.005674,-8.022635,0.051022,-0.031314,100.418694,-0.000136,0.001814,0.000000,0.000000,0.000000,0.000000
2.760000,4.414883,0.000000,0.000403,0.039951,0.000000,-0.003907,-0.055999,5.007063,0.049209,0.329525,-58.783222,-0.000056,-0.000225,0.000000,0.000000,0.000000,0.000000
-3.770000,-0.376351,0.000000,-0.001198,-0.054571,0.000000,-0.002161,0.054748,-0.380378,0.042022,-0.097738,14.719790,0.000141,0.000015,0.000000,0.000000,0.000000,0.000000
-3.090000,0.984302,0.000000,-0.001245,-0.044728,0.000000,-0.002302,0.044522,0.991103,0.042007,-0.079482,-38.353527,0.000139,-0.000941,0.000000,0.000000,0.000000,0.000000
0.660000,5.428134,0.000000,-0.000972,0.009554,0.000000,-0.002440,-0.011006,5.509213,0.042948,0.026759,-156.549606,0.000074,-0.002890,0.000000,0.000000,0.000000,0.000000
-4.550000,-7.541488,0.000000,-0.000530,-0.065861,0.000000,-0.002515,0.070218,-7.730553,0.045839,-0.213923,175.300552,0.000043,0.002746,0.000000,0.000000,0.000000,0.000000
8.130000,18.354332,0.000000,-0.000330,0.117682,0.000000,-0.002558,-0.131146,19.028160,0.043093,0.475484,-362.574341,0.000005,-0.005584,0.000000,0.000000,0.000000,0.000000
0.820000,-10.581244,0.000000,0.000428,0.011870,0.000000,-0.002564,-0.013220,-11.127201,0.048677,0.055053,184.600067,-0.000246,0.003655,0.000000,0.000000,0.000000,0.000000
-6.410000,-10.465444,0.000000,0.000869,-0.092785,0.000000,-0.002317,0.113101,-11.183606,0.045022,-0.527036,165.801041,0.000095,0.001707,0.000000,0.000000,0.000000,0.000000
1.200000,11.015494,0.000000,0.001006,0.017370,0.000000,-0.002412,-0.020753,11.979869,0.043315,0.106077,-161.913940,0.000171,-0.002782,0.000000,0.000000,0.000000,0.000000
-1.110000,-3.343731,0.000000,0.001472,-0.016067,0.000000,-0.002582,0.023457,-3.716537,0.046097,-0.129468,46.519596,-0.000007,0.000536,0.000000,0.000000,0.000000,0.000000
16.350000,6.890112,0.000000,-0.002942,0.236667,0.000000,-0.004097,-0.245218,6.943708,0.051647,0.437771,-268.706360,-0.000532,-0.003905,0.000000,0.000000,0.000000,0.000000
-10.830000,-39.343121,0.000000,-0.002180,-0.156765,0.000000,-0.003565,0.158278,-39.657345,0.055552,-0.282563,1534.652588,-0.000322,0.028302,0.000000,0.000000,0.000000,0.000000
-0.750000,14.590825,0.000000,-0.002389,-0.010856,0.000000,-0.003243,0.008855,14.811849,0.027250,-0.021527,-420.893005,0.000305,-0.008080,0.000000,0.000000,0.000000,0.000000
-2.900000,-3.112130,0.000000,-0.002139,-0.041978,0.000000,-0.003548,0.042818,-3.190598,0.035330,-0.130448,72.351036,0.000055,0.001032,0.000000,0.000000,0.000000,0.000000
-0.180000,3.937207,0.000000,-0.002004,-0.002606,0.000000,-0.003603,0.000669,4.080844,0.034298,-0.002424,-77.758934,0.000079,-0.001481,0.000000,0.000000,0.000000,0.000000
2.910000,4.472783,0.000000,-0.001763,0.042122,0.000000,-0.003682,-0.050708,4.700625,0.035779,0.211160,-77.983284,-0.000048,-0.000903,0.000000,0.000000,0.000000,0.000000
4.230000,1.910703,0.000000,-0.001400,0.061229,0.000000,-0.003634,-0.075634,2.039263,0.036682,0.352447,-30.232805,-0.000166,0.000383,0.000000,0.000000,0.000000,0.000000
3.730000,-3.285831,0.000000,0.000291,0.053992,0.000000,-0.000239,-0.054927,-3.312557,0.022362,0.098057,128.188736,-0.000211,0.002692,0.000000,0.000000,0.000000,0.000000
0.150000,-5.182059,0.000000,0.000492,0.002171,0.000000,-0.000028,-0.001720,-5.223803,0.019670,0.003070,202.149765,-0.000103,0.003831,0.000000,0.000000,0.000000,0.000000
-5.120000,-7.628338,0.000000,0.000661,-0.074112,0.000000,0.000075,0.078193,-7.744899,0.015839,-0.190102,220.078812,0.000065,0.003646,0.000000,0.000000,0.000000,0.000000
-0.340000,6.919062,0.000000,0.000589,-0.004922,0.000000,0.000010,0.005922,7.090116,0.012193,-0.018042,-160.777771,0.000150,-0.003100,0.000000,0.000000,0.000000,0.000000
-15.170000,-21.466463,0.000000,0.000736,-0.219586,0.000000,-0.000140,0.244844,-22.258066,0.015293,-0.887707,424.118958,0.000241,0.005635,0.000000,0.000000,0.000000,0.000000
0.030000,22.002039,0.000000,0.000233,0.000434,0.000000,-0.000381,-0.000233,23.130259,0.009658,0.000970,-383.730621,0.000437,-0.007274,0.000000,0.000000,0.000000,0.000000
-8.670000,-12.593272,0.000000,0.000392,-0.125498,0.000000,-0.000818,0.152030,-13.454689,0.016932,-0.708445,199.470673,0.000156,0.001874,0.000000,0.000000,0.000000,0.000000
-6.010000,3.850357,0.000000,0.000178,-0.086995,0.000000,-0.000973,0.110550,4.187533,0.015057,-0.565074,-56.596622,0.000378,-0.002604,0.000000,0.000000,0.000000,0.000000
-0.680000,7.715189,0.000000,0.000080,-0.009843,0.000000,-0.001351,0.013271,8.563428,0.017661,-0.073246,-107.187759,0.000197,-0.002223,0.000000,0.000000,0.000000,0.000000
-4.250000,-17.659531,0.000000,-0.000151,-0.061519,0.000000,-0.000545,0.062876,-17.800407,0.016904,-0.112248,688.836914,-0.000167,0.012744,0.000000,0.000000,0.000000,0.000000
-10.510000,-9.061366,0.000000,-0.000276,-0.152133,0.000000,-0.000377,0.155485,-9.133525,0.004160,-0.277577,353.447449,0.000248,0.005918,0.000000,0.000000,0.000000,0.000000
-14.290000,-5.471560,0.000000,-0.000719,-0.206848,0.000000,-0.000625,0.215557,-5.554596,-0.001758,-0.524059,157.839233,0.000477,0.001560,0.000000,0.000000,0.000000,0.000000
-2.040000,17.731907,0.000000,-0.001342,-0.029529,0.000000,-0.001103,0.030295,18.172213,-0.003318,-0.092295,-412.079041,0.000425,-0.008055,0.000000,0.000000,0.000000,0.000000
-5.390000,-4.849134,0.000000,-0.001422,-0.078020,0.000000,-0.001528,0.085124,-5.027683,0.004737,-0.308627,95.800598,0.000134,0.000994,0.000000,0.000000,0.000000,0.000000
-1.840000,5.138634,0.000000,-0.001660,-0.026634,0.000000,-0.001662,0.028857,5.402540,0.003743,-0.120168,-89.628052,0.000180,-0.002024,0.000000,0.000000,0.000000,0.000000
9.540000,16.472580,0.000000,-0.001755,0.138092,0.000000,-0.001842,-0.168885,17.597942,0.005767,0.786984,-260.895905,-0.000124,-0.002808,0.000000,0.000000,0.000000,0.000000
1.490000,-11.652395,0.000000,-0.001374,0.021568,0.000000,-0.001718,-0.029094,-12.676404,0.008575,0.148716,171.327957,-0.000318,0.003652,0.000000,0.000000,0.000000,0.000000
7.260000,8.352091,0.000000,-0.001346,0.105089,0.000000,-0.001400,-0.142350,9.272332,0.004923,0.785669,-116.061058,-0.000209,-0.000079,0.000000,0.000000,0.000000,0.000000
3.580000,-5.326809,0.000000,-0.001083,0.051821,0.000000,-0.001191,-0.074909,-6.046369,0.005002,0.440804,70.984734,-0.000317,0.002537,0.000000,0.000000,0.000000,0.000000
-3.370000,-24.043016,0.000000,0.002759,-0.048781,0.000000,0.002869,0.052766,-24.234179,-0.006951,-0.094200,937.809753,-0.000316,0.017498,0.000000,0.000000,0.000000,0.000000
1.060000,6.412436,0.000000,0.002614,0.015344,0.000000,0.003185,-0.013034,6.463942,-0.024449,0.023268,-250.140427,0.000088,-0.004706,0.000000,0.000000,0.000000,0.000000
5.780000,6.832212,0.000000,0.002512,0.083666,0.000000,0.003097,-0.084865,6.936527,-0.019743,0.206323,-197.108093,-0.000098,-0.003165,0.000000,0.000000,0.000000,0.000000
-7.060000,-18.585932,0.000000,0.002649,-0.102194,0.000000,0.003195,0.112685,-19.046738,-0.016577,-0.343299,431.910034,-0.000056,0.007255,0.000000,0.000000,0.000000,0.000000
-4.550000,3.633231,0.000000,0.002223,-0.065861,0.000000,0.003251,0.075662,3.767829,-0.023833,-0.274320,-71.794556,0.000276,-0.002115,0.000000,0.000000,0.000000,0.000000
-2.060000,3.604282,0.000000,0.001925,-0.029819,0.000000,0.002975,0.036679,3.789959,-0.021718,-0.152738,-62.875359,0.000170,-0.001600,0.000000,0.000000,0.000000,0.000000
-3.590000,-2.214679,0.000000,0.001748,-0.051965,0.000000,0.002804,0.064866,-2.365249,-0.020118,-0.302270,35.065678,0.000130,-0.000151,0.000000,0.000000,0.000000,0.000000
-5.890000,-3.329256,0.000000,0.001518,-0.085258,0.000000,0.002674,0.110045,-3.621087,-0.019967,-0.562494,48.940811,0.000229,-0.000595,0.000000,0.000000,0.000000,0.000000
-5.670000,0.318451,0.000000,0.001200,-0.082073,0.000000,0.002445,0.111373,0.354362,-0.019373,-0.614701,-4.435527,0.000308,-0.001746,0.000000,0.000000,0.000000,0.000000
1.860000,10.899694,0.000000,0.000901,0.026924,0.000000,0.002138,-0.036847,12.373615,-0.017627,0.216828,-145.266998,0.000134,-0.002161,0.000000,0.000000,0.000000,0.000000
7.130000,7.628339,0.000000,0.000923,0.103207,0.000000,0.002004,-0.153863,8.872598,-0.015466,0.955372,-98.717453,-0.000248,0.000719,0.000000,0.000000,0.000000,0.000000
-5.490000,4.270133,0.000000,0.001523,-0.079468,0.000000,0.001508,0.082932,4.304036,-0.000611,-0.148052,-166.556778,0.000306,-0.003556,0.000000,0.000000,0.000000,0.000000
-4.100000,2.012028,0.000000,0.001309,-0.059348,0.000000,0.001202,0.062106,2.027892,0.002945,-0.110873,-78.474991,0.000206,-0.001779,0.000000,0.000000,0.000000,0.000000
0.710000,6.962487,0.000000,0.001216,0.010277,0.000000,0.000996,-0.009476,7.068036,0.004724,0.023038,-200.845078,0.000108,-0.003737,0.000000,0.000000,0.000000,0.000000
3.330000,3.792457,0.000000,0.001356,0.048202,0.000000,0.000888,-0.050350,3.885986,0.008461,0.153394,-88.119888,-0.000063,-0.001247,0.000000,0.000000,0.000000,0.000000
2.800000,-0.767176,0.000000,0.001623,0.040530,0.000000,0.000951,-0.043237,-0.796285,0.009708,0.156760,15.172915,-0.000132,0.000714,0.000000,0.000000,0.000000,0.000000
-0.490000,-4.762283,0.000000,0.001878,-0.007093,0.000000,0.001083,0.010366,-5.007711,0.008995,-0.043165,83.077850,-0.000067,0.001455,0.000000,0.000000,0.000000,0.000000
1.080000,2.272579,0.000000,0.002003,0.015633,0.000000,0.001150,-0.016461,2.426529,0.007540,0.076705,-35.974174,0.000002,-0.000476,0.000000,0.000000,0.000000,0.000000
-6.050000,-10.320693,0.000000,0.002208,-0.087574,0.000000,0.001148,0.113858,-11.229346,0.008016,-0.581984,151.770248,0.000095,0.001300,0.000000,0.000000,0.000000,0.000000
2.230000,11.985322,0.000000,0.002126,0.032279,0.000000,0.001053,-0.040329,13.303512,0.006716,0.222585,-166.519012,0.000143,-0.002553,0.000000,0.000000,0.000000,0.000000
2.580000,0.506626,0.000000,0.002407,0.037346,0.000000,0.000910,-0.049472,0.572597,0.009269,0.291119,-6.722325,-0.000123,0.000665,0.000000,0.000000,0.000000,0.000000
-3.540000,-14.084199,0.000000,-0.000723,-0.051242,0.000000,-0.001410,0.051798,-14.196952,0.029911,-0.092471,549.390991,-0.000128,0.010151,0.000000,0.000000,0.000000,0.000000
-2.550000,1.433028,0.000000,-0.000790,-0.036911,0.000000,-0.001282,0.036985,1.443951,0.019759,-0.066027,-55.877750,0.000128,-0.001255,0.000000,0.000000,0.000000,0.000000
-6.490000,-5.703160,0.000000,-0.000700,-0.093943,0.000000,-0.001409,0.097507,-5.790520,0.021015,-0.237058,164.543228,0.000154,0.002477,0.000000,0.000000,0.000000,0.000000
-4.620000,2.706830,0.000000,-0.000801,-0.066875,0.000000,-0.001563,0.071016,2.773290,0.018538,-0.216352,-62.888023,0.000244,-0.001781,0.000000,0.000000,0.000000,0.000000
-0.190000,6.412436,0.000000,-0.000824,-0.002750,0.000000,-0.001808,0.002141,6.647724,0.020319,-0.007762,-126.669853,0.000131,-0.002416,0.000000,0.000000,0.000000,0.000000
-3.290000,-4.487258,0.000000,-0.000657,-0.047623,0.000000,-0.001939,0.054268,-4.718668,0.022735,-0.225986,78.282631,0.000057,0.000875,0.000000,0.000000,0.000000,0.000000
-8.640000,-7.744140,0.000000,-0.000630,-0.125064,0.000000,-0.001996,0.150272,-8.274304,0.021859,-0.700253,122.669563,0.000250,0.000427,0.000000,0.000000,0.000000,0.000000
-3.750000,7.078288,0.000000,-0.000837,-0.054281,0.000000,-0.002246,0.067776,7.699156,0.021432,-0.346437,-104.057968,0.000329,-0.002908,0.000000,0.000000,0.000000,0.000000
-8.220000,-6.470337,0.000000,-0.000842,-0.118985,0.000000,-0.002574,0.158008,-7.184383,0.024341,-0.872093,89.926346,0.000291,-0.000651,0.000000,0.000000,0.000000,0.000000
4.140000,-1.606728,0.000000,0.000079,0.059927,0.000000,-0.000135,-0.061254,-1.619745,0.009063,0.109353,62.680599,-0.000197,0.001484,0.000000,0.000000,0.000000,0.000000
-5.070000,-13.331498,0.000000,0.000264,-0.073388,0.000000,0.000062,0.075413,-13.437731,0.007580,-0.134629,520.010803,-0.000050,0.009479,0.000000,0.000000,0.000000,0.000000
-5.480000,-0.593476,0.000000,0.000047,-0.079323,0.000000,0.000112,0.083001,-0.602433,-0.001900,-0.201790,17.118723,0.000213,-0.000239,0.000000,0.000000,0.000000,0.000000
-1.210000,6.180836,0.000000,-0.000187,-0.017515,0.000000,-0.000101,0.018624,6.334296,-0.001661,-0.056738,-143.638550,0.000170,-0.002873,0.000000,0.000000,0.000000,0.000000
0.230000,2.084404,0.000000,-0.000230,0.003329,0.000000,-0.000271,-0.003956,2.161161,0.001212,0.014342,-41.180099,0.000030,-0.000736,0.000000,0.000000,0.000000,0.000000
3.600000,4.878084,0.000000,-0.000212,0.052110,0.000000,-0.000301,-0.060457,5.128311,0.001948,0.251757,-85.078590,-0.000066,-0.000929,0.000000,0.000000,0.000000,0.000000
1.270000,-3.372681,0.000000,-0.000049,0.018383,0.000000,-0.000234,-0.022259,-3.603213,0.002876,0.103726,53.418934,-0.000128,0.001294,0.000000,0.000000,0.000000,0.000000
1.240000,-0.043425,0.000000,0.000014,0.017949,0.000000,-0.000106,-0.022744,-0.047365,0.001583,0.116258,0.640163,-0.000062,0.000324,0.000000,0.000000,0.000000,0.000000
-9.520000,-15.575128,0.000000,0.000076,-0.137802,0.000000,-0.000044,0.184403,-17.290609,0.001258,-1.017774,216.425186,0.000172,0.001344,0.000000,0.000000,0.000000,0.000000
5.720000,22.059938,0.000000,-0.000315,0.082797,0.000000,-0.000215,-0.117684,25.041500,-0.000086,0.692513,-293.988739,0.000156,-0.003696,0.000000,0.000000,0.000000,0.000000
1.900000,-5.529459,0.000000,-0.000070,0.027503,0.000000,-0.000371,-0.041476,-6.431190,0.003610,0.257537,71.554085,-0.000234,0.002058,0.000000,0.000000,0.000000,0.000000
3.160000,-0.825076,0.000000,0.001330,0.045741,0.000000,0.001279,-0.045463,-0.831730,0.001110,0.081163,32.186134,-0.000138,0.000825,0.000000,0.000000,0.000000,0.000000
-7.210000,-15.010602,0.000000,0.001458,-0.104365,0.000000,0.001417,0.108352,-15.130055,0.000284,-0.193434,585.500122,0.000007,0.010562,0.000000,0.000000,0.000000,0.000000
-5.240000,2.851580,0.000000,0.001096,-0.075849,0.000000,0.001410,0.080465,2.895185,-0.010277,-0.195625,-82.269493,0.000272,-0.002106,0.000000,0.000000,0.000000,0.000000
-8.030000,-4.038532,0.000000,0.000836,-0.116234,0.000000,0.001138,0.125827,-4.138497,-0.008171,-0.383338,93.845901,0.000261,0.000744,0.000000,0.000000,0.000000,0.000000
-9.770000,-2.518656,0.000000,0.000454,-0.141421,0.000000,0.000876,0.157665,-2.611050,-0.008915,-0.571632,49.752556,0.000377,-0.000606,0.000000,0.000000,0.000000,0.000000
-0.930000,12.795924,0.000000,-0.000001,-0.013462,0.000000,0.000500,0.015553,13.452953,-0.008309,-0.064767,-223.184265,0.000296,-0.004400,0.000000,0.000000,0.000000,0.000000
2.980000,5.659735,0.000000,-0.000073,0.043136,0.000000,0.000204,-0.052180,6.046589,-0.003909,0.243153,-89.642876,-0.000027,-0.001032,0.000000,0.000000,0.000000,0.000000
-5.170000,-11.797146,0.000000,0.000023,-0.074836,0.000000,0.000231,0.094932,-12.833697,-0.002878,-0.485247,173.453873,0.000014,0.001974,0.000000,0.000000,0.000000,0.000000
4.020000,13.302548,0.000000,-0.000228,0.058190,0.000000,0.000217,-0.078130,14.768120,-0.004851,0.431223,-184.851410,0.000068,-0.002337,0.000000,0.000000,0.000000,0.000000
5.830000,2.619980,0.000000,-0.000093,0.084389,0.000000,0.000149,-0.119623,2.974342,-0.002514,0.703925,-34.918949,-0.000267,0.001247,0.000000,0.000000,0.000000,0.000000
-4.510000,-17.702957,0.000000,0.001953,-0.065282,0.000000,0.001953,0.068847,-17.843798,-0.001565,-0.122908,690.516052,-0.000151,0.012740,0.000000,0.000000,0.000000,0.000000
-5.340000,-1.201427,0.000000,0.001775,-0.077297,0.000000,0.002104,0.080962,-1.210696,-0.014305,-0.144535,46.851292,0.000196,0.000473,0.000000,0.000000,0.000000,0.000000
1.660000,10.132518,0.000000,0.001451,0.024029,0.000000,0.001907,-0.023610,10.286915,-0.014778,0.057401,-292.312622,0.000131,-0.005381,0.000000,0.000000,0.000000,0.000000
-3.570000,-7.570438,0.000000,0.001464,-0.051676,0.000000,0.001777,0.057115,-7.758073,-0.009397,-0.174004,175.924622,0.000007,0.002870,0.000000,0.000000,0.000000,0.000000
7.240000,15.647503,0.000000,0.001251,0.104799,0.000000,0.001769,-0.115073,16.224205,-0.012267,0.417210,-309.146057,-0.000004,-0.004730,0.000000,0.000000,0.000000,0.000000
-0.510000,-11.218144,0.000000,0.001524,-0.007382,0.000000,0.001774,0.010291,-11.793708,-0.007537,-0.042856,195.657410,-0.000195,0.003598,0.000000,0.000000,0.000000,0.000000
-11.150000,-15.401428,0.000000,0.001471,-0.161397,0.000000,0.001969,0.196686,-16.453163,-0.011134,-0.916533,243.924088,0.000221,0.002133,0.000000,0.000000,0.000000,0.000000
1.670000,18.556982,0.000000,0.000972,0.024173,0.000000,0.001748,-0.029423,20.188318,-0.013267,0.150395,-272.855255,0.000302,-0.004764,0.000000,0.000000,0.000000,0.000000
2.520000,1.230377,0.000000,0.001025,0.036477,0.000000,0.001446,-0.047415,1.365957,-0.008504,0.261696,-17.097576,-0.000103,0.000393,0.000000,0.000000,0.000000,0.000000
-6.950000,-13.707849,0.000000,0.001120,-0.100601,0.000000,0.001549,0.144034,-15.560458,-0.008897,-0.847567,182.680710,0.000095,0.001166,0.000000,0.000000,0.000000,0.000000
-0.120000,9.886442,0.000000,0.000826,-0.001737,0.000000,0.001454,0.003856,11.498433,-0.010062,-0.023941,-127.932777,0.000228,-0.002489,0.000000,0.000000,0.000000,0.000000
-3.360000,-7.179613,0.000000,0.001020,-0.048636,0.000000,0.000954,0.050852,-7.236812,0.001995,-0.090783,280.048798,0.000000,0.005062,0.000000,0.000000,0.000000,0.000000
-2.870000,0.709276,0.000000,0.000896,-0.041543,0.000000,0.000954,0.043453,0.714954,-0.003067,-0.077574,-27.667164,0.000131,-0.000743,0.000000,0.000000,0.000000,0.000000
-7.020000,-6.007136,0.000000,0.000775,-0.101615,0.000000,0.000823,0.107072,-6.098427,-0.002323,-0.260313,173.292694,0.000174,0.002579,0.000000,0.000000,0.000000,0.000000
0.600000,11.029969,0.000000,0.000465,0.008685,0.000000,0.000649,-0.008835,11.303795,-0.004902,0.026916,-256.328552,0.000190,-0.004786,0.000000,0.000000,0.000000,0.000000
0.280000,-0.463201,0.000000,0.000503,0.004053,0.000000,0.000459,-0.003945,-0.480362,-0.000116,0.014302,9.153109,-0.000020,0.000221,0.000000,0.000000,0.000000,0.000000
1.080000,1.158002,0.000000,0.000530,0.015633,0.000000,0.000479,-0.017451,1.217283,-0.000337,0.072670,-20.194704,-0.000024,-0.000186,0.000000,0.000000,0.000000,0.000000
-0.930000,-2.909480,0.000000,0.000596,-0.013462,0.000000,0.000503,0.016976,-3.108415,-0.000151,-0.079107,46.083382,-0.000013,0.000659,0.000000,0.000000,0.000000,0.000000
-7.570000,-9.611417,0.000000,0.000579,-0.109576,0.000000,0.000516,0.139693,-10.456303,-0.000810,-0.714042,141.322174,0.000180,0.000743,0.000000,0.000000,0.000000,0.000000
-2.670000,7.092763,0.000000,0.000284,-0.038648,0.000000,0.000336,0.052069,7.873867,-0.001553,-0.287385,-98.556580,0.000290,-0.002645,0.000000,0.000000,0.000000,0.000000
4.890000,10.943119,0.000000,0.000198,0.070783,0.000000,0.000047,-0.099946,12.421814,0.001092,0.588132,-145.832825,-0.000036,-0.001166,0.000000,0.000000,0.000000,0.000000
12.140000,25.562895,0.000000,0.001008,0.175727,0.000000,0.000863,-0.178877,25.766006,0.005343,0.319336,-997.088135,0.000004,-0.018014,0.000000,0.000000,0.000000,0.000000
-4.970000,-24.766769,0.000000,0.001497,-0.071941,0.000000,0.000859,0.075193,-24.964413,0.023357,-0.134237,966.068237,-0.000269,0.017963,0.000000,0.000000,0.000000,0.000000
-13.130000,-11.811622,0.000000,0.001378,-0.190057,0.000000,0.001128,0.200191,-11.991463,0.005395,-0.486701,340.748993,0.000315,0.005102,0.000000,0.000000,0.000000,0.000000
-3.200000,14.373701,0.000000,0.000888,-0.046320,0.000000,0.000813,0.050739,14.730201,0.000292,-0.154580,-334.026825,0.000416,-0.006752,0.000000,0.000000,0.000000,0.000000
-3.870000,-0.969826,0.000000,0.000853,-0.056018,0.000000,0.000398,0.063201,-1.006097,0.007045,-0.229142,19.170786,0.000151,-0.000244,0.000000,0.000000,0.000000,0.000000
8.980000,18.600409,0.000000,0.000793,0.129986,0.000000,0.000247,-0.149280,19.554081,0.007289,0.621635,-324.401886,-0.000034,-0.004461,0.000000,0.000000,0.000000,0.000000
4.580000,-6.369010,0.000000,0.001296,0.066296,0.000000,0.000280,-0.078497,-6.805302,0.011750,0.365786,100.891068,-0.000341,0.002908,0.000000,0.000000,0.000000,0.000000
6.360000,2.576555,0.000000,0.001618,0.092061,0.000000,0.000622,-0.114696,2.801557,0.008842,0.586271,-37.864445,-0.000257,0.000864,0.000000,0.000000,0.000000,0.000000
6.970000,19.150459,0.000000,-0.000422,0.100891,0.000000,-0.001039,-0.103668,19.302088,0.026672,0.185072,-746.948669,0.000086,-0.013644,0.000000,0.000000,0.000000,0.000000
5.330000,-2.373904,0.000000,-0.000085,0.077152,0.000000,-0.001124,-0.079082,-2.393821,0.040316,0.141180,92.635643,-0.000259,0.002161,0.000000,0.000000,0.000000,0.000000
-5.980000,-16.371254,0.000000,0.000500,-0.086561,0.000000,-0.000865,0.091042,-16.621471,0.038155,-0.221340,472.315155,-0.000068,0.008341,0.000000,0.000000,0.000000,0.000000
-1.900000,5.905810,0.000000,0.000557,-0.027503,0.000000,-0.000797,0.030158,6.050951,0.029814,-0.091878,-137.213318,0.000196,-0.002862,0.000000,0.000000,0.000000,0.000000
-2.870000,-1.404077,0.000000,0.000802,-0.041543,0.000000,-0.000993,0.047058,-1.457676,0.032676,-0.170615,27.775463,0.000099,0.000070,0.000000,0.000000,0.000000,0.000000
5.850000,12.622223,0.000000,0.001009,0.084679,0.000000,-0.001093,-0.096679,13.267580,0.032607,0.402594,-220.108932,-0.000010,-0.003079,0.000000,0.000000,0.000000,0.000000
-21.580000,-39.704994,0.000000,0.001600,-0.312371,0.000000,-0.001082,0.379165,-42.419884,0.035686,-1.766866,628.890198,0.000222,0.007134,0.000000,0.000000,0.000000,0.000000
-9.060000,18.122732,0.000000,0.001025,-0.131144,0.000000,-0.001305,0.167610,19.712786,0.028551,-0.856740,-266.428192,0.000826,-0.007375,0.000000,0.000000,0.000000,0.000000
-3.700000,7.758615,0.000000,0.000989,-0.053558,0.000000,-0.002131,0.072953,8.609641,0.035927,-0.402647,-107.766190,0.000359,-0.003116,0.000000,0.000000,0.000000,0.000000
14.290000,9.973293,0.000000,-0.002313,0.206848,0.000000,-0.003218,-0.214068,10.051667,0.040505,0.382160,-388.977631,-0.000389,-0.006326,0.000000,0.000000,0.000000,0.000000
-5.650000,-28.863201,0.000000,-0.001658,-0.081784,0.000000,-0.002829,0.082041,-29.093880,0.046831,-0.146462,1125.869629,-0.000328,0.020934,0.000000,0.000000,0.000000,0.000000
-1.140000,6.528237,0.000000,-0.001662,-0.016502,0.000000,-0.002501,0.015518,6.626698,0.025897,-0.037727,-188.304031,0.000168,-0.003706,0.000000,0.000000,0.000000,0.000000
-3.540000,-3.474006,0.000000,-0.001465,-0.051242,0.000000,-0.002669,0.053500,-3.561297,0.029603,-0.162989,80.757141,0.000077,0.001095,0.000000,0.000000,0.000000,0.000000
-4.780000,-1.794903,0.000000,-0.001389,-0.069191,0.000000,-0.002746,0.075348,-1.862215,0.028508,-0.273182,35.483795,0.000168,-0.000069,0.000000,0.000000,0.000000,0.000000
1.650000,9.307442,0.000000,-0.001377,0.023884,0.000000,-0.002914,-0.029188,9.783660,0.028577,0.121547,-162.310760,0.000106,-0.002744,0.000000,0.000000,0.000000,0.000000
3.650000,2.895005,0.000000,-0.001096,0.052834,0.000000,-0.003020,-0.065128,3.091039,0.031322,0.303489,-45.825775,-0.000118,-0.000042,0.000000,0.000000,0.000000,0.000000
-10.460000,-20.424261,0.000000,-0.000738,-0.151409,0.000000,-0.002902,0.191074,-22.221148,0.031364,-0.976677,300.329987,0.000096,0.003045,0.000000,0.000000,0.000000,0.000000
7.850000,26.503773,0.000000,-0.000985,0.113629,0.000000,-0.002999,-0.153289,29.421034,0.028319,0.846044,-368.260712,0.000142,-0.004690,0.000000,0.000000,0.000000,0.000000
-2.340000,-14.750051,0.000000,-0.000466,-0.033872,0.000000,-0.003141,0.047300,-16.745955,0.033009,-0.278340,196.598511,-0.000189,0.002978,0.000000,0.000000,0.000000,0.000000
-3.120000,-4.979409,0.000000,0.000493,-0.045162,0.000000,0.000076,0.046792,-5.019485,0.017405,-0.083535,194.243088,0.000032,0.003447,0.000000,0.000000,0.000000,0.000000
-4.580000,-2.113354,0.000000,0.000414,-0.066296,0.000000,0.000044,0.068304,-2.130542,0.013958,-0.121938,82.447304,0.000144,0.001225,0.000000,0.000000,0.000000,0.000000
-1.890000,3.893782,0.000000,0.000363,-0.027358,0.000000,-0.000101,0.028989,3.952484,0.012734,-0.070478,-112.313652,0.000153,-0.002320,0.000000,0.000000,0.000000,0.000000
-2.340000,-0.651376,0.000000,0.000441,-0.033872,0.000000,-0.000254,0.036879,-0.668265,0.015053,-0.112354,15.153805,0.000087,-0.000013,0.000000,0.000000,0.000000,0.000000
-1.890000,0.651376,0.000000,0.000500,-0.027358,0.000000,-0.000340,0.030959,0.674471,0.015066,-0.112244,-12.851784,0.000096,-0.000547,0.000000,0.000000,0.000000,0.000000
1.130000,4.371458,0.000000,0.000583,0.016357,0.000000,-0.000437,-0.018227,4.594636,0.015613,0.075900,-76.224937,0.000038,-0.001237,0.000000,0.000000,0.000000,0.000000
3.190000,2.981855,0.000000,0.000800,0.046175,0.000000,-0.000474,-0.054798,3.184077,0.016850,0.255350,-47.205105,-0.000088,-0.000201,0.000000,0.000000,0.000000,0.000000
-0.340000,-5.109684,0.000000,0.001110,-0.004922,0.000000,-0.000386,0.007649,-5.560526,0.017051,-0.039097,75.153297,-0.000084,0.001318,0.000000,0.000000,0.000000,0.000000
-1.870000,-2.214679,0.000000,0.001277,-0.027068,0.000000,-0.000302,0.037910,-2.460598,0.015733,-0.209239,30.799112,0.000056,0.000015,0.000000,0.000000,0.000000,0.000000
1.200000,4.443833,0.000000,0.001389,0.017370,0.000000,-0.000358,-0.022629,5.042078,0.015718,0.133159,-59.194309,0.000034,-0.000761,0.000000,0.000000,0.000000,0.000000
2.740000,-2.026504,0.000000,-0.000385,0.039662,0.000000,-0.000983,-0.040940,-2.043272,0.025832,0.073088,79.070175,-0.000149,0.001696,0.000000,0.000000,0.000000,0.000000
-5.220000,-11.522120,0.000000,-0.000215,-0.075560,0.000000,-0.000834,0.077145,-11.614368,0.024135,-0.137722,449.450684,-0.000011,0.008135,0.000000,0.000000,0.000000,0.000000
2.310000,10.899693,0.000000,-0.000271,0.033437,0.000000,-0.000823,-0.035250,11.064820,0.016001,0.085700,-314.417603,0.000114,-0.005737,0.000000,0.000000,0.000000,0.000000
-13.740000,-23.232416,0.000000,0.000023,-0.198887,0.000000,-0.000937,0.213789,-23.809822,0.021738,-0.651319,539.919312,0.000127,0.008472,0.000000,0.000000,0.000000,0.000000
0.580000,20.728237,0.000000,-0.000409,0.008396,0.000000,-0.001064,-0.009784,21.491081,0.013265,0.035474,-409.504395,0.000380,-0.007674,0.000000,0.000000,0.000000,0.000000
7.860000,10.537819,0.000000,-0.000210,0.113774,0.000000,-0.001444,-0.131706,11.077289,0.020939,0.548455,-183.772018,-0.000147,-0.001982,0.000000,0.000000,0.000000,0.000000
13.220000,7.758613,0.000000,0.000301,0.191360,0.000000,-0.001297,-0.230731,8.286870,0.022921,1.075181,-122.855873,-0.000467,0.000586,0.000000,0.000000,0.000000,0.000000
7.540000,-8.221815,0.000000,0.001043,0.109142,0.000000,-0.000830,-0.137086,-8.946515,0.022335,0.700716,120.916656,-0.000539,0.004184,0.000000,0.000000,0.000000,0.000000
4.150000,-4.907033,0.000000,0.001551,0.060071,0.000000,-0.000291,-0.078268,-5.449825,0.018151,0.431982,68.215019,-0.000314,0.002452,0.000000,0.000000,0.000000,0.000000
7.870000,-1.592253,0.000000,-0.000323,0.113918,0.000000,-0.001017,-0.116897,-1.605677,0.029872,0.208689,62.136169,-0.000346,0.001737,0.000000,0.000000,0.000000,0.000000
-0.700000,-12.405097,0.000000,0.000058,-0.010133,0.000000,-0.000671,0.010434,-12.504483,0.028136,-0.018626,483.896210,-0.000208,0.009109,0.000000,0.000000,0.000000,0.000000
-4.700000,-5.790010,0.000000,0.000216,-0.068033,0.000000,-0.000463,0.071370,-5.878703,0.019027,-0.173514,167.049011,0.000082,0.002677,0.000000,0.000000,0.000000,0.000000
-1.130000,5.167584,0.000000,0.000189,-0.016357,0.000000,-0.000545,0.017784,5.295054,0.016350,-0.054179,-120.072372,0.000148,-0.002425,0.000000,0.000000,0.000000,0.000000
-2.130000,-1.447503,0.000000,0.000325,-0.030832,0.000000,-0.000693,0.034624,-1.501870,0.018775,-0.125533,28.617569,0.000065,0.000207,0.000000,0.000000,0.000000,0.000000
-1.300000,1.201427,0.000000,0.000417,-0.018818,0.000000,-0.000758,0.022225,1.261829,0.018568,-0.092551,-20.933727,0.000084,-0.000647,0.000000,0.000000,0.000000,0.000000
-9.290000,-11.565545,0.000000,0.000548,-0.134473,0.000000,-0.000842,0.163058,-12.356982,0.019215,-0.759830,183.196762,0.000207,0.001415,0.000000,0.000000,0.000000,0.000000
-5.010000,6.195311,0.000000,0.000340,-0.072520,0.000000,-0.001049,0.092398,6.738286,0.017801,-0.472291,-91.071312,0.000377,-0.003005,0.000000,0.000000,0.000000,0.000000
-6.050000,-1.505403,0.000000,0.000316,-0.087574,0.000000,-0.001426,0.117547,-1.673046,0.020805,-0.648775,20.941383,0.000286,-0.001353,0.000000,0.000000,0.000000,0.000000
16.639999,32.843830,0.000000,0.000249,0.240864,0.000000,-0.001712,-0.340702,37.280506,0.022158,2.004867,-437.675385,-0.000216,-0.002862,0.000000,0.000000,0.000000,0.000000
-5.320000,2.098878,0.000000,-0.000418,-0.077007,0.000000,-0.001049,0.078486,2.114882,0.027282,-0.140116,-81.841316,0.000253,-0.001923,0.000000,0.000000,0.000000,0.000000
-3.670000,2.388379,0.000000,-0.000560,-0.053123,0.000000,-0.001302,0.053819,2.406646,0.029206,-0.096079,-93.131935,0.000191,-0.002020,0.000000,0.000000,0.000000,0.000000
-2.830000,1.215902,0.000000,-0.000412,-0.040964,0.000000,-0.001493,0.042407,1.233321,0.031225,-0.103100,-35.046005,0.000138,-0.000939,0.000000,0.000000,0.000000,0.000000
-2.600000,0.332925,0.000000,-0.000228,-0.037635,0.000000,-0.001630,0.040205,0.339801,0.032164,-0.122488,-7.705428,0.000115,-0.000475,0.000000,0.000000,0.000000,0.000000
2.340000,7.150662,0.000000,-0.000036,0.033872,0.000000,-0.001745,-0.037681,7.412327,0.032640,0.136618,-141.239075,0.000038,-0.002304,0.000000,0.000000,0.000000,0.000000
4.930000,3.749031,0.000000,0.000373,0.071362,0.000000,-0.001784,-0.082026,3.939170,0.034944,0.341576,-65.350769,-0.000147,-0.000309,0.000000,0.000000,0.000000,0.000000
-2.610000,-10.914168,0.000000,0.000896,-0.037780,0.000000,-0.001636,0.046706,-11.662331,0.035253,-0.217646,172.898285,-0.000094,0.002686,0.000000,0.000000,0.000000,0.000000
-4.680000,-2.996330,0.000000,0.001100,-0.067743,0.000000,-0.001542,0.087304,-3.262590,0.032567,-0.446256,44.095547,0.000175,-0.000377,0.000000,0.000000,0.000000,0.000000
-1.660000,4.371458,0.000000,0.001224,-0.024029,0.000000,-0.001717,0.033774,4.849545,0.032944,-0.186409,-60.701378,0.000183,-0.001653,0.000000,0.000000,0.000000,0.000000
2.510000,6.036086,0.000000,0.001483,0.036332,0.000000,-0.001899,-0.049345,6.847844,0.034597,0.290370,-80.394096,-0.000004,-0.000734,0.000000,0.000000,0.000000,0.000000
-1.640000,-1.708053,0.000000,-0.001532,-0.023739,0.000000,-0.002473,0.022835,-1.722639,0.041398,-0.040765,66.662369,0.000029,0.001153,0.000000,0.000000,0.000000,0.000000
-6.540000,-7.092763,0.000000,-0.001498,-0.094667,0.000000,-0.002503,0.095396,-7.150140,0.040245,-0.170303,276.694794,0.000123,0.004776,0.000000,0.000000,0.000000,0.000000
-4.330000,3.198980,0.000000,-0.001440,-0.062677,0.000000,-0.002625,0.064038,3.246483,0.035469,-0.155687,-92.251953,0.000234,-0.002177,0.000000,0.000000,0.000000,0.000000
-9.390000,-7.324363,0.000000,-0.001289,-0.135920,0.000000,-0.002860,0.144702,-7.507569,0.037645,-0.440841,170.244110,0.000249,0.002035,0.000000,0.000000,0.000000,0.000000
-8.650000,1.071153,0.000000,-0.001378,-0.125209,0.000000,-0.003108,0.137614,1.109028,0.035610,-0.498933,-21.132107,0.000393,-0.001754,0.000000,0.000000,0.000000,0.000000
-5.610000,4.400407,0.000000,-0.001443,-0.081205,0.000000,-0.003501,0.092163,4.624348,0.037364,-0.383787,-76.717857,0.000336,-0.002488,0.000000,0.000000,0.000000,0.000000
-1.930000,5.326810,0.000000,-0.001388,-0.027937,0.000000,-0.003837,0.032061,5.688472,0.039851,-0.149403,-84.333679,0.000194,-0.001996,0.000000,0.000000,0.000000,0.000000
-6.740000,-6.962487,0.000000,-0.001186,-0.097562,0.000000,-0.004031,0.122220,-7.576890,0.041848,-0.624727,102.405472,0.000187,0.000253,0.000000,0.000000,0.000000,0.000000
-2.120000,6.687462,0.000000,-0.001197,-0.030687,0.000000,-0.004218,0.039441,7.421355,0.041595,-0.217687,-92.892517,0.000247,-0.002348,0.000000,0.000000,0.000000,0.000000
5.200000,10.595718,0.000000,-0.001022,0.075270,0.000000,-0.004465,-0.108027,12.024678,0.043943,0.635685,-141.170456,-0.000065,-0.000949,0.000000,0.000000,0.000000,0.000000
-0.460000,-4.139857,0.000000,-0.000175,-0.006659,0.000000,-0.000786,0.006703,-4.173453,0.026183,-0.011967,161.503510,-0.000061,0.003027,0.000000,0.000000,0.000000,0.000000
-6.290000,-8.438940,0.000000,-0.000129,-0.091048,0.000000,-0.000725,0.093091,-8.506646,0.023156,-0.166189,329.188629,0.000091,0.005778,0.000000,0.000000,0.000000,0.000000
2.200000,12.289296,0.000000,-0.000213,0.031845,0.000000,-0.000816,-0.033525,12.475492,0.017378,0.081505,-354.503174,0.000145,-0.006503,0.000000,0.000000,0.000000,0.000000
0.440000,-2.547605,0.000000,0.000099,0.006369,0.000000,-0.000961,-0.006739,-2.611883,0.023881,0.020531,59.227917,-0.000068,0.001189,0.000000,0.000000,0.000000,0.000000
1.460000,1.476453,0.000000,0.000331,0.021134,0.000000,-0.000893,-0.023118,1.529572,0.022692,0.083816,-29.145411,-0.000033,-0.000327,0.000000,0.000000,0.000000,0.000000
1.930000,0.680326,0.000000,0.000610,0.027937,0.000000,-0.000860,-0.031576,0.713668,0.023019,0.131488,-11.839731,-0.000072,0.000132,0.000000,0.000000,0.000000,0.000000
-0.250000,-3.155556,0.000000,0.000913,-0.003619,0.000000,-0.000788,0.005473,-3.372972,0.022887,-0.025502,50.005543,-0.000049,0.000878,0.000000,0.000000,0.000000,0.000000
-2.090000,-2.663404,0.000000,0.001128,-0.030253,0.000000,-0.000739,0.039796,-2.899638,0.022009,-0.203417,39.190075,0.000053,0.000190,0.000000,0.000000,0.000000,0.000000
-6.530000,-6.426912,0.000000,0.001272,-0.094522,0.000000,-0.000792,0.128119,-7.137221,0.021819,-0.707126,89.336029,0.000211,-0.000222,0.000000,0.000000,0.000000,0.000000
-2.640000,5.630785,0.000000,0.001238,-0.038214,0.000000,-0.001003,0.055863,6.389011,0.022040,-0.328724,-75.007378,0.000272,-0.002309,0.000000,0.000000,0.000000,0.000000
1.810000,-1.577778,0.000000,-0.001024,0.026200,0.000000,-0.001683,-0.027806,-1.591029,0.028948,0.049640,61.569344,-0.000106,0.001304,0.000000,0.000000,0.000000,0.000000
-2.370000,-6.050560,0.000000,-0.000884,-0.034306,0.000000,-0.001577,0.034221,-6.099352,0.027644,-0.061092,236.031616,-0.000023,0.004302,0.000000,0.000000,0.000000,0.000000
-5.130000,-3.995108,0.000000,-0.000767,-0.074257,0.000000,-0.001555,0.076851,-4.056583,0.023342,-0.186840,115.271736,0.000131,0.001669,0.000000,0.000000,0.000000,0.000000
-7.090000,-2.837105,0.000000,-0.000785,-0.102628,0.000000,-0.001686,0.109462,-2.908342,0.021673,-0.333480,65.950523,0.000241,0.000344,0.000000,0.000000,0.000000,0.000000
-9.270000,-3.155557,0.000000,-0.000897,-0.134183,0.000000,-0.001926,0.148121,-3.272711,0.021329,-0.537029,62.360252,0.000338,-0.000273,0.000000,0.000000,0.000000,0.000000
0.150000,13.635475,0.000000,-0.001112,0.002171,0.000000,-0.002265,-0.003794,14.334098,0.021602,0.015799,-237.802460,0.000261,-0.004460,0.000000,0.000000,0.000000,0.000000
-2.610000,-3.995107,0.000000,-0.000927,-0.037780,0.000000,-0.002525,0.044505,-4.269381,0.026061,-0.207390,63.295128,0.000039,0.000646,0.000000,0.000000,0.000000,0.000000
6.650000,13.403873,0.000000,-0.000867,0.096259,0.000000,-0.002564,-0.123171,14.580364,0.025416,0.629589,-197.060944,-0.000057,-0.002029,0.000000,0.000000,0.000000,0.000000
0.520000,-8.873191,0.000000,-0.000421,0.007527,0.000000,-0.002507,-0.010629,-9.852367,0.027445,0.058667,123.321297,-0.000215,0.002498,0.000000,0.000000,0.000000,0.000000
3.850000,4.820183,0.000000,-0.000236,0.055729,0.000000,-0.002292,-0.079245,5.469658,0.024948,0.466315,-64.214119,-0.000110,0.000041,0.000000,0.000000,0.000000,0.000000
1.560000,-12.955149,0.000000,0.000456,0.022581,0.000000,0.000026,-0.022607,-13.058668,0.017970,0.040358,505.341919,-0.000308,0.009678,0.000000,0.000000,0.000000,0.000000
-9.850000,-16.516005,0.000000,0.000562,-0.142579,0.000000,0.000334,0.146561,-16.647596,0.008292,-0.261645,644.225586,0.000082,0.011473,0.000000,0.000000,0.000000,0.000000
0.000000,14.257901,0.000000,0.000147,0.000000,0.000000,0.000252,0.000154,14.474710,-0.003181,-0.000374,-411.312836,0.000274,-0.007810,0.000000,0.000000,0.000000,0.000000
-1.690000,-2.446279,0.000000,0.000196,-0.024463,0.000000,-0.000022,0.026503,-2.507209,0.004630,-0.080743,56.854286,0.000024,0.000873,0.000000,0.000000,0.000000,0.000000
1.100000,4.038532,0.000000,0.000168,0.015923,0.000000,-0.000046,-0.017508,4.187045,0.003757,0.063475,-79.782555,0.000032,-0.001341,0.000000,0.000000,0.000000,0.000000
1.320000,0.318451,0.000000,0.000266,0.019107,0.000000,-0.000077,-0.021771,0.334405,0.005098,0.090659,-5.547778,-0.000053,0.000143,0.000000,0.000000,0.000000,0.000000
0.400000,-1.331702,0.000000,0.000374,0.005790,0.000000,-0.000025,-0.006541,-1.423135,0.004955,0.030481,21.098488,-0.000045,0.000482,0.000000,0.000000,0.000000,0.000000
-7.170000,-10.957595,0.000000,0.000445,-0.103786,0.000000,0.000020,0.132181,-11.921112,0.004473,-0.675642,161.119812,0.000132,0.001222,0.000000,0.000000,0.000000,0.000000
1.810000,12.998572,0.000000,0.000197,0.026200,0.000000,-0.000112,-0.034777,14.429770,0.003251,0.191943,-180.616287,0.000179,-0.002903,0.000000,0.000000,0.000000,0.000000
1.490000,-0.463201,0.000000,0.000330,0.021568,0.000000,-0.000291,-0.030072,-0.526559,0.006154,0.176958,6.181837,-0.000092,0.000601,0.000000,0.000000,0.000000,0.000000
1.930000,0.636901,0.000000,0.000451,0.027937,0.000000,-0.000199,-0.041347,0.739857,0.005553,0.256731,-8.231729,-0.000098,0.000537,0.000000,0.000000,0.000000,0.000000
-0.720000,-3.835881,0.000000,0.000593,-0.010422,0.000000,-0.000102,0.017656,-4.580699,0.005015,-0.114698,48.714993,-0.000039,0.000611,0.000000,0.000000,0.000000,0.000000
-3.140000,-3.618757,0.000000,0.000809,-0.045452,0.000000,0.000618,0.047388,-3.647768,0.007458,-0.084599,141.160675,0.000059,0.002443,0.000000,0.000000,0.000000,0.000000
-2.370000,1.114577,0.000000,0.000705,-0.034306,0.000000,0.000559,0.035848,1.123279,0.005015,-0.063996,-43.468430,0.000118,-0.001001,0.000000,0.000000,0.000000,0.000000
-0.310000,2.981855,0.000000,0.000683,-0.004487,0.000000,0.000441,0.005406,3.026904,0.006016,-0.013144,-86.012398,0.000072,-0.001662,0.000000,0.000000,0.000000,0.000000
-5.240000,-7.136187,0.000000,0.000761,-0.075849,0.000000,0.000369,0.082341,-7.313699,0.007678,-0.250855,165.847824,0.000084,0.002465,0.000000,0.000000,0.000000,0.000000
1.800000,10.190418,0.000000,0.000621,0.026055,0.000000,0.000285,-0.028265,10.565343,0.005214,0.102477,-201.318573,0.000123,-0.003539,0.000000,0.000000,0.000000,0.000000
2.110000,0.448726,0.000000,0.000797,0.030542,0.000000,0.000162,-0.034371,0.470990,0.008753,0.143127,-7.813716,-0.000084,0.000246,0.000000,0.000000,0.000000,0.000000
-1.670000,-5.471560,0.000000,0.000990,-0.024173,0.000000,0.000246,0.030388,-5.846220,0.008507,-0.141607,86.672333,-0.000028,0.001258,0.000000,0.000000,0.000000,0.000000
-8.270000,-9.553517,0.000000,0.001028,-0.119708,0.000000,0.000274,0.153113,-10.394127,0.007250,-0.782638,140.481842,0.000217,0.000541,0.000000,0.000000,0.000000,0.000000
-6.040000,3.227931,0.000000,0.000793,-0.087429,0.000000,0.000057,0.117992,3.582429,0.006709,-0.651230,-44.840981,0.000387,-0.002612,0.000000,0.000000,0.000000,0.000000
0.780000,9.871967,0.000000,0.000657,0.011291,0.000000,-0.000330,-0.015056,11.204871,0.009320,0.088597,-131.545868,0.000171,-0.002246,0.000000,0.000000,0.000000,0.000000
0.250000,-0.767176,0.000000,0.000811,0.003619,0.000000,-0.000500,-0.004223,-0.893969,0.011567,0.026223,9.946397,-0.000029,0.000263,0.000000,0.000000,0.000000,0.000000
-11.770000,-2.750256,0.000000,-0.000043,-0.170371,0.000000,-0.000395,0.174435,-2.772516,0.015031,-0.311407,107.290337,0.000419,0.001189,0.000000,0.000000,0.000000,0.000000
-6.010000,8.337616,0.000000,-0.000468,-0.086995,0.000000,-0.000814,0.088595,8.403588,0.013843,-0.158162,-325.200531,0.000398,-0.006588,0.000000,0.000000,0.000000,0.000000
-1.210000,6.948012,0.000000,-0.000516,-0.017515,0.000000,-0.001212,0.017776,7.052944,0.020430,-0.043217,-200.416214,0.000181,-0.003900,0.000000,0.000000,0.000000,0.000000
-2.000000,-1.143527,0.000000,-0.000344,-0.028950,0.000000,-0.001393,0.030745,-1.172923,0.024330,-0.093667,26.597589,0.000061,0.000257,0.000000,0.000000,0.000000,0.000000
3.060000,7.324363,0.000000,-0.000212,0.044294,0.000000,-0.001454,-0.049459,7.592912,0.024072,0.179318,-144.680038,0.000010,-0.002255,0.000000,0.000000,0.000000,0.000000
11.400000,12.072171,0.000000,0.000142,0.165015,0.000000,-0.001464,-0.190507,12.689937,0.026327,0.793316,-210.525833,-0.000275,-0.001836,0.000000,0.000000,0.000000,0.000000
9.920000,-2.142303,0.000000,0.000858,0.143592,0.000000,-0.001189,-0.172371,-2.290849,0.028163,0.803231,33.962669,-0.000509,0.002819,0.000000,0.000000,0.000000,0.000000
-2.690000,-18.253008,0.000000,0.001516,-0.038938,0.000000,-0.000680,0.051302,-19.859716,0.025344,-0.262230,268.414032,-0.000236,0.004368,0.000000,0.000000,0.000000,0.000000
15.160000,17.051579,0.000000,-0.000649,0.219441,0.000000,-0.001425,-0.225268,17.186346,0.033623,0.402156,-665.074036,-0.000283,-0.011513,0.000000,0.000000,0.000000,0.000000
-2.310000,-25.287870,0.000000,0.000025,-0.033437,0.000000,-0.001142,0.034262,-25.490150,0.045137,-0.061166,986.413208,-0.000389,0.018534,0.000000,0.000000,0.000000,0.000000
-2.530000,-0.318451,0.000000,0.000192,-0.036622,0.000000,-0.000752,0.038498,-0.324244,0.026603,-0.093596,9.213710,0.000099,-0.000113,0.000000,0.000000,0.000000,0.000000
-5.110000,-3.734557,0.000000,0.000352,-0.073967,0.000000,-0.000851,0.079878,-3.828448,0.026716,-0.243353,86.815140,0.000143,0.000986,0.000000,0.000000,0.000000,0.000000
-4.800000,0.448726,0.000000,0.000396,-0.069480,0.000000,-0.000994,0.077653,0.463819,0.025730,-0.281539,-8.837900,0.000219,-0.000931,0.000000,0.000000,0.000000,0.000000
-7.120000,-3.358205,0.000000,0.000456,-0.103062,0.000000,-0.001213,0.119612,-3.532246,0.026661,-0.498094,58.599895,0.000256,-0.000236,0.000000,0.000000,0.000000,0.000000
-0.460000,9.640367,0.000000,0.000417,-0.006659,0.000000,-0.001469,0.008545,10.296837,0.026897,-0.039817,-152.654327,0.000218,-0.002998,0.000000,0.000000,0.000000,0.000000
4.480000,7.150662,0.000000,0.000666,0.064848,0.000000,-0.001687,-0.081393,7.776544,0.029895,0.416040,-105.103897,-0.000073,-0.000859,0.000000,0.000000,0.000000,0.000000
-0.370000,-7.020387,0.000000,0.001128,-0.005356,0.000000,-0.001613,0.008672,-7.796686,0.030754,-0.047863,97.590508,-0.000124,0.001720,0.000000,0.000000,0.000000,0.000000
12.220000,18.224058,0.000000,0.001393,0.176885,0.000000,-0.001489,-0.248490,20.683521,0.029034,1.462240,-242.825745,-0.000280,-0.000646,0.000000,0.000000,0.000000,0.000000
-7.880000,-37.273193,0.000000,-0.000600,-0.114063,0.000000,-0.001523,0.116272,-37.570629,0.039858,-0.207572,1453.901489,-0.000396,0.026969,0.000000,0.000000,0.000000,0.000000
-5.140000,3.966158,0.000000,-0.000813,-0.074402,0.000000,-0.001127,0.075347,3.997405,0.012888,-0.134512,-154.690872,0.000280,-0.003343,0.000000,0.000000,0.000000,0.000000
-4.430000,1.027727,0.000000,-0.000874,-0.064124,0.000000,-0.001407,0.066143,1.042854,0.016231,-0.160806,-29.633715,0.000198,-0.000990,0.000000,0.000000,0.000000,0.000000
-2.060000,3.430581,0.000000,-0.000909,-0.029819,0.000000,-0.001605,0.031072,3.515073,0.017221,-0.094662,-79.708931,0.000150,-0.001764,0.000000,0.000000,0.000000,0.000000
1.460000,5.095209,0.000000,-0.000844,0.021134,0.000000,-0.001756,-0.024423,5.282056,0.018985,0.088549,-100.647568,0.000034,-0.001663,0.000000,0.000000,0.000000,0.000000
2.400000,1.360652,0.000000,-0.000629,0.034740,0.000000,-0.001789,-0.040869,1.429402,0.020648,0.170186,-23.713755,-0.000084,0.000014,0.000000,0.000000,0.000000,0.000000
-2.600000,-7.237513,0.000000,-0.000379,-0.037635,0.000000,-0.001706,0.044992,-7.733086,0.020633,-0.209657,114.645805,-0.000025,0.001604,0.000000,0.000000,0.000000,0.000000
1.880000,6.484811,0.000000,-0.000346,0.027213,0.000000,-0.001681,-0.034950,7.053466,0.019029,0.178646,-95.331139,0.000039,-0.001325,0.000000,0.000000,0.000000,0.000000
0.200000,-2.431804,0.000000,-0.000126,0.002895,0.000000,-0.001720,-0.004040,-2.701178,0.020354,0.022299,33.810436,-0.000062,0.000703,0.000000,0.000000,0.000000,0.000000
-2.420000,-5.891335,0.000000,0.000413,-0.035030,0.000000,0.000053,0.036329,-5.938598,0.015016,-0.064856,229.810745,-0.000014,0.004175,0.000000,0.000000,0.000000,0.000000
-4.150000,-2.504179,0.000000,0.000355,-0.060071,0.000000,0.000067,0.061871,-2.524392,0.010841,-0.110454,97.688454,0.000120,0.001543,0.000000,0.000000,0.000000,0.000000
-8.750000,-6.658512,0.000000,0.000287,-0.126656,0.000000,-0.000053,0.132749,-6.760068,0.009298,-0.322739,192.093887,0.000231,0.002761,0.000000,0.000000,0.000000,0.000000
3.890000,18.296432,0.000000,0.000005,0.056308,0.000000,-0.000283,-0.060514,18.750114,0.006537,0.184360,-425.183746,0.000191,-0.007557,0.000000,0.000000,0.000000,0.000000
0.640000,-4.704383,0.000000,0.000295,0.009264,0.000000,-0.000474,-0.009967,-4.878455,0.014094,0.036138,92.957108,-0.000120,0.001872,0.000000,0.000000,0.000000,0.000000
0.000000,-0.926402,0.000000,0.000441,0.000000,0.000000,-0.000355,0.000510,-0.974798,0.012222,-0.002124,16.171877,-0.000017,0.000297,0.000000,0.000000,0.000000,0.000000
-3.420000,-4.950459,0.000000,0.000563,-0.049505,0.000000,-0.000338,0.060464,-5.289596,0.011925,-0.281757,78.420181,0.000063,0.000722,0.000000,0.000000,0.000000,0.000000
1.220000,6.716412,0.000000,0.000542,0.017660,0.000000,-0.000401,-0.021707,7.305573,0.011203,0.110957,-98.738480,0.000079,-0.001571,0.000000,0.000000,0.000000,0.000000
-2.240000,-5.008358,0.000000,0.000722,-0.032424,0.000000,-0.000481,0.044331,-5.561390,0.012774,-0.244674,69.611481,0.000014,0.000659,0.000000,0.000000,0.000000,0.000000
-2.750000,-0.738226,0.000000,0.000760,-0.039806,0.000000,-0.000495,0.057440,-0.839567,0.012114,-0.338008,9.856565,0.000139,-0.000729,0.000000,0.000000,0.000000,0.000000
2.140000,7.078288,0.000000,0.000782,0.030977,0.000000,-0.000635,-0.045421,8.230447,0.012843,0.282030,-91.572815,0.000033,-0.000970,0.000000,0.000000,0.000000,0.000000
-0.750000,0.810601,0.000000,0.000151,-0.010856,0.000000,-0.000255,0.011314,0.816595,0.017162,-0.020198,-31.600458,0.000046,-0.000651,0.000000,0.000000,0.000000,0.000000
-6.260000,-7.975739,0.000000,0.000164,-0.090614,0.000000,-0.000301,0.092946,-8.039638,0.017813,-0.165931,311.116425,0.000099,0.005443,0.000000,0.000000,0.000000,0.000000
-3.600000,3.850357,0.000000,0.000037,-0.052110,0.000000,-0.000400,0.054532,3.908441,0.012369,-0.132578,-111.062126,0.000221,-0.002472,0.000000,0.000000,0.000000,0.000000
-2.890000,1.027727,0.000000,0.000036,-0.041833,0.000000,-0.000621,0.045001,1.052567,0.014841,-0.137097,-23.868351,0.000141,-0.000818,0.000000,0.000000,0.000000,0.000000
0.500000,4.907034,0.000000,0.000066,0.007238,0.000000,-0.000762,-0.007969,5.086932,0.015659,0.028894,-96.929565,0.000075,-0.001756,0.000000,0.000000,0.000000,0.000000
1.170000,0.969827,0.000000,0.000246,0.016936,0.000000,-0.000837,-0.019285,1.018465,0.017415,0.080305,-16.896317,-0.000033,-0.000099,0.000000,0.000000,0.000000,0.000000
-4.320000,-7.946789,0.000000,0.000456,-0.062532,0.000000,-0.000804,0.076067,-8.490914,0.017514,-0.354465,125.880890,0.000045,0.001425,0.000000,0.000000,0.000000,0.000000
1.140000,7.903365,0.000000,0.000433,0.016502,0.000000,-0.000849,-0.020377,8.596528,0.016090,0.104157,-116.186394,0.000108,-0.001921,0.000000,0.000000,0.000000,0.000000
-3.150000,-6.209786,0.000000,0.000645,-0.045596,0.000000,-0.000956,0.061845,-6.895509,0.018010,-0.341342,86.310539,0.000037,0.000715,0.000000,0.000000,0.000000,0.000000
0.930000,5.905810,0.000000,0.000680,0.013462,0.000000,-0.000993,-0.018098,6.702006,0.017296,0.106499,-78.681961,0.000078,-0.001203,0.000000,0.000000,0.000000,0.000000
1.050000,0.173700,0.000000,0.000890,0.015199,0.000000,-0.001071,-0.021524,0.199608,0.018499,0.133646,-2.220863,-0.000055,0.000322,0.000000,0.000000,0.000000,0.000000
-2.220000,1.476453,0.000000,-0.000188,-0.032135,0.000000,-0.000671,0.032762,1.487665,0.020754,-0.058487,-57.569386,0.000117,-0.001249,0.000000,0.000000,0.000000,0.000000
-3.520000,-1.881753,0.000000,-0.000224,-0.050952,0.000000,-0.000788,0.051940,-1.897277,0.022003,-0.092725,73.420456,0.000104,0.001142,0.000000,0.000000,0.000000,0.000000
-2.590000,1.346177,0.000000,-0.000165,-0.037490,0.000000,-0.000892,0.039032,1.365919,0.020861,-0.094895,-38.813900,0.000131,-0.000994,0.000000,0.000000,0.000000,0.000000
-4.460000,-2.706830,0.000000,-0.000064,-0.064559,0.000000,-0.001023,0.069319,-2.774946,0.021855,-0.211184,62.925587,0.000135,0.000622,0.000000,0.000000,0.000000,0.000000
6.890000,16.429153,0.000000,-0.000048,0.099733,0.000000,-0.001158,-0.110887,17.033161,0.021233,0.402032,-324.560394,0.000022,-0.005059,0.000000,0.000000,0.000000,0.000000
5.980000,-1.317227,0.000000,0.000468,0.086561,0.000000,-0.001180,-0.099479,-1.386531,0.026292,0.414252,23.002527,-0.000295,0.001565,0.000000,0.000000,0.000000,0.000000
7.460000,2.142303,0.000000,0.000946,0.107984,0.000000,-0.000885,-0.129264,2.286597,0.024726,0.602354,-33.899635,-0.000306,0.000985,0.000000,0.000000,0.000000,0.000000
2.680000,-6.919062,0.000000,0.001493,0.038793,0.000000,-0.000579,-0.047302,-7.529594,0.023742,0.241783,101.766258,-0.000270,0.002579,0.000000,0.000000,0.000000,0.000000
-4.650000,-10.610194,0.000000,0.001848,-0.067309,0.000000,-0.000309,0.092493,-11.781507,0.021163,-0.510495,147.468201,0.000028,0.001407,0.000000,0.000000,0.000000,0.000000
4.930000,13.867075,0.000000,0.001906,0.071362,0.000000,-0.000337,-0.098347,15.738132,0.019756,0.578722,-184.766586,0.000032,-0.001936,0.000000,0.000000,0.000000,0.000000
2.450000,-3.589806,0.000000,0.002378,0.035464,0.000000,-0.000369,-0.049770,-4.178997,0.021692,0.309030,46.495949,-0.000214,0.001720,0.000000,0.000000,0.000000,0.000000
-3.120000,-21.191439,0.000000,-0.001082,-0.045162,0.000000,-0.001895,0.045218,-21.360844,0.035559,-0.080725,826.618042,-0.000282,0.015430,0.000000,0.000000,0.000000,0.000000
-3.750000,-0.911927,0.000000,-0.001119,-0.054281,0.000000,-0.001613,0.054433,-0.919647,0.020129,-0.097175,35.588322,0.000130,0.000382,0.000000,0.000000,0.000000,0.000000
-1.050000,3.908257,0.000000,-0.001096,-0.015199,0.000000,-0.001743,0.014748,3.967063,0.019746,-0.035854,-112.727921,0.000115,-0.002232,0.000000,0.000000,0.000000,0.000000
-6.640000,-8.091539,0.000000,-0.000955,-0.096114,0.000000,-0.001858,0.102277,-8.293139,0.021979,-0.311592,188.057892,0.000119,0.002722,0.000000,0.000000,0.000000,0.000000
3.860000,15.198776,0.000000,-0.001074,0.055874,0.000000,-0.001977,-0.063286,15.757789,0.019256,0.229451,-300.258667,0.000127,-0.005070,0.000000,0.000000,0.000000,0.000000
-0.010000,-5.601835,0.000000,-0.000737,-0.000145,0.000000,-0.002104,-0.000684,-5.890504,0.024326,0.002850,97.723351,-0.000114,0.001867,0.000000,0.000000,0.000000,0.000000
-2.540000,-3.662181,0.000000,-0.000575,-0.036767,0.000000,-0.001991,0.043707,-3.913607,0.022459,-0.203670,58.020645,0.000044,0.000544,0.000000,0.000000,0.000000,0.000000
4.220000,9.785117,0.000000,-0.000524,0.061085,0.000000,-0.002035,-0.078130,10.643681,0.021914,0.399361,-143.854691,-0.000010,-0.001645,0.000000,0.000000,0.000000,0.000000
-1.400000,-8.134964,0.000000,-0.000191,-0.020265,0.000000,-0.002025,0.026848,-9.032661,0.023559,-0.148179,113.061119,-0.000098,0.001743,0.000000,0.000000,0.000000,0.000000
0.000000,2.026504,0.000000,-0.000097,0.000000,0.000000,-0.001927,-0.000137,2.298590,0.021816,0.000808,-26.985580,0.000043,-0.000512,0.000000,0.000000,0.000000,0.000000
-2.350000,-1.375127,0.000000,0.000365,-0.034016,0.000000,-0.000015,0.035244,-1.386494,0.015919,-0.062919,53.654289,0.000069,0.000847,0.000000,0.000000,0.000000,0.000000
-2.050000,0.434251,0.000000,0.000313,-0.029674,0.000000,-0.000084,0.030703,0.437300,0.015072,-0.054812,-16.922552,0.000091,-0.000470,0.000000,0.000000,0.000000,0.000000
-0.560000,2.156779,0.000000,0.000388,-0.008106,0.000000,-0.000175,0.008883,2.188978,0.015542,-0.021596,-62.201935,0.000065,-0.001235,0.000000,0.000000,0.000000,0.000000
-1.210000,-0.940877,0.000000,0.000536,-0.017515,0.000000,-0.000241,0.019402,-0.965039,0.016778,-0.059108,21.883539,0.000034,0.000257,0.000000,0.000000,0.000000,0.000000
-3.080000,-2.706830,0.000000,0.000658,-0.044583,0.000000,-0.000275,0.050276,-2.807533,0.016521,-0.182283,53.496471,0.000083,0.000519,0.000000,0.000000,0.000000,0.000000
-1.530000,2.243629,0.000000,0.000701,-0.022147,0.000000,-0.000358,0.026400,2.357576,0.016002,-0.109937,-39.112148,0.000116,-0.001039,0.000000,0.000000,0.000000,0.000000
0.860000,3.459531,0.000000,0.000816,0.012449,0.000000,-0.000474,-0.014048,3.694360,0.017040,0.065461,-54.770226,0.000032,-0.000858,0.000000,0.000000,0.000000,0.000000
-6.850000,-11.160244,0.000000,0.001039,-0.099154,0.000000,-0.000505,0.127060,-12.142848,0.017899,-0.649467,164.116699,0.000114,0.001352,0.000000,0.000000,0.000000,0.000000
-5.170000,2.431804,0.000000,0.000940,-0.074836,0.000000,-0.000619,0.101346,2.697750,0.016546,-0.559356,-33.767517,0.000325,-0.002155,0.000000,0.000000,0.000000,0.000000
2.970000,11.782671,0.000000,0.000919,0.042991,0.000000,-0.000944,-0.059572,13.372817,0.018701,0.350553,-156.997665,0.000091,-0.002021,0.000000,0.000000,0.000000,0.000000
4.220000,1.809378,0.000000,0.001244,0.061085,0.000000,-0.001035,-0.090017,2.101453,0.020722,0.558934,-23.380983,-0.000204,0.001073,0.000000,0.000000,0.000000,0.000000
-5.170000,-10.146993,0.000000,-0.000418,-0.074836,0.000000,-0.001019,0.076259,-10.228345,0.025973,-0.136140,395.814606,0.000013,0.007125,0.000000,0.000000,0.000000,0.000000
-1.510000,5.297860,0.000000,-0.000558,-0.021857,0.000000,-0.001032,0.021808,5.339532,0.018849,-0.038932,-206.628235,0.000160,-0.004031,0.000000,0.000000,0.000000,0.000000
-13.140000,-16.834455,0.000000,-0.000405,-0.190202,0.000000,-0.001192,0.198477,-17.091093,0.022880,-0.482535,485.659973,0.000213,0.007898,0.000000,0.000000,0.000000,0.000000
-8.000000,7.440163,0.000000,-0.000800,-0.115800,0.000000,-0.001405,0.123602,7.624224,0.014981,-0.376560,-172.889374,0.000478,-0.004307,0.000000,0.000000,0.000000,0.000000
1.800000,14.185524,0.000000,-0.000968,0.026055,0.000000,-0.001884,-0.030031,14.707192,0.019288,0.108881,-280.239960,0.000196,-0.005004,0.000000,0.000000,0.000000,0.000000
-2.170000,-5.746585,0.000000,-0.000711,-0.031411,0.000000,-0.002080,0.035472,-6.042686,0.024292,-0.147715,100.248062,-0.000019,0.001508,0.000000,0.000000,0.000000,0.000000
-2.020000,0.217126,0.000000,-0.000633,-0.029240,0.000000,-0.002061,0.034546,0.230659,0.022784,-0.160981,-3.419602,0.000098,-0.000503,0.000000,0.000000,0.000000,0.000000
-3.140000,-1.621203,0.000000,-0.000553,-0.045452,0.000000,-0.002159,0.056938,-1.765135,0.023287,-0.291041,23.856688,0.000120,-0.000335,0.000000,0.000000,0.000000,0.000000
-4.510000,-1.983079,0.000000,-0.000525,-0.065282,0.000000,-0.002279,0.086609,-2.203059,0.023622,-0.478022,27.575514,0.000192,-0.000770,0.000000,0.000000,0.000000,0.000000
-0.290000,1.664628,0.000000,0.000333,-0.004198,0.000000,0.000018,0.004673,1.677509,0.013151,-0.008342,-64.915947,0.000044,-0.001250,0.000000,0.000000,0.000000,0.000000
-2.780000,-3.604281,0.000000,0.000354,-0.040241,0.000000,-0.000026,0.041565,-3.633335,0.014401,-0.074203,140.602127,0.000044,0.002464,0.000000,0.000000,0.000000,0.000000
-3.070000,-0.419775,0.000000,0.000366,-0.044438,0.000000,-0.000070,0.046854,-0.426609,0.011937,-0.113910,12.122496,0.000119,-0.000083,0.000000,0.000000,0.000000,0.000000
1.520000,6.644037,0.000000,0.000367,0.022002,0.000000,-0.000188,-0.023253,6.808306,0.012020,0.070842,-154.387360,0.000066,-0.002732,0.000000,0.000000,0.000000,0.000000
-0.890000,-3.488481,0.000000,0.000578,-0.012883,0.000000,-0.000254,0.014959,-3.617864,0.014752,-0.054235,68.937019,-0.000028,0.001164,0.000000,0.000000,0.000000,0.000000
2.220000,4.501733,0.000000,0.000685,0.032135,0.000000,-0.000226,-0.036339,4.731688,0.013588,0.151324,-78.498619,-0.000009,-0.001079,0.000000,0.000000,0.000000,0.000000
-1.210000,-4.964934,0.000000,0.000932,-0.017515,0.000000,-0.000217,0.022278,-5.305385,0.014667,-0.103811,78.654259,-0.000040,0.001211,0.000000,0.000000,0.000000,0.000000
-3.220000,-2.909480,0.000000,0.001038,-0.046610,0.000000,-0.000177,0.060425,-3.166664,0.013457,-0.308861,42.799053,0.000104,-0.000027,0.000000,0.000000,0.000000,0.000000
0.110000,4.820183,0.000000,0.001065,0.001592,0.000000,-0.000281,-0.000705,5.349339,0.013484,0.003889,-66.957260,0.000099,-0.001257,0.000000,0.000000,0.000000,0.000000
5.920000,8.409989,0.000000,0.001240,0.085692,0.000000,-0.000380,-0.119581,9.544438,0.014741,0.703675,-112.052269,-0.000143,-0.000216,0.000000,0.000000,0.000000,0.000000
6.430000,0.738226,0.000000,0.001666,0.093074,0.000000,-0.000237,-0.137504,0.855836,0.014957,0.853791,-9.522119,-0.000355,0.002130,0.000000,0.000000,0.000000,0.000000
-4.930000,-7.353312,0.000000,-0.000323,-0.071362,0.000000,-0.000920,0.072800,-7.412446,0.025730,-0.129965,286.845459,0.000057,0.005076,0.000000,0.000000,0.000000,0.000000
-2.860000,2.996330,0.000000,-0.000454,-0.041399,0.000000,-0.000977,0.041923,3.019647,0.020654,-0.074842,-116.853767,0.000170,-0.002424,0.000000,0.000000,0.000000,0.000000
-3.700000,-1.215902,0.000000,-0.000351,-0.053558,0.000000,-0.001148,0.055640,-1.235164,0.023078,-0.135272,35.098377,0.000127,0.000303,0.000000,0.000000,0.000000,0.000000
-2.830000,1.259327,0.000000,-0.000290,-0.040964,0.000000,-0.001274,0.043717,1.289611,0.022775,-0.133185,-29.243650,0.000142,-0.000915,0.000000,0.000000,0.000000,0.000000
4.480000,10.581244,0.000000,-0.000193,0.064848,0.000000,-0.001417,-0.072280,10.969765,0.023690,0.262058,-209.024704,0.000012,-0.003247,0.000000,0.000000,0.000000,0.000000
2.740000,-2.518655,0.000000,0.000225,0.039662,0.000000,-0.001429,-0.045568,-2.649570,0.026937,0.189754,43.956314,-0.000173,0.001352,0.000000,0.000000,0.000000,0.000000
-2.150000,-7.078288,0.000000,0.000568,-0.031121,0.000000,-0.001255,0.038270,-7.563681,0.025585,-0.178332,112.134315,-0.000039,0.001638,0.000000,0.000000,0.000000,0.000000
-2.040000,0.159225,0.000000,0.000705,-0.029529,0.000000,-0.001216,0.038342,0.171108,0.023947,-0.195983,-2.312617,0.000107,-0.000577,0.000000,0.000000,0.000000,0.000000
-3.240000,-1.737003,0.000000,0.000851,-0.046899,0.000000,-0.001323,0.063863,-1.930766,0.024524,-0.352478,24.167238,0.000136,-0.000495,0.000000,0.000000,0.000000,0.000000
-2.280000,1.389602,0.000000,0.000952,-0.033003,0.000000,-0.001459,0.048079,1.574596,0.025019,-0.282920,-18.485855,0.000160,-0.001114,0.000000,0.000000,0.000000,0.000000
5.500000,11.261570,0.000000,0.001099,0.079613,0.000000,-0.001618,-0.118107,13.094266,0.026133,0.733351,-145.688171,-0.000072,-0.000773,0.000000,0.000000,0.000000,0.000000
-1.620000,-1.375127,0.000000,-0.000873,-0.023450,0.000000,-0.001564,0.023188,-1.386805,0.030156,-0.041395,53.666321,0.000037,0.000906,0.000000,0.000000,0.000000,0.000000
-4.150000,-3.662182,0.000000,-0.000865,-0.060071,0.000000,-0.001600,0.060622,-3.692021,0.029250,-0.108223,142.873169,0.000094,0.002411,0.000000,0.000000,0.000000,0.000000
-3.190000,1.389603,0.000000,-0.000784,-0.046175,0.000000,-0.001694,0.047467,1.409849,0.026839,-0.115402,-40.062222,0.000155,-0.001075,0.000000,0.000000,0.000000,0.000000
-2.980000,0.303976,0.000000,-0.000664,-0.043136,0.000000,-0.001849,0.045648,0.310383,0.027914,-0.139069,-7.038342,0.000129,-0.000507,0.000000,0.000000,0.000000,0.000000
-3.300000,-0.463201,0.000000,-0.000541,-0.047768,0.000000,-0.001978,0.052483,-0.481638,0.028422,-0.190283,9.177437,0.000133,-0.000340,0.000000,0.000000,0.000000,0.000000
1.950000,7.599388,0.000000,-0.000436,0.028226,0.000000,-0.002111,-0.033119,7.987687,0.028762,0.137913,-132.515594,0.000061,-0.002135,0.000000,0.000000,0.000000,0.000000
-1.580000,-5.109684,0.000000,-0.000107,-0.022871,0.000000,-0.002172,0.027491,-5.460722,0.030897,-0.128104,80.957199,-0.000029,0.001190,0.000000,0.000000,0.000000,0.000000
-4.750000,-4.588583,0.000000,0.000070,-0.068756,0.000000,-0.002143,0.087282,-4.994067,0.029707,-0.446142,67.497330,0.000142,0.000069,0.000000,0.000000,0.000000,0.000000
3.130000,11.406321,0.000000,0.000111,0.045307,0.000000,-0.002285,-0.060446,12.660100,0.029638,0.333621,-158.465469,0.000076,-0.002098,0.000000,0.000000,0.000000,0.000000
6.800000,5.312334,0.000000,0.000485,0.098430,0.000000,-0.002361,-0.138687,6.027232,0.031736,0.816103,-70.760063,-0.000261,0.000872,0.000000,0.000000,0.000000,0.000000
-4.860000,-0.231601,0.000000,-0.000635,-0.070349,0.000000,-0.001333,0.071453,-0.234199,0.030277,-0.127560,9.062986,0.000189,-0.000175,0.000000,0.000000,0.000000,0.000000
-2.500000,3.416106,0.000000,-0.000753,-0.036188,0.000000,-0.001522,0.036282,3.442523,0.030452,-0.064771,-133.218109,0.000163,-0.002697,0.000000,0.000000,0.000000,0.000000
-1.710000,1.143527,0.000000,-0.000542,-0.024752,0.000000,-0.001685,0.025318,1.159790,0.033149,-0.061552,-32.956543,0.000090,-0.000786,0.000000,0.000000,0.000000,0.000000
-2.560000,-1.230377,0.000000,-0.000299,-0.037056,0.000000,-0.001775,0.039506,-1.262358,0.033935,-0.120357,28.625650,0.000083,0.000218,0.000000,0.000000,0.000000,0.000000
-3.470000,-1.317227,0.000000,-0.000098,-0.050228,0.000000,-0.001858,0.055710,-1.367492,0.033717,-0.201981,26.057035,0.000125,-0.000053,0.000000,0.000000,0.000000,0.000000
-1.040000,3.517431,0.000000,0.000061,-0.015054,0.000000,-0.001982,0.017465,3.695849,0.033770,-0.072730,-61.314072,0.000117,-0.001358,0.000000,0.000000,0.000000,0.000000
-1.530000,-0.709276,0.000000,0.000326,-0.022147,0.000000,-0.002099,0.027139,-0.760213,0.035128,-0.126465,11.270439,0.000059,-0.000126,0.000000,0.000000,0.000000,0.000000
0.840000,3.430581,0.000000,0.000571,0.012159,0.000000,-0.002158,-0.014696,3.729184,0.035254,0.075117,-50.401798,0.000031,-0.000751,0.000000,0.000000,0.000000,0.000000
-5.390000,-9.017941,0.000000,0.000919,-0.078020,0.000000,-0.002189,0.105577,-10.014532,0.036005,-0.582710,125.351112,0.000096,0.000799,0.000000,0.000000,0.000000,0.000000
-0.150000,7.584913,0.000000,0.001011,-0.002171,0.000000,-0.002285,0.004506,8.606274,0.035206,-0.026514,-101.038177,0.000175,-0.001986,0.000000,0.000000,0.000000,0.000000
0.030000,0.260550,0.000000,0.001328,0.000434,0.000000,-0.002460,0.001345,0.298570,0.037193,-0.008349,-3.321921,0.000009,-0.000082,0.000000,0.000000,0.000000,0.000000
-2.310000,-3.387156,0.000000,0.001661,-0.033437,0.000000,-0.002469,0.056262,-4.049046,0.037275,-0.365479,43.060947,0.000076,-0.000173,0.000000,0.000000,0.000000,0.000000
-1.050000,6.687462,0.000000,-0.001374,-0.015199,0.000000,-0.002210,0.014242,6.739757,0.036775,-0.025425,-260.813873,0.000166,-0.005007,0.000000,0.000000,0.000000,0.000000
-4.200000,-4.559633,0.000000,-0.001327,-0.060795,0.000000,-0.002376,0.060889,-4.596912,0.041782,-0.108701,177.890457,0.000077,0.003084,0.000000,0.000000,0.000000,0.000000
-1.470000,3.951681,0.000000,-0.001141,-0.021278,0.000000,-0.002453,0.021058,4.010484,0.038698,-0.051196,-113.961784,0.000133,-0.002302,0.000000,0.000000,0.000000,0.000000
-1.450000,0.028950,0.000000,-0.000836,-0.020989,0.000000,-0.002586,0.021660,0.027981,0.041000,-0.065990,-0.634507,0.000059,-0.000186,0.000000,0.000000,0.000000,0.000000
-0.760000,0.998777,0.000000,-0.000537,-0.011001,0.000000,-0.002645,0.011629,1.033515,0.041186,-0.042161,-19.693245,0.000051,-0.000487,0.000000,0.000000,0.000000,0.000000
-3.230000,-3.575331,0.000000,-0.000212,-0.046754,0.000000,-0.002696,0.053778,-3.761223,0.041673,-0.223946,62.398624,0.000074,0.000577,0.000000,0.000000,0.000000,0.000000
1.000000,6.122936,0.000000,0.000003,0.014475,0.000000,-0.002770,-0.017477,6.538363,0.041096,0.081442,-96.933601,0.000076,-0.001616,0.000000,0.000000,0.000000,0.000000
-3.690000,-6.788787,0.000000,0.000398,-0.053413,0.000000,-0.002846,0.068241,-7.388749,0.042712,-0.348815,99.862663,0.000045,0.000950,0.000000,0.000000,0.000000,0.000000
-12.530000,-12.795922,0.000000,0.000596,-0.181372,0.000000,-0.002891,0.243371,-14.208864,0.041762,-1.343236,177.851227,0.000389,-0.000268,0.000000,0.000000,0.000000,0.000000
-2.600000,-10.306218,0.000000,-0.001621,-0.037635,0.000000,-0.002426,0.036957,-10.389030,0.035649,-0.065977,402.032776,-0.000097,0.007435,0.000000,0.000000,0.000000,0.000000
-3.800000,-1.737003,0.000000,-0.001637,-0.055005,0.000000,-0.002328,0.054643,-1.751469,0.028215,-0.097550,67.778030,0.000115,0.001006,0.000000,0.000000,0.000000,0.000000
-15.770000,-17.326607,0.000000,-0.001554,-0.228271,0.000000,-0.002443,0.237087,-17.590776,0.027209,-0.576402,499.858917,0.000308,0.007904,0.000000,0.000000,0.000000,0.000000
-7.900000,11.391846,0.000000,-0.002042,-0.114353,0.000000,-0.002751,0.120712,11.673944,0.019305,-0.367755,-264.722168,0.000547,-0.006022,0.000000,0.000000,0.000000,0.000000
-1.130000,9.799592,0.000000,-0.002188,-0.016357,0.000000,-0.003298,0.015746,10.159660,0.025327,-0.057087,-193.588470,0.000234,-0.003809,0.000000,0.000000,0.000000,0.000000
0.470000,2.316004,0.000000,-0.002052,0.006803,0.000000,-0.003532,-0.010232,2.433671,0.029136,0.042609,-40.374569,0.000018,-0.000642,0.000000,0.000000,0.000000,0.000000
14.900000,20.887463,0.000000,-0.001862,0.215678,0.000000,-0.003550,-0.262710,22.312786,0.029778,1.224199,-330.795166,-0.000288,-0.002951,0.000000,0.000000,0.000000,0.000000
-2.480000,-25.157595,0.000000,-0.001066,-0.035898,0.000000,-0.003262,0.044173,-27.370399,0.032729,-0.225790,369.924683,-0.000398,0.006399,0.000000,0.000000,0.000000,0.000000
5.050000,10.899694,0.000000,-0.001017,0.073099,0.000000,-0.002864,-0.099125,12.098607,0.026330,0.547099,-151.437286,-0.000038,-0.001399,0.000000,0.000000,0.000000,0.000000
-0.460000,-0.680326,0.000000,0.001060,-0.006659,0.000000,0.000694,0.007945,-0.686170,0.014745,-0.014183,26.553272,0.000009,0.000467,0.000000,0.000000,0.000000,0.000000
2.400000,4.139857,0.000000,0.001079,0.034740,0.000000,0.000685,-0.034465,4.172361,0.014278,0.061528,-161.461258,-0.000014,-0.002892,0.000000,0.000000,0.000000,0.000000
-1.820000,-6.108461,0.000000,0.001363,-0.026345,0.000000,0.000700,0.028975,-6.202031,0.017170,-0.070444,176.236710,-0.000039,0.003152,0.000000,0.000000,0.000000,0.000000
2.990000,6.962487,0.000000,0.001458,0.043280,0.000000,0.000739,-0.044950,7.134412,0.014018,0.136944,-161.782242,0.000014,-0.002699,0.000000,0.000000,0.000000,0.000000
-3.070000,-8.771865,0.000000,0.001781,-0.044438,0.000000,0.000725,0.051363,-9.096201,0.016717,-0.186222,173.324646,-0.000033,0.002783,0.000000,0.000000,0.000000,0.000000
-5.670000,-3.763507,0.000000,0.001847,-0.082073,0.000000,0.000758,0.096968,-3.957978,0.013934,-0.403796,65.662796,0.000187,0.000146,0.000000,0.000000,0.000000,0.000000
-2.690000,4.313558,0.000000,0.001813,-0.038938,0.000000,0.000571,0.049212,4.606558,0.013788,-0.229322,-68.293900,0.000220,-0.001914,0.000000,0.000000,0.000000,0.000000
-2.350000,0.492151,0.000000,0.001918,-0.034016,0.000000,0.000351,0.045571,0.533320,0.015702,-0.232935,-7.208094,0.000133,-0.000763,0.000000,0.000000,0.000000,0.000000
0.830000,4.603058,0.000000,0.002051,0.012014,0.000000,0.000218,-0.013326,5.107482,0.016465,0.073548,-63.929947,0.000060,-0.001010,0.000000,0.000000,0.000000,0.000000
-2.170000,-1.867278,0.000000,-0.000997,-0.031411,0.000000,-0.001799,0.031224,-1.882990,0.034999,-0.055742,72.867584,0.000049,0.001231,0.000000,0.000000,0.000000,0.000000
-2.680000,-0.738226,0.000000,-0.000998,-0.038793,0.000000,-0.001847,0.038698,-0.744923,0.033768,-0.069085,28.826885,0.000090,0.000357,0.000000,0.000000,0.000000,0.000000
-2.580000,0.144750,0.000000,-0.000797,-0.037346,0.000000,-0.001938,0.038220,0.145846,0.033411,-0.092920,-4.144351,0.000106,-0.000330,0.000000,0.000000,0.000000,0.000000
1.110000,5.341284,0.000000,-0.000597,0.016067,0.000000,-0.002044,-0.017911,5.472411,0.033742,0.054568,-124.094170,0.000055,-0.002202,0.000000,0.000000,0.000000,0.000000
-2.360000,-5.022834,0.000000,-0.000236,-0.034161,0.000000,-0.002099,0.037701,-5.209669,0.035943,-0.136688,99.268265,0.000003,0.001514,0.000000,0.000000,0.000000,0.000000
-0.870000,2.156779,0.000000,-0.000031,-0.012593,0.000000,-0.002102,0.014515,2.265371,0.034429,-0.060446,-37.582474,0.000082,-0.000878,0.000000,0.000000,0.000000,0.000000
0.140000,1.461978,0.000000,0.000238,0.002027,0.000000,-0.002184,-0.002160,1.559359,0.035307,0.010063,-23.118071,0.000024,-0.000409,0.000000,0.000000,0.000000,0.000000
-2.260000,-3.474006,0.000000,0.000551,-0.032714,0.000000,-0.002208,0.042185,-3.782215,0.035716,-0.215630,51.118542,0.000042,0.000385,0.000000,0.000000,0.000000,0.000000
2.190000,6.441386,0.000000,0.000766,0.031700,0.000000,-0.002250,-0.041373,7.147522,0.035331,0.228351,-89.464966,0.000023,-0.001077,0.000000,0.000000,0.000000,0.000000
-3.040000,-5.109684,0.000000,-0.001200,-0.044004,0.000000,-0.002077,0.043918,-5.151261,0.038408,-0.078404,199.342545,0.000021,0.003564,0.000000,0.000000,0.000000,0.000000
-1.550000,2.156779,0.000000,-0.001227,-0.022436,0.000000,-0.002098,0.021716,2.173089,0.034844,-0.038769,-84.093803,0.000100,-0.001704,0.000000,0.000000,0.000000,0.000000
0.810000,3.416106,0.000000,-0.000954,0.011725,0.000000,-0.002198,-0.013258,3.466827,0.036548,0.032234,-98.513245,0.000030,-0.001775,0.000000,0.000000,0.000000,0.000000
-0.100000,-1.317227,0.000000,-0.000578,-0.001448,0.000000,-0.002228,0.000934,-1.351517,0.038323,-0.002847,30.647438,-0.000023,0.000576,0.000000,0.000000,0.000000,0.000000
0.520000,0.897452,0.000000,-0.000249,0.007527,0.000000,-0.002205,-0.008641,0.928578,0.037747,0.031329,-17.693697,-0.000006,-0.000251,0.000000,0.000000,0.000000,0.000000
1.250000,1.056677,0.000000,0.000106,0.018094,0.000000,-0.002199,-0.020785,1.108571,0.037998,0.086553,-18.391180,-0.000035,-0.000114,0.000000,0.000000,0.000000,0.000000
3.590000,3.387156,0.000000,0.000491,0.051965,0.000000,-0.002164,-0.062162,3.615744,0.038112,0.289669,-53.604713,-0.000100,-0.000231,0.000000,0.000000,0.000000,0.000000
-2.500000,-8.815290,0.000000,0.000980,-0.036188,0.000000,-0.002064,0.047134,-9.593300,0.038343,-0.240927,129.658279,-0.000054,0.001804,0.000000,0.000000,0.000000,0.000000
1.040000,5.124159,0.000000,0.001216,0.015054,0.000000,-0.002010,-0.018508,5.684862,0.036539,0.102151,-71.156975,0.000058,-0.001074,0.000000,0.000000,0.000000,0.000000
0.280000,-1.100102,0.000000,0.001608,0.004053,0.000000,-0.002068,-0.003461,-1.253123,0.037614,0.020369,14.711736,-0.000033,0.000336,0.000000,0.000000,0.000000,0.000000
0.000000,-1.056677,0.000000,-0.001695,0.000000,0.000000,-0.002675,-0.001634,-1.066122,0.043215,0.002917,41.256588,-0.000025,0.000788,0.000000,0.000000,0.000000,0.000000
-3.450000,-4.993884,0.000000,-0.001592,-0.049939,0.000000,-0.002651,0.049503,-5.034621,0.042427,-0.088374,194.828842,0.000039,0.003449,0.000000,0.000000,0.000000,0.000000
0.550000,5.790010,0.000000,-0.001378,0.007961,0.000000,-0.002689,-0.009766,5.876766,0.038978,0.023744,-166.993973,0.000085,-0.003104,0.000000,0.000000,0.000000,0.000000
1.400000,1.230377,0.000000,-0.000987,0.020265,0.000000,-0.002774,-0.022842,1.259192,0.042082,0.069589,-28.553852,-0.000038,-0.000347,0.000000,0.000000,0.000000,0.000000
1.310000,-0.130275,0.000000,-0.000566,0.018962,0.000000,-0.002736,-0.021702,-0.137180,0.042429,0.078682,2.613922,-0.000061,0.000263,0.000000,0.000000,0.000000,0.000000
0.940000,-0.535576,0.000000,-0.000154,0.013607,0.000000,-0.002675,-0.015900,-0.565552,0.042166,0.066211,9.382497,-0.000054,0.000356,0.000000,0.000000,0.000000,0.000000
3.250000,3.343731,0.000000,0.000240,0.047044,0.000000,-0.002621,-0.056522,3.569198,0.041810,0.263386,-52.914665,-0.000085,-0.000290,0.000000,0.000000,0.000000,0.000000
-4.560000,-11.304995,0.000000,0.000734,-0.066006,0.000000,-0.002536,0.084637,-12.301964,0.042100,-0.432623,166.267227,-0.000004,0.001979,0.000000,0.000000,0.000000,0.000000
0.180000,6.861162,0.000000,0.000900,0.002606,0.000000,-0.002532,-0.002281,7.613067,0.040121,0.012587,-95.292145,0.000138,-0.001774,0.000000,0.000000,0.000000,0.000000
0.010000,-0.246075,0.000000,0.001272,0.000145,0.000000,-0.002670,0.001596,-0.283803,0.041895,-0.009393,3.331867,-0.000001,0.000041,0.000000,0.000000,0.000000,0.000000
-0.960000,4.689908,0.000000,-0.001769,-0.013896,0.000000,-0.002754,0.012518,4.726163,0.043422,-0.022347,-182.892181,0.000123,-0.003524,0.000000,0.000000,0.000000,0.000000
-0.170000,1.143527,0.000000,-0.001704,-0.002461,0.000000,-0.002877,0.000775,1.151489,0.046946,-0.001384,-44.560093,0.000024,-0.000841,0.000000,0.000000,0.000000,0.000000
0.370000,0.781651,0.000000,-0.001275,0.005356,0.000000,-0.002901,-0.006934,0.791964,0.047787,0.016857,-22.504429,-0.000004,-0.000379,0.000000,0.000000,0.000000,0.000000
-2.610000,-4.313558,0.000000,-0.000831,-0.037780,0.000000,-0.002897,0.039713,-4.422590,0.048166,-0.120988,100.288086,0.000024,0.001572,0.000000,0.000000,0.000000,0.000000
1.140000,5.428134,0.000000,-0.000528,0.016502,0.000000,-0.002920,-0.018925,5.625727,0.046593,0.068615,-107.196106,0.000055,-0.001847,0.000000,0.000000,0.000000,0.000000
1.910000,1.114577,0.000000,-0.000065,0.027647,0.000000,-0.002976,-0.032020,1.168862,0.048440,0.133341,-19.391401,-0.000065,-0.000003,0.000000,0.000000,0.000000,0.000000
1.550000,-0.521101,0.000000,0.000430,0.022436,0.000000,-0.002911,-0.026575,-0.560123,0.048443,0.123837,8.304033,-0.000082,0.000492,0.000000,0.000000,0.000000,0.000000
-1.670000,-4.660958,0.000000,0.000912,-0.024173,0.000000,-0.002829,0.031812,-5.074556,0.047951,-0.162607,68.585182,-0.000010,0.000858,0.000000,0.000000,0.000000,0.000000
-1.800000,-0.188175,0.000000,0.001262,-0.026055,0.000000,-0.002819,0.036535,-0.213406,0.047093,-0.201645,2.671189,0.000095,-0.000496,0.000000,0.000000,0.000000,0.000000
-0.690000,1.606728,0.000000,0.001614,-0.009988,0.000000,-0.002914,0.016428,1.818673,0.047590,-0.096669,-21.351330,0.000079,-0.000665,0.000000,0.000000,0.000000,0.000000
-2.310000,-2.388379,0.000000,-0.002442,-0.033437,0.000000,-0.003595,0.031854,-2.408587,0.051184,-0.056867,93.207047,0.000040,0.001612,0.000000,0.000000,0.000000,0.000000
-3.460000,-1.664628,0.000000,-0.002411,-0.050084,0.000000,-0.003635,0.048812,-1.679034,0.049572,-0.087141,64.974937,0.000100,0.000992,0.000000,0.000000,0.000000,0.000000
-0.600000,4.139857,0.000000,-0.002118,-0.008685,0.000000,-0.003735,0.006867,4.201260,0.048580,-0.016695,-119.382843,0.000098,-0.002308,0.000000,0.000000,0.000000,0.000000
-0.010000,0.854027,0.000000,-0.001708,-0.000145,0.000000,-0.003833,-0.001680,0.873219,0.050888,0.005119,-19.801405,0.000012,-0.000357,0.000000,0.000000,0.000000,0.000000
-0.630000,-0.897452,0.000000,-0.001284,-0.009119,0.000000,-0.003845,0.008707,-0.932924,0.051245,-0.031568,17.776510,0.000006,0.000252,0.000000,0.000000,0.000000,0.000000
-1.110000,-0.694801,0.000000,-0.000898,-0.016067,0.000000,-0.003851,0.017528,-0.733263,0.050993,-0.072989,12.164820,0.000034,0.000032,0.000000,0.000000,0.000000,0.000000
1.900000,4.356983,0.000000,-0.000540,0.027503,0.000000,-0.003885,-0.033865,4.651335,0.050960,0.157809,-68.957733,-0.000004,-0.000879,0.000000,0.000000,0.000000,0.000000
-1.530000,-4.964934,0.000000,-0.000058,-0.022147,0.000000,-0.003881,0.028013,-5.405069,0.051839,-0.143186,73.052223,-0.000027,0.000998,0.000000,0.000000,0.000000,0.000000
1.840000,4.878084,0.000000,0.000277,0.026634,0.000000,-0.003854,-0.035250,5.411097,0.050842,0.194556,-67.730263,0.000007,-0.000758,0.000000,0.000000,0.000000,0.000000
-1.390000,-4.675434,0.000000,0.000756,-0.020120,0.000000,-0.003862,0.029559,-5.312235,0.051600,-0.173943,62.365963,-0.000021,0.000712,0.000000,0.000000,0.000000,0.000000
-2.760000,1.548828,0.000000,-0.001755,-0.039951,0.000000,-0.002774,0.039214,1.560063,0.044889,-0.070006,-60.371040,0.000136,-0.001334,0.000000,0.000000,0.000000,0.000000
-0.610000,3.112130,0.000000,-0.001756,-0.008830,0.000000,-0.002909,0.007243,3.135769,0.046223,-0.012931,-121.347420,0.000079,-0.002330,0.000000,0.000000,0.000000,0.000000
-1.270000,-0.955352,0.000000,-0.001338,-0.018383,0.000000,-0.002988,0.017825,-0.971461,0.048553,-0.043336,27.605007,0.000030,0.000410,0.000000,0.000000,0.000000,0.000000
0.900000,3.141081,0.000000,-0.000961,0.013028,0.000000,-0.003018,-0.015035,3.217033,0.048143,0.045806,-72.950493,0.000020,-0.001258,0.000000,0.000000,0.000000,0.000000
3.400000,3.618756,0.000000,-0.000495,0.049215,0.000000,-0.003038,-0.055242,3.749553,0.049401,0.200287,-71.446304,-0.000078,-0.000809,0.000000,0.000000,0.000000,0.000000
0.230000,-4.588583,0.000000,0.000078,0.003329,0.000000,-0.002959,-0.003757,-4.827061,0.050210,0.015645,80.080864,-0.000101,0.001560,0.000000,0.000000,0.000000,0.000000
0.090000,-0.202650,0.000000,0.000512,0.001303,0.000000,-0.002858,-0.000955,-0.219967,0.048650,0.004452,3.261094,-0.000007,0.000071,0.000000,0.000000,0.000000,0.000000
-1.570000,-2.402854,0.000000,0.000942,-0.022726,0.000000,-0.002851,0.030015,-2.618068,0.048579,-0.153421,35.384506,0.000032,0.000255,0.000000,0.000000,0.000000,0.000000
-1.650000,-0.115800,0.000000,0.001308,-0.023884,0.000000,-0.002883,0.033692,-0.133185,0.048324,-0.185956,1.667072,0.000089,-0.000472,0.000000,0.000000,0.000000,0.000000
0.550000,3.184506,0.000000,0.001678,0.007961,0.000000,-0.002972,-0.008897,3.609535,0.048796,0.052356,-42.376148,0.000044,-0.000660,0.000000,0.000000,0.000000,0.000000
-3.660000,-4.632008,0.000000,-0.002506,-0.052979,0.000000,-0.003703,0.051802,-4.670106,0.053139,-0.092478,180.722931,0.000052,0.003173,0.000000,0.000000,0.000000,0.000000
-4.360000,-1.013252,0.000000,-0.002523,-0.063111,0.000000,-0.003755,0.062036,-1.022482,0.049966,-0.110749,39.567822,0.000148,0.000444,0.000000,0.000000,0.000000,0.000000
-0.810000,5.138634,0.000000,-0.002259,-0.011725,0.000000,-0.003903,0.009898,5.215197,0.049522,-0.024065,-148.194855,0.000125,-0.002872,0.000000,0.000000,0.000000,0.000000
-1.660000,-1.230377,0.000000,-0.001847,-0.024029,0.000000,-0.004029,0.023841,-1.262949,0.052394,-0.072634,28.639050,0.000040,0.000351,0.000000,0.000000,0.000000,0.000000
0.700000,3.416106,0.000000,-0.001487,0.010133,0.000000,-0.004069,-0.012912,3.539510,0.052043,0.046815,-67.444008,0.000032,-0.001151,0.000000,0.000000,0.000000,0.000000
1.820000,1.621203,0.000000,-0.001034,0.026345,0.000000,-0.004101,-0.031635,1.701476,0.053194,0.131735,-28.227465,-0.000053,-0.000176,0.000000,0.000000,0.000000,0.000000
-0.060000,-2.721305,0.000000,-0.000541,-0.000869,0.000000,-0.004047,0.000396,-2.910566,0.053370,-0.001846,43.150204,-0.000054,0.000812,0.000000,0.000000,0.000000,0.000000
-3.800000,-5.413660,0.000000,-0.000133,-0.055005,0.000000,-0.003994,0.069586,-5.893246,0.052557,-0.355691,79.650192,0.000077,0.000545,0.000000,0.000000,0.000000,0.000000
-0.510000,4.762283,0.000000,0.000114,-0.007382,0.000000,-0.004070,0.010026,5.282546,0.052013,-0.055334,-66.121201,0.000127,-0.001403,0.000000,0.000000,0.000000,0.000000
-1.210000,-1.013252,0.000000,0.000499,-0.017515,0.000000,-0.004197,0.025507,-1.155094,0.053416,-0.150097,13.560869,0.000047,-0.000147,0.000000,0.000000,0.000000,0.000000
-2.680000,2.793680,0.000000,-0.001996,-0.038793,0.000000,-0.003003,0.037779,2.814836,0.044576,-0.067445,-108.927971,0.000155,-0.002245,0.000000,0.000000,0.000000,0.000000
