0.475724,0.129959,-0.000000,ovf,-0.000000,ovf,0.000003,-0.000000,-0.000000,ovf,0.000000,ovf,-259390.359375,ovf,-0.000001,ovf,0.000000,-0.000000
-0.040000,0.086850,0.000000,0.000000,-0.000579,0.000000,0.000000,0.000582,0.087023,0.000000,-0.000526,-6.656569,0.000003,-0.000127,0.000000,0.000000,0.000000,0.000000
1.360000,2.026504,0.000000,-0.000002,0.019686,0.000000,-0.000003,-0.019805,2.030524,0.000127,0.017887,-155.319809,-0.000015,-0.002892,0.000000,0.000000,0.000000,0.000000
0.250000,-1.606728,0.000000,0.000082,0.003619,0.000000,0.000012,-0.003602,-1.616711,0.003020,0.005684,70.770668,-0.000040,0.001361,0.000000,0.000000,0.000000,0.000000
-0.520000,-1.114577,0.000000,0.000110,-0.007527,0.000000,0.000052,0.007928,-1.128774,0.001659,-0.017698,34.932907,0.000000,0.000611,0.000000,0.000000,0.000000,0.000000
0.070000,0.854026,0.000000,0.000102,0.001013,0.000000,0.000052,-0.000971,0.872376,0.001048,0.002774,-21.088022,0.000014,-0.000393,0.000000,0.000000,0.000000,0.000000
-0.840000,-1.317227,0.000000,0.000121,-0.012159,0.000000,0.000038,0.013497,-1.360546,0.001441,-0.046548,27.253477,0.000011,0.000391,0.000000,0.000000,0.000000,0.000000
-0.970000,-0.188175,0.000000,0.000101,-0.014041,0.000000,0.000027,0.016133,-0.197016,0.001050,-0.064539,3.402318,0.000040,-0.000111,0.000000,0.000000,0.000000,0.000000
-1.330000,-0.521101,0.000000,0.000075,-0.019252,0.000000,-0.000012,0.023008,-0.553885,0.001161,-0.103761,8.485005,0.000052,-0.000120,0.000000,0.000000,0.000000,0.000000
-1.280000,0.072375,0.000000,0.000035,-0.018528,0.000000,-0.000064,0.023173,0.078165,0.001281,-0.115288,-1.085394,0.000064,-0.000332,0.000000,0.000000,0.000000,0.000000
-0.230000,1.519878,0.000000,-0.000003,-0.003329,0.000000,-0.000128,0.004374,1.676130,0.001613,-0.023602,-21.457323,0.000043,-0.000470,0.000000,0.000000,0.000000,0.000000
0.700000,1.346177,0.000000,0.000003,0.010133,0.000000,-0.000172,-0.014083,1.517002,0.002082,0.081330,-18.147921,-0.000009,-0.000123,0.000000,0.000000,0.000000,0.000000
-0.640000,-1.939653,0.000000,0.000049,-0.009264,0.000000,-0.000162,0.013742,-2.238595,0.002205,-0.083988,25.303242,-0.000005,0.000252,0.000000,0.000000,0.000000,0.000000
0.030000,0.969827,0.000000,0.000038,0.000434,0.000000,-0.000157,-0.000622,1.147983,0.001953,0.003989,-12.371906,0.000020,-0.000224,0.000000,0.000000,0.000000,0.000000
-0.150000,-0.260550,0.000000,0.000056,-0.002171,0.000000,-0.000177,0.003735,-0.317339,0.002177,-0.024925,3.285455,0.000004,-0.000005,0.000000,0.000000,0.000000,0.000000
1.300000,2.098879,0.000000,0.000066,0.018818,0.000000,-0.000181,-0.033660,2.629860,0.002182,0.232339,-26.321146,-0.000041,0.000130,0.000000,0.000000,0.000000,0.000000
-0.770000,-0.318451,0.000000,0.001358,-0.011146,0.000000,0.001372,0.012905,-0.321104,0.002009,-0.023038,12.426023,0.000029,0.000173,0.000000,0.000000,0.000000,0.000000
-3.760000,-4.328032,0.000000,0.001423,-0.054426,0.000000,0.001343,0.057184,-4.362567,0.001837,-0.102087,168.821823,0.000072,0.002920,0.000000,0.000000,0.000000,0.000000
-8.870000,-7.396738,0.000000,0.001289,-0.128393,0.000000,0.001271,0.135613,-7.509239,-0.001084,-0.329702,213.382294,0.000225,0.003143,0.000000,0.000000,0.000000,0.000000
-1.070000,11.290520,0.000000,0.000924,-0.015488,0.000000,0.001046,0.017640,11.570713,-0.004227,-0.053741,-262.381287,0.000266,-0.005119,0.000000,0.000000,0.000000,0.000000
-8.740000,-11.102345,0.000000,0.000919,-0.126512,0.000000,0.000780,0.141613,-11.511503,0.000893,-0.513434,219.347336,0.000165,0.002774,0.000000,0.000000,0.000000,0.000000
5.220000,20.207136,0.000000,0.000580,0.075560,0.000000,0.000615,-0.086638,21.243862,-0.001881,0.360779,-352.435272,0.000168,-0.005703,0.000000,0.000000,0.000000,0.000000
-2.710000,-11.478695,0.000000,0.000852,-0.039227,0.000000,0.000448,0.048401,-12.263277,0.003821,-0.225544,181.807541,-0.000102,0.002843,0.000000,0.000000,0.000000,0.000000
2.940000,8.178390,0.000000,0.000788,0.042557,0.000000,0.000549,-0.052969,8.896670,0.000978,0.270750,-120.242973,0.000025,-0.001550,0.000000,0.000000,0.000000,0.000000
-1.530000,-6.470336,0.000000,0.000971,-0.022147,0.000000,0.000524,0.030918,-7.183708,0.002528,-0.170646,89.917900,-0.000052,0.001244,0.000000,0.000000,0.000000,0.000000
1.590000,4.516208,0.000000,0.000971,0.023015,0.000000,0.000576,-0.031214,5.125760,0.001284,0.183680,-60.176739,0.000013,-0.000645,0.000000,0.000000,0.000000,0.000000
1.430000,-0.231601,0.000000,0.001109,0.020699,0.000000,0.000564,-0.029470,-0.270462,0.001929,0.182985,3.009191,-0.000085,0.000553,0.000000,0.000000,0.000000,0.000000
-4.440000,-3.329256,0.000000,0.000475,-0.064269,0.000000,0.000204,0.066321,-3.356046,0.011191,-0.118399,129.871643,0.000116,0.002138,0.000000,0.000000,0.000000,0.000000
-8.510000,-5.891335,0.000000,0.000329,-0.123182,0.000000,0.000088,0.126463,-5.938438,0.009053,-0.225766,229.804581,0.000229,0.003737,0.000000,0.000000,0.000000,0.000000
0.240000,12.665648,0.000000,0.000047,0.003474,0.000000,-0.000142,-0.003583,12.857964,0.005317,0.008712,-365.371460,0.000233,-0.006902,0.000000,0.000000,0.000000,0.000000
0.960000,1.042202,0.000000,0.000176,0.013896,0.000000,-0.000375,-0.014747,1.067497,0.012218,0.044926,-24.206903,-0.000020,-0.000324,0.000000,0.000000,0.000000,0.000000
12.750000,17.066055,0.000000,0.000337,0.184557,0.000000,-0.000355,-0.204723,17.693895,0.012543,0.742245,-337.150452,-0.000219,-0.004376,0.000000,0.000000,0.000000,0.000000
8.820000,-5.688685,0.000000,0.001021,0.127670,0.000000,-0.000136,-0.146340,-5.981874,0.016918,0.609394,99.239182,-0.000509,0.003536,0.000000,0.000000,0.000000,0.000000
-0.050000,-12.839348,0.000000,0.001540,-0.000724,0.000000,0.000372,0.002733,-13.717770,0.013382,-0.012737,203.370926,-0.000251,0.003810,0.000000,0.000000,0.000000,0.000000
-4.130000,-5.905810,0.000000,0.001689,-0.059782,0.000000,0.000624,0.077955,-6.426342,0.009573,-0.398466,86.855240,0.000090,0.000560,0.000000,0.000000,0.000000,0.000000
-13.220000,-13.157799,0.000000,0.001677,-0.191360,0.000000,0.000534,0.258175,-14.608616,0.009013,-1.424942,182.854904,0.000422,-0.000393,0.000000,0.000000,0.000000,0.000000
-2.080000,16.125179,0.000000,0.001294,-0.030108,0.000000,0.000112,0.044464,18.302727,0.009406,-0.261647,-214.875137,0.000466,-0.004776,0.000000,0.000000,0.000000,0.000000
3.800000,8.511314,0.000000,0.001385,0.055005,0.000000,-0.000354,-0.080659,9.896471,0.014182,0.500827,-110.109177,-0.000032,-0.000721,0.000000,0.000000,0.000000,0.000000
0.500000,-4.776759,0.000000,0.001730,0.007238,0.000000,-0.000322,-0.008828,-5.706053,0.014903,0.057347,60.682949,-0.000132,0.001306,0.000000,0.000000,0.000000,0.000000
-13.990000,5.268908,0.000000,-0.000938,-0.202506,0.000000,-0.001462,0.206438,5.310256,0.023086,-0.368539,-205.495316,0.000659,-0.004890,0.000000,0.000000,0.000000,0.000000
-5.570000,12.187971,0.000000,-0.001431,-0.080626,0.000000,-0.002121,0.081087,12.284245,0.027977,-0.144759,-475.373474,0.000451,-0.009384,0.000000,0.000000,0.000000,0.000000
-1.780000,5.486035,0.000000,-0.001314,-0.025766,0.000000,-0.002571,0.025570,5.568221,0.037360,-0.062165,-158.226395,0.000174,-0.003147,0.000000,0.000000,0.000000,0.000000
8.680000,15.140877,0.000000,-0.001031,0.125643,0.000000,-0.002745,-0.136149,15.514915,0.040507,0.414786,-351.821320,-0.000075,-0.005534,0.000000,0.000000,0.000000,0.000000
8.050000,-0.911927,0.000000,-0.000282,0.116524,0.000000,-0.002670,-0.129807,-0.947871,0.046041,0.470628,18.061319,-0.000369,0.001625,0.000000,0.000000,0.000000,0.000000
2.330000,-8.279715,0.000000,0.000434,0.033727,0.000000,-0.002301,-0.038469,-8.707329,0.044416,0.160193,144.454453,-0.000268,0.003166,0.000000,0.000000,0.000000,0.000000
4.640000,3.343731,0.000000,0.000905,0.067164,0.000000,-0.002033,-0.080018,3.568984,0.041250,0.372873,-52.911484,-0.000148,0.000001,0.000000,0.000000,0.000000,0.000000
-6.350000,-15.908052,0.000000,0.001480,-0.091916,0.000000,-0.001885,0.118442,-17.309841,0.041249,-0.605414,233.951218,-0.000007,0.002792,0.000000,0.000000,0.000000,0.000000
-1.740000,6.672987,0.000000,0.001598,-0.025187,0.000000,-0.001878,0.035822,7.403889,0.038457,-0.197714,-92.673889,0.000237,-0.002295,0.000000,0.000000,0.000000,0.000000
-0.060000,2.431804,0.000000,0.001921,-0.000869,0.000000,-0.002115,0.003949,2.755621,0.040752,-0.023239,-32.351154,0.000062,-0.000671,0.000000,0.000000,0.000000,0.000000
1.010000,1.548828,0.000000,0.002325,0.014620,0.000000,-0.002177,-0.018494,1.795657,0.041423,0.114835,-19.978666,-0.000016,-0.000066,0.000000,0.000000,0.000000,0.000000
-8.360000,-5.080734,0.000000,-0.002312,-0.121011,0.000000,-0.003427,0.121650,-5.122315,0.049470,-0.217174,198.222397,0.000232,0.003166,0.000000,0.000000,0.000000,0.000000
-4.490000,5.601835,0.000000,-0.002521,-0.064993,0.000000,-0.003659,0.063964,5.645308,0.046304,-0.114191,-218.461105,0.000279,-0.004451,0.000000,0.000000,0.000000,0.000000
-3.580000,1.317227,0.000000,-0.002251,-0.051821,0.000000,-0.003939,0.051837,1.335663,0.050755,-0.126025,-37.954151,0.000165,-0.001051,0.000000,0.000000,0.000000,0.000000
1.060000,6.716412,0.000000,-0.001955,0.015344,0.000000,-0.004104,-0.018593,6.881057,0.051807,0.056643,-156.037109,0.000080,-0.002799,0.000000,0.000000,0.000000,0.000000
8.170000,10.291743,0.000000,-0.001464,0.118261,0.000000,-0.004183,-0.133050,10.668248,0.054606,0.482388,-203.279419,-0.000158,-0.002539,0.000000,0.000000,0.000000,0.000000
-2.870000,-15.980428,0.000000,-0.000671,-0.041543,0.000000,-0.004025,0.047227,-16.803595,0.057145,-0.196664,278.771362,-0.000190,0.004751,0.000000,0.000000,0.000000,0.000000
7.690000,15.285628,0.000000,-0.000364,0.111313,0.000000,-0.003835,-0.134865,16.326248,0.052394,0.628458,-242.042572,-0.000055,-0.002892,0.000000,0.000000,0.000000,0.000000
-3.470000,-16.154129,0.000000,0.000394,-0.050228,0.000000,-0.003780,0.064197,-17.578062,0.055286,-0.328144,237.576340,-0.000159,0.003616,0.000000,0.000000,0.000000,0.000000
-4.750000,-1.852803,0.000000,0.000678,-0.068756,0.000000,-0.003621,0.092865,-2.061386,0.051670,-0.512547,25.802210,0.000212,-0.000905,0.000000,0.000000,0.000000,0.000000
-5.480000,-1.056677,0.000000,0.000913,-0.079323,0.000000,-0.003833,0.113612,-1.204610,0.052574,-0.668549,14.142187,0.000284,-0.001539,0.000000,0.000000,0.000000,0.000000
-4.960000,0.752701,0.000000,0.001123,-0.071796,0.000000,-0.004117,0.109690,0.869608,0.054113,-0.681088,-9.675345,0.000313,-0.002023,0.000000,0.000000,0.000000,0.000000
-4.150000,4.096432,0.000000,-0.002042,-0.060071,0.000000,-0.003103,0.059526,4.127889,0.046959,-0.106267,-159.740295,0.000239,-0.003308,0.000000,0.000000,0.000000,0.000000
-5.920000,-2.562080,0.000000,-0.002092,-0.085692,0.000000,-0.003342,0.085598,-2.583656,0.050267,-0.152812,99.981834,0.000182,0.001486,0.000000,0.000000,0.000000,0.000000
-4.330000,2.301529,0.000000,-0.001890,-0.062677,0.000000,-0.003524,0.063567,2.334963,0.048781,-0.154543,-66.350220,0.000216,-0.001677,0.000000,0.000000,0.000000,0.000000
1.320000,8.178390,0.000000,-0.001628,0.019107,0.000000,-0.003740,-0.022286,8.379322,0.050458,0.067896,-190.012238,0.000098,-0.003411,0.000000,0.000000,0.000000,0.000000
4.360000,4.400408,0.000000,-0.001123,0.063111,0.000000,-0.003838,-0.071384,4.559892,0.053869,0.258809,-86.887016,-0.000107,-0.000939,0.000000,0.000000,0.000000,0.000000
2.240000,-3.068706,0.000000,-0.000494,0.032424,0.000000,-0.003731,-0.038036,-3.229314,0.054808,0.158390,53.574268,-0.000164,0.001445,0.000000,0.000000,0.000000,0.000000
2.490000,0.361876,0.000000,0.000039,0.036043,0.000000,-0.003567,-0.043480,0.382978,0.053363,0.202611,-5.677783,-0.000110,0.000438,0.000000,0.000000,0.000000,0.000000
-1.360000,-5.572885,0.000000,0.000582,-0.019686,0.000000,-0.003457,0.025703,-6.066834,0.052926,-0.131380,81.996315,-0.000045,0.001196,0.000000,0.000000,0.000000,0.000000
-7.280000,-8.569216,0.000000,0.000964,-0.105378,0.000000,-0.003412,0.142226,-9.517672,0.051729,-0.784986,119.131927,0.000205,0.000130,0.000000,0.000000,0.000000,0.000000
2.080000,13.548625,0.000000,0.001102,0.030108,0.000000,-0.003617,-0.041071,15.374502,0.051599,0.241682,-180.497559,0.000180,-0.002764,0.000000,0.000000,0.000000,0.000000
-0.510000,2.967380,0.000000,-0.002464,-0.007382,0.000000,-0.003636,0.005156,2.989746,0.052027,-0.009205,-115.696640,0.000070,-0.002211,0.000000,0.000000,0.000000,0.000000
-15.660000,-21.929665,0.000000,-0.002360,-0.226679,0.000000,-0.003707,0.229679,-22.105358,0.054237,-0.410030,855.429138,0.000203,0.015093,0.000000,0.000000,0.000000,0.000000
-7.550000,11.739245,0.000000,-0.002647,-0.109286,0.000000,-0.003909,0.111516,11.916532,0.039145,-0.271117,-338.619751,0.000527,-0.007173,0.000000,0.000000,0.000000,0.000000
-6.150000,2.026504,0.000000,-0.002572,-0.089021,0.000000,-0.004436,0.092916,2.075114,0.046318,-0.283072,-47.055965,0.000290,-0.001644,0.000000,0.000000,0.000000,0.000000
4.090000,14.822427,0.000000,-0.002454,0.059203,0.000000,-0.004726,-0.068520,15.366363,0.047961,0.248425,-292.800201,0.000105,-0.004869,0.000000,0.000000,0.000000,0.000000
8.240000,6.007135,0.000000,-0.001902,0.119274,0.000000,-0.004831,-0.140017,6.312714,0.052831,0.583062,-104.727821,-0.000259,-0.000397,0.000000,0.000000,0.000000,0.000000
-2.130000,-15.010602,0.000000,-0.001185,-0.030832,0.000000,-0.004571,0.035803,-16.038977,0.053227,-0.166838,237.783630,-0.000206,0.004052,0.000000,0.000000,0.000000,0.000000
4.200000,9.162691,0.000000,-0.000921,0.060795,0.000000,-0.004365,-0.078266,9.964728,0.049175,0.400057,-134.678299,-0.000023,-0.001475,0.000000,0.000000,0.000000,0.000000
-3.390000,-10.986545,0.000000,-0.000396,-0.049070,0.000000,-0.004342,0.065100,-12.200339,0.050651,-0.359303,152.710678,-0.000055,0.001922,0.000000,0.000000,0.000000,0.000000
3.560000,10.060143,0.000000,-0.000194,0.051531,0.000000,-0.004287,-0.073240,11.415726,0.048729,0.430983,-134.021317,0.000018,-0.001375,0.000000,0.000000,0.000000,0.000000
-8.570000,-17.558205,0.000000,0.000297,-0.124051,0.000000,-0.004306,0.187054,-20.425461,0.050104,-1.161460,227.255829,0.000119,0.001164,0.000000,0.000000,0.000000,0.000000
-9.590000,-7.194088,0.000000,-0.001529,-0.138815,0.000000,-0.002285,0.140644,-7.252098,0.033476,-0.251083,280.640350,0.000243,0.004633,0.000000,0.000000,0.000000,0.000000
-1.250000,12.072171,0.000000,-0.001825,-0.018094,0.000000,-0.002528,0.016658,12.167521,0.028844,-0.029738,-470.856506,0.000275,-0.009005,0.000000,0.000000,0.000000,0.000000
-3.530000,-3.300306,0.000000,-0.001538,-0.051097,0.000000,-0.002803,0.051825,-3.351662,0.037848,-0.125997,95.240723,0.000076,0.001479,0.000000,0.000000,0.000000,0.000000
-2.620000,1.317227,0.000000,-0.001370,-0.037925,0.000000,-0.002879,0.039289,1.348505,0.036369,-0.119694,-30.579128,0.000132,-0.000905,0.000000,0.000000,0.000000,0.000000
5.390000,11.594496,0.000000,-0.001172,0.078020,0.000000,-0.003010,-0.088006,12.019831,0.037275,0.319075,-229.033295,-0.000011,-0.003472,0.000000,0.000000,0.000000,0.000000
4.170000,-1.765953,0.000000,-0.000628,0.060361,0.000000,-0.003000,-0.070472,-1.858833,0.040747,0.293460,30.838017,-0.000226,0.001384,0.000000,0.000000,0.000000,0.000000
2.200000,-2.851580,0.000000,-0.000144,0.031845,0.000000,-0.002774,-0.038631,-3.048945,0.039363,0.180015,45.201725,-0.000162,0.001340,0.000000,0.000000,0.000000,0.000000
-2.330000,-6.557187,0.000000,0.000255,-0.033727,0.000000,-0.002612,0.043094,-7.136379,0.038022,-0.220276,96.451752,-0.000018,0.001228,0.000000,0.000000,0.000000,0.000000
0.120000,3.546381,0.000000,0.000462,0.001737,0.000000,-0.002594,-0.001705,3.933743,0.036794,0.009410,-49.238346,0.000070,-0.000909,0.000000,0.000000,0.000000,0.000000
3.780000,5.297860,0.000000,0.000776,0.054716,0.000000,-0.002664,-0.076377,6.010087,0.037703,0.449442,-70.558777,-0.000093,-0.000119,0.000000,0.000000,0.000000,0.000000
-2.370000,-8.902141,0.000000,0.001246,-0.034306,0.000000,-0.002571,0.053480,-10.357897,0.037822,-0.332070,115.243042,-0.000051,0.001284,0.000000,0.000000,0.000000,0.000000
-2.000000,0.535576,0.000000,0.001468,-0.028950,0.000000,-0.002520,0.048760,0.634549,0.036538,-0.316750,-6.748323,0.000144,-0.000987,0.000000,0.000000,0.000000,0.000000
-7.150000,-6.224261,0.000000,-0.001296,-0.103496,0.000000,-0.002100,0.104725,-6.274618,0.035339,-0.186959,242.814011,0.000164,0.004094,0.000000,0.000000,0.000000,0.000000
0.820000,11.536595,0.000000,-0.001492,0.011870,0.000000,-0.002264,-0.013681,11.627608,0.031245,0.024423,-449.963013,0.000183,-0.008462,0.000000,0.000000,0.000000,0.000000
6.040000,7.555963,0.000000,-0.001098,0.087429,0.000000,-0.002447,-0.092576,7.669508,0.039706,0.225069,-217.936493,-0.000106,-0.003502,0.000000,0.000000,0.000000,0.000000
1.920000,-5.963710,0.000000,-0.000469,0.027792,0.000000,-0.002342,-0.030375,-6.113520,0.043209,0.092539,138.632172,-0.000198,0.002882,0.000000,0.000000,0.000000,0.000000
1.900000,-0.028950,0.000000,-0.000031,0.027503,0.000000,-0.002144,-0.030598,-0.032126,0.040327,0.110935,0.612152,-0.000083,0.000306,0.000000,0.000000,0.000000,0.000000
4.880000,4.313558,0.000000,0.000406,0.070638,0.000000,-0.002061,-0.081152,4.532346,0.040020,0.337934,-75.191544,-0.000134,-0.000510,0.000000,0.000000,0.000000,0.000000
-3.980000,-12.824872,0.000000,0.000974,-0.057611,0.000000,-0.001927,0.070749,-13.703922,0.040531,-0.329683,203.165619,-0.000068,0.002956,0.000000,0.000000,0.000000,0.000000
2.660000,9.611417,0.000000,0.001167,0.038504,0.000000,-0.001860,-0.047348,10.452744,0.037574,0.242020,-141.274109,0.000070,-0.002026,0.000000,0.000000,0.000000,0.000000
-6.040000,-12.593272,0.000000,0.001651,-0.087429,0.000000,-0.001929,0.119139,-13.984344,0.039600,-0.657561,175.040939,0.000057,0.001539,0.000000,0.000000,0.000000,0.000000
-2.380000,5.297859,0.000000,0.001777,-0.034451,0.000000,-0.001987,0.051297,6.009345,0.038061,-0.301858,-70.550064,0.000252,-0.002155,0.000000,0.000000,0.000000,0.000000
-1.010000,1.983079,0.000000,0.002069,-0.014620,0.000000,-0.002239,0.025104,2.301028,0.040216,-0.155878,-25.601471,0.000111,-0.000902,0.000000,0.000000,0.000000,0.000000
-10.950000,-8.004688,0.000000,-0.002395,-0.158502,0.000000,-0.003434,0.159942,-8.069436,0.046262,-0.285534,312.269531,0.000280,0.005142,0.000000,0.000000,0.000000,0.000000
-1.500000,13.678898,0.000000,-0.002714,-0.021713,0.000000,-0.003714,0.019452,13.786750,0.041120,-0.034727,-533.517151,0.000313,-0.010206,0.000000,0.000000,0.000000,0.000000
-3.200000,-2.460754,0.000000,-0.002322,-0.046320,0.000000,-0.004027,0.046010,-2.499754,0.051326,-0.111859,71.032928,0.000077,0.001061,0.000000,0.000000,0.000000,0.000000
-9.430000,-9.017941,0.000000,-0.002028,-0.136499,0.000000,-0.004103,0.144530,-9.243619,0.050264,-0.440319,209.611313,0.000216,0.002776,0.000000,0.000000,0.000000,0.000000
5.390000,21.451988,0.000000,-0.002030,0.078020,0.000000,-0.004319,-0.088960,22.240036,0.047488,0.322535,-423.775421,0.000180,-0.007157,0.000000,0.000000,0.000000,0.000000
2.230000,-4.574108,0.000000,-0.001393,0.032279,0.000000,-0.004499,-0.038907,-4.811684,0.054645,0.162019,79.825752,-0.000197,0.001963,0.000000,0.000000,0.000000,0.000000
-3.730000,-8.627115,0.000000,-0.000905,-0.053992,0.000000,-0.004303,0.064111,-9.219563,0.052682,-0.298748,136.683365,-0.000001,0.001776,0.000000,0.000000,0.000000,0.000000
-1.740000,2.880530,0.000000,-0.000679,-0.025187,0.000000,-0.004302,0.031080,3.130235,0.050906,-0.158864,-42.306702,0.000143,-0.001234,0.000000,0.000000,0.000000,0.000000
-1.840000,-0.144750,0.000000,-0.000374,-0.026634,0.000000,-0.004445,0.035121,-0.164637,0.052140,-0.193845,2.060750,0.000092,-0.000483,0.000000,0.000000,0.000000,0.000000
-1.850000,-0.014475,0.000000,-0.000077,-0.026779,0.000000,-0.004537,0.037809,-0.020859,0.052623,-0.222486,0.244885,0.000102,-0.000596,0.000000,0.000000,0.000000,0.000000
-13.130000,-19.859735,0.000000,-0.001664,-0.190057,0.000000,-0.002539,0.192985,-20.018602,0.038701,-0.344523,774.676208,0.000143,0.013738,0.000000,0.000000,0.000000,0.000000
-0.710000,17.977982,0.000000,-0.002086,-0.010277,0.000000,-0.002682,0.008387,18.120413,0.024964,-0.014974,-701.220337,0.000366,-0.013344,0.000000,0.000000,0.000000,0.000000
-5.000000,-6.209786,0.000000,-0.001777,-0.072375,0.000000,-0.003047,0.073827,-6.305359,0.038307,-0.179487,179.172852,0.000080,0.002932,0.000000,0.000000,0.000000,0.000000
-3.440000,2.258104,0.000000,-0.001684,-0.049794,0.000000,-0.003127,0.051708,2.312815,0.035375,-0.157532,-52.446156,0.000184,-0.001425,0.000000,0.000000,0.000000,0.000000
0.740000,6.050561,0.000000,-0.001533,0.010712,0.000000,-0.003311,-0.013607,6.271806,0.036800,0.049334,-119.506882,0.000082,-0.002127,0.000000,0.000000,0.000000,0.000000
6.970000,9.017941,0.000000,-0.001208,0.100891,0.000000,-0.003392,-0.117974,9.478633,0.038927,0.491269,-157.250366,-0.000140,-0.001645,0.000000,0.000000,0.000000,0.000000
4.440000,-3.662181,0.000000,-0.000623,0.064269,0.000000,-0.003252,-0.078366,-3.914811,0.040571,0.365179,58.038486,-0.000286,0.002090,0.000000,0.000000,0.000000,0.000000
0.130000,-6.238736,0.000000,-0.000151,0.001882,0.000000,-0.002967,-0.002578,-6.789782,0.038482,0.013179,91.767311,-0.000135,0.001769,0.000000,0.000000,0.000000,0.000000
-2.850000,-4.313557,0.000000,0.000136,-0.041254,0.000000,-0.002832,0.055356,-4.791636,0.036712,-0.305525,59.976521,0.000059,0.000306,0.000000,0.000000,0.000000,0.000000
1.910000,6.890112,0.000000,0.000298,0.027647,0.000000,-0.002891,-0.038726,7.817977,0.036406,0.227884,-91.783524,0.000043,-0.001122,0.000000,0.000000,0.000000,0.000000
-3.170000,-29.847504,0.000000,-0.000965,-0.045886,0.000000,-0.001691,0.046070,-30.085657,0.031758,-0.082245,1164.249146,-0.000445,0.021825,0.000000,0.000000,0.000000,0.000000
1.240000,6.383486,0.000000,-0.001013,0.017949,0.000000,-0.001246,-0.019415,6.434045,0.009934,0.034661,-248.983490,0.000070,-0.004661,0.000000,0.000000,0.000000,0.000000
-7.950000,-13.302548,0.000000,-0.000839,-0.115076,0.000000,-0.001316,0.119462,-13.505175,0.014595,-0.290434,383.762604,0.000067,0.006489,0.000000,0.000000,0.000000,0.000000
-6.660000,1.867278,0.000000,-0.001103,-0.096404,0.000000,-0.001384,0.102430,1.913411,0.008105,-0.312057,-43.389133,0.000313,-0.001678,0.000000,0.000000,0.000000,0.000000
1.980000,12.506423,0.000000,-0.001315,0.028661,0.000000,-0.001697,-0.033312,12.966819,0.009783,0.120775,-247.077805,0.000155,-0.004349,0.000000,0.000000,0.000000,0.000000
3.740000,2.547604,0.000000,-0.001155,0.054137,0.000000,-0.001852,-0.063888,2.677799,0.014132,0.266046,-44.424637,-0.000122,-0.000113,0.000000,0.000000,0.000000,0.000000
1.610000,-3.083180,0.000000,-0.000928,0.023305,0.000000,-0.001729,-0.029264,-3.294372,0.014245,0.136368,48.840263,-0.000141,0.001294,0.000000,0.000000,0.000000,0.000000
1.190000,-0.607951,0.000000,-0.000798,0.017225,0.000000,-0.001588,-0.022857,-0.661954,0.012951,0.116833,8.946643,-0.000074,0.000483,0.000000,0.000000,0.000000,0.000000
4.140000,4.270133,0.000000,-0.000692,0.059927,0.000000,-0.001514,-0.081074,4.739828,0.012468,0.447470,-59.328045,-0.000129,0.000086,0.000000,0.000000,0.000000,0.000000
4.130000,7.179613,0.000000,0.001296,0.059782,0.000000,0.001155,-0.059865,7.236521,0.004958,0.106873,-280.037598,-0.000025,-0.005014,0.000000,0.000000,0.000000,0.000000
-5.430000,-13.838124,0.000000,0.001472,-0.078599,0.000000,0.001180,0.081985,-13.948504,0.009971,-0.146361,539.776672,-0.000042,0.009834,0.000000,0.000000,0.000000,0.000000
-3.050000,3.445056,0.000000,0.001283,-0.044149,0.000000,0.001222,0.047510,3.497298,0.000137,-0.115505,-99.379120,0.000195,-0.002212,0.000000,0.000000,0.000000,0.000000
0.620000,5.312335,0.000000,0.001215,0.008975,0.000000,0.001027,-0.008339,5.443865,0.002349,0.025407,-123.446869,0.000080,-0.002265,0.000000,0.000000,0.000000,0.000000
-2.420000,-4.400408,0.000000,0.001322,-0.035030,0.000000,0.000947,0.040397,-4.563004,0.004614,-0.146464,86.946297,0.000023,0.001254,0.000000,0.000000,0.000000,0.000000
2.550000,7.194088,0.000000,0.001302,0.036911,0.000000,0.000924,-0.041146,7.562620,0.003360,0.171340,-125.463730,0.000032,-0.001914,0.000000,0.000000,0.000000,0.000000
-2.760000,-7.686239,0.000000,0.001507,-0.039951,0.000000,0.000893,0.050067,-8.212141,0.005274,-0.233307,121.747971,-0.000020,0.001678,0.000000,0.000000,0.000000,0.000000
-0.330000,3.517431,0.000000,0.001495,-0.004777,0.000000,0.000913,0.007953,3.825566,0.003597,-0.040654,-51.704445,0.000094,-0.001092,0.000000,0.000000,0.000000,0.000000
1.240000,2.272579,0.000000,0.001596,0.017949,0.000000,0.000819,-0.021871,2.521549,0.004689,0.120714,-31.562037,-0.000012,-0.000269,0.000000,0.000000,0.000000,0.000000
2.190000,1.375127,0.000000,0.001774,0.031700,0.000000,0.000830,-0.042375,1.559291,0.004958,0.249357,-18.306166,-0.000085,0.000328,0.000000,0.000000,0.000000,0.000000
1.010000,5.080734,0.000000,0.000151,0.014620,0.000000,-0.000341,-0.014762,5.120592,0.020859,0.026353,-198.155716,0.000057,-0.003681,0.000000,0.000000,0.000000,0.000000
-8.660000,-13.997351,0.000000,0.000242,-0.125354,0.000000,-0.000398,0.128597,-14.109316,0.024540,-0.229574,545.999695,0.000081,0.009724,0.000000,0.000000,0.000000,0.000000
-3.120000,8.019164,0.000000,0.000044,-0.045162,0.000000,-0.000479,0.047274,8.140524,0.014816,-0.114932,-231.320847,0.000282,-0.004709,0.000000,0.000000,0.000000,0.000000
-0.220000,4.197757,0.000000,0.000108,-0.003185,0.000000,-0.000761,0.003539,4.301036,0.019525,-0.010780,-97.531693,0.000090,-0.001867,0.000000,0.000000,0.000000,0.000000
-2.410000,-3.170031,0.000000,0.000302,-0.034885,0.000000,-0.000851,0.039103,-3.287974,0.021392,-0.141771,62.651104,0.000043,0.000806,0.000000,0.000000,0.000000,0.000000
0.280000,3.893782,0.000000,0.000400,0.004053,0.000000,-0.000895,-0.004221,4.092206,0.020586,0.017577,-67.889626,0.000066,-0.001239,0.000000,0.000000,0.000000,0.000000
0.890000,0.882977,0.000000,0.000618,0.012883,0.000000,-0.000961,-0.014812,0.941578,0.021825,0.069021,-13.959231,-0.000022,-0.000075,0.000000,0.000000,0.000000,0.000000
-3.840000,-6.846687,0.000000,0.000865,-0.055584,0.000000,-0.000938,0.071586,-7.450421,0.021900,-0.365914,100.696182,0.000053,0.000917,0.000000,0.000000,0.000000,0.000000
0.080000,5.674210,0.000000,0.000917,0.001158,0.000000,-0.000991,-0.000322,6.296911,0.020983,0.001779,-78.817940,0.000118,-0.001489,0.000000,0.000000,0.000000,0.000000
2.460000,3.445056,0.000000,0.001140,0.035609,0.000000,-0.001109,-0.048806,3.907921,0.022473,0.287200,-45.879230,-0.000058,-0.000089,0.000000,0.000000,0.000000,0.000000
1.480000,-1.418553,0.000000,0.001470,0.021423,0.000000,-0.001051,-0.030015,-1.653080,0.022562,0.186372,18.392342,-0.000112,0.000853,0.000000,0.000000,0.000000,0.000000
-0.590000,2.417329,0.000000,-0.000604,-0.008540,0.000000,-0.001259,0.008195,2.435845,0.028436,-0.014630,-94.261864,0.000068,-0.001826,0.000000,0.000000,0.000000,0.000000
-1.220000,-0.911927,0.000000,-0.000559,-0.017660,0.000000,-0.001328,0.017510,-0.919935,0.030262,-0.031259,35.599468,0.000030,0.000593,0.000000,0.000000,0.000000,0.000000
-2.350000,-1.635678,0.000000,-0.000328,-0.034016,0.000000,-0.001357,0.035230,-1.661553,0.029669,-0.085650,47.214645,0.000064,0.000661,0.000000,0.000000,0.000000,0.000000
-3.670000,-1.910704,0.000000,-0.000152,-0.053123,0.000000,-0.001421,0.056933,-1.959369,0.029008,-0.173450,44.431297,0.000117,0.000371,0.000000,0.000000,0.000000,0.000000
-0.320000,4.849134,0.000000,-0.000039,-0.004632,0.000000,-0.001538,0.005104,5.026241,0.028637,-0.018506,-95.773102,0.000109,-0.001864,0.000000,0.000000,0.000000,0.000000
7.820000,11.782671,0.000000,0.000222,0.113195,0.000000,-0.001647,-0.130538,12.385307,0.030502,0.543589,-205.472046,-0.000119,-0.002417,0.000000,0.000000,0.000000,0.000000
-3.770000,-16.776554,0.000000,0.000836,-0.054571,0.000000,-0.001528,0.066912,-17.924940,0.032918,-0.311803,265.743774,-0.000158,0.004193,0.000000,0.000000,0.000000,0.000000
0.920000,6.788787,0.000000,0.000958,0.013317,0.000000,-0.001370,-0.015673,7.382813,0.028725,0.080111,-99.782417,0.000098,-0.001680,0.000000,0.000000,0.000000,0.000000
-3.260000,-6.050561,0.000000,0.001286,-0.047189,0.000000,-0.001467,0.064832,-6.720115,0.030406,-0.357827,84.115150,0.000048,0.000628,0.000000,0.000000,0.000000,0.000000
1.300000,6.600612,0.000000,0.001446,0.018818,0.000000,-0.001515,-0.024598,7.489101,0.029778,0.144745,-87.922493,0.000075,-0.001274,0.000000,0.000000,0.000000,0.000000
0.320000,-5.283384,0.000000,-0.001713,0.004632,0.000000,-0.002557,-0.006411,-5.326292,0.037383,0.011444,206.115860,-0.000118,0.003936,0.000000,0.000000,0.000000,0.000000
-2.560000,-4.168807,0.000000,-0.001612,-0.037056,0.000000,-0.002439,0.036291,-4.202749,0.033447,-0.064788,162.637238,0.000019,0.002897,0.000000,0.000000,0.000000,0.000000
-3.110000,-0.796126,0.000000,-0.001445,-0.045017,0.000000,-0.002457,0.045565,-0.809173,0.030550,-0.110776,22.993423,0.000108,0.000130,0.000000,0.000000,0.000000,0.000000
3.820000,10.031192,0.000000,-0.001315,0.055295,0.000000,-0.002565,-0.060845,10.278934,0.030419,0.185366,-233.088486,0.000030,-0.003912,0.000000,0.000000,0.000000,0.000000
5.060000,1.794903,0.000000,-0.000882,0.073244,0.000000,-0.002595,-0.082375,1.859397,0.034332,0.298660,-35.430099,-0.000188,0.000144,0.000000,0.000000,0.000000,0.000000
-1.430000,-9.394291,0.000000,-0.000401,-0.020699,0.000000,-0.002407,0.023455,-9.878233,0.034188,-0.097671,163.879730,-0.000123,0.002839,0.000000,0.000000,0.000000,0.000000
-1.310000,0.173700,0.000000,-0.000205,-0.018962,0.000000,-0.002284,0.022652,0.183527,0.031349,-0.105557,-2.720859,0.000065,-0.000342,0.000000,0.000000,0.000000,0.000000
-3.740000,-3.517431,0.000000,-0.000006,-0.054137,0.000000,-0.002349,0.068647,-3.828891,0.031691,-0.350888,51.749393,0.000113,0.000031,0.000000,0.000000,0.000000,0.000000
-2.740000,1.447503,0.000000,0.000090,-0.039662,0.000000,-0.002462,0.053165,1.604338,0.031660,-0.293433,-20.081375,0.000174,-0.001174,0.000000,0.000000,0.000000,0.000000
11.560000,20.699287,0.000000,0.000227,0.167331,0.000000,-0.002636,-0.236613,23.493773,0.032834,1.392350,-275.818298,-0.000196,-0.001454,0.000000,0.000000,0.000000,0.000000
-1.530000,-11.044444,0.000000,-0.000891,-0.022147,0.000000,-0.001629,0.021840,-11.133073,0.032199,-0.038990,430.825623,-0.000151,0.008055,0.000000,0.000000,0.000000,0.000000
-5.040000,-5.080734,0.000000,-0.000874,-0.072954,0.000000,-0.001478,0.073802,-5.121723,0.024145,-0.131754,198.199478,0.000103,0.003382,0.000000,0.000000,0.000000,0.000000
-0.490000,6.586137,0.000000,-0.000889,-0.007093,0.000000,-0.001581,0.006487,6.685589,0.020763,-0.015772,-189.977478,0.000144,-0.003646,0.000000,0.000000,0.000000,0.000000
3.420000,5.659735,0.000000,-0.000697,0.049505,0.000000,-0.001725,-0.053957,5.799189,0.024409,0.164382,-131.504288,-0.000036,-0.002039,0.000000,0.000000,0.000000,0.000000
0.340000,-4.458308,0.000000,-0.000334,0.004922,0.000000,-0.001688,-0.005840,-4.623832,0.026448,0.021174,88.105354,-0.000103,0.001729,0.000000,0.000000,0.000000,0.000000
0.560000,0.318451,0.000000,-0.000110,0.008106,0.000000,-0.001585,-0.009493,0.333331,0.024718,0.039532,-5.529962,-0.000019,-0.000001,0.000000,0.000000,0.000000,0.000000
0.510000,-0.072375,0.000000,0.000123,0.007382,0.000000,-0.001566,-0.008767,-0.079032,0.024719,0.040854,1.171682,-0.000025,0.000133,0.000000,0.000000,0.000000,0.000000
0.980000,0.680326,0.000000,0.000353,0.014186,0.000000,-0.001541,-0.017542,0.738126,0.024587,0.089665,-9.976143,-0.000033,0.000053,0.000000,0.000000,0.000000,0.000000
-4.460000,-7.874414,0.000000,0.000605,-0.064559,0.000000,-0.001507,0.087153,-8.743965,0.024533,-0.481022,109.447510,0.000070,0.000771,0.000000,0.000000,0.000000,0.000000
1.980000,9.321917,0.000000,0.000632,0.028661,0.000000,-0.001578,-0.039687,10.579271,0.023762,0.233539,-124.201271,0.000093,-0.001721,0.000000,0.000000,0.000000,0.000000
0.730000,-1.809378,0.000000,0.000933,0.010567,0.000000,-0.001670,-0.014492,-2.107433,0.025484,0.089986,23.447527,-0.000079,0.000691,0.000000,0.000000,0.000000,0.000000
1.050000,8.670541,0.000000,-0.000401,0.015199,0.000000,-0.000993,-0.015910,8.738852,0.025587,0.028404,-338.174500,0.000123,-0.006328,0.000000,0.000000,0.000000,0.000000
-5.250000,-9.119266,0.000000,-0.000298,-0.075994,0.000000,-0.001116,0.077504,-9.192600,0.031915,-0.138363,355.733612,0.000035,0.006373,0.000000,0.000000,0.000000,0.000000
-2.950000,3.329256,0.000000,-0.000264,-0.042701,0.000000,-0.001151,0.044378,3.378983,0.025541,-0.107891,-96.017044,0.000184,-0.002122,0.000000,0.000000,0.000000,0.000000
2.900000,8.467890,0.000000,-0.000124,0.041978,0.000000,-0.001335,-0.045251,8.676794,0.027663,0.137859,-196.757797,0.000042,-0.003349,0.000000,0.000000,0.000000,0.000000
2.240000,-0.955352,0.000000,0.000278,0.032424,0.000000,-0.001377,-0.035723,-0.992225,0.031012,0.129519,18.906479,-0.000115,0.000715,0.000000,0.000000,0.000000,0.000000
1.180000,-1.534353,0.000000,0.000653,0.017081,0.000000,-0.001261,-0.018982,-1.615092,0.030297,0.079046,26.794355,-0.000082,0.000720,0.000000,0.000000,0.000000,0.000000
-0.320000,-2.171254,0.000000,0.000985,-0.004632,0.000000,-0.001180,0.006783,-2.321920,0.029577,-0.031607,34.423313,-0.000025,0.000565,0.000000,0.000000,0.000000,0.000000
-4.110000,-5.486035,0.000000,0.001258,-0.059492,0.000000,-0.001154,0.077042,-5.970907,0.029012,-0.393798,80.699821,0.000095,0.000462,0.000000,0.000000,0.000000,0.000000
-5.200000,-1.577778,0.000000,0.001379,-0.075270,0.000000,-0.001250,0.102514,-1.754637,0.028551,-0.565803,21.962658,0.000244,-0.001115,0.000000,0.000000,0.000000,0.000000
1.370000,9.510091,0.000000,0.001463,0.019831,0.000000,-0.001494,-0.026008,10.791784,0.029666,0.153043,-126.696198,0.000134,-0.001983,0.000000,0.000000,0.000000,0.000000
2.680000,1.896229,0.000000,0.001831,0.038793,0.000000,-0.001627,-0.055600,2.200987,0.031649,0.345236,-24.488417,-0.000109,0.000474,0.000000,0.000000,0.000000,0.000000
-0.950000,-0.072375,0.000000,-0.001525,-0.013751,0.000000,-0.002400,0.012609,-0.073880,0.038574,-0.022509,2.858983,0.000033,-0.000008,0.000000,0.000000,0.000000,0.000000
-2.060000,-1.606728,0.000000,-0.001470,-0.029819,0.000000,-0.002433,0.029026,-1.620434,0.038582,-0.051817,62.707237,0.000048,0.001047,0.000000,0.000000,0.000000,0.000000
-4.130000,-2.996330,0.000000,-0.001213,-0.059782,0.000000,-0.002481,0.061247,-3.043085,0.037535,-0.148904,86.472191,0.000108,0.001233,0.000000,0.000000,0.000000,0.000000
-1.940000,3.170031,0.000000,-0.001062,-0.028082,0.000000,-0.002589,0.029041,3.247238,0.036302,-0.088474,-73.635429,0.000140,-0.001636,0.000000,0.000000,0.000000,0.000000
1.560000,5.066259,0.000000,-0.000820,0.022581,0.000000,-0.002729,-0.026005,5.251040,0.037938,0.094285,-100.056564,0.000029,-0.001637,0.000000,0.000000,0.000000,0.000000
3.530000,2.851580,0.000000,-0.000430,0.051097,0.000000,-0.002758,-0.059538,2.995627,0.039574,0.247930,-49.697399,-0.000104,-0.000267,0.000000,0.000000,0.000000,0.000000
-4.500000,-11.623446,0.000000,0.000041,-0.065138,0.000000,-0.002653,0.078713,-12.420036,0.039842,-0.366794,184.131561,-0.000022,0.002495,0.000000,0.000000,0.000000,0.000000
-0.640000,5.587360,0.000000,0.000168,-0.009264,0.000000,-0.002631,0.011961,6.075543,0.037347,-0.061138,-82.114021,0.000147,-0.001725,0.000000,0.000000,0.000000,0.000000
-2.950000,-3.343731,0.000000,0.000459,-0.042701,0.000000,-0.002778,0.057724,-3.715379,0.039072,-0.318595,46.505100,0.000086,0.000022,0.000000,0.000000,0.000000,0.000000
1.700000,6.730887,0.000000,0.000654,0.024608,0.000000,-0.002864,-0.033917,7.636755,0.039050,0.199583,-89.655952,0.000053,-0.001158,0.000000,0.000000,0.000000,0.000000
-1.080000,-4.024057,0.000000,0.001049,-0.015633,0.000000,-0.002917,0.025094,-4.684591,0.040208,-0.155813,52.121254,-0.000021,0.000568,0.000000,0.000000,0.000000,0.000000
-2.880000,-1.259327,0.000000,-0.001528,-0.041688,0.000000,-0.002348,0.041204,-1.270211,0.036242,-0.073559,49.154388,0.000087,0.000731,0.000000,0.000000,0.000000,0.000000
-3.700000,-1.186952,0.000000,-0.001554,-0.053558,0.000000,-0.002436,0.053246,-1.197236,0.035512,-0.095056,46.330410,0.000121,0.000619,0.000000,0.000000,0.000000,0.000000
-2.620000,1.563303,0.000000,-0.001390,-0.037925,0.000000,-0.002557,0.038206,1.585960,0.034893,-0.092885,-45.066589,0.000133,-0.001106,0.000000,0.000000,0.000000,0.000000
6.980000,13.896025,0.000000,-0.001185,0.101036,0.000000,-0.002690,-0.109867,14.239396,0.035999,0.334715,-322.897217,-0.000028,-0.005207,0.000000,0.000000,0.000000,0.000000
4.050000,-4.241182,0.000000,-0.000555,0.058624,0.000000,-0.002662,-0.065766,-4.399437,0.041205,0.238441,83.829605,-0.000261,0.002242,0.000000,0.000000,0.000000,0.000000
0.820000,-4.675434,0.000000,-0.000061,0.011870,0.000000,-0.002401,-0.013785,-4.917650,0.038963,0.057404,81.583717,-0.000130,0.001696,0.000000,0.000000,0.000000,0.000000
1.810000,1.433028,0.000000,0.000293,0.026200,0.000000,-0.002271,-0.031286,1.528279,0.037267,0.145790,-22.657291,-0.000055,-0.000038,0.000000,0.000000,0.000000,0.000000
-2.660000,-6.470336,0.000000,0.000690,-0.038504,0.000000,-0.002216,0.049704,-7.042052,0.037305,-0.254063,95.176872,0.000001,0.001115,0.000000,0.000000,0.000000,0.000000
0.570000,4.675434,0.000000,0.000902,0.008251,0.000000,-0.002217,-0.009829,5.186930,0.036190,0.054247,-64.924393,0.000072,-0.001085,0.000000,0.000000,0.000000,0.000000
2.790000,3.213456,0.000000,0.001255,0.040385,0.000000,-0.002289,-0.055407,3.643678,0.037275,0.326041,-42.777004,-0.000081,0.000074,0.000000,0.000000,0.000000,0.000000
-2.190000,-7.208563,0.000000,0.001709,-0.031700,0.000000,-0.002208,0.050257,-8.388549,0.037201,-0.312055,93.331871,-0.000023,0.000923,0.000000,0.000000,0.000000,0.000000
-1.140000,-5.355760,0.000000,-0.001484,-0.016502,0.000000,-0.002378,0.015469,-5.399304,0.039341,-0.027616,208.941284,-0.000060,0.003880,0.000000,0.000000,0.000000,0.000000
-6.020000,-7.063812,0.000000,-0.001434,-0.087140,0.000000,-0.002317,0.087753,-7.120839,0.035461,-0.156660,275.560913,0.000103,0.004787,0.000000,0.000000,0.000000,0.000000
-5.260000,1.100101,0.000000,-0.001402,-0.076139,0.000000,-0.002420,0.078155,1.115868,0.030674,-0.190009,-31.708469,0.000232,-0.001123,0.000000,0.000000,0.000000,0.000000
-0.900000,6.311111,0.000000,-0.001344,-0.013028,0.000000,-0.002652,0.012558,6.466495,0.031798,-0.038258,-146.636353,0.000156,-0.002878,0.000000,0.000000,0.000000,0.000000
-0.860000,0.057900,0.000000,-0.001099,-0.012449,0.000000,-0.002808,0.012613,0.058445,0.034676,-0.045731,-1.113648,0.000035,-0.000139,0.000000,0.000000,0.000000,0.000000
0.860000,2.489705,0.000000,-0.000860,0.012449,0.000000,-0.002843,-0.015378,2.615596,0.034815,0.064038,-43.392696,0.000008,-0.000648,0.000000,0.000000,0.000000,0.000000
-2.280000,-4.545158,0.000000,-0.000554,-0.033003,0.000000,-0.002851,0.039186,-4.857777,0.035463,-0.182604,72.018303,0.000014,0.000871,0.000000,0.000000,0.000000,0.000000
2.520000,6.948012,0.000000,-0.000388,0.036477,0.000000,-0.002865,-0.046750,7.556242,0.034592,0.238964,-102.126411,0.000017,-0.001289,0.000000,0.000000,0.000000,0.000000
-2.650000,-7.483588,0.000000,-0.000020,-0.038359,0.000000,-0.002882,0.051276,-8.310634,0.035881,-0.283005,104.023537,-0.000019,0.001207,0.000000,0.000000,0.000000,0.000000
-0.030000,3.792457,0.000000,0.000128,-0.000434,0.000000,-0.002863,0.000796,4.301951,0.034675,-0.004687,-50.505161,0.000084,-0.000971,0.000000,0.000000,0.000000,0.000000
-4.860000,-22.740267,0.000000,-0.000633,-0.070349,0.000000,-0.001279,0.071449,-22.921814,0.028046,-0.127553,887.024292,-0.000241,0.016453,0.000000,0.000000,0.000000,0.000000
-1.140000,5.384710,0.000000,-0.000756,-0.016502,0.000000,-0.001038,0.016122,5.427270,0.011593,-0.028781,-210.023499,0.000147,-0.004085,0.000000,0.000000,0.000000,0.000000
6.360000,10.856270,0.000000,-0.000662,0.092061,0.000000,-0.001185,-0.096964,11.020783,0.015679,0.235737,-313.166199,-0.000054,-0.005285,0.000000,0.000000,0.000000,0.000000
-0.210000,-9.510092,0.000000,-0.000222,-0.003040,0.000000,-0.001131,0.003029,-9.746949,0.020963,-0.009228,221.025009,-0.000176,0.004170,0.000000,0.000000,0.000000,0.000000
-0.100000,0.159225,0.000000,-0.000081,-0.001448,0.000000,-0.000954,0.001518,0.164226,0.016793,-0.005505,-3.129257,0.000008,-0.000082,0.000000,0.000000,0.000000,0.000000
0.610000,1.027727,0.000000,0.000064,0.008830,0.000000,-0.000962,-0.010129,1.079421,0.016875,0.042179,-17.907583,-0.000007,-0.000225,0.000000,0.000000,0.000000,0.000000
0.040000,-0.825076,0.000000,0.000240,0.000579,0.000000,-0.000955,-0.000410,-0.882674,0.017100,0.001910,13.085964,-0.000018,0.000253,0.000000,0.000000,0.000000,0.000000
-3.830000,-5.601835,0.000000,0.000392,-0.055439,0.000000,-0.000937,0.070803,-6.095568,0.016847,-0.361911,82.384666,0.000076,0.000581,0.000000,0.000000,0.000000,0.000000
-1.460000,3.430581,0.000000,0.000383,-0.021134,0.000000,-0.001013,0.028777,3.806876,0.016266,-0.158827,-47.650368,0.000150,-0.001333,0.000000,0.000000,0.000000,0.000000
-5.320000,-23.406116,0.000000,0.000021,-0.077007,0.000000,-0.000394,0.078914,-23.592724,0.017716,-0.140879,912.986877,-0.000234,0.016909,0.000000,0.000000,0.000000,0.000000
-2.380000,4.255658,0.000000,-0.000143,-0.034451,0.000000,-0.000161,0.035127,4.289488,0.000807,-0.062710,-165.993820,0.000177,-0.003344,0.000000,0.000000,0.000000,0.000000
1.430000,5.514985,0.000000,-0.000200,0.020699,0.000000,-0.000337,-0.021855,5.598680,0.004151,0.053134,-159.091888,0.000047,-0.002863,0.000000,0.000000,0.000000,0.000000
-4.530000,-8.627115,0.000000,-0.000080,-0.065572,0.000000,-0.000384,0.070390,-8.841470,0.007014,-0.214448,200.492035,0.000023,0.003222,0.000000,0.000000,0.000000,0.000000
1.670000,8.974516,0.000000,-0.000231,0.024173,0.000000,-0.000407,-0.027121,9.304912,0.003792,0.098328,-177.301559,0.000103,-0.003097,0.000000,0.000000,0.000000,0.000000
3.150000,2.142304,0.000000,-0.000109,0.045596,0.000000,-0.000510,-0.052812,2.251837,0.006889,0.219920,-37.357933,-0.000100,-0.000107,0.000000,0.000000,0.000000,0.000000
7.850000,6.803262,0.000000,0.000076,0.113629,0.000000,-0.000409,-0.137132,7.267428,0.006996,0.639019,-107.742264,-0.000233,-0.000311,0.000000,0.000000,0.000000,0.000000
6.360000,-2.156779,0.000000,0.000462,0.092061,0.000000,-0.000176,-0.116162,-2.347082,0.007307,0.593761,31.721998,-0.000358,0.002207,0.000000,0.000000,0.000000,0.000000
9.510000,4.559633,0.000000,0.000788,0.137657,0.000000,0.000182,-0.183054,5.060927,0.005100,1.010326,-63.347225,-0.000399,0.001529,0.000000,0.000000,0.000000,0.000000
6.080000,-4.964934,0.000000,0.001253,0.088008,0.000000,0.000581,-0.122842,-5.637123,0.003571,0.722865,66.180161,-0.000438,0.003206,0.000000,0.000000,0.000000,0.000000
-1.910000,-11.522120,0.000000,0.001104,-0.027647,0.000000,0.000750,0.029479,-11.614175,0.014204,-0.052626,449.443237,-0.000139,0.008362,0.000000,0.000000,0.000000,0.000000
-1.330000,0.839551,0.000000,0.001065,-0.019252,0.000000,0.000889,0.020802,0.846027,0.005842,-0.037136,-32.739399,0.000073,-0.000736,0.000000,0.000000,0.000000,0.000000
-5.780000,-6.441386,0.000000,0.001096,-0.083666,0.000000,0.000816,0.088638,-6.539619,0.006578,-0.215495,185.829620,0.000116,0.002937,0.000000,0.000000,0.000000,0.000000
-6.240000,-0.665851,0.000000,0.000926,-0.090324,0.000000,0.000701,0.098075,-0.682666,0.003641,-0.298791,15.480358,0.000252,-0.000521,0.000000,0.000000,0.000000,0.000000
3.420000,13.982875,0.000000,0.000741,0.049505,0.000000,0.000448,-0.054191,14.497511,0.004161,0.196475,-276.244598,0.000127,-0.004698,0.000000,0.000000,0.000000,0.000000
-3.840000,-10.508868,0.000000,0.000988,-0.055584,0.000000,0.000321,0.065368,-11.048873,0.008859,-0.272206,183.300629,-0.000033,0.002743,0.000000,0.000000,0.000000,0.000000
-2.060000,2.576555,0.000000,0.000925,-0.029819,0.000000,0.000354,0.037127,2.751771,0.006116,-0.173010,-40.796005,0.000153,-0.001246,0.000000,0.000000,0.000000,0.000000
-3.980000,-2.779205,0.000000,0.000946,-0.057611,0.000000,0.000201,0.074258,-3.024445,0.007362,-0.379572,40.876892,0.000143,-0.000250,0.000000,0.000000,0.000000,0.000000
-2.130000,2.677880,0.000000,0.000890,-0.030832,0.000000,0.000058,0.042427,2.971670,0.007612,-0.234164,-37.196152,0.000171,-0.001337,0.000000,0.000000,0.000000,0.000000
-5.130000,-13.331498,0.000000,-0.000203,-0.074257,0.000000,-0.000559,0.075861,-13.437911,0.015353,-0.135430,520.017883,-0.000050,0.009483,0.000000,0.000000,0.000000,0.000000
-9.370000,-6.137410,0.000000,-0.000366,-0.135631,0.000000,-0.000509,0.138497,-6.186355,0.005871,-0.247249,239.398422,0.000258,0.003847,0.000000,0.000000,0.000000,0.000000
-4.690000,6.774312,0.000000,-0.000728,-0.067888,0.000000,-0.000767,0.070232,6.877269,0.002024,-0.170747,-195.424255,0.000320,-0.004169,0.000000,0.000000,0.000000,0.000000
2.800000,10.841795,0.000000,-0.000874,0.040530,0.000000,-0.001087,-0.044502,11.110656,0.006193,0.135576,-251.948837,0.000089,-0.004396,0.000000,0.000000,0.000000,0.000000
-0.870000,-5.312335,0.000000,-0.000689,-0.012593,0.000000,-0.001176,0.013229,-5.508406,0.010590,-0.047962,104.960587,-0.000069,0.001866,0.000000,0.000000,0.000000,0.000000
1.330000,3.184506,0.000000,-0.000672,0.019252,0.000000,-0.001107,-0.023021,3.347564,0.008724,0.095867,-55.536030,0.000001,-0.000796,0.000000,0.000000,0.000000,0.000000
0.910000,-0.607951,0.000000,-0.000563,0.013172,0.000000,-0.001109,-0.016588,-0.649903,0.009520,0.077297,9.635045,-0.000057,0.000393,0.000000,0.000000,0.000000,0.000000
0.060000,-1.230377,0.000000,-0.000477,0.000869,0.000000,-0.001051,-0.001706,-1.338951,0.009127,0.008722,18.096600,-0.000030,0.000366,0.000000,0.000000,0.000000,0.000000
-2.600000,-3.850357,0.000000,-0.000430,-0.037635,0.000000,-0.001022,0.049759,-4.274855,0.008761,-0.274635,53.508018,0.000054,0.000270,0.000000,0.000000,0.000000,0.000000
-0.050000,3.691131,0.000000,-0.000498,-0.000724,0.000000,-0.001075,0.000319,4.189607,0.008491,-0.001877,-49.186230,0.000080,-0.000937,0.000000,0.000000,0.000000,0.000000
-1.110000,6.788787,0.000000,0.001289,-0.016067,0.000000,0.001208,0.017783,6.842654,0.002430,-0.031747,-264.795746,0.000178,-0.005098,0.000000,0.000000,0.000000,0.000000
-5.020000,-5.659735,0.000000,0.001254,-0.072665,0.000000,0.001030,0.075685,-5.705000,0.007529,-0.135115,220.771011,0.000096,0.003824,0.000000,0.000000,0.000000,0.000000
-8.230000,-4.646482,0.000000,0.001113,-0.119129,0.000000,0.000934,0.125742,-4.717335,0.003704,-0.305701,134.047638,0.000251,0.001704,0.000000,0.000000,0.000000,0.000000
-0.920000,10.581244,0.000000,0.000829,-0.013317,0.000000,0.000683,0.015204,10.843577,0.002000,-0.046320,-245.892502,0.000246,-0.004784,0.000000,0.000000,0.000000,0.000000
-1.080000,-0.231600,0.000000,0.000881,-0.015633,0.000000,0.000437,0.018353,-0.240673,0.006784,-0.066539,4.585935,0.000045,-0.000084,0.000000,0.000000,0.000000,0.000000
1.370000,3.546381,0.000000,0.000932,0.019831,0.000000,0.000392,-0.021837,3.727653,0.006869,0.090935,-61.841698,0.000011,-0.000925,0.000000,0.000000,0.000000,0.000000
-1.830000,-4.632008,0.000000,0.001095,-0.026489,0.000000,0.000381,0.033312,-4.949318,0.007794,-0.155230,73.375443,-0.000004,0.000971,0.000000,0.000000,0.000000,0.000000
-3.040000,-1.751478,0.000000,0.001128,-0.044004,0.000000,0.000385,0.057235,-1.906447,0.006822,-0.292554,25.766582,0.000119,-0.000305,0.000000,0.000000,0.000000,0.000000
-0.080000,4.284607,0.000000,0.001117,-0.001158,0.000000,0.000266,0.003043,4.755256,0.007128,-0.016796,-59.521160,0.000098,-0.001172,0.000000,0.000000,0.000000,0.000000
6.620000,9.698267,0.000000,0.001239,0.095825,0.000000,0.000168,-0.133930,11.007371,0.008300,0.788112,-129.227188,-0.000154,-0.000313,0.000000,0.000000,0.000000,0.000000
-1.280000,-11.435269,0.000000,0.001649,-0.018528,0.000000,0.000322,0.030351,-13.301713,0.008613,-0.188458,147.996246,-0.000169,0.002293,0.000000,0.000000,0.000000,0.000000
-1.590000,4.878084,0.000000,-0.000010,-0.023015,0.000000,-0.000442,0.023601,4.916401,0.018419,-0.042134,-190.253983,0.000157,-0.003721,0.000000,0.000000,0.000000,0.000000
-3.560000,-2.851580,0.000000,-0.000027,-0.051531,0.000000,-0.000599,0.052734,-2.874829,0.022140,-0.094143,111.249596,0.000088,0.001859,0.000000,0.000000,0.000000,0.000000
-3.450000,0.159225,0.000000,0.000028,-0.049939,0.000000,-0.000687,0.052252,0.160929,0.020281,-0.127035,-4.572949,0.000144,-0.000434,0.000000,0.000000,0.000000,0.000000
-2.630000,1.186952,0.000000,0.000089,-0.038069,0.000000,-0.000831,0.041012,1.215476,0.020715,-0.124946,-27.562536,0.000134,-0.000859,0.000000,0.000000,0.000000,0.000000
5.320000,11.507646,0.000000,0.000186,0.077007,0.000000,-0.000965,-0.085371,11.930318,0.021574,0.309522,-227.327698,-0.000005,-0.003466,0.000000,0.000000,0.000000,0.000000
6.390000,1.548828,0.000000,0.000635,0.092495,0.000000,-0.000959,-0.106142,1.626601,0.025039,0.442001,-26.985273,-0.000256,0.000691,0.000000,0.000000,0.000000,0.000000
-4.230000,-15.372477,0.000000,0.001134,-0.061229,0.000000,-0.000703,0.075313,-16.424500,0.024348,-0.350950,243.499176,-0.000107,0.003660,0.000000,0.000000,0.000000,0.000000
2.290000,9.437717,0.000000,0.001185,0.033148,0.000000,-0.000596,-0.040534,10.265022,0.020688,0.207190,-138.736923,0.000085,-0.002073,0.000000,0.000000,0.000000,0.000000
0.850000,-2.084404,0.000000,0.001521,0.012304,0.000000,-0.000681,-0.014421,-2.316681,0.022762,0.079596,28.997711,-0.000083,0.000768,0.000000,0.000000,0.000000,0.000000
4.960000,5.949235,0.000000,0.001805,0.071796,0.000000,-0.000598,-0.099104,6.750101,0.021993,0.583179,-79.246590,-0.000140,0.000076,0.000000,0.000000,0.000000,0.000000
-3.170000,-5.833436,0.000000,-0.001264,-0.045886,0.000000,-0.002065,0.045771,-5.880682,0.035200,-0.081713,227.569550,0.000013,0.004088,0.000000,0.000000,0.000000,0.000000
-0.530000,3.821407,0.000000,-0.001304,-0.007672,0.000000,-0.002077,0.006520,3.851056,0.031112,-0.011640,-149.027451,0.000091,-0.002861,0.000000,0.000000,0.000000,0.000000
-1.890000,-1.968604,0.000000,-0.001017,-0.027358,0.000000,-0.002168,0.027546,-1.999629,0.033973,-0.066969,56.821400,0.000036,0.000900,0.000000,0.000000,0.000000,0.000000
0.420000,3.343731,0.000000,-0.000802,0.006080,0.000000,-0.002204,-0.007396,3.425353,0.033073,0.022532,-77.674423,0.000045,-0.001411,0.000000,0.000000,0.000000,0.000000
0.420000,-0.000000,0.000000,-0.000488,0.006080,0.000000,-0.002249,-0.007299,-0.001706,0.034484,0.026463,0.032517,-0.000020,0.000075,0.000000,0.000000,0.000000,0.000000
-5.880000,-9.119267,0.000000,-0.000179,-0.085113,0.000000,-0.002229,0.098139,-9.589176,0.034409,-0.408674,159.084259,0.000084,0.001907,0.000000,0.000000,0.000000,0.000000
0.470000,9.191642,0.000000,-0.000146,0.006803,0.000000,-0.002313,-0.008392,9.817299,0.032503,0.039107,-145.545029,0.000163,-0.002654,0.000000,0.000000,0.000000,0.000000
-1.420000,-2.735780,0.000000,0.000158,-0.020555,0.000000,-0.002476,0.026267,-2.978882,0.035156,-0.134265,40.261086,0.000014,0.000404,0.000000,0.000000,0.000000,0.000000
-1.160000,0.376351,0.000000,0.000382,-0.016791,0.000000,-0.002491,0.022968,0.414797,0.034752,-0.126768,-5.191987,0.000070,-0.000442,0.000000,0.000000,0.000000,0.000000
-0.460000,1.013252,0.000000,0.000619,-0.006659,0.000000,-0.002561,0.010305,1.146752,0.035194,-0.060638,-13.462941,0.000049,-0.000418,0.000000,0.000000,0.000000,0.000000
2.030000,3.604281,0.000000,0.000889,0.029384,0.000000,-0.002610,-0.042865,4.187938,0.035612,0.266160,-46.595436,-0.000037,-0.000162,0.000000,0.000000,0.000000,0.000000
-0.790000,-2.330479,0.000000,-0.000676,-0.011435,0.000000,-0.001443,0.011097,-2.349844,0.033239,-0.019810,90.933830,-0.000014,0.001669,0.000000,0.000000,0.000000,0.000000
-1.620000,-1.201427,0.000000,-0.000627,-0.023450,0.000000,-0.001428,0.023368,-1.211768,0.031570,-0.041717,46.892776,0.000040,0.000772,0.000000,0.000000,0.000000,0.000000
1.190000,4.067482,0.000000,-0.000402,0.017225,0.000000,-0.001469,-0.018434,4.128256,0.030798,0.044816,-117.308395,0.000028,-0.002101,0.000000,0.000000,0.000000,0.000000
0.200000,-1.433028,0.000000,-0.000049,0.002895,0.000000,-0.001497,-0.003165,-1.470028,0.032900,0.009641,33.334827,-0.000036,0.000661,0.000000,0.000000,0.000000,0.000000
-1.210000,-2.040979,0.000000,0.000257,-0.017515,0.000000,-0.001460,0.019750,-2.117897,0.032238,-0.071606,40.355736,0.000013,0.000569,0.000000,0.000000,0.000000,0.000000
-1.560000,-0.506626,0.000000,0.000503,-0.022581,0.000000,-0.001474,0.026673,-0.534674,0.031669,-0.111072,8.870237,0.000062,-0.000134,0.000000,0.000000,0.000000,0.000000
-2.500000,-1.360652,0.000000,0.000736,-0.036188,0.000000,-0.001536,0.044590,-1.456010,0.031803,-0.207786,21.585882,0.000093,-0.000153,0.000000,0.000000,0.000000,0.000000
-3.950000,-2.098879,0.000000,0.000933,-0.057176,0.000000,-0.001629,0.073692,-2.286144,0.031956,-0.376675,30.898382,0.000156,-0.000434,0.000000,0.000000,0.000000,0.000000
2.120000,8.786341,0.000000,0.001074,0.030687,0.000000,-0.001785,-0.039606,9.750786,0.032389,0.218594,-122.049820,0.000077,-0.001719,0.000000,0.000000,0.000000,0.000000
2.310000,0.275026,0.000000,0.001478,0.033437,0.000000,-0.001862,-0.045254,0.308241,0.034108,0.266296,-3.618762,-0.000117,0.000655,0.000000,0.000000,0.000000,0.000000
2.390000,0.115800,0.000000,0.001898,0.034595,0.000000,-0.001745,-0.049186,0.130079,0.033453,0.305406,-1.447274,-0.000130,0.000798,0.000000,0.000000,0.000000,0.000000
-2.010000,1.259327,0.000000,-0.001428,-0.029095,0.000000,-0.002341,0.028422,1.268370,0.040081,-0.050740,-49.083153,0.000101,-0.001068,0.000000,0.000000,0.000000,0.000000
-2.240000,-0.332925,0.000000,-0.001411,-0.032424,0.000000,-0.002442,0.031754,-0.336570,0.041150,-0.056688,13.024518,0.000079,0.000095,0.000000,0.000000,0.000000,0.000000
1.080000,4.805708,0.000000,-0.001126,0.015633,0.000000,-0.002521,-0.017525,4.877407,0.041054,0.042606,-138.596237,0.000045,-0.002509,0.000000,0.000000,0.000000,0.000000
4.530000,4.993884,0.000000,-0.000693,0.065572,0.000000,-0.002566,-0.071222,5.115972,0.043564,0.216980,-116.011444,-0.000096,-0.001605,0.000000,0.000000,0.000000,0.000000
1.810000,-3.937207,0.000000,-0.000111,0.026200,0.000000,-0.002470,-0.029239,-4.084568,0.045169,0.106008,77.829880,-0.000156,0.001763,0.000000,0.000000,0.000000,0.000000
0.400000,-2.040979,0.000000,0.000350,0.005790,0.000000,-0.002314,-0.006286,-2.148414,0.043405,0.026177,35.642155,-0.000057,0.000742,0.000000,0.000000,0.000000,0.000000
4.780000,6.340061,0.000000,0.000750,0.069191,0.000000,-0.002256,-0.082651,6.769928,0.042663,0.385146,-100.366646,-0.000095,-0.000860,0.000000,0.000000,0.000000,0.000000
-5.160000,-14.388176,0.000000,0.001343,-0.074691,0.000000,-0.002161,0.096423,-15.656498,0.043523,-0.492869,211.605453,-0.000035,0.002675,0.000000,0.000000,0.000000,0.000000
-3.430000,2.504179,0.000000,0.001522,-0.049649,0.000000,-0.002126,0.068438,2.775811,0.040848,-0.377730,-34.744606,0.000238,-0.001685,0.000000,0.000000,0.000000,0.000000
3.230000,9.640367,0.000000,0.001783,0.046754,0.000000,-0.002363,-0.063677,10.938344,0.042532,0.374709,-128.416809,0.000034,-0.001415,0.000000,0.000000,0.000000,0.000000
-5.310000,-12.361671,0.000000,0.002335,-0.076862,0.000000,-0.002398,0.119134,-14.382897,0.043947,-0.739732,160.025620,0.000050,0.001032,0.000000,0.000000,0.000000,0.000000
-4.780000,-9.596942,0.000000,-0.002303,-0.069191,0.000000,-0.003393,0.068597,-9.674412,0.048355,-0.122461,374.378601,0.000002,0.006756,0.000000,0.000000,0.000000,0.000000
-5.130000,-0.506626,0.000000,-0.002376,-0.074257,0.000000,-0.003395,0.073599,-0.511618,0.041599,-0.131391,19.798489,0.000189,0.000007,0.000000,0.000000,0.000000,0.000000
-1.080000,5.862386,0.000000,-0.002218,-0.015633,0.000000,-0.003585,0.014029,5.950224,0.041592,-0.034106,-169.081375,0.000150,-0.003294,0.000000,0.000000,0.000000,0.000000
1.300000,3.445056,0.000000,-0.001887,0.018818,0.000000,-0.003735,-0.022253,3.528828,0.044886,0.067795,-80.020866,0.000006,-0.001326,0.000000,0.000000,0.000000,0.000000
2.620000,1.910703,0.000000,-0.001463,0.037925,0.000000,-0.003741,-0.043771,1.978961,0.046212,0.158696,-37.708363,-0.000081,-0.000282,0.000000,0.000000,0.000000,0.000000
-3.270000,-8.525789,0.000000,-0.000991,-0.047333,0.000000,-0.003660,0.053547,-8.965742,0.046494,-0.222984,148.741516,-0.000025,0.002214,0.000000,0.000000,0.000000,0.000000
3.310000,9.524567,0.000000,-0.000783,0.047912,0.000000,-0.003636,-0.058807,10.172411,0.044280,0.274035,-150.809692,0.000034,-0.002118,0.000000,0.000000,0.000000,0.000000
-0.840000,-6.007135,0.000000,-0.000299,-0.012159,0.000000,-0.003669,0.015040,-6.538342,0.046399,-0.076876,88.368988,-0.000083,0.001469,0.000000,0.000000,0.000000,0.000000
-8.390000,-10.928645,0.000000,0.000005,-0.121445,0.000000,-0.003586,0.162432,-12.135843,0.044929,-0.896509,151.903381,0.000210,0.000449,0.000000,0.000000,0.000000,0.000000
-0.670000,11.174720,0.000000,-0.000010,-0.009698,0.000000,-0.003796,0.013719,12.681166,0.044481,-0.080727,-148.877655,0.000277,-0.003038,0.000000,0.000000,0.000000,0.000000
-1.000000,-12.318247,0.000000,-0.001058,-0.014475,0.000000,-0.001870,0.013822,-12.417082,0.035472,-0.024675,480.514008,-0.000198,0.009037,0.000000,0.000000,0.000000,0.000000
-1.920000,-1.331702,0.000000,-0.001012,-0.027792,0.000000,-0.001671,0.027420,-1.342928,0.026435,-0.048951,51.968399,0.000049,0.000835,0.000000,0.000000,0.000000,0.000000
-6.070000,-6.007136,0.000000,-0.000857,-0.087863,0.000000,-0.001720,0.090986,-6.099264,0.025600,-0.221203,173.316483,0.000131,0.002682,0.000000,0.000000,0.000000,0.000000
3.580000,13.968399,0.000000,-0.000903,0.051821,0.000000,-0.001851,-0.056668,14.314103,0.022918,0.172641,-324.591248,0.000118,-0.005684,0.000000,0.000000,0.000000,0.000000
0.240000,-4.834659,0.000000,-0.000519,0.003474,0.000000,-0.001969,-0.004438,-5.014118,0.028602,0.016090,95.542114,-0.000107,0.001863,0.000000,0.000000,0.000000,0.000000
-1.070000,-1.896229,0.000000,-0.000288,-0.015488,0.000000,-0.001861,0.017563,-1.995048,0.026739,-0.073137,33.097801,0.000010,0.000425,0.000000,0.000000,0.000000,0.000000
-5.010000,-5.703160,0.000000,-0.000116,-0.072520,0.000000,-0.001871,0.087438,-6.094419,0.026314,-0.407449,90.351982,0.000121,0.000608,0.000000,0.000000,0.000000,0.000000
-2.140000,4.154333,0.000000,-0.000115,-0.030977,0.000000,-0.001992,0.039138,4.517576,0.025706,-0.200052,-61.057304,0.000191,-0.001698,0.000000,0.000000,0.000000,0.000000
0.110000,3.256881,0.000000,0.000008,0.001592,0.000000,-0.002184,-0.002119,3.613377,0.027404,0.011696,-45.228355,0.000062,-0.000822,0.000000,0.000000,0.000000,0.000000
-0.560000,-0.969827,0.000000,0.000224,-0.008106,0.000000,-0.002246,0.011795,-1.103459,0.028226,-0.069409,12.954676,0.000011,0.000059,0.000000,0.000000,0.000000,0.000000
7.940000,12.303772,0.000000,0.000413,0.114932,0.000000,-0.002257,-0.172267,14.306770,0.028167,1.069644,-159.178619,-0.000195,-0.000121,0.000000,0.000000,0.000000,0.000000
-1.870000,-17.891132,0.000000,-0.000282,-0.027068,0.000000,-0.000884,0.027490,-18.034079,0.025926,-0.049077,697.879395,-0.000267,0.013082,0.000000,0.000000,0.000000,0.000000
-8.440000,-9.510091,0.000000,-0.000293,-0.122169,0.000000,-0.000618,0.124789,-9.586042,0.012844,-0.222777,370.958893,0.000157,0.006397,0.000000,0.000000,0.000000,0.000000
-4.310000,5.978185,0.000000,-0.000572,-0.062387,0.000000,-0.000774,0.064642,6.068873,0.006447,-0.157157,-172.452911,0.000289,-0.003702,0.000000,0.000000,0.000000,0.000000
-2.790000,2.200204,0.000000,-0.000662,-0.040385,0.000000,-0.001064,0.042695,2.254443,0.010149,-0.130071,-51.122498,0.000158,-0.001313,0.000000,0.000000,0.000000,0.000000
-0.250000,3.676656,0.000000,-0.000689,-0.003619,0.000000,-0.001221,0.003256,3.811617,0.011462,-0.011806,-72.628922,0.000081,-0.001405,0.000000,0.000000,0.000000,0.000000
-3.050000,-4.053007,0.000000,-0.000608,-0.044149,0.000000,-0.001302,0.050310,-4.261556,0.012867,-0.209503,70.699142,0.000055,0.000775,0.000000,0.000000,0.000000,0.000000
-4.520000,-2.127829,0.000000,-0.000654,-0.065427,0.000000,-0.001357,0.078223,-2.273728,0.012092,-0.364510,33.708851,0.000168,-0.000349,0.000000,0.000000,0.000000,0.000000
7.130000,16.863405,0.000000,-0.000767,0.103207,0.000000,-0.001526,-0.131856,18.344839,0.012441,0.673981,-247.939728,-0.000010,-0.002871,0.000000,0.000000,0.000000,0.000000
-3.560000,-15.473803,0.000000,-0.000391,-0.051531,0.000000,-0.001516,0.068396,-17.178972,0.015312,-0.377498,215.027832,-0.000140,0.003056,0.000000,0.000000,0.000000,0.000000
-1.650000,-8.279715,0.000000,0.001197,-0.023884,0.000000,0.001061,0.025698,-8.345744,0.004835,-0.045877,322.962067,-0.000088,0.005986,0.000000,0.000000,0.000000,0.000000
-1.760000,-0.159225,0.000000,0.001146,-0.025476,0.000000,0.001149,0.027259,-0.160516,-0.001151,-0.048663,6.211618,0.000071,-0.000025,0.000000,0.000000,0.000000,0.000000
-6.620000,-7.034862,0.000000,0.001086,-0.095825,0.000000,0.001079,0.101343,-7.141844,-0.001126,-0.246384,202.942383,0.000139,0.003176,0.000000,0.000000,0.000000,0.000000
-4.680000,2.808155,0.000000,0.000806,-0.067743,0.000000,0.000940,0.073677,2.877905,-0.004302,-0.224460,-65.260307,0.000254,-0.001849,0.000000,0.000000,0.000000,0.000000
-0.200000,6.484811,0.000000,0.000619,-0.002895,0.000000,0.000686,0.003906,6.723655,-0.002453,-0.014160,-128.116699,0.000137,-0.002461,0.000000,0.000000,0.000000,0.000000
2.590000,4.038532,0.000000,0.000635,0.037490,0.000000,0.000549,-0.042586,4.245555,0.000007,0.177338,-70.433685,-0.000035,-0.000849,0.000000,0.000000,0.000000,0.000000
6.250000,5.833435,0.000000,0.001013,0.090469,0.000000,0.000774,-0.091566,5.879537,0.009358,0.163467,-227.525223,-0.000136,-0.003864,0.000000,0.000000,0.000000,0.000000
-1.060000,-10.581244,0.000000,0.001282,-0.015344,0.000000,0.000910,0.017022,-10.665797,0.013222,-0.030389,412.743042,-0.000156,0.007740,0.000000,0.000000,0.000000,0.000000
1.620000,3.879307,0.000000,0.001316,0.023450,0.000000,0.001066,-0.023146,3.937958,0.005482,0.056271,-111.900887,0.000012,-0.001981,0.000000,0.000000,0.000000,0.000000
-5.630000,-10.494393,0.000000,0.001486,-0.081494,0.000000,0.001053,0.089187,-10.755324,0.007463,-0.271714,243.891235,0.000038,0.003887,0.000000,0.000000,0.000000,0.000000
-2.890000,3.966157,0.000000,0.001337,-0.041833,0.000000,0.001016,0.047975,4.111766,0.003576,-0.173939,-78.348145,0.000208,-0.001961,0.000000,0.000000,0.000000,0.000000
-5.630000,-3.966157,0.000000,0.001320,-0.081494,0.000000,0.000808,0.095690,-4.170367,0.005537,-0.398474,69.186325,0.000179,0.000236,0.000000,0.000000,0.000000,0.000000
-4.480000,1.664628,0.000000,0.001191,-0.064848,0.000000,0.000629,0.079752,1.777514,0.005302,-0.371635,-26.352283,0.000249,-0.001505,0.000000,0.000000,0.000000,0.000000
-6.080000,-2.316004,0.000000,0.001120,-0.088008,0.000000,0.000380,0.113029,-2.520579,0.006806,-0.577747,34.066895,0.000258,-0.000915,0.000000,0.000000,0.000000,0.000000
8.100000,20.525587,0.000000,0.000988,0.117248,0.000000,0.000122,-0.155489,22.784933,0.007721,0.858191,-285.197205,0.000010,-0.003077,0.000000,0.000000,0.000000,0.000000
7.370000,-1.056677,0.000000,0.001461,0.106681,0.000000,0.000112,-0.148988,-1.201440,0.010798,0.876720,14.104982,-0.000426,0.002644,0.000000,0.000000,0.000000,0.000000
6.340000,-1.490927,0.000000,0.001911,0.091772,0.000000,0.000538,-0.135175,-1.736329,0.008154,0.839331,19.318584,-0.000398,0.002631,0.000000,0.000000,0.000000,0.000000
-2.060000,3.546381,0.000000,0.000230,-0.029819,0.000000,-0.000309,0.030825,3.573982,0.022807,-0.055030,-138.305313,0.000152,-0.002773,0.000000,0.000000,0.000000,0.000000
0.410000,3.575331,0.000000,0.000205,0.005935,0.000000,-0.000461,-0.005867,3.603095,0.025579,0.010473,-139.431915,0.000052,-0.002607,0.000000,0.000000,0.000000,0.000000
3.260000,4.125382,0.000000,0.000501,0.047189,0.000000,-0.000513,-0.048823,4.187048,0.028186,0.118698,-118.979027,-0.000053,-0.001927,0.000000,0.000000,0.000000,0.000000
-1.410000,-6.759837,0.000000,0.000933,-0.020410,0.000000,-0.000460,0.022939,-6.929025,0.030113,-0.069885,157.124817,-0.000069,0.002790,0.000000,0.000000,0.000000,0.000000
-1.010000,0.579001,0.000000,0.001159,-0.014620,0.000000,-0.000391,0.017535,0.598647,0.027323,-0.063575,-11.407001,0.000059,-0.000393,0.000000,0.000000,0.000000,0.000000
1.870000,4.168808,0.000000,0.001411,0.027068,0.000000,-0.000450,-0.029647,4.380619,0.027716,0.123456,-72.674400,0.000003,-0.001041,0.000000,0.000000,0.000000,0.000000
0.020000,-2.677880,0.000000,0.001796,0.000290,0.000000,-0.000452,0.001819,-2.863402,0.028758,-0.008478,42.450981,-0.000049,0.000783,0.000000,0.000000,0.000000,0.000000
-5.810000,-8.438940,0.000000,0.002114,-0.084100,0.000000,-0.000403,0.109332,-9.183652,0.027975,-0.558852,124.121681,0.000122,0.000837,0.000000,0.000000,0.000000,0.000000
-8.680000,-4.154333,0.000000,0.002197,-0.125643,0.000000,-0.000525,0.170979,-4.615326,0.027138,-0.943681,57.769665,0.000375,-0.001460,0.000000,0.000000,0.000000,0.000000
5.780000,20.930887,0.000000,0.002175,0.083666,0.000000,-0.000900,-0.115388,23.755650,0.028598,0.679001,-278.892792,0.000137,-0.003441,0.000000,0.000000,0.000000,0.000000
-5.120000,-6.875637,0.000000,-0.002159,-0.074112,0.000000,-0.003210,0.073780,-6.931425,0.046584,-0.131715,268.230957,0.000068,0.004729,0.000000,0.000000,0.000000,0.000000
-0.860000,6.166361,0.000000,-0.002249,-0.012449,0.000000,-0.003278,0.010444,6.214426,0.041855,-0.018644,-240.484711,0.000146,-0.004613,0.000000,0.000000,0.000000,0.000000
-0.740000,0.173700,0.000000,-0.001870,-0.010712,0.000000,-0.003423,0.009246,0.174872,0.046468,-0.022478,-4.969169,0.000028,-0.000146,0.000000,0.000000,0.000000,0.000000
0.750000,2.156779,0.000000,-0.001500,0.010856,0.000000,-0.003452,-0.013281,2.208454,0.046614,0.040461,-50.079617,0.000006,-0.000839,0.000000,0.000000,0.000000,0.000000
7.300000,9.481142,0.000000,-0.001075,0.105668,0.000000,-0.003457,-0.118623,9.828084,0.047452,0.430079,-187.270416,-0.000135,-0.002381,0.000000,0.000000,0.000000,0.000000
-2.960000,-14.851377,0.000000,-0.000368,-0.042846,0.000000,-0.003323,0.049082,-15.616262,0.049834,-0.204389,259.073486,-0.000163,0.004357,0.000000,0.000000,0.000000,0.000000
0.940000,5.645260,0.000000,-0.000112,0.013607,0.000000,-0.003160,-0.016567,6.027809,0.045476,0.077199,-89.364456,0.000070,-0.001491,0.000000,0.000000,0.000000,0.000000
-0.850000,-2.591030,0.000000,0.000311,-0.012304,0.000000,-0.003230,0.015998,-2.822358,0.046968,-0.081774,38.145592,-0.000010,0.000504,0.000000,0.000000,0.000000,0.000000
-8.470000,-11.029970,0.000000,0.000659,-0.122603,0.000000,-0.003219,0.164856,-12.248837,0.046464,-0.909888,153.317688,0.000214,0.000441,0.000000,0.000000,0.000000,0.000000
6.140000,21.148012,0.000000,0.000689,0.088877,0.000000,-0.003433,-0.124870,24.001690,0.046023,0.734797,-281.781281,0.000116,-0.003349,0.000000,0.000000,0.000000,0.000000
9.100000,4.284608,0.000000,0.001336,0.131723,0.000000,-0.003550,-0.196138,4.977566,0.049372,1.217864,-55.380924,-0.000437,0.002252,0.000000,0.000000,0.000000,0.000000
-4.330000,-4.878084,0.000000,-0.001638,-0.062677,0.000000,-0.002719,0.062610,-4.918033,0.047447,-0.111773,190.317108,0.000077,0.003297,0.000000,0.000000,0.000000,0.000000
-5.890000,-2.258104,0.000000,-0.001694,-0.085258,0.000000,-0.002796,0.085560,-2.277123,0.044150,-0.152745,88.119690,0.000188,0.001249,0.000000,0.000000,0.000000,0.000000
-5.560000,0.477675,0.000000,-0.001542,-0.080481,0.000000,-0.002984,0.082550,0.483564,0.042901,-0.200694,-13.740936,0.000232,-0.000805,0.000000,0.000000,0.000000,0.000000
-13.010000,-10.783895,0.000000,-0.001385,-0.188320,0.000000,-0.003216,0.200918,-11.053192,0.043706,-0.612107,250.645798,0.000334,0.003092,0.000000,0.000000,0.000000,0.000000
1.660000,21.234863,0.000000,-0.001576,0.024029,0.000000,-0.003550,-0.028455,22.015179,0.040614,0.103165,-419.490845,0.000339,-0.007670,0.000000,0.000000,0.000000,0.000000
2.730000,1.548828,0.000000,-0.001131,0.039517,0.000000,-0.003889,-0.046967,1.625712,0.048284,0.195583,-26.970531,-0.000097,0.000033,0.000000,0.000000,0.000000,0.000000
0.810000,-2.779205,0.000000,-0.000649,0.011725,0.000000,-0.003792,-0.014943,-2.972035,0.048252,0.069634,44.061497,-0.000097,0.001023,0.000000,0.000000,0.000000,0.000000
2.590000,2.576555,0.000000,-0.000255,0.037490,0.000000,-0.003696,-0.047867,2.799614,0.047229,0.244673,-37.838196,-0.000076,-0.000057,0.000000,0.000000,0.000000,0.000000
-3.600000,-8.960041,0.000000,0.000212,-0.052110,0.000000,-0.003619,0.069977,-9.950741,0.047285,-0.386225,124.552628,0.000001,0.001314,0.000000,0.000000,0.000000,0.000000
4.850000,12.231397,0.000000,0.000418,0.070204,0.000000,-0.003620,-0.098814,13.880219,0.045972,0.581470,-162.954590,-0.000004,-0.001515,0.000000,0.000000,0.000000,0.000000
-4.830000,-6.079511,0.000000,-0.001451,-0.069914,0.000000,-0.002396,0.070197,-6.128868,0.041468,-0.125318,237.173813,0.000074,0.004155,0.000000,0.000000,0.000000,0.000000
0.430000,7.613863,0.000000,-0.001541,0.006224,0.000000,-0.002470,-0.007951,7.673523,0.037314,0.014194,-296.948608,0.000124,-0.005592,0.000000,0.000000,0.000000,0.000000
-3.170000,-5.211009,0.000000,-0.001133,-0.045886,0.000000,-0.002593,0.046800,-5.291620,0.042906,-0.113779,150.366516,0.000026,0.002550,0.000000,0.000000,0.000000,0.000000
-3.870000,-1.013251,0.000000,-0.000902,-0.056018,0.000000,-0.002619,0.059239,-1.040042,0.040356,-0.180473,23.584320,0.000140,-0.000046,0.000000,0.000000,0.000000,0.000000
-1.650000,3.213456,0.000000,-0.000711,-0.023884,0.000000,-0.002760,0.025752,3.329842,0.040402,-0.093368,-63.448883,0.000132,-0.001454,0.000000,0.000000,0.000000,0.000000
1.440000,4.472783,0.000000,-0.000427,0.020844,0.000000,-0.002892,-0.024578,4.699872,0.041856,0.102348,-77.970787,0.000022,-0.001197,0.000000,0.000000,0.000000,0.000000
1.820000,0.550051,0.000000,-0.000013,0.026345,0.000000,-0.002915,-0.031830,0.584721,0.043053,0.148325,-8.668696,-0.000075,0.000239,0.000000,0.000000,0.000000,0.000000
4.830000,4.356983,0.000000,0.000416,0.069914,0.000000,-0.002839,-0.088134,4.736515,0.042814,0.450499,-64.016373,-0.000149,0.000006,0.000000,0.000000,0.000000,0.000000
-0.940000,-8.352090,0.000000,0.000975,-0.013607,0.000000,-0.002691,0.019502,-9.275927,0.042808,-0.107637,116.106026,-0.000123,0.001907,0.000000,0.000000,0.000000,0.000000
2.920000,5.587359,0.000000,0.001296,0.042267,0.000000,-0.002568,-0.058013,6.338069,0.040900,0.341378,-74.409317,-0.000037,-0.000489,0.000000,0.000000,0.000000,0.000000
-1.680000,-6.658512,0.000000,0.001788,-0.024318,0.000000,-0.002532,0.039270,-7.749265,0.041389,-0.243838,86.219139,-0.000040,0.000974,0.000000,0.000000,0.000000,0.000000
1.090000,-0.188175,0.000000,-0.001617,0.015778,0.000000,-0.002596,-0.017709,-0.190713,0.043070,0.031615,7.380183,-0.000051,0.000223,0.000000,0.000000,0.000000,0.000000
-12.680000,-19.932112,0.000000,-0.001471,-0.183543,0.000000,-0.002544,0.186423,-20.091667,0.042846,-0.332808,777.503662,0.000124,0.013821,0.000000,0.000000,0.000000,0.000000
-12.440000,0.347401,0.000000,-0.001722,-0.180069,0.000000,-0.002668,0.186504,0.351814,0.029025,-0.453426,-9.997136,0.000511,-0.001441,0.000000,0.000000,0.000000,0.000000
-4.460000,11.551069,0.000000,-0.001973,-0.064559,0.000000,-0.003179,0.067267,11.836617,0.030466,-0.204934,-268.410980,0.000405,-0.005634,0.000000,0.000000,0.000000,0.000000
4.410000,12.839348,0.000000,-0.001878,0.063835,0.000000,-0.003584,-0.073026,13.310744,0.036100,0.264764,-253.631165,0.000054,-0.004076,0.000000,0.000000,0.000000,0.000000
-2.120000,-9.452191,0.000000,-0.001405,-0.030687,0.000000,-0.003638,0.033835,-9.939175,0.040176,-0.140895,164.890732,-0.000097,0.002749,0.000000,0.000000,0.000000,0.000000
1.080000,4.632008,0.000000,-0.001228,0.015633,0.000000,-0.003541,-0.020362,4.946318,0.037428,0.094883,-73.330971,0.000039,-0.001137,0.000000,0.000000,0.000000,0.000000
-3.400000,-6.484811,0.000000,-0.000921,-0.049215,0.000000,-0.003580,0.061244,-7.057119,0.038564,-0.313049,95.380524,0.000032,0.000961,0.000000,0.000000,0.000000,0.000000
-9.220000,-8.424465,0.000000,-0.000813,-0.133460,0.000000,-0.003612,0.177407,-9.354802,0.037603,-0.979161,117.093330,0.000303,-0.000433,0.000000,0.000000,0.000000,0.000000
-4.210000,7.251988,0.000000,-0.000955,-0.060940,0.000000,-0.003914,0.084936,8.229509,0.038036,-0.499806,-96.614937,0.000385,-0.003181,0.000000,0.000000,0.000000,0.000000
0.130000,6.282161,0.000000,-0.000895,0.001882,0.000000,-0.004300,-0.004177,7.303385,0.041217,0.025936,-81.258232,0.000126,-0.001463,0.000000,0.000000,0.000000,0.000000
-7.180000,2.822630,0.000000,-0.000226,-0.103931,0.000000,-0.000730,0.106236,2.844526,0.021673,-0.189656,-110.076950,0.000341,-0.002595,0.000000,0.000000,0.000000,0.000000
-1.650000,8.004688,0.000000,-0.000454,-0.023884,0.000000,-0.001071,0.023989,8.067743,0.024267,-0.042827,-312.204041,0.000217,-0.006023,0.000000,0.000000,0.000000,0.000000
-2.740000,-1.577778,0.000000,-0.000232,-0.039662,0.000000,-0.001288,0.041233,-1.602804,0.030290,-0.100245,45.545219,0.000081,0.000602,0.000000,0.000000,0.000000,0.000000
1.330000,5.891335,0.000000,-0.000064,0.019252,0.000000,-0.001369,-0.020760,6.036212,0.029688,0.063248,-136.879105,0.000058,-0.002422,0.000000,0.000000,0.000000,0.000000
0.650000,-0.984302,0.000000,0.000287,0.009409,0.000000,-0.001427,-0.010137,-1.022301,0.032110,0.036751,19.479559,-0.000047,0.000473,0.000000,0.000000,0.000000,0.000000
5.010000,6.311111,0.000000,0.000609,0.072520,0.000000,-0.001380,-0.083091,6.632836,0.031637,0.346010,-110.038628,-0.000099,-0.001148,0.000000,0.000000,0.000000,0.000000
3.700000,-1.896229,0.000000,0.001124,0.053558,0.000000,-0.001281,-0.063321,-2.028380,0.032785,0.295068,30.071476,-0.000210,0.001370,0.000000,0.000000,0.000000,0.000000
-3.610000,-10.581244,0.000000,0.001589,-0.052255,0.000000,-0.001071,0.068283,-11.514230,0.031416,-0.349029,155.620605,-0.000033,0.002000,0.000000,0.000000,0.000000,0.000000
-5.110000,-2.171254,0.000000,0.001755,-0.073967,0.000000,-0.001038,0.101273,-2.413766,0.029416,-0.558957,30.212917,0.000228,-0.000944,0.000000,0.000000,0.000000,0.000000
-0.600000,6.528237,0.000000,0.001868,-0.008685,0.000000,-0.001266,0.014943,7.406596,0.030359,-0.087933,-86.953880,0.000180,-0.001883,0.000000,0.000000,0.000000,0.000000
-2.550000,-1.418552,0.000000,-0.001922,-0.036911,0.000000,-0.002859,0.035921,-1.430821,0.041530,-0.064128,55.369633,0.000070,0.000878,0.000000,0.000000,0.000000,0.000000
-2.460000,0.130275,0.000000,-0.001923,-0.035609,0.000000,-0.002929,0.034490,0.130351,0.040652,-0.061573,-5.044315,0.000096,-0.000264,0.000000,0.000000,0.000000,0.000000
1.050000,5.080734,0.000000,-0.001657,0.015199,0.000000,-0.003024,-0.017627,5.156665,0.040916,0.042854,-146.531631,0.000050,-0.002658,0.000000,0.000000,0.000000,0.000000
0.440000,-0.882977,0.000000,-0.001239,0.006369,0.000000,-0.003074,-0.008177,-0.906628,0.043574,0.024911,20.558983,-0.000039,0.000462,0.000000,0.000000,0.000000,0.000000
-0.830000,-1.838328,0.000000,-0.000858,-0.012014,0.000000,-0.003035,0.012398,-1.908118,0.043112,-0.044949,36.358459,-0.000003,0.000566,0.000000,0.000000,0.000000,0.000000
-0.870000,-0.057900,0.000000,-0.000540,-0.012593,0.000000,-0.003032,0.013927,-0.063279,0.042546,-0.057994,1.049793,0.000036,-0.000138,0.000000,0.000000,0.000000,0.000000
1.270000,3.097655,0.000000,-0.000229,0.018383,0.000000,-0.003069,-0.022477,3.306435,0.042684,0.104740,-49.019096,0.000002,-0.000645,0.000000,0.000000,0.000000,0.000000
-2.750000,-5.818961,0.000000,0.000172,-0.039806,0.000000,-0.003070,0.050698,-6.333629,0.043329,-0.259145,85.602180,0.000017,0.000921,0.000000,0.000000,0.000000,0.000000
-0.970000,2.576555,0.000000,0.000402,-0.014041,0.000000,-0.003088,0.019316,2.856694,0.042408,-0.106610,-35.757008,0.000106,-0.000967,0.000000,0.000000,0.000000,0.000000
-3.070000,-3.039755,0.000000,0.000709,-0.044438,0.000000,-0.003194,0.063927,-3.454766,0.043375,-0.376177,40.559158,0.000107,-0.000248,0.000000,0.000000,0.000000,0.000000
-2.660000,-5.225484,0.000000,-0.001452,-0.038504,0.000000,-0.002324,0.038027,-5.267969,0.038364,-0.067887,203.858902,0.000003,0.003677,0.000000,0.000000,0.000000,0.000000
-6.960000,-6.224261,0.000000,-0.001465,-0.100746,0.000000,-0.002327,0.101654,-6.274589,0.034687,-0.181476,242.812881,0.000156,0.004100,0.000000,0.000000,0.000000,0.000000
0.470000,10.754944,0.000000,-0.001471,0.006803,0.000000,-0.002483,-0.008652,10.917466,0.030587,0.021036,-310.230347,0.000183,-0.005825,0.000000,0.000000,0.000000,0.000000
-1.440000,-2.764730,0.000000,-0.001139,-0.020844,0.000000,-0.002666,0.021179,-2.834770,0.036412,-0.064521,64.282158,0.000003,0.001053,0.000000,0.000000,0.000000,0.000000
0.300000,2.518655,0.000000,-0.000904,0.004343,0.000000,-0.002669,-0.005831,2.609756,0.035358,0.021139,-49.727913,0.000034,-0.000886,0.000000,0.000000,0.000000,0.000000
0.700000,0.579001,0.000000,-0.000599,0.010133,0.000000,-0.002703,-0.012400,0.606697,0.036245,0.051635,-10.065093,-0.000022,-0.000049,0.000000,0.000000,0.000000,0.000000
0.450000,-0.361876,0.000000,-0.000281,0.006514,0.000000,-0.002681,-0.008206,-0.388933,0.036294,0.038237,5.766079,-0.000030,0.000213,0.000000,0.000000,0.000000,0.000000
4.680000,6.122936,0.000000,0.000023,0.067743,0.000000,-0.002651,-0.085879,6.658349,0.036081,0.438972,-89.990944,-0.000106,-0.000517,0.000000,0.000000,0.000000,0.000000
-2.740000,-10.740469,0.000000,0.000507,-0.039662,0.000000,-0.002545,0.053723,-11.926573,0.036598,-0.296511,149.283981,-0.000080,0.002026,0.000000,0.000000,0.000000,0.000000
-0.170000,3.720082,0.000000,0.000680,-0.002461,0.000000,-0.002465,0.004447,4.219411,0.034573,-0.026169,-49.536144,0.000092,-0.001012,0.000000,0.000000,0.000000,0.000000
-0.620000,1.418553,0.000000,-0.000898,-0.008975,0.000000,-0.001657,0.008349,1.429017,0.033103,-0.014904,-55.299854,0.000049,-0.001086,0.000000,0.000000,0.000000,0.000000
1.800000,3.502956,0.000000,-0.000843,0.026055,0.000000,-0.001707,-0.027541,3.529971,0.034188,0.049166,-136.602173,-0.000008,-0.002452,0.000000,0.000000,0.000000,0.000000
2.490000,0.998777,0.000000,-0.000428,0.036043,0.000000,-0.001699,-0.038139,1.012706,0.036640,0.092723,-28.777033,-0.000084,-0.000290,0.000000,0.000000,0.000000,0.000000
2.370000,-0.173701,0.000000,0.000015,0.034306,0.000000,-0.001615,-0.036856,-0.179641,0.036930,0.112284,4.073601,-0.000103,0.000381,0.000000,0.000000,0.000000,0.000000
0.200000,-3.141080,0.000000,0.000451,0.002895,0.000000,-0.001512,-0.002716,-3.258785,0.036548,0.009846,62.094910,-0.000069,0.001202,0.000000,0.000000,0.000000,0.000000
-0.460000,-0.955352,0.000000,0.000794,-0.006659,0.000000,-0.001443,0.008612,-1.006730,0.035346,-0.035861,16.701626,0.000004,0.000217,0.000000,0.000000,0.000000,0.000000
-1.450000,-1.433028,0.000000,0.001114,-0.020989,0.000000,-0.001447,0.026692,-1.533696,0.035129,-0.124381,22.737606,0.000043,0.000094,0.000000,0.000000,0.000000,0.000000
-1.970000,-0.752701,0.000000,0.001397,-0.028516,0.000000,-0.001491,0.037934,-0.822113,0.035036,-0.193902,11.111263,0.000087,-0.000314,0.000000,0.000000,0.000000,0.000000
2.510000,6.484811,0.000000,0.001667,0.036332,0.000000,-0.001577,-0.046362,7.195196,0.035350,0.255886,-90.061699,0.000011,-0.001013,0.000000,0.000000,0.000000,0.000000
2.620000,0.159225,0.000000,0.002137,0.037925,0.000000,-0.001588,-0.050674,0.176130,0.036363,0.298191,-2.067778,-0.000134,0.000769,0.000000,0.000000,0.000000,0.000000
-2.960000,0.535576,0.000000,-0.001990,-0.042846,0.000000,-0.003071,0.041943,0.538690,0.047740,-0.074879,-20.846140,0.000124,-0.000599,0.000000,0.000000,0.000000,0.000000
-0.940000,2.923955,0.000000,-0.001993,-0.013607,0.000000,-0.003195,0.011891,2.946054,0.048338,-0.021229,-114.005859,0.000088,-0.002215,0.000000,0.000000,0.000000,0.000000
0.200000,1.650153,0.000000,-0.001573,0.002895,0.000000,-0.003283,-0.004672,1.673596,0.050553,0.011358,-47.556839,0.000019,-0.000866,0.000000,0.000000,0.000000,0.000000
0.150000,-0.072375,0.000000,-0.001112,0.002171,0.000000,-0.003302,-0.003528,-0.076278,0.051419,0.010750,1.729703,-0.000011,0.000063,0.000000,0.000000,0.000000,0.000000
-0.980000,-1.635678,0.000000,-0.000662,-0.014186,0.000000,-0.003291,0.015029,-1.698478,0.051356,-0.054488,32.363850,0.000009,0.000465,0.000000,0.000000,0.000000,0.000000
-0.350000,0.911927,0.000000,-0.000268,-0.005066,0.000000,-0.003299,0.005545,0.955725,0.050890,-0.023089,-15.855468,0.000033,-0.000364,0.000000,0.000000,0.000000,0.000000
-0.280000,0.101325,0.000000,0.000151,-0.004053,0.000000,-0.003332,0.005077,0.104731,0.051254,-0.023656,-1.552681,0.000016,-0.000093,0.000000,0.000000,0.000000,0.000000
-0.300000,-0.028950,0.000000,0.000572,-0.004343,0.000000,-0.003348,0.006232,-0.035568,0.051347,-0.031857,0.480715,0.000016,-0.000077,0.000000,0.000000,0.000000,0.000000
0.160000,0.665851,0.000000,0.000995,0.002316,0.000000,-0.003364,-0.001766,0.734488,0.051423,0.009750,-9.193531,0.000009,-0.000148,0.000000,0.000000,0.000000,0.000000
1.120000,1.389602,0.000000,0.001444,0.016212,0.000000,-0.003373,-0.020912,1.571986,0.051571,0.123055,-18.455206,-0.000027,-0.000016,0.000000,0.000000,0.000000,0.000000
-1.390000,0.636901,0.000000,-0.002365,-0.020120,0.000000,-0.003557,0.018301,0.640709,0.052764,-0.032672,-24.794037,0.000062,-0.000558,0.000000,0.000000,0.000000,0.000000
1.860000,4.704383,0.000000,-0.002294,0.026924,0.000000,-0.003619,-0.029916,4.740527,0.053322,0.053407,-183.448044,0.000009,-0.003328,0.000000,0.000000,0.000000,0.000000
-2.040000,-5.645260,0.000000,-0.001709,-0.029529,0.000000,-0.003627,0.029093,-5.732903,0.056650,-0.070730,162.906021,-0.000030,0.002899,0.000000,0.000000,0.000000,0.000000
-0.540000,2.171254,0.000000,-0.001319,-0.007817,0.000000,-0.003598,0.006983,2.222947,0.053751,-0.021275,-50.408279,0.000061,-0.001017,0.000000,0.000000,0.000000,0.000000
-1.610000,-1.548828,0.000000,-0.000872,-0.023305,0.000000,-0.003659,0.024930,-1.608563,0.054768,-0.090386,30.650564,0.000037,0.000338,0.000000,0.000000,0.000000,0.000000
-0.240000,1.983079,0.000000,-0.000479,-0.003474,0.000000,-0.003696,0.003461,2.081684,0.054430,-0.014411,-34.535095,0.000049,-0.000694,0.000000,0.000000,0.000000,0.000000
-0.200000,0.057900,0.000000,-0.000031,-0.002895,0.000000,-0.003744,0.003458,0.058148,0.055124,-0.016115,-0.862072,0.000010,-0.000059,0.000000,0.000000,0.000000,0.000000
-1.100000,-1.302752,0.000000,0.000416,-0.015923,0.000000,-0.003755,0.020720,-1.421523,0.055182,-0.105912,19.212597,0.000029,0.000077,0.000000,0.000000,0.000000,0.000000
-1.040000,0.086850,0.000000,0.000828,-0.015054,0.000000,-0.003784,0.021241,0.091525,0.055105,-0.117233,-1.145609,0.000059,-0.000339,0.000000,0.000000,0.000000,0.000000
-1.920000,-1.273802,0.000000,0.001246,-0.027792,0.000000,-0.003843,0.041116,-1.451559,0.055444,-0.241950,17.041395,0.000084,-0.000331,0.000000,0.000000,0.000000,0.000000
-0.540000,-3.112130,0.000000,-0.002534,-0.007817,0.000000,-0.003727,0.005530,-3.138135,0.052958,-0.009873,121.438980,-0.000045,0.002273,0.000000,0.000000,0.000000,0.000000
-0.050000,0.709276,0.000000,-0.002430,-0.000724,0.000000,-0.003683,-0.001747,0.713722,0.050684,0.003118,-27.619490,0.000009,-0.000519,0.000000,0.000000,0.000000,0.000000
-1.050000,-1.447502,0.000000,-0.001976,-0.015199,0.000000,-0.003692,0.013828,-1.471129,0.051203,-0.033617,41.803539,0.000010,0.000702,0.000000,0.000000,0.000000,0.000000
0.120000,1.693578,0.000000,-0.001584,0.001737,0.000000,-0.003701,-0.003570,1.733601,0.050502,0.010875,-39.311695,0.000023,-0.000716,0.000000,0.000000,0.000000,0.000000
-1.310000,-2.069929,0.000000,-0.001152,-0.018962,0.000000,-0.003724,0.019793,-2.148612,0.051218,-0.071762,40.940979,0.000013,0.000582,0.000000,0.000000,0.000000,0.000000
-1.490000,-0.260551,0.000000,-0.000791,-0.021568,0.000000,-0.003737,0.024007,-0.276741,0.050635,-0.099970,4.591136,0.000060,-0.000185,0.000000,0.000000,0.000000,0.000000
3.430000,7.121713,0.000000,-0.000445,0.049649,0.000000,-0.003797,-0.060497,7.604871,0.050820,0.281907,-112.744965,-0.000020,-0.001372,0.000000,0.000000,0.000000,0.000000
1.300000,-3.083180,0.000000,0.000107,0.018818,0.000000,-0.003777,-0.023727,-3.358049,0.052192,0.121282,45.385719,-0.000128,0.001190,0.000000,0.000000,0.000000,0.000000
-0.610000,-2.764730,0.000000,0.000569,-0.008830,0.000000,-0.003649,0.012570,-3.073628,0.051002,-0.069379,38.472359,-0.000024,0.000539,0.000000,0.000000,0.000000,0.000000
0.230000,1.215902,0.000000,0.000953,0.003329,0.000000,-0.003625,-0.003364,1.375253,0.050463,0.019798,-16.145548,0.000017,-0.000253,0.000000,0.000000,0.000000,0.000000
-0.200000,-1.273802,0.000000,-0.001791,-0.002895,0.000000,-0.002864,0.001241,-1.285073,0.047201,-0.002215,49.729519,-0.000021,0.000936,0.000000,0.000000,0.000000,0.000000
0.110000,0.448726,0.000000,-0.001686,0.001592,0.000000,-0.002843,-0.003357,0.451179,0.046265,0.005993,-17.459625,-0.000000,-0.000316,0.000000,0.000000,0.000000,0.000000
-1.730000,-2.663405,0.000000,-0.001258,-0.025042,0.000000,-0.002842,0.024872,-2.705413,0.046581,-0.060468,76.876930,0.000016,0.001293,0.000000,0.000000,0.000000,0.000000
0.070000,2.605505,0.000000,-0.000925,0.001013,0.000000,-0.002858,-0.002084,2.668289,0.045289,0.006348,-60.506989,0.000045,-0.001131,0.000000,0.000000,0.000000,0.000000
2.120000,2.967380,0.000000,-0.000519,0.030687,0.000000,-0.002903,-0.034679,3.074347,0.046420,0.125733,-58.580513,-0.000036,-0.000767,0.000000,0.000000,0.000000,0.000000
1.760000,-0.521101,0.000000,-0.000027,0.025476,0.000000,-0.002867,-0.029468,-0.550674,0.047187,0.122711,9.135669,-0.000090,0.000506,0.000000,0.000000,0.000000,0.000000
-0.700000,-3.560856,0.000000,0.000448,-0.010133,0.000000,-0.002777,0.012778,-3.807384,0.046680,-0.059544,56.445850,-0.000037,0.000907,0.000000,0.000000,0.000000,0.000000
-2.860000,-3.126605,0.000000,0.000820,-0.041399,0.000000,-0.002740,0.053540,-3.405157,0.045773,-0.273670,46.022404,0.000080,0.000129,0.000000,0.000000,0.000000,0.000000
-0.850000,2.909480,0.000000,0.001105,-0.012304,0.000000,-0.002820,0.017933,3.225611,0.045644,-0.098979,-40.374725,0.000109,-0.001032,0.000000,0.000000,0.000000,0.000000
-1.250000,-0.579001,0.000000,0.001481,-0.018094,0.000000,-0.002930,0.027717,-0.662278,0.046676,-0.163102,7.775185,0.000062,-0.000292,0.000000,0.000000,0.000000,0.000000
1.110000,1.997553,0.000000,-0.002348,0.016067,0.000000,-0.003446,-0.018743,2.012285,0.048767,0.033460,-77.871040,-0.000013,-0.001383,0.000000,0.000000,0.000000,0.000000
-0.730000,-2.663405,0.000000,-0.002189,-0.010567,0.000000,-0.003433,0.008578,-2.685779,0.050150,-0.015314,103.933784,-0.000028,0.001929,0.000000,0.000000,0.000000,0.000000
-0.080000,0.940877,0.000000,-0.001787,-0.001158,0.000000,-0.003406,-0.000658,0.953640,0.048221,0.001599,-27.098606,0.000016,-0.000512,0.000000,0.000000,0.000000,0.000000
2.330000,3.488481,0.000000,-0.001368,0.033727,0.000000,-0.003422,-0.037720,3.573086,0.048733,0.114917,-81.024460,-0.000034,-0.001222,0.000000,0.000000,0.000000,0.000000
0.960000,-1.983078,0.000000,-0.000851,0.013896,0.000000,-0.003388,-0.016389,-2.058560,0.049956,0.059419,39.225086,-0.000083,0.000906,0.000000,0.000000,0.000000,0.000000
0.190000,-1.114577,0.000000,-0.000402,0.002750,0.000000,-0.003305,-0.003642,-1.174603,0.049050,0.015168,19.486645,-0.000032,0.000408,0.000000,0.000000,0.000000,0.000000
-0.920000,-1.606728,0.000000,0.000010,-0.013317,0.000000,-0.003273,0.016094,-1.719753,0.048642,-0.074998,25.495964,0.000011,0.000279,0.000000,0.000000,0.000000,0.000000
3.380000,6.224261,0.000000,0.000374,0.048926,0.000000,-0.003284,-0.061571,6.767502,0.048362,0.314722,-91.466194,-0.000038,-0.000881,0.000000,0.000000,0.000000,0.000000
1.550000,-2.648930,0.000000,0.000921,0.022436,0.000000,-0.003245,-0.028775,-2.945142,0.049244,0.158816,36.864109,-0.000134,0.001129,0.000000,0.000000,0.000000,0.000000
0.700000,-1.230377,0.000000,0.001397,0.010133,0.000000,-0.003112,-0.012369,-1.401749,0.048114,0.072786,16.456612,-0.000060,0.000506,0.000000,0.000000,0.000000,0.000000
-7.180000,-6.093986,0.000000,-0.002040,-0.103931,0.000000,-0.003154,0.104440,-6.143630,0.049177,-0.186449,237.745087,0.000166,0.003996,0.000000,0.000000,0.000000,0.000000
-5.730000,2.098878,0.000000,-0.002204,-0.082942,0.000000,-0.003320,0.082667,2.114507,0.045180,-0.147580,-81.826797,0.000263,-0.001956,0.000000,0.000000,0.000000,0.000000
-5.690000,0.057900,0.000000,-0.002013,-0.082363,0.000000,-0.003584,0.084025,0.057301,0.047136,-0.204280,-1.628264,0.000228,-0.000580,0.000000,0.000000,0.000000,0.000000
1.200000,9.973293,0.000000,-0.001835,0.017370,0.000000,-0.003811,-0.020642,10.218911,0.047716,0.062886,-231.727371,0.000137,-0.004217,0.000000,0.000000,0.000000,0.000000
0.410000,-1.143527,0.000000,-0.001359,0.005935,0.000000,-0.003949,-0.008106,-1.188083,0.051933,0.029389,22.638470,-0.000045,0.000516,0.000000,0.000000,0.000000,0.000000
6.710000,9.119267,0.000000,-0.000930,0.097127,0.000000,-0.003904,-0.113303,9.584324,0.051417,0.471820,-159.003769,-0.000125,-0.001735,0.000000,0.000000,0.000000,0.000000
3.130000,-5.182059,0.000000,-0.000234,0.045307,0.000000,-0.003779,-0.054997,-5.539493,0.053152,0.256281,82.124992,-0.000253,0.002251,0.000000,0.000000,0.000000,0.000000
-7.150000,-14.880326,0.000000,0.000305,-0.103496,0.000000,-0.003526,0.131636,-16.191948,0.050901,-0.672859,218.842316,0.000050,0.002320,0.000000,0.000000,0.000000,0.000000
0.560000,11.160245,0.000000,0.000409,0.008106,0.000000,-0.003576,-0.010295,12.385235,0.048581,0.056819,-155.024994,0.000207,-0.002786,0.000000,0.000000,0.000000,0.000000
2.000000,2.084404,0.000000,0.000840,0.028950,0.000000,-0.003782,-0.039803,2.361133,0.051367,0.234220,-27.719843,-0.000063,0.000114,0.000000,0.000000,0.000000,0.000000
-10.790000,-18.528032,0.000000,-0.001759,-0.156186,0.000000,-0.002832,0.158227,-18.676525,0.047196,-0.282472,722.740723,0.000074,0.012921,0.000000,0.000000,0.000000,0.000000
-2.740000,11.652395,0.000000,-0.002069,-0.039662,0.000000,-0.002907,0.038491,11.744277,0.034275,-0.068715,-454.477905,0.000326,-0.008815,0.000000,0.000000,0.000000,0.000000
-12.080000,-13.519673,0.000000,-0.001795,-0.174858,0.000000,-0.003233,0.180978,-13.726517,0.043090,-0.439992,390.052277,0.000229,0.006212,0.000000,0.000000,0.000000,0.000000
-2.260000,14.214475,0.000000,-0.001973,-0.032714,0.000000,-0.003462,0.033040,14.565823,0.036879,-0.100658,-330.299377,0.000365,-0.006538,0.000000,0.000000,0.000000,0.000000
3.890000,8.902141,0.000000,-0.001720,0.056308,0.000000,-0.003827,-0.064487,9.228105,0.043417,0.233804,-175.838058,-0.000000,-0.002685,0.000000,0.000000,0.000000,0.000000
3.160000,-1.056677,0.000000,-0.001210,0.045741,0.000000,-0.003826,-0.054251,-1.113320,0.046102,0.225915,18.469963,-0.000168,0.000966,0.000000,0.000000,0.000000,0.000000
-1.030000,-6.065036,0.000000,-0.000741,-0.014909,0.000000,-0.003658,0.017110,-6.482044,0.045136,-0.079729,96.098663,-0.000076,0.001602,0.000000,0.000000,0.000000,0.000000
-0.760000,0.390826,0.000000,-0.000458,-0.011001,0.000000,-0.003582,0.013370,0.422171,0.043534,-0.068341,-5.705853,0.000044,-0.000296,0.000000,0.000000,0.000000,0.000000
-1.040000,-0.405301,0.000000,-0.000167,-0.015054,0.000000,-0.003627,0.019910,-0.453341,0.043829,-0.109890,5.674429,0.000045,-0.000189,0.000000,0.000000,0.000000,0.000000
-2.610000,-2.272579,0.000000,0.000110,-0.037780,0.000000,-0.003672,0.053650,-2.583538,0.044019,-0.315706,30.330894,0.000096,-0.000279,0.000000,0.000000,0.000000,0.000000
-4.230000,-2.344954,0.000000,0.000321,-0.061229,0.000000,-0.003768,0.092589,-2.731502,0.044298,-0.574905,30.390978,0.000199,-0.000979,0.000000,0.000000,0.000000,0.000000
-8.130000,-10.798369,0.000000,-0.001256,-0.117682,0.000000,-0.001997,0.119285,-10.885036,0.032657,-0.212951,421.227112,0.000116,0.007402,0.000000,0.000000,0.000000,0.000000
-7.590000,0.781651,0.000000,-0.001496,-0.109865,0.000000,-0.002113,0.110959,0.787286,0.025255,-0.198088,-30.466246,0.000315,-0.001126,0.000000,0.000000,0.000000,0.000000
-1.980000,8.120489,0.000000,-0.001568,-0.028661,0.000000,-0.002428,0.028331,8.243126,0.026382,-0.068878,-234.236389,0.000232,-0.004620,0.000000,0.000000,0.000000,0.000000
-3.560000,-2.287054,0.000000,-0.001390,-0.051531,0.000000,-0.002660,0.053892,-2.344967,0.031001,-0.164184,53.175228,0.000101,0.000571,0.000000,0.000000,0.000000,0.000000
1.400000,7.179613,0.000000,-0.001294,0.020265,0.000000,-0.002761,-0.023959,7.442726,0.030430,0.086864,-141.818314,0.000076,-0.002451,0.000000,0.000000,0.000000,0.000000
-1.380000,-4.024057,0.000000,-0.000988,-0.019976,0.000000,-0.002837,0.021939,-4.232217,0.032881,-0.091361,70.212410,-0.000021,0.001087,0.000000,0.000000,0.000000,0.000000
-0.370000,1.461978,0.000000,-0.000811,-0.005356,0.000000,-0.002816,0.005488,1.559995,0.031794,-0.025574,-23.127491,0.000044,-0.000509,0.000000,0.000000,0.000000,0.000000
-0.310000,0.086850,0.000000,-0.000597,-0.004487,0.000000,-0.002861,0.004934,0.092379,0.032303,-0.025218,-1.248547,0.000015,-0.000091,0.000000,0.000000,0.000000,0.000000
0.960000,1.838328,0.000000,-0.000385,0.013896,0.000000,-0.002876,-0.019100,2.038428,0.032394,0.105417,-25.514839,-0.000013,-0.000198,0.000000,0.000000,0.000000,0.000000
0.470000,-0.709276,0.000000,-0.000123,0.006803,0.000000,-0.002863,-0.009807,-0.807822,0.032592,0.057708,9.483876,-0.000042,0.000336,0.000000,0.000000,0.000000,0.000000
-3.440000,-0.463201,0.000000,-0.000102,-0.049794,0.000000,-0.000647,0.050937,-0.467486,0.023330,-0.090935,18.090677,0.000129,0.000096,0.000000,0.000000,0.000000,0.000000
-2.150000,1.867278,0.000000,-0.000180,-0.031121,0.000000,-0.000776,0.031680,1.881536,0.023234,-0.056557,-72.811356,0.000121,-0.001532,0.000000,0.000000,0.000000,0.000000
-2.400000,-0.361876,0.000000,-0.000027,-0.034740,0.000000,-0.000898,0.036300,-0.368245,0.024766,-0.088253,10.464033,0.000091,-0.000038,0.000000,0.000000,0.000000,0.000000
-4.530000,-3.083180,0.000000,0.000113,-0.065572,0.000000,-0.000989,0.070598,-3.160790,0.024804,-0.215081,71.675117,0.000131,0.000775,0.000000,0.000000,0.000000,0.000000
-2.350000,3.155556,0.000000,0.000157,-0.034016,0.000000,-0.001119,0.037977,3.270486,0.024028,-0.137690,-62.317863,0.000164,-0.001554,0.000000,0.000000,0.000000,0.000000
2.770000,7.411213,0.000000,0.000298,0.040096,0.000000,-0.001284,-0.045985,7.789836,0.025582,0.191493,-129.233231,0.000023,-0.001926,0.000000,0.000000,0.000000,0.000000
3.580000,1.172477,0.000000,0.000663,0.051821,0.000000,-0.001307,-0.061780,1.250451,0.027508,0.287890,-18.538389,-0.000143,0.000431,0.000000,0.000000,0.000000,0.000000
4.380000,1.158002,0.000000,0.001065,0.063401,0.000000,-0.001163,-0.079051,1.257255,0.027077,0.404068,-16.992435,-0.000190,0.000770,0.000000,0.000000,0.000000,0.000000
-3.070000,-10.783894,0.000000,0.001509,-0.044438,0.000000,-0.000973,0.061452,-11.974549,0.026306,-0.339169,149.884460,-0.000060,0.001919,0.000000,0.000000,0.000000,0.000000
3.950000,10.161468,0.000000,0.001648,0.057176,0.000000,-0.000913,-0.078626,11.531510,0.024387,0.462674,-135.380630,0.000006,-0.001315,0.000000,0.000000,0.000000,0.000000
-1.490000,1.534353,0.000000,-0.001021,-0.021568,0.000000,-0.001851,0.021124,1.545664,0.036214,-0.037711,-59.813805,0.000086,-0.001232,0.000000,0.000000,0.000000,0.000000
-4.960000,-5.022834,0.000000,-0.000993,-0.071796,0.000000,-0.001937,0.072496,-5.063700,0.037446,-0.129421,195.954163,0.000100,0.003363,0.000000,0.000000,0.000000,0.000000
-0.320000,6.716412,0.000000,-0.000876,-0.004632,0.000000,-0.002037,0.003928,6.817375,0.034084,-0.009549,-193.722290,0.000140,-0.003700,0.000000,0.000000,0.000000,0.000000
6.030000,9.191642,0.000000,-0.000549,0.087284,0.000000,-0.002177,-0.094403,9.418118,0.037784,0.287603,-213.568329,-0.000077,-0.003259,0.000000,0.000000,0.000000,0.000000
5.920000,-0.159225,0.000000,0.000061,0.085692,0.000000,-0.002099,-0.095162,-0.167257,0.041043,0.345020,3.187011,-0.000260,0.001000,0.000000,0.000000,0.000000,0.000000
8.290000,3.430581,0.000000,0.000664,0.119998,0.000000,-0.001839,-0.137887,3.603989,0.040043,0.574195,-59.790123,-0.000304,0.000419,0.000000,0.000000,0.000000,0.000000
-4.020000,-17.818756,0.000000,0.001374,-0.058190,0.000000,-0.001535,0.071932,-19.038982,0.039624,-0.335195,282.259796,-0.000165,0.004437,0.000000,0.000000,0.000000,0.000000
-6.400000,-3.445056,0.000000,0.001565,-0.092640,0.000000,-0.001369,0.119467,-3.751168,0.035187,-0.610656,50.698921,0.000252,-0.000700,0.000000,0.000000,0.000000,0.000000
6.380000,18.499083,0.000000,0.001666,0.092351,0.000000,-0.001622,-0.121285,20.532595,0.035887,0.669410,-257.004852,0.000060,-0.003054,0.000000,0.000000,0.000000,0.000000
-3.480000,-0.911927,0.000000,-0.002146,-0.050373,0.000000,-0.003301,0.049498,-0.920402,0.051027,-0.088365,35.617546,0.000116,0.000441,0.000000,0.000000,0.000000,0.000000
-7.240000,-5.442609,0.000000,-0.002161,-0.104799,0.000000,-0.003418,0.105091,-5.487099,0.050586,-0.187611,212.338745,0.000180,0.003512,0.000000,0.000000,0.000000,0.000000
-6.580000,0.955351,0.000000,-0.002030,-0.095246,0.000000,-0.003598,0.097479,0.968397,0.047073,-0.236989,-27.517935,0.000282,-0.001169,0.000000,0.000000,0.000000,0.000000
3.800000,15.025077,0.000000,-0.001883,0.055005,0.000000,-0.003880,-0.061144,15.396025,0.048242,0.186277,-349.125275,0.000126,-0.006105,0.000000,0.000000,0.000000,0.000000
-1.860000,-8.192864,0.000000,-0.001281,-0.026924,0.000000,-0.004005,0.028496,-8.497202,0.054347,-0.103315,161.910950,-0.000084,0.002798,0.000000,0.000000,0.000000,0.000000
1.940000,5.500510,0.000000,-0.000941,0.028082,0.000000,-0.003921,-0.033534,5.779893,0.051549,0.139645,-95.888321,0.000019,-0.001443,0.000000,0.000000,0.000000,0.000000
4.310000,3.430581,0.000000,-0.000442,0.062387,0.000000,-0.003940,-0.075875,3.661484,0.052992,0.353569,-54.282837,-0.000136,-0.000069,0.000000,0.000000,0.000000,0.000000
-7.550000,-17.167381,0.000000,0.000154,-0.109286,0.000000,-0.003804,0.138788,-18.680079,0.053061,-0.709416,252.470673,0.000022,0.002862,0.000000,0.000000,0.000000,0.000000
-5.330000,3.213456,0.000000,0.000247,-0.077152,0.000000,-0.003826,0.103516,3.563208,0.050199,-0.571333,-44.600388,0.000347,-0.002395,0.000000,0.000000,0.000000,0.000000
-1.020000,6.238736,0.000000,0.000434,-0.014765,0.000000,-0.004174,0.021520,7.077094,0.052595,-0.126636,-83.085503,0.000192,-0.001911,0.000000,0.000000,0.000000,0.000000
-0.540000,5.153109,0.000000,-0.002066,-0.007817,0.000000,-0.003075,0.005992,5.193027,0.044749,-0.010697,-200.958832,0.000114,-0.003831,0.000000,0.000000,0.000000,0.000000
-1.070000,-0.767176,0.000000,-0.001980,-0.015488,0.000000,-0.003189,0.013831,-0.774440,0.048580,-0.024691,29.969120,0.000023,0.000508,0.000000,0.000000,0.000000,0.000000
-1.220000,-0.217125,0.000000,-0.001590,-0.017660,0.000000,-0.003212,0.016805,-0.221975,0.048072,-0.040856,6.307635,0.000041,0.000008,0.000000,0.000000,0.000000,0.000000
0.800000,2.923955,0.000000,-0.001218,0.011580,0.000000,-0.003253,-0.013756,2.994561,0.048064,0.041907,-67.905640,0.000019,-0.001172,0.000000,0.000000,0.000000,0.000000
4.810000,5.804485,0.000000,-0.000765,0.069625,0.000000,-0.003272,-0.078224,6.015851,0.049236,0.283611,-114.629768,-0.000098,-0.001401,0.000000,0.000000,0.000000,0.000000
-3.700000,-12.318246,0.000000,-0.000142,-0.053558,0.000000,-0.003175,0.061721,-12.953276,0.050638,-0.257021,214.894638,-0.000078,0.003376,0.000000,0.000000,0.000000,0.000000
-1.890000,2.619980,0.000000,0.000110,-0.027358,0.000000,-0.003097,0.033172,2.795696,0.047261,-0.154575,-41.447212,0.000143,-0.001209,0.000000,0.000000,0.000000,0.000000
-1.060000,1.201427,0.000000,0.000440,-0.015344,0.000000,-0.003239,0.020016,1.303213,0.048470,-0.102311,-17.613585,0.000079,-0.000608,0.000000,0.000000,0.000000,0.000000
-5.720000,-6.745362,0.000000,0.000806,-0.082797,0.000000,-0.003318,0.111814,-7.492646,0.049078,-0.617137,93.784851,0.000160,0.000108,0.000000,0.000000,0.000000,0.000000
11.070000,15.401426,0.000000,-0.002091,0.160239,0.000000,-0.003132,-0.166102,15.522815,0.046086,0.296531,-600.699036,-0.000156,-0.010572,0.000000,0.000000,0.000000,0.000000
-3.070000,-20.467686,0.000000,-0.001548,-0.044438,0.000000,-0.002976,0.043915,-20.631853,0.056659,-0.078399,798.407715,-0.000272,0.014925,0.000000,0.000000,0.000000,0.000000
-6.030000,-4.284608,0.000000,-0.001292,-0.087284,0.000000,-0.002704,0.089925,-4.351084,0.041733,-0.218625,123.640259,0.000161,0.001722,0.000000,0.000000,0.000000,0.000000
0.120000,8.902141,0.000000,-0.001184,0.001737,0.000000,-0.002866,-0.003139,9.121428,0.040011,0.009564,-206.840454,0.000164,-0.003894,0.000000,0.000000,0.000000,0.000000
-1.710000,-2.648930,0.000000,-0.000806,-0.024752,0.000000,-0.003030,0.026611,-2.748627,0.043905,-0.096482,52.374054,0.000020,0.000738,0.000000,0.000000,0.000000,0.000000
0.740000,3.546381,0.000000,-0.000517,0.010712,0.000000,-0.003049,-0.012974,3.725886,0.043167,0.054027,-61.812382,0.000035,-0.001026,0.000000,0.000000,0.000000,0.000000
1.740000,1.447503,0.000000,-0.000125,0.025187,0.000000,-0.003085,-0.030568,1.543435,0.044193,0.142442,-22.881977,-0.000054,-0.000046,0.000000,0.000000,0.000000,0.000000
4.260000,3.647707,0.000000,0.000307,0.061664,0.000000,-0.003031,-0.077810,3.964853,0.044239,0.397726,-53.586987,-0.000135,0.000061,0.000000,0.000000,0.000000,0.000000
1.960000,-3.329256,0.000000,0.000847,0.028371,0.000000,-0.002896,-0.036811,-3.699947,0.044178,0.203172,46.311939,-0.000169,0.001426,0.000000,0.000000,0.000000,0.000000
3.730000,2.562079,0.000000,0.001296,0.053992,0.000000,-0.002727,-0.074616,2.903775,0.042751,0.439078,-34.090496,-0.000147,0.000540,0.000000,0.000000,0.000000,0.000000
3.610000,-0.173700,0.000000,0.001826,0.052255,0.000000,-0.002580,-0.075859,-0.207346,0.042212,0.471023,2.306949,-0.000209,0.001317,0.000000,0.000000,0.000000,0.000000
-5.110000,-1.679103,0.000000,-0.001542,-0.073967,0.000000,-0.002581,0.074263,-1.693567,0.045564,-0.132577,65.537331,0.000169,0.000880,0.000000,0.000000,0.000000,0.000000
-4.490000,0.897452,0.000000,-0.001634,-0.064993,0.000000,-0.002750,0.064873,0.903512,0.044685,-0.115814,-34.963936,0.000192,-0.000977,0.000000,0.000000,0.000000,0.000000
0.290000,6.919062,0.000000,-0.001397,0.004198,0.000000,-0.002943,-0.005850,7.022743,0.045661,0.014223,-199.558060,0.000117,-0.003738,0.000000,0.000000,0.000000,0.000000
1.090000,1.158002,0.000000,-0.000947,0.015778,0.000000,-0.003059,-0.017976,1.184693,0.049400,0.054763,-26.864479,-0.000026,-0.000354,0.000000,0.000000,0.000000,0.000000
-4.570000,-8.192865,0.000000,-0.000469,-0.066151,0.000000,-0.003033,0.072992,-8.497133,0.049753,-0.264642,161.909653,0.000037,0.002351,0.000000,0.000000,0.000000,0.000000
-1.910000,3.850357,0.000000,-0.000245,-0.027647,0.000000,-0.003070,0.031662,4.045124,0.047403,-0.131850,-67.108528,0.000162,-0.001632,0.000000,0.000000,0.000000,0.000000
-0.070000,2.663405,0.000000,0.000091,-0.001013,0.000000,-0.003232,0.001334,2.841974,0.049035,-0.006217,-42.133305,0.000057,-0.000812,0.000000,0.000000,0.000000,0.000000
-0.440000,-0.535576,0.000000,0.000506,-0.006369,0.000000,-0.003289,0.008719,-0.586574,0.049846,-0.044567,7.927845,0.000012,0.000031,0.000000,0.000000,0.000000,0.000000
-1.640000,-1.737003,0.000000,0.000908,-0.023739,0.000000,-0.003301,0.032963,-1.932820,0.049815,-0.181934,24.192949,0.000053,-0.000034,0.000000,0.000000,0.000000,0.000000
