-0.000000,0.000000,0.475724,0.000508,-0.000000,ovf,-0.000000,ovf,-0.000003,-0.061450,-0.000000,-198.274826,0.000000,0.000000,-1037553.375000,ovf,-0.000015,ovf
0.400000,0.651376,0.000000,0.000000,0.005790,0.000000,0.000000,-0.005824,0.652669,0.000000,0.005260,-49.924263,-0.000003,-0.000931,0.000000,0.000000,0.000000,0.000000
2.220000,2.634454,0.000000,0.000016,0.032135,0.000000,0.000003,-0.032310,2.639671,0.000931,0.029181,-201.914948,-0.000037,-0.003743,0.000000,0.000000,0.000000,0.000000
0.820000,-2.026504,0.000000,0.000150,0.011870,0.000000,0.000041,-0.011936,-2.039117,0.004674,0.018838,89.261238,-0.000071,0.001748,0.000000,0.000000,0.000000,0.000000
-0.390000,-1.751478,0.000000,0.000214,-0.005645,0.000000,0.000112,0.006083,-1.773801,0.002926,-0.013579,54.894985,-0.000017,0.000999,0.000000,0.000000,0.000000,0.000000
-0.600000,-0.303976,0.000000,0.000222,-0.008685,0.000000,0.000129,0.009485,-0.310634,0.001926,-0.027108,7.508991,0.000020,0.000067,0.000000,0.000000,0.000000,0.000000
-0.580000,0.028950,0.000000,0.000222,-0.008396,0.000000,0.000109,0.009471,0.029765,0.001859,-0.032664,-0.596238,0.000026,-0.000100,0.000000,0.000000,0.000000,0.000000
-0.420000,0.231600,0.000000,0.000224,-0.006080,0.000000,0.000083,0.007191,0.242201,0.001959,-0.028767,-4.182629,0.000024,-0.000157,0.000000,0.000000,0.000000,0.000000
-0.260000,0.231600,0.000000,0.000234,-0.003764,0.000000,0.000059,0.004759,0.245905,0.002116,-0.021463,-3.767043,0.000017,-0.000129,0.000000,0.000000,0.000000,0.000000
-0.060000,0.289501,0.000000,0.000253,-0.000869,0.000000,0.000041,0.001400,0.312814,0.002245,-0.006967,-4.343743,0.000010,-0.000101,0.000000,0.000000,0.000000,0.000000
2.860000,4.226707,0.000000,0.000282,0.041399,0.000000,0.000032,-0.054060,4.661242,0.002346,0.291737,-59.671879,-0.000058,-0.000341,0.000000,0.000000,0.000000,0.000000
-0.020000,-4.168807,0.000000,0.000437,-0.000290,0.000000,0.000090,0.001010,-4.698877,0.002686,-0.005831,56.212730,-0.000086,0.001049,0.000000,0.000000,0.000000,0.000000
0.020000,0.057900,0.000000,0.000473,0.000290,0.000000,0.000176,0.000271,0.066295,0.001637,-0.001654,-0.749340,0.000002,-0.000021,0.000000,0.000000,0.000000,0.000000
-0.760000,-1.129052,0.000000,0.000514,-0.011001,0.000000,0.000174,0.018090,-1.337344,0.001658,-0.115964,14.412669,0.000024,-0.000041,0.000000,0.000000,0.000000,0.000000
-0.800000,-0.057900,0.000000,0.000527,-0.011580,0.000000,0.000150,0.020306,-0.071193,0.001698,-0.135495,0.737070,0.000054,-0.000352,0.000000,0.000000,0.000000,0.000000
-1.280000,-0.694801,0.000000,0.000541,-0.018528,0.000000,0.000096,0.034230,-0.871548,0.002051,-0.236274,8.722952,0.000076,-0.000473,0.000000,0.000000,0.000000,0.000000
4.360000,8.757391,0.000000,0.000993,0.063111,0.000000,0.001025,-0.063408,8.826852,0.005024,0.113198,-341.579865,-0.000005,-0.006161,0.000000,0.000000,0.000000,0.000000
-1.580000,-8.598166,0.000000,0.001351,-0.022871,0.000000,0.001030,0.024800,-8.666899,0.011185,-0.044273,335.390015,-0.000097,0.006242,0.000000,0.000000,0.000000,0.000000
-7.820000,-9.032415,0.000000,0.001360,-0.113195,0.000000,0.001127,0.119794,-9.169996,0.004942,-0.291242,260.574280,0.000151,0.004135,0.000000,0.000000,0.000000,0.000000
0.710000,12.347198,0.000000,0.001088,0.010277,0.000000,0.000976,-0.009877,12.653364,0.000808,0.030091,-286.931824,0.000213,-0.005359,0.000000,0.000000,0.000000,0.000000
-11.110000,-17.109480,0.000000,0.001208,-0.160818,0.000000,0.000764,0.180059,-17.740229,0.006167,-0.652824,338.033325,0.000151,0.004645,0.000000,0.000000,0.000000,0.000000
10.350000,31.063406,0.000000,0.000814,0.149817,0.000000,0.000613,-0.172169,32.656868,0.001522,0.716950,-541.776855,0.000152,-0.008328,0.000000,0.000000,0.000000,0.000000
-0.310000,-15.430378,0.000000,0.001359,-0.004487,0.000000,0.000461,0.007060,-16.485460,0.009850,-0.032898,244.402969,-0.000293,0.004554,0.000000,0.000000,0.000000,0.000000
-8.230000,-11.464219,0.000000,0.001453,-0.119129,0.000000,0.000754,0.152918,-12.472803,0.005296,-0.781639,168.576202,0.000178,0.001069,0.000000,0.000000,0.000000,0.000000
-3.650000,6.629561,0.000000,0.001222,-0.052834,0.000000,0.000576,0.072296,7.358637,0.004227,-0.399024,-92.107475,0.000335,-0.002825,0.000000,0.000000,0.000000,0.000000
-3.440000,0.303975,0.000000,0.001192,-0.049794,0.000000,0.000241,0.072195,0.343610,0.007052,-0.424832,-4.034000,0.000201,-0.001220,0.000000,0.000000,0.000000,0.000000
-2.440000,1.447502,0.000000,0.001179,-0.035319,0.000000,0.000040,0.054903,1.681755,0.008272,-0.340906,-18.711376,0.000180,-0.001274,0.000000,0.000000,0.000000,0.000000
-2.720000,-0.448726,0.000000,-0.000559,-0.039372,0.000000,-0.000926,0.039779,-0.452686,0.016125,-0.071014,17.517973,0.000099,0.000142,0.000000,0.000000,0.000000,0.000000
-2.970000,-0.361876,0.000000,-0.000627,-0.042991,0.000000,-0.001025,0.043376,-0.365137,0.015983,-0.077437,14.130009,0.000110,0.000058,0.000000,0.000000,0.000000,0.000000
-1.580000,2.012029,0.000000,-0.000601,-0.022871,0.000000,-0.001135,0.023288,2.042103,0.015926,-0.056617,-58.028332,0.000101,-0.001252,0.000000,0.000000,0.000000,0.000000
-14.480000,-18.672783,0.000000,-0.000515,-0.209598,0.000000,-0.001237,0.224723,-19.136776,0.017178,-0.684630,433.951782,0.000245,0.006367,0.000000,0.000000,0.000000,0.000000
5.380000,28.747402,0.000000,-0.001017,0.077876,0.000000,-0.001482,-0.087673,29.805862,0.010810,0.317867,-567.939392,0.000327,-0.009906,0.000000,0.000000,0.000000,0.000000
4.900000,-0.694801,0.000000,-0.000647,0.070928,0.000000,-0.001809,-0.082703,-0.731511,0.020716,0.344395,12.135747,-0.000238,0.001180,0.000000,0.000000,0.000000,0.000000
-1.010000,-8.554741,0.000000,-0.000305,-0.014620,0.000000,-0.001571,0.017287,-9.140236,0.019536,-0.080554,135.507324,-0.000126,0.002346,0.000000,0.000000,0.000000,0.000000
-4.400000,-4.907034,0.000000,-0.000219,-0.063690,0.000000,-0.001445,0.080491,-5.339439,0.017191,-0.411430,72.165207,0.000117,0.000249,0.000000,0.000000,0.000000,0.000000
0.380000,6.919062,0.000000,-0.000278,0.005501,0.000000,-0.001562,-0.007729,7.679891,0.016941,0.042659,-96.128563,0.000124,-0.001705,0.000000,0.000000,0.000000,0.000000
-1.370000,-2.533129,0.000000,-0.000138,-0.019831,0.000000,-0.001686,0.027884,-2.876964,0.018647,-0.164082,33.775730,0.000021,0.000199,0.000000,0.000000,0.000000,0.000000
3.250000,6.687462,0.000000,-0.000073,0.047044,0.000000,-0.001707,-0.070877,7.776118,0.018448,0.440090,-86.517899,-0.000045,-0.000448,0.000000,0.000000,0.000000,0.000000
6.650000,-5.630785,0.000000,0.000564,0.096259,0.000000,0.000236,-0.097945,-5.675944,0.013539,0.174854,219.646637,-0.000372,0.004633,0.000000,0.000000,0.000000,0.000000
-1.890000,-12.361672,0.000000,0.000858,-0.027358,0.000000,0.000608,0.028891,-12.460254,0.008906,-0.051576,482.184631,-0.000157,0.008982,0.000000,0.000000,0.000000,0.000000
-6.720000,-6.991437,0.000000,0.000798,-0.097272,0.000000,0.000765,0.102555,-7.097771,-0.000076,-0.249330,201.690002,0.000143,0.003128,0.000000,0.000000,0.000000,0.000000
-2.140000,6.629561,0.000000,0.000517,-0.030977,0.000000,0.000622,0.033849,6.794121,-0.003204,-0.103123,-154.065689,0.000220,-0.003202,0.000000,0.000000,0.000000,0.000000
-0.080000,2.981855,0.000000,0.000447,-0.001158,0.000000,0.000402,0.001783,3.091587,-0.000002,-0.006466,-58.909027,0.000063,-0.001127,0.000000,0.000000,0.000000,0.000000
5.570000,8.178390,0.000000,0.000470,0.080626,0.000000,0.000339,-0.092618,8.597798,0.001125,0.385683,-142.637329,-0.000088,-0.001655,0.000000,0.000000,0.000000,0.000000
1.230000,-6.282161,0.000000,0.000742,0.017804,0.000000,0.000427,-0.020605,-6.711706,0.002780,0.096016,99.503471,-0.000183,0.002147,0.000000,0.000000,0.000000,0.000000
-0.120000,-1.954129,0.000000,0.000833,-0.001737,0.000000,0.000610,0.003259,-2.126307,0.000633,-0.016657,28.738110,-0.000031,0.000495,0.000000,0.000000,0.000000,0.000000
3.860000,5.761060,0.000000,0.000872,0.055874,0.000000,0.000641,-0.073561,6.395018,0.000138,0.406006,-80.045929,-0.000078,-0.000418,0.000000,0.000000,0.000000,0.000000
0.250000,-5.225484,0.000000,0.001085,0.003619,0.000000,0.000719,-0.003588,-5.932509,0.000557,0.021114,69.648018,-0.000122,0.001377,0.000000,0.000000,0.000000,0.000000
3.790000,5.124159,0.000000,0.001154,0.054860,0.000000,0.000841,-0.080790,5.958653,-0.000820,0.501642,-66.296593,-0.000105,0.000099,0.000000,0.000000,0.000000,0.000000
-1.690000,-7.932314,0.000000,0.001378,-0.024463,0.000000,0.000946,0.041422,-9.471627,-0.000919,-0.269082,100.729240,-0.000067,0.001179,0.000000,0.000000,0.000000,0.000000
-0.620000,-6.238736,0.000000,0.000658,-0.008975,0.000000,0.000423,0.009889,-6.288630,0.009486,-0.017654,243.356247,-0.000092,0.004558,0.000000,0.000000,0.000000,0.000000
0.420000,1.505403,0.000000,0.000658,0.006080,0.000000,0.000515,-0.005551,1.517217,0.004928,0.009911,-58.712959,0.000014,-0.001093,0.000000,0.000000,0.000000,0.000000
1.180000,1.100102,0.000000,0.000746,0.017081,0.000000,0.000501,-0.017082,1.116544,0.006022,0.041530,-31.727673,-0.000025,-0.000486,0.000000,0.000000,0.000000,0.000000
-0.180000,-1.968603,0.000000,0.000874,-0.002606,0.000000,0.000526,0.003740,-2.017862,0.006508,-0.011393,45.757690,-0.000028,0.000837,0.000000,0.000000,0.000000,0.000000
-2.880000,-3.908257,0.000000,0.000947,-0.041688,0.000000,0.000554,0.047380,-4.052702,0.005672,-0.171781,77.222694,0.000051,0.000996,0.000000,0.000000,0.000000,0.000000
-2.370000,0.738227,0.000000,0.000907,-0.034306,0.000000,0.000503,0.040687,0.775559,0.004676,-0.169431,-12.866504,0.000125,-0.000704,0.000000,0.000000,0.000000,0.000000
0.810000,4.603058,0.000000,0.000895,0.011725,0.000000,0.000378,-0.013079,4.916747,0.005380,0.060945,-72.892563,0.000057,-0.001214,0.000000,0.000000,0.000000,0.000000
-8.170000,-12.998573,0.000000,0.001025,-0.118261,0.000000,0.000321,0.151274,-14.141891,0.006594,-0.773235,191.134781,0.000141,0.001530,0.000000,0.000000,0.000000,0.000000
3.390000,16.733130,0.000000,0.000781,0.049070,0.000000,0.000179,-0.064584,18.575134,0.005064,0.356458,-232.503494,0.000177,-0.003441,0.000000,0.000000,0.000000,0.000000
3.440000,0.072375,0.000000,0.001029,0.049794,0.000000,0.000003,-0.069049,0.080701,0.008505,0.406319,-0.947440,-0.000186,0.001088,0.000000,0.000000,0.000000,0.000000
3.520000,20.265036,0.000000,0.000401,0.050952,0.000000,0.000008,-0.051716,20.425755,0.016464,0.092324,-790.432129,0.000247,-0.014719,0.000000,0.000000,0.000000,0.000000
-2.520000,-8.742915,0.000000,0.000580,-0.036477,0.000000,-0.000239,0.037942,-8.813280,0.031183,-0.067736,341.054657,-0.000065,0.006302,0.000000,0.000000,0.000000,0.000000
-6.650000,-5.978186,0.000000,0.000733,-0.096259,0.000000,-0.000175,0.101428,-6.069990,0.024881,-0.246590,172.484665,0.000160,0.002587,0.000000,0.000000,0.000000,0.000000
-8.920000,-3.285830,0.000000,0.000697,-0.129117,0.000000,-0.000334,0.139525,-3.368442,0.022294,-0.425070,76.383896,0.000313,0.000292,0.000000,0.000000,0.000000,0.000000
2.560000,16.617331,0.000000,0.000563,0.037056,0.000000,-0.000648,-0.040554,17.228098,0.022002,0.147033,-328.274902,0.000216,-0.005819,0.000000,0.000000,0.000000,0.000000
3.840000,1.852803,0.000000,0.000940,0.055584,0.000000,-0.000864,-0.063140,1.945917,0.027821,0.262930,-32.282719,-0.000134,0.000111,0.000000,0.000000,0.000000,0.000000
-3.390000,-10.465444,0.000000,0.001377,-0.049070,0.000000,-0.000729,0.060922,-11.182631,0.027710,-0.283889,165.786575,-0.000047,0.002371,0.000000,0.000000,0.000000,0.000000
-0.900000,3.604281,0.000000,0.001512,-0.013028,0.000000,-0.000683,0.018438,3.918432,0.025339,-0.094248,-52.959579,0.000124,-0.001262,0.000000,0.000000,0.000000,0.000000
-6.200000,-7.671764,0.000000,0.001763,-0.089745,0.000000,-0.000807,0.122387,-8.519844,0.026601,-0.675489,106.642212,0.000170,0.000194,0.000000,0.000000,0.000000,0.000000
3.860000,14.561875,0.000000,0.001803,0.055874,0.000000,-0.000976,-0.076562,16.526339,0.026407,0.450532,-194.020187,0.000106,-0.002455,0.000000,0.000000,0.000000,0.000000
0.710000,-4.559633,0.000000,0.002275,0.010277,0.000000,-0.001082,-0.012038,-5.307491,0.028862,0.074744,59.051704,-0.000133,0.001325,0.000000,0.000000,0.000000,0.000000
-0.620000,2.750255,0.000000,-0.001764,-0.008975,0.000000,-0.002651,0.007474,2.771191,0.039279,-0.013343,-107.239059,0.000073,-0.002069,0.000000,0.000000,0.000000,0.000000
-3.670000,-4.414883,0.000000,-0.001695,-0.053123,0.000000,-0.002724,0.052658,-4.450983,0.041348,-0.094006,172.243317,0.000058,0.003011,0.000000,0.000000,0.000000,0.000000
-3.870000,-0.289500,0.000000,-0.001498,-0.056018,0.000000,-0.002782,0.057014,-0.295115,0.038337,-0.138611,8.385990,0.000149,-0.000222,0.000000,0.000000,0.000000,0.000000
-1.890000,2.866055,0.000000,-0.001322,-0.027358,0.000000,-0.002930,0.027984,2.935658,0.038559,-0.085254,-66.569946,0.000131,-0.001491,0.000000,0.000000,0.000000,0.000000
-2.780000,-1.288277,0.000000,-0.001066,-0.040241,0.000000,-0.003061,0.043535,-1.337603,0.040049,-0.157839,25.487518,0.000092,0.000058,0.000000,0.000000,0.000000,0.000000
3.590000,9.220592,0.000000,-0.000858,0.051965,0.000000,-0.003153,-0.061036,9.691517,0.039991,0.254170,-160.782074,0.000018,-0.002357,0.000000,0.000000,0.000000,0.000000
-0.700000,-6.209786,0.000000,-0.000381,-0.010133,0.000000,-0.003172,0.011777,-6.636630,0.042348,-0.054879,98.390450,-0.000094,0.001719,0.000000,0.000000,0.000000,0.000000
2.810000,5.080734,0.000000,-0.000091,0.040675,0.000000,-0.003078,-0.051697,5.524275,0.040629,0.264250,-74.663353,-0.000035,-0.000702,0.000000,0.000000,0.000000,0.000000
0.770000,-2.952905,0.000000,0.000347,0.011146,0.000000,-0.003043,-0.014443,-3.281624,0.041331,0.079714,41.075832,-0.000101,0.000995,0.000000,0.000000,0.000000,0.000000
0.300000,-0.680326,0.000000,0.000700,0.004343,0.000000,-0.002942,-0.005158,-0.776203,0.040337,0.030351,9.112666,-0.000028,0.000253,0.000000,0.000000,0.000000,0.000000
-2.350000,-20.091335,0.000000,-0.001287,-0.034016,0.000000,-0.002126,0.033599,-20.252016,0.036849,-0.059981,783.708801,-0.000293,0.014677,0.000000,0.000000,0.000000,0.000000
-2.600000,-0.361876,0.000000,-0.001291,-0.037635,0.000000,-0.001833,0.037213,-0.365266,0.022172,-0.066434,14.134986,0.000094,0.000061,0.000000,0.000000,0.000000,0.000000
-4.960000,-3.416106,0.000000,-0.001202,-0.071796,0.000000,-0.001928,0.073823,-3.468699,0.022111,-0.179477,98.566422,0.000134,0.001381,0.000000,0.000000,0.000000,0.000000
-0.880000,5.905810,0.000000,-0.001233,-0.012738,0.000000,-0.002062,0.012365,6.051610,0.020731,-0.037672,-137.228271,0.000148,-0.002703,0.000000,0.000000,0.000000,0.000000
4.830000,8.265239,0.000000,-0.001089,0.069914,0.000000,-0.002209,-0.078905,8.568661,0.023434,0.286080,-163.272583,-0.000051,-0.002313,0.000000,0.000000,0.000000,0.000000
-3.370000,-11.869521,0.000000,-0.000700,-0.048781,0.000000,-0.002158,0.055556,-12.479867,0.025746,-0.231349,207.040756,-0.000086,0.003299,0.000000,0.000000,0.000000,0.000000
0.560000,5.688685,0.000000,-0.000674,0.008106,0.000000,-0.002072,-0.010603,6.075967,0.022448,0.049407,-90.078423,0.000087,-0.001578,0.000000,0.000000,0.000000,0.000000
-1.670000,-3.227931,0.000000,-0.000483,-0.024173,0.000000,-0.002158,0.030043,-3.513153,0.024026,-0.153565,47.482025,0.000015,0.000487,0.000000,0.000000,0.000000,0.000000
-3.140000,-2.127829,0.000000,-0.000391,-0.045452,0.000000,-0.002173,0.060265,-2.363823,0.023539,-0.332623,29.587788,0.000118,-0.000340,0.000000,0.000000,0.000000,0.000000
1.950000,7.367788,0.000000,-0.000364,0.028226,0.000000,-0.002291,-0.040483,8.361746,0.023879,0.238223,-98.167397,0.000049,-0.001214,0.000000,0.000000,0.000000,0.000000
2.640000,0.998777,0.000000,-0.000127,0.038214,0.000000,-0.002340,-0.057676,1.159458,0.025093,0.358121,-12.900255,-0.000134,0.000727,0.000000,0.000000,0.000000,0.000000
-7.760000,-19.758410,0.000000,0.000494,-0.112326,0.000000,0.000094,0.115560,-19.916000,0.016632,-0.206301,770.705627,-0.000064,0.014034,0.000000,0.000000,0.000000,0.000000
-4.770000,4.328032,0.000000,0.000231,-0.069046,0.000000,0.000158,0.070932,4.362375,0.002598,-0.126630,-168.814392,0.000275,-0.003565,0.000000,0.000000,0.000000,0.000000
0.350000,7.411213,0.000000,0.000105,0.005066,0.000000,-0.000116,-0.005188,7.523631,0.006163,0.012613,-213.791260,0.000128,-0.004007,0.000000,0.000000,0.000000,0.000000
-1.330000,-2.431804,0.000000,0.000220,-0.019252,0.000000,-0.000244,0.020928,-2.492623,0.010170,-0.063758,56.523525,0.000009,0.000905,0.000000,0.000000,0.000000,0.000000
1.280000,3.777982,0.000000,0.000259,0.018528,0.000000,-0.000253,-0.020302,3.916589,0.009265,0.073609,-74.629135,0.000019,-0.001216,0.000000,0.000000,0.000000,0.000000
0.380000,-1.302752,0.000000,0.000415,0.005501,0.000000,-0.000272,-0.005876,-1.370345,0.010480,0.024469,22.734009,-0.000042,0.000499,0.000000,0.000000,0.000000,0.000000
2.630000,3.256881,0.000000,0.000535,0.038069,0.000000,-0.000231,-0.045329,3.478451,0.009982,0.211226,-51.569309,-0.000057,-0.000406,0.000000,0.000000,0.000000,0.000000
-6.840000,-13.707850,0.000000,0.000754,-0.099009,0.000000,-0.000174,0.126516,-14.913650,0.010388,-0.646684,201.565475,0.000060,0.002068,0.000000,0.000000,0.000000,0.000000
-6.190000,0.940877,0.000000,0.000576,-0.089600,0.000000,-0.000234,0.120605,1.043494,0.008319,-0.665657,-13.061332,0.000346,-0.002052,0.000000,0.000000,0.000000,0.000000
-0.860000,7.715189,0.000000,0.000430,-0.012449,0.000000,-0.000580,0.018235,8.756684,0.010371,-0.107307,-102.804001,0.000214,-0.002233,0.000000,0.000000,0.000000,0.000000
-7.450000,-9.539042,0.000000,0.000509,-0.107839,0.000000,-0.000794,0.162986,-11.095746,0.012604,-1.012014,123.452438,0.000230,-0.000396,0.000000,0.000000,0.000000,0.000000
1.780000,-3.488482,0.000000,0.000222,0.025766,0.000000,-0.000038,-0.026126,-3.516518,0.010892,0.046640,136.081573,-0.000138,0.002704,0.000000,0.000000,0.000000,0.000000
-8.430000,-14.779002,0.000000,0.000319,-0.122024,0.000000,0.000100,0.125267,-14.896765,0.008188,-0.223631,576.472229,0.000057,0.010306,0.000000,0.000000,0.000000,0.000000
-1.530000,9.987768,0.000000,-0.000033,-0.022147,0.000000,0.000043,0.023125,10.139651,-0.002117,-0.056222,-288.127991,0.000254,-0.005627,0.000000,0.000000,0.000000,0.000000
2.530000,5.876860,0.000000,-0.000061,0.036622,0.000000,-0.000211,-0.039427,6.022531,0.003510,0.120115,-136.568878,0.000007,-0.002251,0.000000,0.000000,0.000000,0.000000
2.650000,0.173701,0.000000,0.000093,0.038359,0.000000,-0.000218,-0.042524,0.179776,0.005760,0.154176,-3.425566,-0.000112,0.000356,0.000000,0.000000,0.000000,0.000000
-0.740000,-4.907034,0.000000,0.000253,-0.010712,0.000000,-0.000107,0.012669,-5.159201,0.005404,-0.052759,85.591049,-0.000063,0.001477,0.000000,0.000000,0.000000,0.000000
-2.640000,-2.750255,0.000000,0.000267,-0.038214,0.000000,-0.000043,0.046472,-2.938465,0.003927,-0.216554,43.563816,0.000070,0.000236,0.000000,0.000000,0.000000,0.000000
-1.170000,2.127829,0.000000,0.000202,-0.016936,0.000000,-0.000114,0.021734,2.314456,0.003690,-0.111092,-31.281042,0.000102,-0.000893,0.000000,0.000000,0.000000,0.000000
-2.920000,-2.533129,0.000000,0.000201,-0.042267,0.000000,-0.000216,0.056798,-2.812595,0.004583,-0.313485,35.205036,0.000100,-0.000180,0.000000,0.000000,0.000000,0.000000
-3.150000,-0.332926,0.000000,0.000127,-0.045596,0.000000,-0.000316,0.064742,-0.378415,0.004763,-0.380975,4.442616,0.000168,-0.000946,0.000000,0.000000,0.000000,0.000000
2.530000,8.221814,0.000000,0.000044,0.036622,0.000000,-0.000484,-0.055023,9.561661,0.005709,0.341652,-106.384048,0.000032,-0.001088,0.000000,0.000000,0.000000,0.000000
-2.710000,-7.584913,0.000000,0.000198,-0.039227,0.000000,-0.000516,0.063197,-9.056437,0.006798,-0.410535,96.313736,-0.000001,0.000715,0.000000,0.000000,0.000000,0.000000
-1.940000,-1.143527,0.000000,0.000959,-0.028082,0.000000,0.000833,0.029751,-1.152787,0.004620,-0.053112,44.610329,0.000059,0.000700,0.000000,0.000000,0.000000,0.000000
-3.060000,-1.621203,0.000000,0.000896,-0.044294,0.000000,0.000774,0.046270,-1.634239,0.003920,-0.082602,63.241501,0.000094,0.000973,0.000000,0.000000,0.000000,0.000000
-0.640000,3.502956,0.000000,0.000819,-0.009264,0.000000,0.000680,0.010545,3.556021,0.002947,-0.025636,-101.047783,0.000096,-0.001984,0.000000,0.000000,0.000000,0.000000
0.400000,1.505403,0.000000,0.000862,0.005790,0.000000,0.000584,-0.005297,1.542413,0.004932,0.016138,-34.976254,0.000015,-0.000615,0.000000,0.000000,0.000000,0.000000
0.030000,-0.535576,0.000000,0.000956,0.000434,0.000000,0.000570,0.000580,-0.555795,0.005547,-0.002104,10.590471,-0.000009,0.000196,0.000000,0.000000,0.000000,0.000000
4.260000,6.122936,0.000000,0.001041,0.061664,0.000000,0.000578,-0.070048,6.436464,0.005351,0.291696,-106.780838,-0.000068,-0.001233,0.000000,0.000000,0.000000,0.000000
-4.010000,-11.970846,0.000000,0.001317,-0.058045,0.000000,0.000646,0.071687,-12.789406,0.006584,-0.334055,189.607574,-0.000048,0.002689,0.000000,0.000000,0.000000,0.000000
4.400000,12.173496,0.000000,0.001246,0.063690,0.000000,0.000694,-0.079189,13.242439,0.003895,0.404775,-178.978226,0.000037,-0.002299,0.000000,0.000000,0.000000,0.000000
-1.410000,-8.409989,0.000000,0.001541,-0.020410,0.000000,0.000658,0.029358,-9.337610,0.006194,-0.162036,116.878136,-0.000097,0.001779,0.000000,0.000000,0.000000,0.000000
2.020000,4.964934,0.000000,0.001602,0.029240,0.000000,0.000755,-0.039134,5.634416,0.004415,0.230286,-66.148384,0.000001,-0.000633,0.000000,0.000000,0.000000,0.000000
6.000000,5.761060,0.000000,0.001817,0.086850,0.000000,0.000754,-0.127914,6.698303,0.005048,0.794244,-74.526031,-0.000219,0.000738,0.000000,0.000000,0.000000,0.000000
-4.060000,-3.980632,0.000000,0.000364,-0.058769,0.000000,-0.000136,0.060600,-4.012852,0.021024,-0.108185,155.288620,0.000088,0.002646,0.000000,0.000000,0.000000,0.000000
-1.710000,3.401631,0.000000,0.000257,-0.024752,0.000000,-0.000224,0.025607,3.428197,0.018378,-0.045714,-132.663727,0.000134,-0.002641,0.000000,0.000000,0.000000,0.000000
-3.480000,-2.562080,0.000000,0.000399,-0.050373,0.000000,-0.000358,0.053094,-2.601797,0.021018,-0.129082,73.932564,0.000094,0.001056,0.000000,0.000000,0.000000,0.000000
4.550000,11.623446,0.000000,0.000460,0.065861,0.000000,-0.000452,-0.070294,11.910901,0.019963,0.214153,-270.095459,0.000035,-0.004537,0.000000,0.000000,0.000000,0.000000
-1.410000,-8.627115,0.000000,0.000887,-0.020410,0.000000,-0.000488,0.023667,-8.946339,0.024499,-0.085808,170.469101,-0.000105,0.003004,0.000000,0.000000,0.000000,0.000000
1.390000,4.053007,0.000000,0.001056,0.020120,0.000000,-0.000382,-0.022029,4.259355,0.021495,0.091733,-70.662636,0.000021,-0.001095,0.000000,0.000000,0.000000,0.000000
-1.990000,-4.892559,0.000000,0.001353,-0.028805,0.000000,-0.000403,0.036421,-5.228760,0.022591,-0.169716,77.518280,-0.000001,0.001011,0.000000,0.000000,0.000000,0.000000
-1.100000,1.288277,0.000000,0.001514,-0.015923,0.000000,-0.000403,0.022112,1.399171,0.021580,-0.113027,-18.910492,0.000086,-0.000666,0.000000,0.000000,0.000000,0.000000
-4.410000,-4.791234,0.000000,0.001723,-0.063835,0.000000,-0.000489,0.087679,-5.321700,0.022246,-0.483927,66.611298,0.000136,-0.000047,0.000000,0.000000,0.000000,0.000000
1.520000,8.583690,0.000000,0.001803,0.022002,0.000000,-0.000625,-0.028601,9.740569,0.022292,0.168302,-114.354866,0.000107,-0.001710,0.000000,0.000000,0.000000,0.000000
4.320000,4.053008,0.000000,0.002144,0.062532,0.000000,-0.000732,-0.090841,4.709811,0.024002,0.564050,-52.401840,-0.000157,0.000537,0.000000,0.000000,0.000000,0.000000
2.300000,8.974516,0.000000,-0.001304,0.033293,0.000000,-0.002136,-0.035337,9.045002,0.036559,0.063085,-350.021820,0.000076,-0.006458,0.000000,0.000000,0.000000,0.000000
-0.750000,-4.414883,0.000000,-0.001127,-0.010856,0.000000,-0.002212,0.009962,-4.451052,0.043017,-0.017784,172.246017,-0.000057,0.003225,0.000000,0.000000,0.000000,0.000000
-14.730000,-20.236084,0.000000,-0.000789,-0.213217,0.000000,-0.002155,0.222143,-20.544987,0.039791,-0.540072,583.805603,0.000212,0.009588,0.000000,0.000000,0.000000,0.000000
2.100000,24.361467,0.000000,-0.001112,0.030398,0.000000,-0.002367,-0.033867,24.964754,0.030204,0.103177,-566.108887,0.000381,-0.010458,0.000000,0.000000,0.000000,0.000000
1.670000,-0.622426,0.000000,-0.000682,0.024173,0.000000,-0.002748,-0.027622,-0.647341,0.040662,0.100145,12.334831,-0.000088,0.000524,0.000000,0.000000,0.000000,0.000000
0.610000,-1.534353,0.000000,-0.000278,0.008830,0.000000,-0.002660,-0.010524,-1.615415,0.040138,0.043823,26.799713,-0.000059,0.000625,0.000000,0.000000,0.000000,0.000000
-1.390000,-2.895005,0.000000,0.000078,-0.020120,0.000000,-0.002601,0.024392,-3.095430,0.039513,-0.113663,45.890881,0.000007,0.000560,0.000000,0.000000,0.000000,0.000000
0.220000,2.330479,0.000000,0.000347,0.003185,0.000000,-0.002608,-0.003598,2.532237,0.038953,0.018394,-34.224461,0.000038,-0.000599,0.000000,0.000000,0.000000,0.000000
-5.260000,-7.932314,0.000000,0.000686,-0.076139,0.000000,-0.002647,0.102749,-8.809489,0.039552,-0.567099,110.267670,0.000111,0.000555,0.000000,0.000000,0.000000,0.000000
1.490000,9.770642,0.000000,0.000799,0.021568,0.000000,-0.002758,-0.029408,11.087225,0.038997,0.173054,-130.164688,0.000130,-0.001998,0.000000,0.000000,0.000000,0.000000
-6.030000,-20.713762,0.000000,-0.001473,-0.087284,0.000000,-0.002356,0.087954,-20.879436,0.038897,-0.157017,807.988586,-0.000158,0.014878,0.000000,0.000000,0.000000,0.000000
-4.400000,2.359429,0.000000,-0.001616,-0.063690,0.000000,-0.002199,0.063558,2.377649,0.024019,-0.113465,-92.009834,0.000217,-0.002077,0.000000,0.000000,0.000000,0.000000
-6.590000,-3.170031,0.000000,-0.001566,-0.095390,0.000000,-0.002416,0.098115,-3.218991,0.026096,-0.238537,91.470726,0.000204,0.001091,0.000000,0.000000,0.000000,0.000000
-12.800000,-8.988991,0.000000,-0.001631,-0.185280,0.000000,-0.002620,0.197387,-9.212893,0.025005,-0.601349,208.914566,0.000359,0.002327,0.000000,0.000000,0.000000,0.000000
-0.550000,17.731907,0.000000,-0.001988,-0.007961,0.000000,-0.002979,0.006638,18.384232,0.022678,-0.024067,-350.304565,0.000365,-0.006702,0.000000,0.000000,0.000000,0.000000
6.510000,10.219369,0.000000,-0.001818,0.094232,0.000000,-0.003344,-0.110984,10.742456,0.029381,0.462164,-178.217178,-0.000097,-0.002112,0.000000,0.000000,0.000000,0.000000
0.530000,-8.656065,0.000000,-0.001356,0.007672,0.000000,-0.003247,-0.010902,-9.248888,0.031493,0.050803,137.118134,-0.000204,0.002738,0.000000,0.000000,0.000000,0.000000
-2.110000,-3.821407,0.000000,-0.001160,-0.030542,0.000000,-0.003043,0.037261,-4.158810,0.028755,-0.190459,56.208401,0.000022,0.000544,0.000000,0.000000,0.000000,0.000000
3.140000,7.599388,0.000000,-0.001085,0.045452,0.000000,-0.003065,-0.062240,8.434718,0.028211,0.343518,-105.576691,-0.000009,-0.001071,0.000000,0.000000,0.000000,0.000000
-5.400000,-15.517228,0.000000,0.000855,-0.078165,0.000000,0.000496,0.080948,-15.641054,0.014606,-0.144511,605.274658,-0.000077,0.011072,0.000000,0.000000,0.000000,0.000000
-5.230000,0.246076,0.000000,0.000680,-0.075704,0.000000,0.000573,0.078210,0.247909,0.003534,-0.139622,-9.593546,0.000216,-0.000580,0.000000,0.000000,0.000000,0.000000
-1.210000,5.818960,0.000000,0.000524,-0.017515,0.000000,0.000356,0.018864,5.907212,0.004114,-0.045862,-167.859146,0.000162,-0.003301,0.000000,0.000000,0.000000,0.000000
-6.630000,-7.845464,0.000000,0.000560,-0.095969,0.000000,0.000194,0.103750,-8.040534,0.007415,-0.316079,182.329773,0.000128,0.002604,0.000000,0.000000,0.000000,0.000000
-2.070000,6.600612,0.000000,0.000354,-0.029963,0.000000,0.000066,0.033691,6.843395,0.004812,-0.122152,-130.398315,0.000220,-0.002804,0.000000,0.000000,0.000000,0.000000
0.390000,3.560856,0.000000,0.000352,0.005645,0.000000,-0.000155,-0.006116,3.742994,0.007616,0.025470,-62.096203,0.000054,-0.001102,0.000000,0.000000,0.000000,0.000000
1.000000,0.882977,0.000000,0.000458,0.014475,0.000000,-0.000209,-0.016927,0.942522,0.008718,0.078879,-13.973236,-0.000028,-0.000049,0.000000,0.000000,0.000000,0.000000
5.980000,7.208563,0.000000,0.000594,0.086561,0.000000,-0.000180,-0.109020,7.841131,0.008767,0.557254,-105.976822,-0.000146,-0.000499,0.000000,0.000000,0.000000,0.000000
2.940000,-4.400408,0.000000,0.000944,0.042557,0.000000,-0.000034,-0.055654,-4.886336,0.009266,0.307168,61.161873,-0.000243,0.001990,0.000000,0.000000,0.000000,0.000000
2.480000,-0.665851,0.000000,0.001173,0.035898,0.000000,0.000209,-0.049169,-0.757291,0.007276,0.289337,8.890645,-0.000147,0.000947,0.000000,0.000000,0.000000,0.000000
7.930000,7.888889,0.000000,0.001391,0.114787,0.000000,0.000356,-0.170579,9.173273,0.006329,1.059165,-102.062798,-0.000287,0.000931,0.000000,0.000000,0.000000,0.000000
-1.730000,-1.737003,0.000000,0.000617,-0.025042,0.000000,0.000167,0.026321,-1.751332,0.018695,-0.046990,67.772720,0.000039,0.001154,0.000000,0.000000,0.000000,0.000000
-2.360000,-0.911926,0.000000,0.000595,-0.034161,0.000000,0.000128,0.035587,-0.919660,0.017541,-0.063531,35.588840,0.000079,0.000500,0.000000,0.000000,0.000000,0.000000
-3.620000,-1.823853,0.000000,0.000679,-0.052400,0.000000,0.000049,0.055506,-1.852235,0.017041,-0.134945,52.633045,0.000115,0.000631,0.000000,0.000000,0.000000,0.000000
-2.960000,0.955351,0.000000,0.000707,-0.042846,0.000000,-0.000066,0.046811,0.978230,0.016410,-0.142612,-22.182659,0.000145,-0.000807,0.000000,0.000000,0.000000,0.000000
-2.510000,0.651376,0.000000,0.000770,-0.036332,0.000000,-0.000211,0.041232,0.674301,0.017217,-0.149490,-12.848551,0.000124,-0.000646,0.000000,0.000000,0.000000,0.000000
0.170000,3.879307,0.000000,0.000857,0.002461,0.000000,-0.000335,-0.001853,4.077020,0.017863,0.007715,-67.637688,0.000072,-0.001259,0.000000,0.000000,0.000000,0.000000
1.770000,2.316004,0.000000,0.001067,0.025621,0.000000,-0.000407,-0.029653,2.472494,0.019122,0.138178,-36.655617,-0.000034,-0.000318,0.000000,0.000000,0.000000,0.000000
-4.860000,-9.596943,0.000000,0.001351,-0.070349,0.000000,-0.000373,0.090926,-10.442426,0.019440,-0.464770,141.134628,0.000048,0.001416,0.000000,0.000000,0.000000,0.000000
1.710000,9.510092,0.000000,0.001362,0.024752,0.000000,-0.000421,-0.031283,10.555223,0.018024,0.172658,-132.118912,0.000115,-0.002037,0.000000,0.000000,0.000000,0.000000
6.750000,7.295413,0.000000,0.001660,0.097706,0.000000,-0.000537,-0.135998,8.278478,0.020062,0.800283,-97.189819,-0.000211,0.000328,0.000000,0.000000,0.000000,0.000000
8.030000,1.852803,0.000000,0.002179,0.116234,0.000000,-0.000325,-0.171571,2.151262,0.019733,1.065323,-23.935163,-0.000423,0.002428,0.000000,0.000000,0.000000,0.000000
-9.570000,-13.432823,0.000000,-0.000711,-0.138526,0.000000,-0.001492,0.141190,-13.540499,0.033887,-0.252057,523.987732,0.000126,0.009235,0.000000,0.000000,0.000000,0.000000
-0.870000,12.593271,0.000000,-0.001005,-0.012593,0.000000,-0.001618,0.011866,12.692834,0.024651,-0.021183,-491.184998,0.000272,-0.009375,0.000000,0.000000,0.000000,0.000000
-0.410000,0.665851,0.000000,-0.000725,-0.005935,0.000000,-0.001890,0.005448,0.674839,0.034026,-0.013246,-19.176201,0.000027,-0.000382,0.000000,0.000000,0.000000,0.000000
5.060000,7.917839,0.000000,-0.000430,0.073244,0.000000,-0.001917,-0.079185,8.112841,0.034408,0.241240,-183.969421,-0.000061,-0.002830,0.000000,0.000000,0.000000,0.000000
2.840000,-3.213456,0.000000,0.000108,0.041109,0.000000,-0.001857,-0.045564,-3.333790,0.037238,0.165197,63.524094,-0.000186,0.001655,0.000000,0.000000,0.000000,0.000000
-3.660000,-9.408767,0.000000,0.000548,-0.052979,0.000000,-0.001670,0.061849,-9.893812,0.035583,-0.257553,164.138168,-0.000020,0.002408,0.000000,0.000000,0.000000,0.000000
-5.680000,-2.923955,0.000000,0.000709,-0.082218,0.000000,-0.001651,0.100146,-3.126169,0.033175,-0.466670,46.346600,0.000212,-0.000389,0.000000,0.000000,0.000000,0.000000
1.870000,10.928644,0.000000,0.000787,0.027068,0.000000,-0.001863,-0.033328,11.886211,0.033564,0.170358,-160.648117,0.000135,-0.002580,0.000000,0.000000,0.000000,0.000000
-2.990000,-7.034862,0.000000,0.001191,-0.043280,0.000000,-0.001997,0.059478,-7.813223,0.036145,-0.328275,97.797493,0.000013,0.000969,0.000000,0.000000,0.000000,0.000000
2.310000,7.671763,0.000000,0.001397,0.033437,0.000000,-0.002010,-0.045368,8.704590,0.035176,0.266969,-102.192398,0.000042,-0.001215,0.000000,0.000000,0.000000,0.000000
-3.740000,-15.777778,0.000000,-0.001502,-0.054137,0.000000,-0.002442,0.053990,-15.904257,0.041317,-0.096384,615.460083,-0.000155,0.011395,0.000000,0.000000,0.000000,0.000000
-1.300000,3.531906,0.000000,-0.001550,-0.018818,0.000000,-0.002287,0.017681,3.559295,0.029922,-0.031564,-137.736954,0.000116,-0.002714,0.000000,0.000000,0.000000,0.000000
-6.750000,-7.888889,0.000000,-0.001311,-0.097706,0.000000,-0.002402,0.100804,-8.009826,0.032636,-0.245073,227.606903,0.000121,0.003652,0.000000,0.000000,0.000000,0.000000
-4.160000,3.749032,0.000000,-0.001338,-0.060216,0.000000,-0.002523,0.063282,3.840968,0.028984,-0.192793,-87.099037,0.000244,-0.002177,0.000000,0.000000,0.000000,0.000000
-2.020000,3.097655,0.000000,-0.001257,-0.029240,0.000000,-0.002767,0.031097,3.210377,0.031162,-0.112745,-61.172520,0.000144,-0.001459,0.000000,0.000000,0.000000,0.000000
2.910000,7.136188,0.000000,-0.001092,0.042122,0.000000,-0.002911,-0.049933,7.500679,0.032621,0.207932,-124.436134,0.000007,-0.001791,0.000000,0.000000,0.000000,0.000000
-3.530000,-9.321917,0.000000,-0.000721,-0.051097,0.000000,-0.002918,0.060837,-9.960657,0.034412,-0.283492,147.670349,-0.000024,0.002033,0.000000,0.000000,0.000000,0.000000
1.970000,7.961265,0.000000,-0.000632,0.028516,0.000000,-0.002894,-0.036963,8.658822,0.032380,0.188939,-117.028320,0.000064,-0.001709,0.000000,0.000000,0.000000,0.000000
-0.750000,-3.937207,0.000000,-0.000314,-0.010856,0.000000,-0.002958,0.014100,-4.373362,0.034088,-0.077823,54.741028,-0.000045,0.000829,0.000000,0.000000,0.000000,0.000000
-4.560000,-5.514985,0.000000,-0.000113,-0.066006,0.000000,-0.002913,0.093302,-6.263070,0.033259,-0.549034,73.528816,0.000134,-0.000094,0.000000,0.000000,0.000000,0.000000
6.540000,-3.141080,0.000000,-0.000481,0.094667,0.000000,-0.000997,-0.097367,-3.166620,0.022399,0.173822,122.541267,-0.000324,0.002791,0.000000,0.000000,0.000000,0.000000
-7.810000,-20.771662,0.000000,-0.000170,-0.113050,0.000000,-0.000673,0.115577,-20.937357,0.019609,-0.206332,810.229919,-0.000083,0.014778,0.000000,0.000000,0.000000,0.000000
6.390000,20.554535,0.000000,-0.000439,0.092495,0.000000,-0.000590,-0.097185,20.866816,0.004830,0.236274,-592.950745,0.000132,-0.010616,0.000000,0.000000,0.000000,0.000000
-5.800000,-17.645056,0.000000,-0.000044,-0.083955,0.000000,-0.000722,0.090188,-18.083542,0.015446,-0.274762,410.068298,-0.000099,0.007041,0.000000,0.000000,0.000000,0.000000
1.410000,10.436493,0.000000,-0.000203,0.020410,0.000000,-0.000623,-0.022907,10.820487,0.008405,0.083050,-206.180267,0.000143,-0.003692,0.000000,0.000000,0.000000,0.000000
0.210000,-1.737003,0.000000,-0.000043,0.003040,0.000000,-0.000767,-0.003562,-1.826841,0.012097,0.014834,30.307262,-0.000044,0.000621,0.000000,0.000000,0.000000,0.000000
0.410000,0.289501,0.000000,0.000063,0.005935,0.000000,-0.000722,-0.007091,0.308476,0.011476,0.033044,-4.573263,-0.000013,0.000002,0.000000,0.000000,0.000000,0.000000
-3.850000,-6.166361,0.000000,0.000178,-0.055729,0.000000,-0.000709,0.070898,-6.709206,0.011475,-0.362398,90.678291,0.000065,0.000737,0.000000,0.000000,0.000000,0.000000
0.670000,6.542711,0.000000,0.000113,0.009698,0.000000,-0.000774,-0.012820,7.262356,0.010738,0.070757,-90.902328,0.000103,-0.001531,0.000000,0.000000,0.000000,0.000000
-2.170000,-4.110908,0.000000,0.000239,-0.031411,0.000000,-0.000876,0.044815,-4.667698,0.012269,-0.263714,54.799057,0.000033,0.000327,0.000000,0.000000,0.000000,0.000000
1.480000,5.283384,0.000000,0.000247,0.021423,0.000000,-0.000909,-0.031854,6.143450,0.011942,0.197789,-68.352676,0.000030,-0.000760,0.000000,0.000000,0.000000,0.000000
-2.980000,-2.923955,0.000000,0.000616,-0.043136,0.000000,0.000336,0.044829,-2.947536,0.011466,-0.080030,114.063210,0.000065,0.001945,0.000000,0.000000,0.000000,0.000000
-1.740000,1.794903,0.000000,0.000529,-0.025187,0.000000,0.000270,0.026330,1.808907,0.009521,-0.047005,-70.000740,0.000105,-0.001456,0.000000,0.000000,0.000000,0.000000
-2.440000,-1.013252,0.000000,0.000577,-0.035319,0.000000,0.000165,0.037537,-1.029091,0.010978,-0.091260,29.242601,0.000082,0.000310,0.000000,0.000000,0.000000,0.000000
-3.570000,-1.635678,0.000000,0.000595,-0.051676,0.000000,0.000083,0.056181,-1.676818,0.010668,-0.171158,38.024086,0.000120,0.000256,0.000000,0.000000,0.000000,0.000000
4.290000,11.377370,0.000000,0.000566,0.062098,0.000000,-0.000037,-0.068380,11.795750,0.010412,0.247919,-224.763535,0.000038,-0.003586,0.000000,0.000000,0.000000,0.000000
4.590000,0.434251,0.000000,0.000888,0.066440,0.000000,-0.000075,-0.075744,0.455430,0.013997,0.315416,-7.555574,-0.000196,0.000717,0.000000,0.000000,0.000000,0.000000
-1.180000,-8.352090,0.000000,0.001228,-0.017081,0.000000,0.000121,0.022110,-8.923904,0.013281,-0.103032,132.300125,-0.000109,0.002225,0.000000,0.000000,0.000000,0.000000
0.690000,2.706830,0.000000,0.001329,0.009988,0.000000,0.000230,-0.010981,2.943255,0.011056,0.056127,-39.779575,0.000026,-0.000606,0.000000,0.000000,0.000000,0.000000
-0.750000,-2.084404,0.000000,0.001519,-0.010856,0.000000,0.000204,0.016551,-2.315793,0.011661,-0.091348,28.986593,0.000001,0.000303,0.000000,0.000000,0.000000,0.000000
5.210000,8.627115,0.000000,0.001657,0.075415,0.000000,0.000203,-0.104438,9.790899,0.011358,0.614566,-114.945740,-0.000097,-0.000515,0.000000,0.000000,0.000000,0.000000
-4.790000,-10.697044,0.000000,-0.000503,-0.069335,0.000000,-0.001111,0.070541,-10.782777,0.026340,-0.125932,417.269897,-0.000013,0.007561,0.000000,0.000000,0.000000,0.000000
-3.000000,2.591030,0.000000,-0.000627,-0.043425,0.000000,-0.001098,0.043820,2.611180,0.018778,-0.078230,-101.046974,0.000168,-0.002139,0.000000,0.000000,0.000000,0.000000
-4.260000,-1.823853,0.000000,-0.000554,-0.061664,0.000000,-0.001266,0.063904,-1.852261,0.020917,-0.155363,52.633789,0.000137,0.000580,0.000000,0.000000,0.000000,0.000000
-2.560000,2.460755,0.000000,-0.000545,-0.037056,0.000000,-0.001403,0.039243,2.520993,0.020337,-0.119555,-57.166862,0.000154,-0.001407,0.000000,0.000000,0.000000,0.000000
-1.550000,1.461978,0.000000,-0.000462,-0.022436,0.000000,-0.001557,0.024420,1.514781,0.021744,-0.088536,-28.863581,0.000094,-0.000783,0.000000,0.000000,0.000000,0.000000
2.240000,5.486034,0.000000,-0.000339,0.032424,0.000000,-0.001652,-0.037857,5.766250,0.022527,0.157647,-95.661987,0.000007,-0.001383,0.000000,0.000000,0.000000,0.000000
-5.520000,-11.232620,0.000000,-0.000055,-0.079902,0.000000,-0.001658,0.096427,-12.001407,0.023911,-0.449340,177.925201,0.000034,0.002156,0.000000,0.000000,0.000000,0.000000
-4.120000,2.026504,0.000000,-0.000104,-0.059637,0.000000,-0.001692,0.075497,2.203037,0.021755,-0.385904,-29.775145,0.000246,-0.001612,0.000000,0.000000,0.000000,0.000000
13.680000,19.801834,0.000000,-0.000048,0.198018,0.000000,-0.000476,-0.202753,19.958843,0.018304,0.361961,-772.363647,-0.000171,-0.013643,0.000000,0.000000,0.000000,0.000000
10.870000,-4.067483,0.000000,0.000533,0.157344,0.000000,-0.000305,-0.160558,-4.100682,0.031947,0.286632,158.687454,-0.000512,0.003805,0.000000,0.000000,0.000000,0.000000
1.740000,-13.215698,0.000000,0.001252,0.025187,0.000000,0.000207,-0.025029,-13.417668,0.028142,0.060851,381.276031,-0.000321,0.007377,0.000000,0.000000,0.000000,0.000000
-3.930000,-8.207340,0.000000,0.001551,-0.056887,0.000000,0.000528,0.062809,-8.412121,0.020765,-0.191352,190.755997,0.000011,0.003081,0.000000,0.000000,0.000000,0.000000
0.780000,6.817738,0.000000,0.001605,0.011291,0.000000,0.000516,-0.010763,7.067578,0.017684,0.039023,-134.670013,0.000105,-0.002450,0.000000,0.000000,0.000000,0.000000
-1.030000,-2.619980,0.000000,0.001878,-0.014909,0.000000,0.000412,0.019397,-2.756163,0.020134,-0.080775,45.724693,0.000000,0.000652,0.000000,0.000000,0.000000,0.000000
-6.450000,-7.845464,0.000000,0.002084,-0.093364,0.000000,0.000412,0.115267,-8.383418,0.019482,-0.537131,124.287239,0.000153,0.000899,0.000000,0.000000,0.000000,0.000000
-7.990000,-2.229154,0.000000,0.002072,-0.115655,0.000000,0.000259,0.149296,-2.427425,0.018583,-0.763128,32.807861,0.000358,-0.001445,0.000000,0.000000,0.000000,0.000000
-4.530000,5.008358,0.000000,0.002007,-0.065572,0.000000,-0.000099,0.090383,5.557160,0.020028,-0.498850,-69.558540,0.000349,-0.002664,0.000000,0.000000,0.000000,0.000000
3.430000,11.522121,0.000000,0.002102,0.049649,0.000000,-0.000448,-0.067325,13.075875,0.022692,0.396173,-153.511566,0.000065,-0.001830,0.000000,0.000000,0.000000,0.000000
15.320000,17.210804,0.000000,0.002544,0.221757,0.000000,-0.000513,-0.329757,20.012333,0.024522,2.047537,-222.659302,-0.000513,0.001326,0.000000,0.000000,0.000000,0.000000
0.550000,-5.399185,0.000000,-0.001647,0.007961,0.000000,-0.002639,-0.009735,-5.443180,0.043686,0.017379,210.639160,-0.000128,0.004033,0.000000,0.000000,0.000000,0.000000
-3.910000,-6.455861,0.000000,-0.001522,-0.056597,0.000000,-0.002511,0.056392,-6.508157,0.039653,-0.100673,251.851471,0.000030,0.004489,0.000000,0.000000,0.000000,0.000000
-2.170000,2.518655,0.000000,-0.001362,-0.031411,0.000000,-0.002540,0.031423,2.555820,0.035164,-0.076394,-72.626114,0.000133,-0.001590,0.000000,0.000000,0.000000,0.000000
-2.590000,-0.607951,0.000000,-0.001132,-0.037490,0.000000,-0.002674,0.039079,-0.624493,0.036754,-0.119055,14.161205,0.000094,-0.000051,0.000000,0.000000,0.000000,0.000000
-1.740000,1.230377,0.000000,-0.000929,-0.025187,0.000000,-0.002767,0.026958,1.273958,0.036805,-0.097738,-24.274796,0.000097,-0.000724,0.000000,0.000000,0.000000,0.000000
8.360000,14.619776,0.000000,-0.000696,0.121011,0.000000,-0.002864,-0.140629,15.367821,0.037529,0.585613,-254.951874,-0.000090,-0.003242,0.000000,0.000000,0.000000,0.000000
2.030000,-9.162691,0.000000,-0.000029,0.029384,0.000000,-0.002775,-0.035521,-9.791246,0.040771,0.165525,145.158798,-0.000281,0.003202,0.000000,0.000000,0.000000,0.000000
-2.110000,-5.992661,0.000000,0.000363,-0.030542,0.000000,-0.002493,0.039193,-6.522260,0.037569,-0.200336,88.151619,-0.000017,0.001121,0.000000,0.000000,0.000000,0.000000
-4.110000,-2.895006,0.000000,0.000583,-0.059492,0.000000,-0.002476,0.080346,-3.217097,0.036448,-0.443456,40.268147,0.000156,-0.000439,0.000000,0.000000,0.000000,0.000000
1.550000,8.192865,0.000000,0.000721,0.022436,0.000000,-0.002633,-0.030748,9.296452,0.036887,0.180936,-109.140907,0.000093,-0.001576,0.000000,0.000000,0.000000,0.000000
-1.310000,-17.080530,0.000000,-0.001538,-0.018962,0.000000,-0.002359,0.017925,-17.217237,0.036288,-0.032000,666.269531,-0.000278,0.012532,0.000000,0.000000,0.000000,0.000000
-6.000000,-6.788787,0.000000,-0.001503,-0.086850,0.000000,-0.002082,0.087387,-6.843321,0.023756,-0.156005,264.821564,0.000107,0.004569,0.000000,0.000000,0.000000,0.000000
-4.230000,2.562080,0.000000,-0.001583,-0.061229,0.000000,-0.002189,0.062374,2.600488,0.019187,-0.151643,-73.895370,0.000218,-0.001818,0.000000,0.000000,0.000000,0.000000
-0.590000,5.268909,0.000000,-0.001591,-0.008540,0.000000,-0.002407,0.007469,5.398946,0.021004,-0.022754,-122.428238,0.000122,-0.002376,0.000000,0.000000,0.000000,0.000000
-2.490000,-2.750255,0.000000,-0.001447,-0.036043,0.000000,-0.002529,0.038447,-2.852472,0.023381,-0.139392,54.352776,0.000050,0.000657,0.000000,0.000000,0.000000,0.000000
3.600000,8.815290,0.000000,-0.001397,0.052110,0.000000,-0.002579,-0.061826,9.266617,0.022724,0.257458,-153.733017,0.000008,-0.002216,0.000000,0.000000,0.000000,0.000000
2.060000,-2.229154,0.000000,-0.001092,0.029819,0.000000,-0.002587,-0.037329,-2.382674,0.024940,0.173950,35.324009,-0.000146,0.001143,0.000000,0.000000,0.000000,0.000000
-2.420000,-6.484811,0.000000,-0.000862,-0.035030,0.000000,-0.002441,0.043329,-7.056055,0.023797,-0.221479,95.366127,-0.000016,0.001205,0.000000,0.000000,0.000000,0.000000
-3.310000,-1.288277,0.000000,-0.000829,-0.047912,0.000000,-0.002425,0.062971,-1.431475,0.022592,-0.347558,17.917662,0.000143,-0.000603,0.000000,0.000000,0.000000,0.000000
9.450000,18.470131,0.000000,-0.000838,0.136789,0.000000,-0.002568,-0.194875,20.964931,0.023195,1.146743,-246.129547,-0.000130,-0.001557,0.000000,0.000000,0.000000,0.000000
3.320000,4.371458,0.000000,0.000877,0.048057,0.000000,0.000526,-0.048268,4.405811,0.014286,0.086169,-170.495255,-0.000047,-0.002992,0.000000,0.000000,0.000000,0.000000
-2.490000,-8.409989,0.000000,0.001043,-0.036043,0.000000,0.000572,0.037972,-8.477369,0.017279,-0.067789,328.055634,-0.000058,0.006034,0.000000,0.000000,0.000000,0.000000
-2.190000,0.434251,0.000000,0.001073,-0.031700,0.000000,0.000630,0.034272,0.440359,0.011245,-0.083321,-12.513234,0.000101,-0.000473,0.000000,0.000000,0.000000,0.000000
-0.290000,2.750255,0.000000,0.001124,-0.004198,0.000000,0.000529,0.005720,2.817815,0.011718,-0.017426,-63.897697,0.000069,-0.001256,0.000000,0.000000,0.000000,0.000000
1.980000,3.285831,0.000000,0.001268,0.028661,0.000000,0.000460,-0.030441,3.405904,0.012975,0.110367,-64.898209,-0.000018,-0.000928,0.000000,0.000000,0.000000,0.000000
1.750000,-0.332926,0.000000,0.001521,0.025331,0.000000,0.000478,-0.027512,-0.351286,0.013903,0.114568,5.827835,-0.000081,0.000422,0.000000,0.000000,0.000000,0.000000
-0.620000,-3.430581,0.000000,0.001774,-0.008975,0.000000,0.000559,0.012980,-3.666474,0.013481,-0.060485,54.356815,-0.000034,0.000865,0.000000,0.000000,0.000000,0.000000
5.610000,9.017941,0.000000,0.001936,0.081205,0.000000,0.000594,-0.100525,9.808591,0.012616,0.513833,-132.568039,-0.000086,-0.001122,0.000000,0.000000,0.000000,0.000000
-5.030000,-15.401428,0.000000,0.002377,-0.072809,0.000000,0.000680,0.100557,-17.100136,0.013738,-0.555002,214.041000,-0.000052,0.002554,0.000000,0.000000,0.000000,0.000000
-9.160000,-5.978186,0.000000,0.002384,-0.132591,0.000000,0.000731,0.191120,-6.788763,0.011184,-1.124648,79.700485,0.000389,-0.001538,0.000000,0.000000,0.000000,0.000000
-3.920000,2.576555,0.000000,-0.001079,-0.056742,0.000000,-0.001727,0.057060,2.596357,0.028504,-0.101865,-100.473343,0.000203,-0.002175,0.000000,0.000000,0.000000,0.000000
-0.300000,5.239959,0.000000,-0.001164,-0.004343,0.000000,-0.001930,0.003255,5.280895,0.030679,-0.005810,-204.359070,0.000108,-0.003881,0.000000,0.000000,0.000000,0.000000
-10.790000,-15.184301,0.000000,-0.000859,-0.156186,0.000000,-0.002038,0.162430,-15.416230,0.034560,-0.394898,438.067078,0.000147,0.007234,0.000000,0.000000,0.000000,0.000000
-3.240000,10.928644,0.000000,-0.001053,-0.046899,0.000000,-0.002185,0.049275,11.198753,0.027326,-0.150119,-253.946579,0.000345,-0.005228,0.000000,0.000000,0.000000,0.000000
-1.930000,1.896229,0.000000,-0.000913,-0.027937,0.000000,-0.002530,0.030031,1.964554,0.032554,-0.108881,-37.433834,0.000118,-0.000994,0.000000,0.000000,0.000000,0.000000
5.840000,11.247095,0.000000,-0.000723,0.084534,0.000000,-0.002648,-0.098513,11.822343,0.033548,0.410231,-196.132477,-0.000043,-0.002602,0.000000,0.000000,0.000000,0.000000
2.580000,-4.718859,0.000000,-0.000201,0.037346,0.000000,-0.002605,-0.045343,-5.043521,0.036150,0.211295,74.772041,-0.000218,0.001992,0.000000,0.000000,0.000000,0.000000
-1.850000,-6.412436,0.000000,0.000178,-0.026779,0.000000,-0.002387,0.034185,-6.978585,0.034158,-0.174738,94.319077,-0.000039,0.001310,0.000000,0.000000,0.000000,0.000000
-1.010000,1.215902,0.000000,0.000370,-0.014620,0.000000,-0.002348,0.020048,1.346971,0.032849,-0.110648,-16.859926,0.000080,-0.000621,0.000000,0.000000,0.000000,0.000000
-3.440000,-3.517431,0.000000,0.000599,-0.049794,0.000000,-0.002428,0.071355,-3.996077,0.033470,-0.419889,46.914192,0.000117,-0.000246,0.000000,0.000000,0.000000,0.000000
7.960000,8.424465,0.000000,-0.001053,0.115221,0.000000,-0.001730,-0.118983,8.490743,0.029740,0.212412,-328.573181,-0.000161,-0.005647,0.000000,0.000000,0.000000,0.000000
-3.270000,-16.255453,0.000000,-0.000670,-0.047333,0.000000,-0.001569,0.047778,-16.385614,0.035387,-0.085295,634.087463,-0.000181,0.011786,0.000000,0.000000,0.000000,0.000000
-5.080000,-2.619979,0.000000,-0.000583,-0.073533,0.000000,-0.001388,0.076286,-2.660579,0.023600,-0.185466,75.602936,0.000156,0.000908,0.000000,0.000000,0.000000,0.000000
-4.540000,0.781651,0.000000,-0.000585,-0.065717,0.000000,-0.001545,0.070004,0.800129,0.022692,-0.213271,-18.143988,0.000204,-0.000922,0.000000,0.000000,0.000000,0.000000
0.430000,7.194088,0.000000,-0.000566,0.006224,0.000000,-0.001749,-0.007546,7.457938,0.023614,0.027360,-142.108170,0.000120,-0.002615,0.000000,0.000000,0.000000,0.000000
12.220000,17.066055,0.000000,-0.000333,0.176885,0.000000,-0.001869,-0.204771,17.940187,0.026230,0.852714,-297.627441,-0.000214,-0.003324,0.000000,0.000000,0.000000,0.000000
-3.300000,-22.465240,0.000000,0.000409,-0.047768,0.000000,-0.001655,0.058180,-24.001778,0.029554,-0.271113,355.835052,-0.000297,0.006011,0.000000,0.000000,0.000000,0.000000
6.920000,14.793477,0.000000,0.000487,0.100167,0.000000,-0.001358,-0.126410,16.091578,0.023543,0.646147,-217.485748,-0.000037,-0.002381,0.000000,0.000000,0.000000,0.000000
3.560000,-4.863609,0.000000,0.001003,0.051531,0.000000,-0.001321,-0.067578,-5.401916,0.025925,0.372985,67.615349,-0.000285,0.002294,0.000000,0.000000,0.000000,0.000000
0.100000,-5.008358,0.000000,0.001383,0.001448,0.000000,-0.001036,-0.000092,-5.688217,0.023631,0.000540,66.779999,-0.000107,0.001262,0.000000,0.000000,0.000000,0.000000
-8.590000,-49.316410,0.000000,-0.001090,-0.124340,0.000000,-0.001768,0.126265,-49.709343,0.029806,-0.225413,1923.642944,-0.000599,0.035812,0.000000,0.000000,0.000000,0.000000
-2.040000,9.481142,0.000000,-0.001356,-0.029529,0.000000,-0.001169,0.028847,9.556764,-0.006007,-0.051498,-369.825897,0.000260,-0.007208,0.000000,0.000000,0.000000,0.000000
-10.920000,-12.853823,0.000000,-0.001450,-0.158067,0.000000,-0.001429,0.163780,-13.049103,0.001202,-0.398180,370.802887,0.000195,0.005957,0.000000,0.000000,0.000000,0.000000
-10.540000,0.550052,0.000000,-0.001971,-0.152567,0.000000,-0.001624,0.161860,0.564194,-0.004756,-0.493115,-12.793846,0.000448,-0.001587,0.000000,0.000000,0.000000,0.000000
-7.450000,4.472783,0.000000,-0.002488,-0.107839,0.000000,-0.002073,0.117076,4.638215,-0.003169,-0.424473,-88.379433,0.000404,-0.002819,0.000000,0.000000,0.000000,0.000000
5.450000,18.672783,0.000000,-0.002886,0.078889,0.000000,-0.002476,-0.094489,19.631697,-0.000350,0.393472,-325.689453,0.000115,-0.005097,0.000000,0.000000,0.000000,0.000000
7.040000,2.301529,0.000000,-0.002743,0.101904,0.000000,-0.002592,-0.126376,2.459446,0.004748,0.588900,-36.462177,-0.000295,0.000912,0.000000,0.000000,0.000000,0.000000
0.560000,-9.379816,0.000000,-0.002552,0.008106,0.000000,-0.002296,-0.013516,-10.203191,0.003836,0.069087,137.901245,-0.000229,0.002796,0.000000,0.000000,0.000000,0.000000
4.550000,5.775535,0.000000,-0.002653,0.065861,0.000000,-0.002067,-0.091634,6.413094,0.001039,0.505755,-80.272194,-0.000126,-0.000157,0.000000,0.000000,0.000000,0.000000
4.350000,-0.289501,0.000000,-0.002604,0.062966,0.000000,-0.001941,-0.092845,-0.326880,0.001196,0.546347,3.837584,-0.000257,0.001551,0.000000,0.000000,0.000000,0.000000
5.250000,1.302752,0.000000,-0.002581,0.075994,0.000000,-0.001684,-0.118198,1.517338,-0.000355,0.733917,-16.882059,-0.000291,0.001663,0.000000,0.000000,0.000000,0.000000
-3.360000,5.934761,0.000000,0.003594,-0.048636,0.000000,0.004047,0.053438,5.982368,-0.022279,-0.095399,-231.504547,0.000258,-0.004645,0.000000,0.000000,0.000000,0.000000
-2.330000,1.490928,0.000000,0.003413,-0.033727,0.000000,0.003789,0.038027,1.503079,-0.017635,-0.067887,-58.165886,0.000131,-0.001276,0.000000,0.000000,0.000000,0.000000
-4.560000,-3.227931,0.000000,0.003223,-0.066006,0.000000,0.003658,0.072396,-3.276706,-0.016358,-0.176007,93.110756,0.000134,0.001289,0.000000,0.000000,0.000000,0.000000
-3.490000,1.548828,0.000000,0.002952,-0.050518,0.000000,0.003524,0.057469,1.587609,-0.017647,-0.175082,-36.001144,0.000185,-0.001158,0.000000,0.000000,0.000000,0.000000
1.200000,6.788787,0.000000,0.002749,0.017370,0.000000,0.003339,-0.016248,7.039113,-0.016490,0.058910,-134.127625,0.000089,-0.002378,0.000000,0.000000,0.000000,0.000000
-1.220000,-3.502956,0.000000,0.002773,-0.017660,0.000000,0.003250,0.023609,-3.682638,-0.014112,-0.098313,61.094910,-0.000006,0.000895,0.000000,0.000000,0.000000,0.000000
-0.380000,1.215902,0.000000,0.002710,-0.005501,0.000000,0.003256,0.009915,1.298933,-0.015007,-0.046204,-19.257151,0.000051,-0.000491,0.000000,0.000000,0.000000,0.000000
-4.680000,-6.224261,0.000000,0.002702,-0.067743,0.000000,0.003205,0.089336,-6.771482,-0.014516,-0.456640,91.519974,0.000113,0.000499,0.000000,0.000000,0.000000,0.000000
4.860000,13.809175,0.000000,0.002530,0.070349,0.000000,0.003091,-0.090703,15.329728,-0.015014,0.500614,-191.880997,0.000045,-0.002280,0.000000,0.000000,0.000000,0.000000
12.200000,10.624667,0.000000,0.002778,0.176595,0.000000,0.003047,-0.246118,12.059670,-0.012734,1.448285,-141.581253,-0.000437,0.001241,0.000000,0.000000,0.000000,0.000000
5.640000,-9.495617,0.000000,0.003352,0.081639,0.000000,0.003484,-0.117766,-11.045240,-0.013975,0.731233,122.890488,-0.000527,0.004303,0.000000,0.000000,0.000000,0.000000
-1.870000,-2.460754,0.000000,0.000417,-0.027068,0.000000,-0.000032,0.028191,-2.480832,0.018782,-0.050327,96.002769,0.000030,0.001674,0.000000,0.000000,0.000000,0.000000
-4.560000,-3.893782,0.000000,0.000389,-0.066006,0.000000,-0.000062,0.067982,-3.925209,0.017108,-0.121363,151.897018,0.000110,0.002545,0.000000,0.000000,0.000000,0.000000
-5.850000,-1.867278,0.000000,0.000357,-0.084679,0.000000,-0.000172,0.088925,-1.896204,0.014563,-0.216192,53.882462,0.000204,0.000431,0.000000,0.000000,0.000000,0.000000
-3.970000,2.721304,0.000000,0.000266,-0.057466,0.000000,-0.000376,0.062050,2.788164,0.014132,-0.189038,-63.225315,0.000220,-0.001709,0.000000,0.000000,0.000000,0.000000
0.250000,6.108461,0.000000,0.000261,0.003619,0.000000,-0.000596,-0.003731,6.332559,0.015842,0.013528,-120.664505,0.000109,-0.002245,0.000000,0.000000,0.000000,0.000000
-1.710000,-2.837105,0.000000,0.000444,-0.024752,0.000000,-0.000706,0.029114,-2.983889,0.018087,-0.121238,49.502666,0.000022,0.000614,0.000000,0.000000,0.000000,0.000000
0.210000,2.779205,0.000000,0.000545,0.003040,0.000000,-0.000728,-0.003013,2.967641,0.017473,0.014042,-43.996361,0.000048,-0.000796,0.000000,0.000000,0.000000,0.000000
-2.850000,-4.429358,0.000000,0.000731,-0.041254,0.000000,-0.000776,0.053243,-4.820320,0.018269,-0.272150,65.149040,0.000053,0.000499,0.000000,0.000000,0.000000,0.000000
1.180000,5.833435,0.000000,0.000791,0.017081,0.000000,-0.000828,-0.021786,6.474003,0.017770,0.120245,-81.034584,0.000064,-0.001210,0.000000,0.000000,0.000000,0.000000
3.090000,2.764730,0.000000,0.001026,0.044728,0.000000,-0.000892,-0.061880,3.136029,0.018980,0.364131,-36.817173,-0.000108,0.000290,0.000000,0.000000,0.000000,0.000000
-0.150000,0.897452,0.000000,-0.000331,-0.002171,0.000000,-0.000906,0.001945,0.903961,0.024802,-0.003473,-34.981308,0.000023,-0.000672,0.000000,0.000000,0.000000,0.000000
-0.360000,-0.303976,0.000000,-0.000277,-0.005211,0.000000,-0.000928,0.005052,-0.307038,0.025475,-0.009020,11.881711,0.000008,0.000202,0.000000,0.000000,0.000000,0.000000
-4.510000,-6.007136,0.000000,-0.000049,-0.065282,0.000000,-0.000936,0.068217,-6.099324,0.025273,-0.165848,173.318192,0.000069,0.002833,0.000000,0.000000,0.000000,0.000000
-2.500000,2.909481,0.000000,-0.000017,-0.036188,0.000000,-0.001005,0.038876,2.980684,0.022440,-0.118439,-67.590958,0.000161,-0.001605,0.000000,0.000000,0.000000,0.000000
3.870000,9.220592,0.000000,0.000106,0.056018,0.000000,-0.001167,-0.062136,9.558917,0.024046,0.225279,-182.141525,0.000013,-0.002837,0.000000,0.000000,0.000000,0.000000
3.190000,-0.984302,0.000000,0.000510,0.046175,0.000000,-0.001179,-0.052766,-1.036572,0.026882,0.219728,17.196709,-0.000162,0.000925,0.000000,0.000000,0.000000,0.000000
-3.480000,-9.654842,0.000000,0.000886,-0.050373,0.000000,-0.001017,0.061903,-10.316360,0.025957,-0.288461,152.943802,-0.000028,0.002114,0.000000,0.000000,0.000000,0.000000
-4.060000,-0.839551,0.000000,0.000983,-0.058769,0.000000,-0.000989,0.075774,-0.915568,0.023843,-0.387318,12.374360,0.000188,-0.000817,0.000000,0.000000,0.000000,0.000000
-2.040000,2.923955,0.000000,0.001061,-0.029529,0.000000,-0.001177,0.040912,3.243384,0.024660,-0.225805,-40.597176,0.000172,-0.001378,0.000000,0.000000,0.000000,0.000000
-1.830000,0.303975,0.000000,0.001231,-0.026489,0.000000,-0.001349,0.039250,0.341965,0.026038,-0.230969,-4.014694,0.000112,-0.000698,0.000000,0.000000,0.000000,0.000000
-4.410000,-1.881754,0.000000,-0.001245,-0.063835,0.000000,-0.001947,0.064158,-1.897464,0.030971,-0.114537,73.427704,0.000137,0.001082,0.000000,0.000000,0.000000,0.000000
-6.030000,-2.344955,0.000000,-0.001343,-0.087284,0.000000,-0.002084,0.087995,-2.364313,0.029890,-0.157091,91.493759,0.000193,0.001306,0.000000,0.000000,0.000000,0.000000
1.470000,10.856270,0.000000,-0.001330,0.021278,0.000000,-0.002277,-0.023642,11.020390,0.028584,0.057478,-313.154999,0.000144,-0.005777,0.000000,0.000000,0.000000,0.000000
-0.760000,-3.227931,0.000000,-0.000974,-0.011001,0.000000,-0.002422,0.010777,-3.309397,0.034361,-0.032832,75.044960,-0.000034,0.001343,0.000000,0.000000,0.000000,0.000000
-1.830000,-1.548828,0.000000,-0.000728,-0.026489,0.000000,-0.002388,0.028628,-1.607453,0.033018,-0.103795,30.629398,0.000047,0.000297,0.000000,0.000000,0.000000,0.000000
-1.870000,-0.057900,0.000000,-0.000535,-0.027068,0.000000,-0.002435,0.030659,-0.062688,0.032721,-0.127671,1.039991,0.000082,-0.000326,0.000000,0.000000,0.000000,0.000000
-0.210000,2.402854,0.000000,-0.000347,-0.003040,0.000000,-0.002517,0.003251,2.564873,0.033047,-0.015151,-38.025177,0.000057,-0.000760,0.000000,0.000000,0.000000,0.000000
1.500000,2.475229,0.000000,-0.000092,0.021713,0.000000,-0.002574,-0.027652,2.690300,0.033808,0.141342,-36.360752,-0.000024,-0.000305,0.000000,0.000000,0.000000,0.000000
0.130000,-1.983078,0.000000,0.000234,0.001882,0.000000,-0.002550,-0.002203,-2.204345,0.034112,0.012160,27.591608,-0.000048,0.000556,0.000000,0.000000,0.000000,0.000000
-2.390000,-2.591030,0.000000,-0.000582,-0.034595,0.000000,-0.001274,0.034899,-2.612387,0.030004,-0.062302,101.093674,0.000045,0.001745,0.000000,0.000000,0.000000,0.000000
-4.790000,-3.474006,0.000000,-0.000603,-0.069335,0.000000,-0.001319,0.070375,-3.502336,0.028259,-0.125635,135.532761,0.000124,0.002223,0.000000,0.000000,0.000000,0.000000
-4.710000,0.115800,0.000000,-0.000551,-0.068177,0.000000,-0.001443,0.070719,0.116693,0.026036,-0.171931,-3.315943,0.000193,-0.000532,0.000000,0.000000,0.000000,0.000000
-1.350000,4.863609,0.000000,-0.000500,-0.019541,0.000000,-0.001637,0.020466,4.983186,0.026568,-0.062350,-113.000343,0.000149,-0.002307,0.000000,0.000000,0.000000,0.000000
-8.770000,-10.740469,0.000000,-0.000301,-0.126946,0.000000,-0.001786,0.140741,-11.137508,0.028875,-0.510270,212.221008,0.000170,0.002642,0.000000,0.000000,0.000000,0.000000
3.160000,17.268705,0.000000,-0.000432,0.045741,0.000000,-0.001956,-0.053353,18.153267,0.026233,0.222172,-301.162354,0.000199,-0.005106,0.000000,0.000000,0.000000,0.000000
1.250000,-2.764730,0.000000,-0.000049,0.018094,0.000000,-0.002155,-0.021910,-2.955658,0.031339,0.102099,43.818699,-0.000116,0.001115,0.000000,0.000000,0.000000,0.000000
-0.470000,-2.489704,0.000000,0.000250,-0.006803,0.000000,-0.002039,0.008945,-2.710860,0.030224,-0.045721,36.638638,-0.000027,0.000568,0.000000,0.000000,0.000000,0.000000
0.870000,1.939654,0.000000,0.000478,0.012593,0.000000,-0.002012,-0.016204,2.150623,0.029656,0.089434,-26.919172,-0.000003,-0.000269,0.000000,0.000000,0.000000,0.000000
-3.600000,-8.294189,0.000000,-0.000756,-0.052110,0.000000,-0.001438,0.052653,-8.360888,0.029707,-0.093998,323.548065,-0.000016,0.005873,0.000000,0.000000,0.000000,0.000000
-3.970000,-0.535576,0.000000,-0.000825,-0.057466,0.000000,-0.001422,0.057994,-0.540413,0.023835,-0.103533,20.912786,0.000147,0.000105,0.000000,0.000000,0.000000,0.000000
1.450000,7.845464,0.000000,-0.000767,0.020989,0.000000,-0.001568,-0.022751,7.963942,0.023730,0.055311,-226.303116,0.000089,-0.004136,0.000000,0.000000,0.000000,0.000000
1.720000,0.390826,0.000000,-0.000461,0.024897,0.000000,-0.001657,-0.027254,0.399361,0.027865,0.083032,-9.056031,-0.000066,0.000061,0.000000,0.000000,0.000000,0.000000
-4.160000,-8.511314,0.000000,-0.000146,-0.060216,0.000000,-0.001591,0.066755,-8.826227,0.027805,-0.242029,168.180405,0.000014,0.002530,0.000000,0.000000,0.000000,0.000000
7.750000,17.239756,0.000000,-0.000094,0.112181,0.000000,-0.001605,-0.129731,18.122789,0.025275,0.540231,-300.656769,-0.000008,-0.004236,0.000000,0.000000,0.000000,0.000000
-2.940000,-15.473803,0.000000,0.000476,-0.042557,0.000000,-0.001597,0.051968,-16.532843,0.029511,-0.242163,245.105392,-0.000172,0.003994,0.000000,0.000000,0.000000,0.000000
-13.010000,-14.576352,0.000000,0.000588,-0.188320,0.000000,-0.001424,0.239565,-15.859517,0.025517,-1.224538,214.349350,0.000348,0.000739,0.000000,0.000000,0.000000,0.000000
15.360000,27.517025,0.000000,-0.001006,0.222336,0.000000,-0.001530,-0.228626,27.735312,0.023156,0.408150,-1073.296021,-0.000094,-0.019220,0.000000,0.000000,0.000000,0.000000
-9.000000,-35.261162,0.000000,-0.000349,-0.130275,0.000000,-0.001436,0.133031,-35.542667,0.042376,-0.237491,1375.423706,-0.000313,0.025437,0.000000,0.000000,0.000000,0.000000
-2.560000,9.321917,0.000000,-0.000551,-0.037056,0.000000,-0.001123,0.038175,9.463056,0.016939,-0.092810,-268.901855,0.000283,-0.005390,0.000000,0.000000,0.000000,0.000000
-3.460000,-1.302752,0.000000,-0.000453,-0.050084,0.000000,-0.001406,0.053343,-1.335996,0.022329,-0.162513,30.295477,0.000118,0.000144,0.000000,0.000000,0.000000,0.000000
0.070000,5.109684,0.000000,-0.000400,0.001013,0.000000,-0.001524,-0.001571,5.296802,0.022185,0.005695,-100.928551,0.000096,-0.001896,0.000000,0.000000,0.000000,0.000000
4.510000,6.426912,0.000000,-0.000195,0.065282,0.000000,-0.001620,-0.075658,6.755266,0.024081,0.315056,-112.069748,-0.000077,-0.001266,0.000000,0.000000,0.000000,0.000000
0.250000,-6.166361,0.000000,0.000201,0.003619,0.000000,-0.001543,-0.004127,-6.589313,0.025347,0.019234,97.688957,-0.000136,0.001904,0.000000,0.000000,0.000000,0.000000
4.240000,5.775535,0.000000,0.000415,0.061374,0.000000,-0.001408,-0.077306,6.281166,0.023443,0.395150,-84.893112,-0.000090,-0.000542,0.000000,0.000000,0.000000,0.000000
-1.940000,-8.945566,0.000000,0.000801,-0.028082,0.000000,-0.001318,0.038628,-9.933158,0.023985,-0.213199,124.332535,-0.000083,0.001779,0.000000,0.000000,0.000000,0.000000
-3.880000,-2.808155,0.000000,0.000931,-0.056163,0.000000,-0.001234,0.080843,-3.190220,0.022206,-0.475720,37.453377,0.000158,-0.000581,0.000000,0.000000,0.000000,0.000000
-2.000000,-8.178390,0.000000,-0.000577,-0.028950,0.000000,-0.001139,0.029110,-8.244039,0.024443,-0.051968,319.026306,-0.000078,0.005901,0.000000,0.000000,0.000000,0.000000
-4.080000,-3.010805,0.000000,-0.000596,-0.059058,0.000000,-0.001062,0.059859,-3.035201,0.018542,-0.106862,117.455650,0.000105,0.001924,0.000000,0.000000,0.000000,0.000000
-9.100000,-7.266463,0.000000,-0.000608,-0.131723,0.000000,-0.001166,0.137111,-7.377438,0.016618,-0.333343,209.637039,0.000231,0.003064,0.000000,0.000000,0.000000,0.000000
-0.390000,12.607748,0.000000,-0.000859,-0.005645,0.000000,-0.001397,0.005144,12.920098,0.013554,-0.015671,-292.980347,0.000258,-0.005596,0.000000,0.000000,0.000000,0.000000
0.760000,1.664628,0.000000,-0.000723,0.011001,0.000000,-0.001655,-0.013029,1.725087,0.019149,0.047236,-32.870869,-0.000003,-0.000484,0.000000,0.000000,0.000000,0.000000
-0.520000,-1.852803,0.000000,-0.000542,-0.007527,0.000000,-0.001652,0.008071,-1.948892,0.019633,-0.033611,32.332088,-0.000015,0.000522,0.000000,0.000000,0.000000,0.000000
-2.070000,-2.243629,0.000000,-0.000420,-0.029963,0.000000,-0.001637,0.035677,-2.398000,0.019111,-0.166252,35.551216,0.000051,0.000222,0.000000,0.000000,0.000000,0.000000
0.970000,4.400408,0.000000,-0.000369,0.014041,0.000000,-0.001688,-0.018273,4.785903,0.018889,0.093405,-64.683876,0.000041,-0.000973,0.000000,0.000000,0.000000,0.000000
-3.080000,-5.862386,0.000000,-0.000191,-0.044583,0.000000,-0.001729,0.059372,-6.509503,0.019861,-0.327691,81.478920,0.000037,0.000658,0.000000,0.000000,0.000000,0.000000
0.680000,5.442609,0.000000,-0.000185,0.009843,0.000000,-0.001767,-0.014200,6.176657,0.019203,0.083559,-72.514320,0.000078,-0.001148,0.000000,0.000000,0.000000,0.000000
3.400000,3.937207,0.000000,-0.000024,0.049215,0.000000,-0.001845,-0.074069,4.577278,0.020351,0.459912,-50.927280,-0.000114,0.000282,0.000000,0.000000,0.000000,0.000000
-3.810000,-7.946789,0.000000,0.000493,-0.055150,0.000000,0.000136,0.057012,-8.010397,0.014832,-0.101779,309.984894,0.000003,0.005594,0.000000,0.000000,0.000000,0.000000
-0.740000,4.443832,0.000000,0.000380,-0.010712,0.000000,0.000133,0.011357,4.478917,0.009238,-0.020275,-173.324310,0.000116,-0.003347,0.000000,0.000000,0.000000,0.000000
-11.530000,-15.618552,0.000000,0.000481,-0.166897,0.000000,0.000017,0.175033,-15.856427,0.012585,-0.425539,450.575684,0.000173,0.007387,0.000000,0.000000,0.000000,0.000000
1.520000,18.889908,0.000000,0.000079,0.022002,0.000000,-0.000156,-0.023563,19.358364,0.005199,0.071785,-438.976593,0.000302,-0.008131,0.000000,0.000000,0.000000,0.000000
3.340000,2.634454,0.000000,0.000268,0.048347,0.000000,-0.000458,-0.053429,2.730729,0.013330,0.193714,-52.033012,-0.000093,-0.000446,0.000000,0.000000,0.000000,0.000000
0.560000,-4.024057,0.000000,0.000538,0.008106,0.000000,-0.000365,-0.008745,-4.231508,0.013776,0.036415,70.200653,-0.000104,0.001429,0.000000,0.000000,0.000000,0.000000
3.860000,4.776758,0.000000,0.000690,0.055874,0.000000,-0.000261,-0.066642,5.101918,0.012348,0.310542,-75.637802,-0.000083,-0.000595,0.000000,0.000000,0.000000,0.000000
4.850000,1.433028,0.000000,0.000989,0.070204,0.000000,-0.000178,-0.087775,1.557533,0.012943,0.448664,-21.050835,-0.000208,0.000816,0.000000,0.000000,0.000000,0.000000
-3.430000,-11.985322,0.000000,0.001336,-0.049649,0.000000,0.000030,0.068190,-13.307058,0.012126,-0.376358,166.563416,-0.000067,0.002134,0.000000,0.000000,0.000000,0.000000
-0.570000,4.139857,0.000000,0.001343,-0.008251,0.000000,0.000097,0.013584,4.697542,0.009992,-0.079935,-55.149422,0.000126,-0.001264,0.000000,0.000000,0.000000,0.000000
-1.880000,-5.963710,0.000000,0.000055,-0.027213,0.000000,-0.000434,0.027973,-6.011683,0.020819,-0.049938,232.638977,-0.000038,0.004272,0.000000,0.000000,0.000000,0.000000
-4.920000,-4.400408,0.000000,0.000033,-0.071217,0.000000,-0.000395,0.072953,-4.435833,0.016547,-0.130237,171.657028,0.000113,0.002890,0.000000,0.000000,0.000000,0.000000
1.040000,8.627115,0.000000,-0.000029,0.015054,0.000000,-0.000509,-0.015773,8.757763,0.013656,0.038348,-248.860275,0.000123,-0.004614,0.000000,0.000000,0.000000,0.000000
-0.150000,-1.722528,0.000000,0.000187,-0.002171,0.000000,-0.000632,0.002535,-1.766100,0.018270,-0.007722,40.048664,-0.000027,0.000746,0.000000,0.000000,0.000000,0.000000
1.380000,2.214679,0.000000,0.000350,0.019976,0.000000,-0.000605,-0.021810,2.295255,0.017524,0.079075,-43.735218,-0.000015,-0.000616,0.000000,0.000000,0.000000,0.000000
1.760000,0.550051,0.000000,0.000582,0.025476,0.000000,-0.000589,-0.028764,0.577010,0.018140,0.119780,-9.572593,-0.000067,0.000144,0.000000,0.000000,0.000000,0.000000
-3.350000,-7.396738,0.000000,0.000835,-0.048491,0.000000,-0.000523,0.059568,-7.903470,0.017996,-0.277582,117.171814,0.000012,0.001468,0.000000,0.000000,0.000000,0.000000
-0.470000,4.168807,0.000000,0.000873,-0.006803,0.000000,-0.000534,0.009735,4.533527,0.016528,-0.049762,-61.272896,0.000112,-0.001298,0.000000,0.000000,0.000000,0.000000
-2.170000,-2.460755,0.000000,0.001040,-0.031411,0.000000,-0.000646,0.043401,-2.733803,0.017826,-0.239544,34.218792,0.000065,0.000002,0.000000,0.000000,0.000000,0.000000
0.440000,10.248318,0.000000,-0.000576,0.006369,0.000000,-0.001131,-0.007053,10.329223,0.024126,0.012592,-399.718323,0.000176,-0.007535,0.000000,0.000000,0.000000,0.000000
-4.590000,-7.280938,0.000000,-0.000501,-0.066440,0.000000,-0.001307,0.067515,-7.339637,0.031660,-0.120530,284.027924,0.000043,0.005066,0.000000,0.000000,0.000000,0.000000
-2.000000,3.749032,0.000000,-0.000434,-0.028950,0.000000,-0.001351,0.029821,3.805117,0.026594,-0.072499,-108.126068,0.000153,-0.002253,0.000000,0.000000,0.000000,0.000000
-0.200000,2.605505,0.000000,-0.000248,-0.002895,0.000000,-0.001503,0.002845,2.668916,0.028847,-0.008666,-60.521214,0.000058,-0.001165,0.000000,0.000000,0.000000,0.000000
-0.460000,-0.376351,0.000000,0.000015,-0.006659,0.000000,-0.001561,0.007417,-0.391791,0.030012,-0.026890,7.465421,0.000013,0.000071,0.000000,0.000000,0.000000,0.000000
-1.820000,-1.968604,0.000000,0.000267,-0.026345,0.000000,-0.001574,0.030749,-2.071490,0.029941,-0.128046,34.365986,0.000044,0.000304,0.000000,0.000000,0.000000,0.000000
-3.630000,-2.619980,0.000000,0.000461,-0.052544,0.000000,-0.001618,0.064011,-2.801100,0.029637,-0.298284,41.527321,0.000120,-0.000021,0.000000,0.000000,0.000000,0.000000
3.690000,10.595719,0.000000,0.000579,0.053413,0.000000,-0.001738,-0.067001,11.524418,0.029658,0.342478,-155.758286,0.000037,-0.002023,0.000000,0.000000,0.000000,0.000000
1.560000,-3.083180,0.000000,0.001012,0.022581,0.000000,-0.001774,-0.028847,-3.425869,0.031681,0.159217,42.881321,-0.000143,0.001246,0.000000,0.000000,0.000000,0.000000
1.280000,-0.405301,0.000000,0.001361,0.018528,0.000000,-0.001631,-0.024308,-0.463634,0.030435,0.143043,5.443089,-0.000074,0.000488,0.000000,0.000000,0.000000,0.000000
-7.140000,-3.271355,0.000000,-0.001161,-0.103352,0.000000,-0.001977,0.104718,-3.298244,0.035743,-0.186945,127.634865,0.000221,0.001910,0.000000,0.000000,0.000000,0.000000
-3.300000,5.558410,0.000000,-0.001355,-0.047768,0.000000,-0.002197,0.047522,5.601805,0.033833,-0.084837,-216.777618,0.000234,-0.004338,0.000000,0.000000,0.000000,0.000000
0.840000,5.992661,0.000000,-0.001138,0.012159,0.000000,-0.002432,-0.013905,6.082502,0.038171,0.033807,-172.840179,0.000077,-0.003173,0.000000,0.000000,0.000000,0.000000
0.730000,-0.159225,0.000000,-0.000737,0.010567,0.000000,-0.002509,-0.012149,-0.164893,0.041344,0.037013,3.739163,-0.000036,0.000177,0.000000,0.000000,0.000000,0.000000
2.470000,2.518655,0.000000,-0.000347,0.035753,0.000000,-0.002473,-0.040118,2.609334,0.041167,0.145453,-49.719860,-0.000059,-0.000548,0.000000,0.000000,0.000000,0.000000
1.030000,-2.084404,0.000000,0.000117,0.014909,0.000000,-0.002414,-0.017093,-2.193898,0.041715,0.071178,36.396725,-0.000088,0.000883,0.000000,0.000000,0.000000,0.000000
2.050000,1.476453,0.000000,0.000517,0.029674,0.000000,-0.002326,-0.035211,1.574345,0.040833,0.164078,-23.340229,-0.000065,0.000000,0.000000,0.000000,0.000000,0.000000
-3.970000,-8.713965,0.000000,0.000964,-0.057466,0.000000,-0.002261,0.074099,-9.483248,0.040832,-0.378755,128.170853,0.000021,0.001402,0.000000,0.000000,0.000000,0.000000
-5.460000,-2.156779,0.000000,0.001161,-0.079034,0.000000,-0.002282,0.107256,-2.398146,0.039430,-0.591976,30.017408,0.000245,-0.001036,0.000000,0.000000,0.000000,0.000000
3.100000,12.390622,0.000000,0.001303,0.044873,0.000000,-0.002526,-0.061692,14.060803,0.040465,0.363030,-165.074677,0.000099,-0.002142,0.000000,0.000000,0.000000,0.000000
-1.360000,-6.455861,0.000000,0.001811,-0.019686,0.000000,-0.002625,0.032338,-7.513706,0.042607,-0.200794,83.598289,-0.000055,0.001044,0.000000,0.000000,0.000000,0.000000
-2.410000,-1.519878,0.000000,0.002145,-0.034885,0.000000,-0.002570,0.059358,-1.820585,0.041563,-0.385591,19.361629,0.000126,-0.000678,0.000000,0.000000,0.000000,0.000000
-4.080000,0.130275,0.000000,-0.001975,-0.059058,0.000000,-0.002963,0.058549,0.130268,0.043785,-0.104524,-5.041105,0.000161,-0.000377,0.000000,0.000000,0.000000,0.000000
-3.180000,1.302752,0.000000,-0.002030,-0.046031,0.000000,-0.003124,0.045052,1.312068,0.044162,-0.080428,-50.774147,0.000146,-0.001178,0.000000,0.000000,0.000000,0.000000
-4.930000,-2.533129,0.000000,-0.001751,-0.071362,0.000000,-0.003270,0.072794,-2.573069,0.045341,-0.176977,73.116257,0.000148,0.000908,0.000000,0.000000,0.000000,0.000000
-0.450000,6.484811,0.000000,-0.001568,-0.006514,0.000000,-0.003418,0.005316,6.643980,0.044433,-0.016195,-150.661041,0.000140,-0.002898,0.000000,0.000000,0.000000,0.000000
0.960000,2.040979,0.000000,-0.001194,0.013896,0.000000,-0.003558,-0.016769,2.113919,0.047331,0.060798,-40.279934,-0.000006,-0.000593,0.000000,0.000000,0.000000,0.000000
9.160000,11.869521,0.000000,-0.000767,0.132591,0.000000,-0.003552,-0.154092,12.475851,0.047924,0.641676,-206.974136,-0.000181,-0.002182,0.000000,0.000000,0.000000,0.000000
0.520000,-12.506421,0.000000,0.000009,0.007527,0.000000,-0.003372,-0.009078,-13.364000,0.050106,0.042305,198.126160,-0.000277,0.003870,0.000000,0.000000,0.000000,0.000000
-2.160000,-3.879307,0.000000,0.000414,-0.031266,0.000000,-0.003095,0.040175,-4.223847,0.046236,-0.205355,57.087410,0.000029,0.000518,0.000000,0.000000,0.000000,0.000000
-3.470000,-1.896228,0.000000,0.000707,-0.050228,0.000000,-0.003124,0.068123,-2.109135,0.045718,-0.375990,26.399878,0.000144,-0.000518,0.000000,0.000000,0.000000,0.000000
0.320000,5.486035,0.000000,0.000949,0.004632,0.000000,-0.003268,-0.005215,6.222844,0.046236,0.030688,-73.056557,0.000103,-0.001299,0.000000,0.000000,0.000000,0.000000
-1.530000,-6.253211,0.000000,-0.002287,-0.022147,0.000000,-0.003293,0.020437,-6.303996,0.044800,-0.036485,243.950882,-0.000064,0.004523,0.000000,0.000000,0.000000,0.000000
-1.510000,0.028950,0.000000,-0.002240,-0.021857,0.000000,-0.003229,0.020086,0.028245,0.040277,-0.035858,-1.093031,0.000055,-0.000126,0.000000,0.000000,0.000000,0.000000
-9.080000,-10.957595,0.000000,-0.001947,-0.131433,0.000000,-0.003284,0.135408,-11.125389,0.040403,-0.329203,316.138702,0.000156,0.005096,0.000000,0.000000,0.000000,0.000000
-0.680000,12.159021,0.000000,-0.002023,-0.009843,0.000000,-0.003439,0.008405,12.459447,0.035308,-0.025606,-282.534485,0.000258,-0.005428,0.000000,0.000000,0.000000,0.000000
-1.850000,-1.693578,0.000000,-0.001733,-0.026779,0.000000,-0.003698,0.027833,-1.757726,0.040736,-0.100911,33.492809,0.000042,0.000371,0.000000,0.000000,0.000000,0.000000
7.760000,13.910500,0.000000,-0.001509,0.112326,0.000000,-0.003739,-0.131534,14.622217,0.040365,0.547739,-242.582352,-0.000079,-0.003112,0.000000,0.000000,0.000000,0.000000
4.870000,-4.183283,0.000000,-0.000879,0.070493,0.000000,-0.003660,-0.086192,-4.471602,0.043477,0.401645,66.293129,-0.000318,0.002347,0.000000,0.000000,0.000000,0.000000
4.000000,-1.259327,0.000000,-0.000380,0.057900,0.000000,-0.003343,-0.073908,-1.372860,0.041130,0.377780,18.554893,-0.000225,0.001369,0.000000,0.000000,0.000000,0.000000
5.870000,2.706830,0.000000,0.000079,0.084968,0.000000,-0.003117,-0.113534,3.001718,0.039761,0.626625,-37.572258,-0.000250,0.000981,0.000000,0.000000,0.000000,0.000000
-2.400000,-11.970846,0.000000,0.000617,-0.034740,0.000000,-0.002867,0.050064,-13.592410,0.038780,-0.294605,159.575684,-0.000121,0.002223,0.000000,0.000000,0.000000,0.000000
9.530000,-10.595719,0.000000,-0.000947,0.137947,0.000000,-0.001689,-0.142136,-10.680783,0.032425,0.253745,413.322937,-0.000586,0.008509,0.000000,0.000000,0.000000,0.000000
-4.450000,-20.236086,0.000000,-0.000496,-0.064414,0.000000,-0.001102,0.065445,-20.397615,0.023916,-0.116835,789.343262,-0.000208,0.014614,0.000000,0.000000,0.000000,0.000000
-2.380000,2.996330,0.000000,-0.000593,-0.034451,0.000000,-0.000894,0.035406,3.041598,0.009302,-0.086079,-86.429932,0.000154,-0.001896,0.000000,0.000000,0.000000,0.000000
-5.340000,-4.284608,0.000000,-0.000596,-0.077297,0.000000,-0.001048,0.082438,-4.391326,0.011198,-0.251153,99.579132,0.000140,0.001210,0.000000,0.000000,0.000000,0.000000
-3.340000,2.895005,0.000000,-0.000737,-0.048347,0.000000,-0.001188,0.052908,3.001265,0.009989,-0.191824,-57.187962,0.000200,-0.001604,0.000000,0.000000,0.000000,0.000000
-2.640000,1.013251,0.000000,-0.000796,-0.038214,0.000000,-0.001387,0.043236,1.064771,0.011593,-0.180046,-17.664530,0.000137,-0.000819,0.000000,0.000000,0.000000,0.000000
12.000000,21.191439,0.000000,-0.000829,0.173700,0.000000,-0.001524,-0.210770,22.638302,0.012411,0.982163,-335.621094,-0.000142,-0.003697,0.000000,0.000000,0.000000,0.000000
1.120000,-15.748828,0.000000,-0.000242,0.016212,0.000000,-0.001382,-0.020866,-17.133938,0.016108,0.106655,231.573792,-0.000381,0.004680,0.000000,0.000000,0.000000,0.000000
3.030000,2.764730,0.000000,-0.000119,0.043859,0.000000,-0.001002,-0.058818,3.068375,0.011428,0.324632,-38.406601,-0.000100,0.000142,0.000000,0.000000,0.000000,0.000000
-0.110000,-4.545158,0.000000,0.000085,-0.001592,0.000000,-0.000901,0.002375,-5.160443,0.011285,-0.013974,60.583908,-0.000091,0.001109,0.000000,0.000000,0.000000,0.000000
1.870000,2.866055,0.000000,0.000157,0.027068,0.000000,-0.000810,-0.040482,3.332260,0.010176,0.251362,-37.075069,-0.000046,-0.000024,0.000000,0.000000,0.000000,0.000000
-2.920000,-6.933537,0.000000,0.000313,-0.042267,0.000000,-0.000764,0.068255,-8.279193,0.010201,-0.443387,88.047890,0.000028,0.000468,0.000000,0.000000,0.000000,0.000000
-3.060000,-7.150662,0.000000,0.001434,-0.044294,0.000000,0.001223,0.046846,-7.207802,0.007824,-0.083630,278.926178,-0.000010,0.005054,0.000000,0.000000,0.000000,0.000000
-4.500000,-2.084403,0.000000,0.001335,-0.065138,0.000000,0.001232,0.068061,-2.101115,0.002770,-0.121505,81.308563,0.000144,0.001202,0.000000,0.000000,0.000000,0.000000
0.590000,7.367788,0.000000,0.001196,0.008540,0.000000,0.001088,-0.007681,7.479610,0.001568,0.018673,-212.540344,0.000121,-0.003976,0.000000,0.000000,0.000000,0.000000
0.660000,0.101325,0.000000,0.001303,0.009554,0.000000,0.000968,-0.008868,0.103407,0.005544,0.027017,-2.344885,-0.000022,0.000036,0.000000,0.000000,0.000000,0.000000
6.760000,8.829766,0.000000,0.001421,0.097851,0.000000,0.000990,-0.107163,9.154391,0.005508,0.388529,-174.433426,-0.000116,-0.002252,0.000000,0.000000,0.000000,0.000000
-2.280000,-13.085423,0.000000,0.001819,-0.033003,0.000000,0.001106,0.040236,-13.757800,0.007760,-0.167551,228.241669,-0.000151,0.003873,0.000000,0.000000,0.000000,0.000000
-1.570000,1.027727,0.000000,0.001836,-0.022726,0.000000,0.001258,0.029661,1.096962,0.003888,-0.138219,-16.262859,0.000101,-0.000689,0.000000,0.000000,0.000000,0.000000
-4.390000,-4.081957,0.000000,0.001896,-0.063545,0.000000,0.001156,0.082990,-4.441935,0.004577,-0.424203,60.034981,0.000140,-0.000009,0.000000,0.000000,0.000000,0.000000
-4.240000,0.217125,0.000000,0.001849,-0.061374,0.000000,0.001016,0.084557,0.239581,0.004586,-0.466695,-2.998817,0.000233,-0.001319,0.000000,0.000000,0.000000,0.000000
1.520000,8.337614,0.000000,0.001821,0.022002,0.000000,0.000783,-0.028575,9.462621,0.005905,0.168151,-111.091728,0.000101,-0.001646,0.000000,0.000000,0.000000,0.000000
3.180000,2.402854,0.000000,0.002047,0.046031,0.000000,0.000682,-0.066164,2.792194,0.007552,0.410827,-31.066238,-0.000126,0.000526,0.000000,0.000000,0.000000,0.000000
-2.680000,-7.628338,0.000000,-0.000324,-0.038793,0.000000,-0.000879,0.039448,-7.689612,0.023949,-0.070423,297.571198,-0.000039,0.005443,0.000000,0.000000,0.000000,0.000000
-7.480000,-6.948011,0.000000,-0.000371,-0.108273,0.000000,-0.000840,0.110481,-7.003729,0.018506,-0.197234,271.028992,0.000166,0.004588,0.000000,0.000000,0.000000,0.000000
-3.990000,5.051784,0.000000,-0.000540,-0.057755,0.000000,-0.001007,0.059832,5.128125,0.013917,-0.145462,-145.720642,0.000259,-0.003161,0.000000,0.000000,0.000000,0.000000
0.080000,5.891335,0.000000,-0.000550,0.001158,0.000000,-0.001265,-0.001836,6.036838,0.017079,0.005594,-136.893311,0.000109,-0.002571,0.000000,0.000000,0.000000,0.000000
2.780000,3.908257,0.000000,-0.000381,0.040241,0.000000,-0.001374,-0.045143,4.051254,0.019650,0.163669,-77.195091,-0.000046,-0.001014,0.000000,0.000000,0.000000,0.000000
-0.250000,-4.385932,0.000000,-0.000096,-0.003619,0.000000,-0.001328,0.004071,-4.612182,0.020664,-0.016952,76.516006,-0.000076,0.001405,0.000000,0.000000,0.000000,0.000000
-4.260000,-5.804485,0.000000,0.000057,-0.061664,0.000000,-0.001252,0.074536,-6.202255,0.019259,-0.347329,91.950691,0.000084,0.000799,0.000000,0.000000,0.000000,0.000000
0.960000,7.555963,0.000000,0.000037,0.013896,0.000000,-0.001336,-0.017575,8.218611,0.018460,0.089835,-111.078651,0.000108,-0.001862,0.000000,0.000000,0.000000,0.000000
-6.390000,-10.639144,0.000000,0.000240,-0.092495,0.000000,-0.001444,0.124027,-11.812631,0.020322,-0.684542,147.857758,0.000112,0.000951,0.000000,0.000000,0.000000,0.000000
-4.540000,2.677879,0.000000,0.000133,-0.065717,0.000000,-0.001556,0.093240,3.038042,0.019370,-0.548674,-35.666794,0.000310,-0.002161,0.000000,0.000000,0.000000,0.000000
7.660000,3.227931,0.000000,-0.000030,0.110879,0.000000,-0.000400,-0.113520,3.253193,0.015805,0.202659,-125.891464,-0.000246,-0.001832,0.000000,0.000000,0.000000,0.000000
-5.650000,-19.266258,0.000000,0.000309,-0.081784,0.000000,-0.000154,0.084054,-19.419952,0.017636,-0.150056,751.509766,-0.000140,0.013827,0.000000,0.000000,0.000000,0.000000
-3.170000,3.589806,0.000000,0.000125,-0.045886,0.000000,-0.000014,0.048115,3.644223,0.003809,-0.116977,-103.554131,0.000199,-0.002303,0.000000,0.000000,0.000000,0.000000
-4.580000,-2.040979,0.000000,0.000060,-0.066296,0.000000,-0.000214,0.071319,-2.091898,0.006112,-0.217277,47.436554,0.000153,0.000315,0.000000,0.000000,0.000000,0.000000
6.390000,15.879103,0.000000,-0.000069,0.092495,0.000000,-0.000367,-0.102867,16.463667,0.005797,0.372956,-313.708862,0.000033,-0.004932,0.000000,0.000000,0.000000,0.000000
-3.630000,-14.503976,0.000000,0.000285,-0.052544,0.000000,-0.000400,0.061043,-15.248868,0.010729,-0.254199,252.978485,-0.000124,0.004112,0.000000,0.000000,0.000000,0.000000
1.400000,7.280938,0.000000,0.000205,0.020265,0.000000,-0.000276,-0.024225,7.777706,0.006617,0.112885,-115.307320,0.000082,-0.001886,0.000000,0.000000,0.000000,0.000000
-1.460000,-4.139857,0.000000,0.000344,-0.021134,0.000000,-0.000358,0.027236,-4.504469,0.008503,-0.139219,60.880165,-0.000012,0.000780,0.000000,0.000000,0.000000,0.000000
-3.450000,-2.880530,0.000000,0.000362,-0.049939,0.000000,-0.000346,0.067274,-3.198603,0.007723,-0.371305,40.036655,0.000121,-0.000248,0.000000,0.000000,0.000000,0.000000
5.410000,12.824872,0.000000,0.000299,0.078310,0.000000,-0.000468,-0.110460,14.557221,0.007971,0.650006,-170.902649,-0.000023,-0.001477,0.000000,0.000000,0.000000,0.000000
-3.060000,-12.260346,0.000000,0.000609,-0.044294,0.000000,-0.000444,0.067546,-14.260504,0.009448,-0.419405,158.663864,-0.000087,0.001873,0.000000,0.000000,0.000000,0.000000
-6.740000,2.533130,0.000000,0.000277,-0.097562,0.000000,0.000048,0.100202,2.553015,0.009529,-0.178883,-98.796104,0.000320,-0.002358,0.000000,0.000000,0.000000,0.000000
2.380000,13.201223,0.000000,0.000037,0.034451,0.000000,-0.000271,-0.035236,13.305902,0.011887,0.062905,-514.909363,0.000156,-0.009575,0.000000,0.000000,0.000000,0.000000
2.380000,-0.000000,0.000000,0.000343,0.034451,0.000000,-0.000427,-0.035668,-0.000786,0.021463,0.086715,0.022337,-0.000097,0.000253,0.000000,0.000000,0.000000,0.000000
1.060000,-1.910704,0.000000,0.000650,0.015344,0.000000,-0.000331,-0.015793,-1.959141,0.021210,0.048113,44.426125,-0.000080,0.000971,0.000000,0.000000,0.000000,0.000000
2.450000,2.012029,0.000000,0.000901,0.035464,0.000000,-0.000251,-0.038409,2.084882,0.020239,0.139256,-39.726635,-0.000064,-0.000377,0.000000,0.000000,0.000000,0.000000
1.450000,-1.447503,0.000000,0.001220,0.020989,0.000000,-0.000187,-0.022842,-1.523367,0.020616,0.095120,25.272633,-0.000091,0.000737,0.000000,0.000000,0.000000,0.000000
3.900000,3.546381,0.000000,0.001503,0.056453,0.000000,-0.000096,-0.066359,3.786689,0.019880,0.309227,-56.139046,-0.000108,-0.000228,0.000000,0.000000,0.000000,0.000000
-1.480000,-7.787564,0.000000,0.001901,-0.021423,0.000000,0.000011,0.029579,-8.474348,0.020108,-0.151192,114.535080,-0.000080,0.001760,0.000000,0.000000,0.000000,0.000000
-5.100000,-5.239959,0.000000,0.002083,-0.073823,0.000000,0.000092,0.101519,-5.819746,0.018347,-0.560313,72.845299,0.000165,-0.000140,0.000000,0.000000,0.000000,0.000000
4.930000,14.518451,0.000000,0.002127,0.071362,0.000000,-0.000073,-0.098035,16.477491,0.018487,0.576885,-193.446716,0.000047,-0.002102,0.000000,0.000000,0.000000,0.000000
-5.400000,-14.619776,0.000000,-0.001193,-0.078165,0.000000,-0.002042,0.078900,-14.736954,0.037191,-0.140855,570.287903,-0.000066,0.010421,0.000000,0.000000,0.000000,0.000000
-6.060000,-0.955351,0.000000,-0.001315,-0.087719,0.000000,-0.001976,0.088468,-0.963579,0.026769,-0.157936,37.288395,0.000221,0.000260,0.000000,0.000000,0.000000,0.000000
-7.020000,-1.389602,0.000000,-0.001322,-0.101615,0.000000,-0.002197,0.104879,-1.411538,0.026510,-0.254981,40.110214,0.000257,0.000069,0.000000,0.000000,0.000000,0.000000
-0.350000,9.654841,0.000000,-0.001384,-0.005066,0.000000,-0.002454,0.003958,9.893432,0.026441,-0.012057,-224.346680,0.000198,-0.004281,0.000000,0.000000,0.000000,0.000000
-3.640000,-4.762284,0.000000,-0.001155,-0.052689,0.000000,-0.002651,0.057270,-4.939054,0.030721,-0.207639,94.111809,0.000061,0.001228,0.000000,0.000000,0.000000,0.000000
2.320000,8.627115,0.000000,-0.001080,0.033582,0.000000,-0.002712,-0.040051,9.068287,0.029493,0.166782,-150.442734,0.000063,-0.002400,0.000000,0.000000,0.000000,0.000000
1.950000,-0.535576,0.000000,-0.000754,0.028226,0.000000,-0.002776,-0.034998,-0.574021,0.031893,0.163086,8.510071,-0.000106,0.000607,0.000000,0.000000,0.000000,0.000000
1.180000,-1.114577,0.000000,-0.000450,0.017081,0.000000,-0.002670,-0.022232,-1.214627,0.031286,0.113639,16.416294,-0.000083,0.000617,0.000000,0.000000,0.000000,0.000000
-2.870000,-5.862385,0.000000,-0.000183,-0.041543,0.000000,-0.002587,0.055317,-6.510370,0.030669,-0.305309,81.489784,0.000027,0.000716,0.000000,0.000000,0.000000,0.000000
-0.250000,3.792457,0.000000,-0.000088,-0.003619,0.000000,-0.002614,0.004999,4.302506,0.029953,-0.029419,-50.511684,0.000095,-0.001037,0.000000,0.000000,0.000000,0.000000
-2.510000,-3.271356,0.000000,0.000116,-0.036332,0.000000,-0.002708,0.054828,-3.807565,0.030990,-0.340438,42.363369,0.000076,-0.000117,0.000000,0.000000,0.000000,0.000000
-0.670000,-0.651376,0.000000,-0.000216,-0.009698,0.000000,-0.000719,0.009762,-0.657108,0.021649,-0.017428,25.428650,0.000014,0.000435,0.000000,0.000000,0.000000,0.000000
-6.330000,-8.192865,0.000000,-0.000189,-0.091627,0.000000,-0.000733,0.093622,-8.258561,0.021214,-0.167138,319.588287,0.000097,0.005598,0.000000,0.000000,0.000000,0.000000
-0.480000,8.467890,0.000000,-0.000293,-0.006948,0.000000,-0.000830,0.006959,8.596072,0.015616,-0.016919,-244.265671,0.000181,-0.004681,0.000000,0.000000,0.000000,0.000000
-0.860000,-0.550051,0.000000,-0.000125,-0.012449,0.000000,-0.001011,0.013245,-0.564576,0.020297,-0.040352,12.802508,0.000025,0.000142,0.000000,0.000000,0.000000,0.000000
0.530000,2.012029,0.000000,0.000024,0.007672,0.000000,-0.001036,-0.008499,2.085072,0.020155,0.030814,-39.730251,0.000016,-0.000669,0.000000,0.000000,0.000000,0.000000
0.280000,-0.361876,0.000000,0.000234,0.004053,0.000000,-0.001053,-0.004413,-0.381766,0.020824,0.018376,6.333486,-0.000019,0.000171,0.000000,0.000000,0.000000,0.000000
1.870000,2.301529,0.000000,0.000434,0.027068,0.000000,-0.001034,-0.032164,2.457167,0.020653,0.149883,-36.428394,-0.000040,-0.000285,0.000000,0.000000,0.000000,0.000000
6.390000,6.542712,0.000000,0.000705,0.092495,0.000000,-0.000993,-0.116404,7.115809,0.020938,0.595001,-96.173744,-0.000180,-0.000211,0.000000,0.000000,0.000000,0.000000
-3.070000,-13.693374,0.000000,0.001172,-0.044438,0.000000,-0.000813,0.061001,-15.203849,0.021149,-0.336685,190.305359,-0.000123,0.002693,0.000000,0.000000,0.000000,0.000000
0.090000,4.574108,0.000000,0.001248,0.001303,0.000000,-0.000690,-0.000077,5.189826,0.018456,0.000454,-60.928871,0.000098,-0.001157,0.000000,0.000000,0.000000,0.000000
-0.960000,-3.474006,0.000000,-0.000332,-0.013896,0.000000,-0.000946,0.013953,-3.502306,0.026474,-0.024910,135.531586,-0.000029,0.002501,0.000000,0.000000,0.000000,0.000000
-2.900000,-2.808155,0.000000,-0.000305,-0.041978,0.000000,-0.000918,0.042668,-2.831093,0.023973,-0.076173,109.557121,0.000062,0.001864,0.000000,0.000000,0.000000,0.000000
-8.600000,-8.250765,0.000000,-0.000211,-0.124485,0.000000,-0.000979,0.129958,-8.376928,0.022109,-0.315953,238.038544,0.000193,0.003649,0.000000,0.000000,0.000000,0.000000
2.260000,15.719879,0.000000,-0.000385,0.032714,0.000000,-0.001172,-0.035574,16.109161,0.018460,0.108379,-365.296631,0.000208,-0.006630,0.000000,0.000000,0.000000,0.000000
1.690000,-0.825076,0.000000,-0.000071,0.024463,0.000000,-0.001381,-0.027264,-0.856767,0.025091,0.098850,16.325371,-0.000090,0.000589,0.000000,0.000000,0.000000,0.000000
3.080000,2.012029,0.000000,0.000216,0.044583,0.000000,-0.001290,-0.051266,2.113721,0.024502,0.213482,-35.066605,-0.000098,-0.000088,0.000000,0.000000,0.000000,0.000000
-3.040000,-8.858715,0.000000,0.000564,-0.044004,0.000000,-0.001192,0.053822,-9.465643,0.024590,-0.250804,140.331589,-0.000033,0.001979,0.000000,0.000000,0.000000,0.000000
-4.470000,-2.069928,0.000000,0.000653,-0.064703,0.000000,-0.001158,0.082882,-2.253823,0.022611,-0.423649,30.461554,0.000182,-0.000573,0.000000,0.000000,0.000000,0.000000
-3.300000,1.693578,0.000000,0.000685,-0.047768,0.000000,-0.001340,0.064802,1.877841,0.023183,-0.357663,-23.504782,0.000211,-0.001411,0.000000,0.000000,0.000000,0.000000
0.100000,4.921509,0.000000,0.000771,0.001448,0.000000,-0.001550,-0.000958,5.583992,0.024595,0.005637,-65.556412,0.000103,-0.001223,0.000000,0.000000,0.000000,0.000000
-3.550000,-22.030989,0.000000,-0.000854,-0.051386,0.000000,-0.001464,0.051803,-22.206850,0.026694,-0.092480,859.356628,-0.000281,0.016024,0.000000,0.000000,0.000000,0.000000
-5.620000,-2.996330,0.000000,-0.000929,-0.081350,0.000000,-0.001183,0.082342,-3.020391,0.010670,-0.147000,116.882568,0.000166,0.001786,0.000000,0.000000,0.000000,0.000000
-8.550000,-4.241183,0.000000,-0.001084,-0.123761,0.000000,-0.001349,0.128288,-4.305861,0.008884,-0.311893,122.355194,0.000265,0.001470,0.000000,0.000000,0.000000,0.000000
-2.550000,8.685016,0.000000,-0.001384,-0.036911,0.000000,-0.001614,0.038185,8.900382,0.007414,-0.116333,-201.827957,0.000271,-0.004139,0.000000,0.000000,0.000000,0.000000
6.050000,12.448523,0.000000,-0.001422,0.087574,0.000000,-0.001886,-0.098901,12.906715,0.011553,0.358575,-245.932571,-0.000024,-0.003679,0.000000,0.000000,0.000000,0.000000
1.810000,-6.137411,0.000000,-0.001091,0.026200,0.000000,-0.001862,-0.031533,-6.452909,0.015232,0.131313,107.053650,-0.000207,0.002389,0.000000,0.000000,0.000000,0.000000
1.080000,-1.056677,0.000000,-0.000952,0.015633,0.000000,-0.001655,-0.020029,-1.129353,0.012843,0.093332,16.743074,-0.000075,0.000565,0.000000,0.000000,0.000000,0.000000
8.070000,10.118043,0.000000,-0.000851,0.116813,0.000000,-0.001579,-0.149217,11.006735,0.012278,0.762722,-148.761536,-0.000195,-0.000755,0.000000,0.000000,0.000000,0.000000
-2.920000,-15.908052,0.000000,-0.000459,-0.042267,0.000000,-0.001384,0.055916,-17.660826,0.013033,-0.308615,221.059143,-0.000183,0.003352,0.000000,0.000000,0.000000,0.000000
-5.150000,-19.772884,0.000000,0.001396,-0.074546,0.000000,0.001315,0.077769,-19.930262,0.002294,-0.138835,771.257629,-0.000167,0.014222,0.000000,0.000000,0.000000,0.000000
-0.020000,7.425688,0.000000,0.001202,-0.000290,0.000000,0.001482,0.001527,7.484995,-0.011928,-0.002726,-289.652985,0.000146,-0.005518,0.000000,0.000000,0.000000,0.000000
-4.030000,-5.804486,0.000000,0.001161,-0.058334,0.000000,0.001336,0.062216,-5.892587,-0.006410,-0.151260,167.443573,0.000056,0.002772,0.000000,0.000000,0.000000,0.000000
-5.410000,-1.997553,0.000000,0.000940,-0.078310,0.000000,0.001279,0.085178,-2.046848,-0.009182,-0.259499,46.414982,0.000192,0.000172,0.000000,0.000000,0.000000,0.000000
0.240000,8.178390,0.000000,0.000663,0.003474,0.000000,0.001088,-0.003123,8.479963,-0.009354,0.011324,-161.582474,0.000152,-0.003029,0.000000,0.000000,0.000000,0.000000
-0.400000,-0.926402,0.000000,0.000641,-0.005790,0.000000,0.000936,0.007431,-0.973738,-0.006324,-0.030945,16.154293,0.000001,0.000228,0.000000,0.000000,0.000000,0.000000
-3.000000,-3.763507,0.000000,0.000595,-0.043425,0.000000,0.000935,0.053161,-4.020340,-0.006552,-0.247723,59.603008,0.000068,0.000458,0.000000,0.000000,0.000000,0.000000
0.950000,5.717635,0.000000,0.000442,0.013751,0.000000,0.000867,-0.016878,6.220417,-0.007010,0.086274,-84.072067,0.000072,-0.001359,0.000000,0.000000,0.000000,0.000000
-3.120000,-5.891335,0.000000,0.000460,-0.045162,0.000000,0.000795,0.061016,-6.539985,-0.005651,-0.336765,81.860481,0.000041,0.000642,0.000000,0.000000,0.000000,0.000000
5.420000,12.361671,0.000000,0.000309,0.078455,0.000000,0.000754,-0.110652,14.032630,-0.006292,0.651130,-164.743912,-0.000034,-0.001359,0.000000,0.000000,0.000000,0.000000
-2.870000,-22.088888,0.000000,0.001531,-0.041543,0.000000,0.001474,0.044113,-22.264662,0.001158,-0.078752,861.593811,-0.000302,0.016104,0.000000,0.000000,0.000000,0.000000
-6.180000,-4.791234,0.000000,0.001424,-0.089456,0.000000,0.001777,0.093051,-4.829019,-0.014946,-0.166117,186.872482,0.000161,0.003059,0.000000,0.000000,0.000000,0.000000
-3.710000,3.575331,0.000000,0.001027,-0.053702,0.000000,0.001616,0.057232,3.630215,-0.018005,-0.139143,-103.156067,0.000223,-0.002335,0.000000,0.000000,0.000000,0.000000
-1.140000,3.720082,0.000000,0.000754,-0.016502,0.000000,0.001393,0.018546,3.812967,-0.015670,-0.056502,-86.464073,0.000122,-0.001786,0.000000,0.000000,0.000000,0.000000
8.830000,14.431601,0.000000,0.000602,0.127814,0.000000,0.001271,-0.141371,14.963740,-0.013884,0.512555,-285.128357,-0.000099,-0.004009,0.000000,0.000000,0.000000,0.000000
1.160000,-11.102345,0.000000,0.000895,0.016791,0.000000,0.001370,-0.018367,-11.671643,-0.009875,0.076486,193.632355,-0.000271,0.003881,0.000000,0.000000,0.000000,0.000000
-4.020000,-7.498063,0.000000,0.000860,-0.058190,0.000000,0.001640,0.071311,-8.009583,-0.013756,-0.332303,118.744987,0.000042,0.001342,0.000000,0.000000,0.000000,0.000000
4.450000,12.260346,0.000000,0.000611,0.064414,0.000000,0.001599,-0.080912,13.338631,-0.015098,0.413584,-180.278305,0.000034,-0.002297,0.000000,0.000000,0.000000,0.000000
0.500000,-9.220592,0.000000,0.001462,0.007238,0.000000,0.001513,-0.005915,-9.293904,-0.003349,0.010560,359.653809,-0.000192,0.006843,0.000000,0.000000,0.000000,0.000000
-3.770000,-6.180836,0.000000,0.001476,-0.054571,0.000000,0.001705,0.057386,-6.229798,-0.010192,-0.102448,241.079590,0.000038,0.004275,0.000000,0.000000,0.000000,0.000000
-1.050000,3.937207,0.000000,0.001211,-0.015199,0.000000,0.001667,0.017161,3.997450,-0.014467,-0.041720,-113.591408,0.000122,-0.002272,0.000000,0.000000,0.000000,0.000000
-1.320000,-0.390826,0.000000,0.001083,-0.019107,0.000000,0.001545,0.021700,-0.400142,-0.012195,-0.066111,9.073741,0.000051,-0.000003,0.000000,0.000000,0.000000,0.000000
13.650000,21.669113,0.000000,0.000950,0.197584,0.000000,0.001494,-0.218520,22.467659,-0.012193,0.792266,-428.112732,-0.000166,-0.005963,0.000000,0.000000,0.000000,0.000000
4.570000,-13.143322,0.000000,0.001484,0.066151,0.000000,0.001660,-0.074721,-13.817728,-0.006229,0.311154,229.235886,-0.000463,0.005193,0.000000,0.000000,0.000000,0.000000
-2.440000,-10.146994,0.000000,0.001634,-0.035319,0.000000,0.002124,0.044626,-10.839889,-0.011423,-0.207953,160.705276,-0.000084,0.002471,0.000000,0.000000,0.000000,0.000000
12.820000,22.986341,0.000000,0.001885,0.185570,0.000000,0.001776,-0.188058,23.168978,0.003113,0.335727,-896.588928,-0.000070,-0.016073,0.000000,0.000000,0.000000,0.000000
-3.170000,-23.145565,0.000000,0.002398,-0.045886,0.000000,0.001846,0.049437,-23.330248,0.019186,-0.088257,902.829651,-0.000308,0.016886,0.000000,0.000000,0.000000,0.000000
-10.220000,-10.204893,0.000000,0.002337,-0.147935,0.000000,0.002154,0.157144,-10.360290,0.002300,-0.382047,294.397644,0.000229,0.004510,0.000000,0.000000,0.000000,0.000000
-6.640000,5.182060,0.000000,0.001964,-0.096114,0.000000,0.001924,0.105414,5.310452,-0.002210,-0.321149,-120.421524,0.000385,-0.003157,0.000000,0.000000,0.000000,0.000000
-2.860000,5.471560,0.000000,0.001766,-0.041399,0.000000,0.001539,0.047968,5.672663,0.000948,-0.173914,-108.090439,0.000236,-0.002511,0.000000,0.000000,0.000000,0.000000
-3.890000,-1.490928,0.000000,0.001746,-0.056308,0.000000,0.001303,0.067080,-1.568139,0.003459,-0.279337,26.015390,0.000151,-0.000258,0.000000,0.000000,0.000000,0.000000
8.790000,18.354332,0.000000,0.001693,0.127235,0.000000,0.001151,-0.151610,19.607050,0.003717,0.706487,-290.681641,-0.000039,-0.003593,0.000000,0.000000,0.000000,0.000000
4.800000,-5.775535,0.000000,0.002196,0.069480,0.000000,0.001190,-0.085327,-6.284693,0.007310,0.436151,84.940781,-0.000350,0.002795,0.000000,0.000000,0.000000,0.000000
7.070000,3.285831,0.000000,0.002542,0.102338,0.000000,0.001540,-0.133471,3.645850,0.004515,0.736665,-45.634808,-0.000291,0.001123,0.000000,0.000000,0.000000,0.000000
0.230000,-9.900918,0.000000,0.003002,0.003329,0.000000,0.001832,-0.000463,-11.241415,0.003392,0.002723,131.974884,-0.000214,0.002504,0.000000,0.000000,0.000000,0.000000
2.460000,3.227931,0.000000,0.003196,0.035609,0.000000,0.002045,-0.048757,3.751416,0.000887,0.302742,-41.738644,-0.000060,0.000024,0.000000,0.000000,0.000000,0.000000
-0.290000,-5.326809,0.000000,-0.000014,-0.004198,0.000000,-0.000707,0.004358,-5.369939,0.029554,-0.007779,207.804932,-0.000090,0.003914,0.000000,0.000000,0.000000,0.000000
2.150000,3.531906,0.000000,0.000047,0.031121,0.000000,-0.000617,-0.031817,3.559330,0.025640,0.056801,-137.738327,-0.000019,-0.002462,0.000000,0.000000,0.000000,0.000000
-0.630000,-4.024057,0.000000,0.000408,-0.009119,0.000000,-0.000599,0.009963,-4.086245,0.028102,-0.024222,116.114601,-0.000050,0.002138,0.000000,0.000000,0.000000,0.000000
0.130000,1.100102,0.000000,0.000641,0.001882,0.000000,-0.000548,-0.001333,1.126160,0.025964,0.004061,-25.537174,0.000018,-0.000477,0.000000,0.000000,0.000000,0.000000
-1.790000,-2.779205,0.000000,0.000913,-0.025910,0.000000,-0.000566,0.029809,-2.883148,0.026441,-0.108075,54.937294,0.000026,0.000749,0.000000,0.000000,0.000000,0.000000
-3.580000,-2.591030,0.000000,0.001105,-0.051821,0.000000,-0.000592,0.061155,-2.725838,0.025692,-0.254663,45.221611,0.000114,0.000166,0.000000,0.000000,0.000000,0.000000
3.590000,10.378593,0.000000,0.001227,0.051965,0.000000,-0.000706,-0.061274,11.085270,0.025526,0.285529,-164.343155,0.000044,-0.002340,0.000000,0.000000,0.000000,0.000000
-5.780000,-13.563098,0.000000,0.001664,-0.083666,0.000000,-0.000750,0.108211,-14.757906,0.027866,-0.553122,199.460510,0.000013,0.002285,0.000000,0.000000,0.000000,0.000000
-5.620000,0.231601,0.000000,0.001713,-0.081350,0.000000,-0.000763,0.111091,0.254054,0.025581,-0.613144,-3.179971,0.000305,-0.001723,0.000000,0.000000,0.000000,0.000000
2.280000,5.095209,0.000000,-0.001433,0.033003,0.000000,-0.002279,-0.035171,5.134832,0.037251,0.062789,-198.706802,0.000002,-0.003589,0.000000,0.000000,0.000000,0.000000
-3.110000,-7.802039,0.000000,-0.001254,-0.045017,0.000000,-0.002280,0.044809,-7.865084,0.040841,-0.079995,304.361542,-0.000028,0.005553,0.000000,0.000000,0.000000,0.000000
-1.090000,2.923955,0.000000,-0.001057,-0.015778,0.000000,-0.002252,0.015394,2.967249,0.035288,-0.037426,-84.317268,0.000098,-0.001708,0.000000,0.000000,0.000000,0.000000
-2.990000,-2.750255,0.000000,-0.000773,-0.043280,0.000000,-0.002350,0.045687,-2.820014,0.036996,-0.139189,63.947559,0.000070,0.000837,0.000000,0.000000,0.000000,0.000000
-1.590000,2.026504,0.000000,-0.000581,-0.023015,0.000000,-0.002420,0.024931,2.099368,0.036158,-0.090391,-40.002659,0.000107,-0.001004,0.000000,0.000000,0.000000,0.000000
0.290000,2.721305,0.000000,-0.000332,0.004198,0.000000,-0.002527,-0.005234,2.858785,0.037162,0.021796,-47.427189,0.000040,-0.000837,0.000000,0.000000,0.000000,0.000000
-5.710000,-8.685016,0.000000,-0.000005,-0.082652,0.000000,-0.002567,0.099809,-9.280768,0.037999,-0.465097,137.590775,0.000094,0.001349,0.000000,0.000000,0.000000,0.000000
-0.110000,8.106014,0.000000,0.000064,-0.001592,0.000000,-0.002661,0.002100,8.815642,0.036650,-0.010736,-119.147842,0.000172,-0.002288,0.000000,0.000000,0.000000,0.000000
-1.730000,-2.344954,0.000000,0.000371,-0.025042,0.000000,-0.002834,0.033987,-2.606541,0.038938,-0.187587,32.625858,0.000042,0.000115,0.000000,0.000000,0.000000,0.000000
-3.780000,-2.967380,0.000000,0.000610,-0.054716,0.000000,-0.002876,0.078339,-3.372152,0.038823,-0.460987,39.589268,0.000148,-0.000498,0.000000,0.000000,0.000000,0.000000
-2.000000,3.141081,0.000000,-0.001352,-0.028950,0.000000,-0.002122,0.028337,3.165245,0.033941,-0.050588,-122.488045,0.000136,-0.002455,0.000000,0.000000,0.000000,0.000000
-1.250000,1.085627,0.000000,-0.001349,-0.018094,0.000000,-0.002258,0.017145,1.093384,0.036396,-0.030608,-42.311577,0.000067,-0.000879,0.000000,0.000000,0.000000,0.000000
-6.880000,-8.149440,0.000000,-0.001059,-0.099588,0.000000,-0.002325,0.103035,-8.274522,0.037276,-0.250497,235.128555,0.000122,0.003776,0.000000,0.000000,0.000000,0.000000
1.630000,12.318247,0.000000,-0.001042,0.023594,0.000000,-0.002447,-0.026479,12.622561,0.033499,0.080670,-286.233276,0.000167,-0.005209,0.000000,0.000000,0.000000,0.000000
-1.160000,-4.038532,0.000000,-0.000647,-0.016791,0.000000,-0.002614,0.017940,-4.189172,0.038708,-0.065045,79.823090,-0.000031,0.001345,0.000000,0.000000,0.000000,0.000000
2.120000,4.747808,0.000000,-0.000382,0.030687,0.000000,-0.002583,-0.035900,4.989265,0.037363,0.149495,-82.771820,-0.000003,-0.001165,0.000000,0.000000,0.000000,0.000000
-3.250000,-7.773088,0.000000,0.000022,-0.047044,0.000000,-0.002580,0.056839,-8.306602,0.038528,-0.264864,123.148392,-0.000004,0.001618,0.000000,0.000000,0.000000,0.000000
-1.420000,2.648930,0.000000,0.000196,-0.020555,0.000000,-0.002577,0.026314,2.878898,0.036911,-0.134506,-38.909748,0.000126,-0.001104,0.000000,0.000000,0.000000,0.000000
-3.190000,-2.562080,0.000000,0.000448,-0.046175,0.000000,-0.002702,0.062355,-2.847550,0.038014,-0.344156,35.642559,0.000115,-0.000254,0.000000,0.000000,0.000000,0.000000
4.670000,11.377370,0.000000,0.000627,0.067598,0.000000,-0.002817,-0.094829,12.911281,0.038268,0.558023,-151.579208,-0.000012,-0.001360,0.000000,0.000000,0.000000,0.000000
1.030000,-5.268909,0.000000,0.001139,0.014909,0.000000,-0.002805,-0.020715,-6.132415,0.039629,0.128621,68.229881,-0.000172,0.001642,0.000000,0.000000,0.000000,0.000000
-3.080000,2.330479,0.000000,-0.001370,-0.044583,0.000000,-0.002202,0.044332,2.348128,0.036619,-0.079143,-90.867409,0.000165,-0.001938,0.000000,0.000000,0.000000,0.000000
-1.580000,2.171254,0.000000,-0.001403,-0.022871,0.000000,-0.002367,0.021980,2.187591,0.038557,-0.039240,-84.654999,0.000101,-0.001706,0.000000,0.000000,0.000000,0.000000
