0.475725,0.129959,0.000000,ovf,-0.000000,ovf,-0.000003,-0.061419,-0.000000,-198.399826,0.000000,ovf,-259386.359375,ovf,-0.000001,ovf,0.000000,-0.000000
1.290000,1.968603,0.000000,0.000000,0.018673,0.000000,0.000000,-0.018784,1.972511,0.000000,0.016965,-150.882217,-0.000013,-0.002811,0.000000,0.000000,0.000000,0.000000
2.590000,1.881753,0.000000,0.000051,0.037490,0.000000,0.000013,-0.037663,1.885451,0.002811,0.034015,-144.222794,-0.000066,-0.002634,0.000000,0.000000,0.000000,0.000000
-0.240000,-4.096432,0.000000,0.000208,-0.003474,0.000000,0.000080,0.003750,-4.121834,0.005445,-0.005918,180.431061,-0.000068,0.003405,0.000000,0.000000,0.000000,0.000000
-1.830000,-2.301529,0.000000,0.000221,-0.026489,0.000000,0.000147,0.027730,-2.330799,0.002039,-0.061901,72.132782,0.000031,0.001192,0.000000,0.000000,0.000000,0.000000
-0.930000,1.302752,0.000000,0.000161,-0.013462,0.000000,0.000116,0.014508,1.330773,0.000847,-0.041461,-32.168903,0.000064,-0.000723,0.000000,0.000000,0.000000,0.000000
-1.010000,-0.115800,0.000000,0.000143,-0.014620,0.000000,0.000052,0.016226,-0.119706,0.001571,-0.055960,2.397856,0.000042,-0.000105,0.000000,0.000000,0.000000,0.000000
-0.940000,0.101325,0.000000,0.000123,-0.013607,0.000000,0.000011,0.015663,0.105909,0.001675,-0.062657,-1.828968,0.000044,-0.000204,0.000000,0.000000,0.000000,0.000000
0.630000,2.272579,0.000000,0.000106,0.009119,0.000000,-0.000034,-0.010730,2.414946,0.001879,0.048390,-36.994770,0.000017,-0.000569,0.000000,0.000000,0.000000,0.000000
2.310000,2.431804,0.000000,0.000157,0.033437,0.000000,-0.000050,-0.041544,2.629702,0.002449,0.206688,-36.516083,-0.000063,-0.000131,0.000000,0.000000,0.000000,0.000000
0.710000,-2.316004,0.000000,0.000281,0.010277,0.000000,0.000012,-0.013143,-2.554649,0.002580,0.070928,32.703876,-0.000084,0.000811,0.000000,0.000000,0.000000,0.000000
0.800000,0.130275,0.000000,0.000339,0.011580,0.000000,0.000096,-0.015629,0.146448,0.001768,0.090258,-1.751964,-0.000039,0.000209,0.000000,0.000000,0.000000,0.000000
-1.520000,-3.358206,0.000000,0.000403,-0.022002,0.000000,0.000135,0.033061,-3.875832,0.001559,-0.202067,43.809223,0.000016,0.000283,0.000000,0.000000,0.000000,0.000000
-1.270000,0.361876,0.000000,0.000373,-0.018383,0.000000,0.000119,0.029466,0.427965,0.001276,-0.188889,-4.612218,0.000088,-0.000599,0.000000,0.000000,0.000000,0.000000
-2.440000,-1.693578,0.000000,0.000357,-0.035319,0.000000,0.000031,0.059836,-2.061512,0.001875,-0.399276,21.343119,0.000123,-0.000675,0.000000,0.000000,0.000000,0.000000
-0.010000,3.517431,0.000000,0.000294,-0.000145,0.000000,-0.000091,0.000787,4.407168,0.002550,-0.005432,-44.109463,0.000085,-0.000849,0.000000,0.000000,0.000000,0.000000
3.650000,6.846687,0.000000,0.000981,0.052834,0.000000,0.001008,-0.052930,6.900980,0.004059,0.094492,-267.052856,-0.000013,-0.004799,0.000000,0.000000,0.000000,0.000000
-5.160000,-12.752498,0.000000,0.001279,-0.074691,0.000000,0.001020,0.077786,-12.854207,0.008858,-0.138865,497.429687,-0.000033,0.009052,0.000000,0.000000,0.000000,0.000000
-8.010000,-4.125382,0.000000,0.001094,-0.115945,0.000000,0.001053,0.122392,-4.188176,-0.000194,-0.297558,119.011078,0.000252,0.001432,0.000000,0.000000,0.000000,0.000000
-1.210000,9.843018,0.000000,0.000784,-0.017515,0.000000,0.000802,0.019668,10.087201,-0.001626,-0.059920,-228.740677,0.000244,-0.004496,0.000000,0.000000,0.000000,0.000000
5.270000,9.379816,0.000000,0.000787,0.076283,0.000000,0.000558,-0.083899,9.724973,0.002870,0.304184,-185.305649,-0.000043,-0.002678,0.000000,0.000000,0.000000,0.000000
13.000000,11.189195,0.000000,0.001081,0.188175,0.000000,0.000601,-0.216183,11.762637,0.005548,0.900237,-195.141953,-0.000362,-0.001255,0.000000,0.000000,0.000000,0.000000
-2.240000,-22.059938,0.000000,0.001717,-0.032424,0.000000,0.000963,0.041230,-23.567755,0.006803,-0.192129,349.400543,-0.000334,0.006099,0.000000,0.000000,0.000000,0.000000
-0.820000,2.055454,0.000000,0.001711,-0.011870,0.000000,0.001297,0.017222,2.235218,0.000704,-0.088032,-30.210091,0.000090,-0.000821,0.000000,0.000000,0.000000,0.000000
3.370000,6.065035,0.000000,0.001778,0.048781,0.000000,0.001208,-0.062863,6.731825,0.001526,0.346960,-84.261726,-0.000043,-0.000655,0.000000,0.000000,0.000000,0.000000
2.220000,-1.664628,0.000000,0.002034,0.032135,0.000000,0.001250,-0.042622,-1.891226,0.002181,0.250809,22.203110,-0.000151,0.001100,0.000000,0.000000,0.000000,0.000000
5.190000,4.299083,0.000000,0.002254,0.075125,0.000000,0.001401,-0.109618,4.997970,0.001081,0.680644,-55.607941,-0.000202,0.000786,0.000000,0.000000,0.000000,0.000000
-3.350000,-5.645260,0.000000,-0.000526,-0.048491,0.000000,-0.001028,0.049164,-5.690698,0.021817,-0.087769,220.217560,0.000026,0.003931,0.000000,0.000000,0.000000,0.000000
-5.020000,-2.417329,0.000000,-0.000605,-0.072665,0.000000,-0.001053,0.073781,-2.436988,0.017886,-0.131717,94.306091,0.000153,0.001422,0.000000,0.000000,0.000000,0.000000
-1.610000,4.935984,0.000000,-0.000656,-0.023305,0.000000,-0.001207,0.023685,5.010486,0.016464,-0.057582,-142.377792,0.000159,-0.002854,0.000000,0.000000,0.000000,0.000000
-5.820000,-6.093986,0.000000,-0.000552,-0.084245,0.000000,-0.001365,0.089953,-6.245962,0.019318,-0.274047,141.635483,0.000125,0.001946,0.000000,0.000000,0.000000,0.000000
6.830000,18.310907,0.000000,-0.000643,0.098864,0.000000,-0.001490,-0.110582,18.984552,0.017372,0.400927,-361.743408,0.000060,-0.005769,0.000000,0.000000,0.000000,0.000000
4.480000,-3.401631,0.000000,-0.000179,0.064848,0.000000,-0.001550,-0.075138,-3.577503,0.023141,0.312891,59.350719,-0.000271,0.001981,0.000000,0.000000,0.000000,0.000000
-3.220000,-11.145769,0.000000,0.000179,-0.046610,0.000000,-0.001279,0.056504,-11.908526,0.021160,-0.263302,176.548248,-0.000072,0.002627,0.000000,0.000000,0.000000,0.000000
-2.350000,1.259327,0.000000,0.000208,-0.034016,0.000000,-0.001207,0.043402,1.368528,0.018533,-0.221851,-18.496346,0.000143,-0.000955,0.000000,0.000000,0.000000,0.000000
0.310000,3.850357,0.000000,0.000276,0.004487,0.000000,-0.001350,-0.005632,4.272688,0.019488,0.031084,-53.480896,0.000065,-0.000927,0.000000,0.000000,0.000000,0.000000
-2.430000,-3.966157,0.000000,0.000458,-0.035174,0.000000,-0.001416,0.050453,-4.504234,0.020415,-0.296893,52.879986,0.000051,0.000200,0.000000,0.000000,0.000000,0.000000
0.840000,4.733334,0.000000,0.000527,0.012159,0.000000,-0.001467,-0.017498,5.502747,0.020215,0.108651,-61.224144,0.000057,-0.000866,0.000000,0.000000,0.000000,0.000000
-6.210000,-7.802039,0.000000,-0.000271,-0.089890,0.000000,-0.000723,0.091808,-7.864580,0.019492,-0.163898,304.342102,0.000099,0.005321,0.000000,0.000000,0.000000,0.000000
-3.000000,4.646483,0.000000,-0.000467,-0.043425,0.000000,-0.000822,0.043985,4.683092,0.014171,-0.078523,-181.225418,0.000207,-0.003654,0.000000,0.000000,0.000000,0.000000
-4.660000,-2.402854,0.000000,-0.000421,-0.067454,0.000000,-0.001030,0.070098,-2.439965,0.017824,-0.170422,69.333961,0.000143,0.000859,0.000000,0.000000,0.000000,0.000000
5.940000,15.343528,0.000000,-0.000456,0.085982,0.000000,-0.001173,-0.092904,15.723550,0.016966,0.283036,-356.552338,0.000046,-0.005987,0.000000,0.000000,0.000000,0.000000
9.190000,4.704383,0.000000,-0.000016,0.133025,0.000000,-0.001219,-0.147849,4.876452,0.022953,0.536042,-92.918930,-0.000308,-0.000298,0.000000,0.000000,0.000000,0.000000
-5.200000,-20.829561,0.000000,0.000566,-0.075270,0.000000,-0.000911,0.087627,-21.899841,0.023252,-0.364901,363.318024,-0.000177,0.005893,0.000000,0.000000,0.000000,0.000000
1.230000,9.307442,0.000000,0.000527,0.017804,0.000000,-0.000734,-0.020864,9.941773,0.017359,0.097226,-147.390411,0.000132,-0.002539,0.000000,0.000000,0.000000,0.000000
-0.340000,-2.272579,0.000000,0.000768,-0.004922,0.000000,-0.000866,0.007215,-2.474138,0.019897,-0.036882,33.439217,-0.000028,0.000538,0.000000,0.000000,0.000000,0.000000
-4.310000,-5.746585,0.000000,0.000947,-0.062387,0.000000,-0.000839,0.084705,-6.381579,0.019359,-0.467513,79.877724,0.000108,0.000247,0.000000,0.000000,0.000000,0.000000
2.000000,9.133740,0.000000,0.000964,0.028950,0.000000,-0.000947,-0.039627,10.365825,0.019112,0.233187,-121.695396,0.000089,-0.001674,0.000000,0.000000,0.000000,0.000000
4.320000,3.358206,0.000000,0.001252,0.062532,0.000000,-0.001036,-0.092182,3.902773,0.020786,0.572381,-43.422668,-0.000176,0.000729,0.000000,0.000000,0.000000,0.000000
-2.690000,-5.717635,0.000000,-0.000118,-0.038938,0.000000,-0.000734,0.039813,-5.763786,0.026360,-0.071076,223.045929,-0.000001,0.004030,0.000000,0.000000,0.000000,0.000000
-3.320000,-0.911927,0.000000,-0.000159,-0.048057,0.000000,-0.000733,0.049042,-0.919748,0.022330,-0.087552,35.592258,0.000115,0.000430,0.000000,0.000000,0.000000,0.000000
-2.850000,0.680326,0.000000,-0.000081,-0.041254,0.000000,-0.000848,0.043056,0.689903,0.021900,-0.104678,-19.604269,0.000129,-0.000655,0.000000,0.000000,0.000000,0.000000
-0.830000,2.923955,0.000000,0.000019,-0.012014,0.000000,-0.000977,0.012933,2.995507,0.022556,-0.039402,-67.927101,0.000091,-0.001392,0.000000,0.000000,0.000000,0.000000
0.410000,1.794903,0.000000,0.000209,0.005935,0.000000,-0.001069,-0.006363,1.859711,0.023947,0.023069,-35.436089,0.000018,-0.000606,0.000000,0.000000,0.000000,0.000000
-2.550000,-4.284607,0.000000,0.000455,-0.036911,0.000000,-0.001086,0.043176,-4.506052,0.024553,-0.179794,74.755325,0.000031,0.000930,0.000000,0.000000,0.000000,0.000000
0.790000,4.834659,0.000000,0.000574,0.011435,0.000000,-0.001118,-0.013116,5.163057,0.023623,0.061120,-76.544197,0.000062,-0.001286,0.000000,0.000000,0.000000,0.000000
-2.330000,-4.516208,0.000000,0.000841,-0.033727,0.000000,-0.001180,0.043837,-4.915346,0.024909,-0.224073,66.433380,0.000025,0.000654,0.000000,0.000000,0.000000,0.000000
-7.500000,-7.483588,0.000000,0.000979,-0.108563,0.000000,-0.001205,0.146506,-8.310294,0.024254,-0.808607,104.019295,0.000239,-0.000219,0.000000,0.000000,0.000000,0.000000
2.170000,13.997350,0.000000,0.000907,0.031411,0.000000,-0.001444,-0.043193,15.886320,0.024473,0.254168,-186.506348,0.000184,-0.002844,0.000000,0.000000,0.000000,0.000000
-1.710000,9.785117,0.000000,-0.000697,-0.024752,0.000000,-0.001383,0.024703,9.862195,0.029853,-0.044100,-381.645447,0.000253,-0.007340,0.000000,0.000000,0.000000,0.000000
-4.620000,-4.212233,0.000000,-0.000691,-0.066875,0.000000,-0.001636,0.067765,-4.246661,0.037193,-0.120976,164.336472,0.000102,0.002798,0.000000,0.000000,0.000000,0.000000
3.350000,11.536594,0.000000,-0.000552,0.048491,0.000000,-0.001739,-0.051287,11.710780,0.034395,0.124688,-332.773132,0.000083,-0.005969,0.000000,0.000000,0.000000,0.000000
-8.680000,-17.413456,0.000000,-0.000045,-0.125643,0.000000,-0.001822,0.134994,-17.847294,0.040364,-0.411265,404.711029,0.000027,0.006562,0.000000,0.000000,0.000000,0.000000
4.100000,18.499083,0.000000,-0.000083,0.059348,0.000000,-0.001849,-0.066045,19.178677,0.033802,0.239453,-365.442413,0.000184,-0.006284,0.000000,0.000000,0.000000,0.000000
-0.010000,-5.949235,0.000000,0.000443,-0.000145,0.000000,-0.002033,0.000679,-6.257021,0.040086,-0.002827,103.803871,-0.000117,0.001969,0.000000,0.000000,0.000000,0.000000
-0.630000,-0.897452,0.000000,0.000791,-0.009119,0.000000,-0.001916,0.011968,-0.961619,0.038117,-0.055770,14.256355,0.000014,0.000115,0.000000,0.000000,0.000000,0.000000
0.980000,2.330479,0.000000,0.001118,0.014186,0.000000,-0.001930,-0.016572,2.531938,0.038001,0.084709,-34.220413,0.000003,-0.000419,0.000000,0.000000,0.000000,0.000000
-1.520000,-3.618756,0.000000,0.001519,-0.022002,0.000000,-0.001934,0.031458,-4.021266,0.038420,-0.173627,50.333878,0.000009,0.000484,0.000000,0.000000,0.000000,0.000000
1.610000,4.530683,0.000000,0.001825,0.023305,0.000000,-0.001942,-0.030415,5.138463,0.037936,0.178975,-60.325874,0.000015,-0.000659,0.000000,0.000000,0.000000,0.000000
-1.630000,-4.689909,0.000000,0.002274,-0.023594,0.000000,-0.001957,0.038912,-5.459879,0.038595,-0.241615,60.747185,0.000002,0.000498,0.000000,0.000000,0.000000,0.000000
-2.490000,-1.939654,0.000000,-0.002181,-0.036043,0.000000,-0.003212,0.034776,-1.956164,0.045758,-0.062083,75.699265,0.000057,0.001265,0.000000,0.000000,0.000000,0.000000
-4.800000,-3.343731,0.000000,-0.002170,-0.069480,0.000000,-0.003269,0.068918,-3.371371,0.044493,-0.123035,130.464676,0.000122,0.002135,0.000000,0.000000,0.000000,0.000000
-7.870000,-4.443832,0.000000,-0.001988,-0.113918,0.000000,-0.003392,0.117049,-4.512688,0.042358,-0.284569,128.232391,0.000231,0.001654,0.000000,0.000000,0.000000,0.000000
3.120000,15.908052,0.000000,-0.001965,0.045162,0.000000,-0.003623,-0.050652,16.301254,0.040704,0.154313,-369.652527,0.000171,-0.006585,0.000000,0.000000,0.000000,0.000000
3.600000,0.694801,0.000000,-0.001458,0.052110,0.000000,-0.003794,-0.059531,0.718219,0.047289,0.215835,-13.685383,-0.000148,0.000337,0.000000,0.000000,0.000000,0.000000
7.730000,5.978186,0.000000,-0.000943,0.111892,0.000000,-0.003646,-0.130378,6.282355,0.046952,0.542926,-104.224167,-0.000233,-0.000505,0.000000,0.000000,0.000000,0.000000
-2.880000,-15.358003,0.000000,-0.000256,-0.041688,0.000000,-0.003413,0.050035,-16.410067,0.047457,-0.233159,243.285187,-0.000175,0.003977,0.000000,0.000000,0.000000,0.000000
2.880000,8.337615,0.000000,-0.000026,0.041688,0.000000,-0.003238,-0.052901,9.067135,0.043481,0.270401,-122.546890,0.000029,-0.001596,0.000000,0.000000,0.000000,0.000000
-2.190000,-7.338839,0.000000,0.000447,-0.031700,0.000000,-0.003267,0.042995,-8.150953,0.045077,-0.237304,102.024826,-0.000038,0.001293,0.000000,0.000000,0.000000,0.000000
0.530000,3.937207,0.000000,0.000709,0.007672,0.000000,-0.003229,-0.009859,4.465075,0.043784,0.058016,-52.420254,0.000058,-0.000838,0.000000,0.000000,0.000000,0.000000
3.310000,4.024057,0.000000,0.001089,0.047912,0.000000,-0.003287,-0.070435,4.675172,0.044622,0.437349,-52.016464,-0.000102,0.000200,0.000000,0.000000,0.000000,0.000000
-3.610000,-4.704383,0.000000,-0.001814,-0.052255,0.000000,-0.002750,0.051743,-4.742785,0.041418,-0.092372,183.535446,0.000050,0.003225,0.000000,0.000000,0.000000,0.000000
0.310000,5.674210,0.000000,-0.001857,0.004487,0.000000,-0.002800,-0.006496,5.718437,0.038193,0.011596,-221.291046,0.000091,-0.004165,0.000000,0.000000,0.000000,0.000000
-0.920000,-1.780428,0.000000,-0.001464,-0.013317,0.000000,-0.002891,0.012395,-1.808849,0.042357,-0.030134,51.400188,-0.000001,0.000899,0.000000,0.000000,0.000000,0.000000
0.420000,1.939654,0.000000,-0.001141,0.006080,0.000000,-0.002890,-0.007761,1.986117,0.041458,0.023644,-45.037834,0.000017,-0.000790,0.000000,0.000000,0.000000,0.000000
-0.150000,-0.825076,0.000000,-0.000766,-0.002171,0.000000,-0.002907,0.001561,-0.857520,0.042248,-0.005661,16.339727,-0.000012,0.000296,0.000000,0.000000,0.000000,0.000000
0.380000,0.767176,0.000000,-0.000423,0.005501,0.000000,-0.002895,-0.006844,0.804132,0.041953,0.028501,-13.340538,-0.000003,-0.000176,0.000000,0.000000,0.000000,0.000000
3.740000,4.863608,0.000000,-0.000060,0.054137,0.000000,-0.002891,-0.065450,5.192976,0.042129,0.304991,-76.987762,-0.000079,-0.000632,0.000000,0.000000,0.000000,0.000000
1.740000,-2.895005,0.000000,0.000445,0.025187,0.000000,-0.002813,-0.031376,-3.152801,0.042761,0.160377,42.611687,-0.000144,0.001242,0.000000,0.000000,0.000000,0.000000
-1.710000,-4.993884,0.000000,0.000868,-0.024752,0.000000,-0.002668,0.034265,-5.547704,0.041520,-0.189119,69.440170,-0.000012,0.000801,0.000000,0.000000,0.000000,0.000000
-0.290000,2.055454,0.000000,0.001150,-0.004198,0.000000,-0.002656,0.007572,2.328958,0.040719,-0.044558,-27.342098,0.000065,-0.000640,0.000000,0.000000,0.000000,0.000000
1.990000,3.300306,0.000000,0.001499,0.028805,0.000000,-0.002721,-0.041076,3.833377,0.041358,0.255052,-42.650558,-0.000039,-0.000116,0.000000,0.000000,0.000000,0.000000
-0.270000,-3.271356,0.000000,0.001952,-0.003908,0.000000,-0.002682,0.009394,-3.911473,0.041475,-0.061023,41.597878,-0.000049,0.000623,0.000000,0.000000,0.000000,0.000000
-4.700000,-4.863608,0.000000,-0.001500,-0.068033,0.000000,-0.002456,0.068222,-4.903307,0.042002,-0.121792,189.747269,0.000092,0.003262,0.000000,0.000000,0.000000,0.000000
-0.700000,5.790010,0.000000,-0.001583,-0.010133,0.000000,-0.002547,0.008754,5.835131,0.038740,-0.015627,-225.806824,0.000134,-0.004324,0.000000,0.000000,0.000000,0.000000
-2.510000,-2.619980,0.000000,-0.001219,-0.036332,0.000000,-0.002681,0.036719,-2.661208,0.043064,-0.089271,75.620789,0.000049,0.001198,0.000000,0.000000,0.000000,0.000000
-0.120000,3.459531,0.000000,-0.000950,-0.001737,0.000000,-0.002730,0.000846,3.543660,0.041866,-0.002577,-80.357193,0.000069,-0.001531,0.000000,0.000000,0.000000,0.000000
0.390000,0.738226,0.000000,-0.000580,0.005645,0.000000,-0.002799,-0.006918,0.763261,0.043396,0.025082,-14.543658,-0.000004,-0.000205,0.000000,0.000000,0.000000,0.000000
-0.150000,-0.781651,0.000000,-0.000193,-0.002171,0.000000,-0.002795,0.002286,-0.824328,0.043601,-0.009520,13.675591,-0.000009,0.000234,0.000000,0.000000,0.000000,0.000000
-0.890000,-1.071152,0.000000,0.000169,-0.012883,0.000000,-0.002785,0.015762,-1.147301,0.043367,-0.073447,17.009159,0.000021,0.000123,0.000000,0.000000,0.000000,0.000000
-3.850000,-4.284607,0.000000,0.000499,-0.055729,0.000000,-0.002806,0.071305,-4.664585,0.043245,-0.364477,63.044212,0.000105,0.000208,0.000000,0.000000,0.000000,0.000000
0.510000,6.311111,0.000000,0.000705,0.007382,0.000000,-0.002911,-0.008930,7.002319,0.043037,0.049287,-87.647476,0.000108,-0.001527,0.000000,0.000000,0.000000,0.000000
-2.670000,1.143527,0.000000,-0.001830,-0.038648,0.000000,-0.002824,0.037800,1.151569,0.043878,-0.067482,-44.563213,0.000124,-0.001024,0.000000,0.000000,0.000000,0.000000
-2.490000,0.260551,0.000000,-0.001830,-0.036043,0.000000,-0.002948,0.035030,0.261549,0.044902,-0.062537,-10.121367,0.000099,-0.000359,0.000000,0.000000,0.000000,0.000000
-4.250000,-2.547604,0.000000,-0.001521,-0.061519,0.000000,-0.003047,0.062742,-2.587783,0.045261,-0.152537,73.534340,0.000121,0.000980,0.000000,0.000000,0.000000,0.000000
-3.920000,0.477676,0.000000,-0.001306,-0.056742,0.000000,-0.003168,0.059583,0.487764,0.044280,-0.181522,-11.060695,0.000170,-0.000702,0.000000,0.000000,0.000000,0.000000
4.150000,11.681346,0.000000,-0.001086,0.060071,0.000000,-0.003338,-0.067964,12.109457,0.044982,0.246412,-230.741104,0.000045,-0.003701,0.000000,0.000000,0.000000,0.000000
2.400000,-2.533130,0.000000,-0.000519,0.034740,0.000000,-0.003383,-0.040740,-2.665882,0.048684,0.169653,44.226944,-0.000161,0.001303,0.000000,0.000000,0.000000,0.000000
-4.950000,-10.639143,0.000000,-0.000032,-0.071651,0.000000,-0.003222,0.086491,-11.368986,0.047380,-0.403036,168.549347,0.000019,0.002099,0.000000,0.000000,0.000000,0.000000
-3.800000,1.664628,0.000000,0.000138,-0.055005,0.000000,-0.003241,0.069930,1.807502,0.045282,-0.357448,-24.429293,0.000223,-0.001433,0.000000,0.000000,0.000000,0.000000
3.060000,9.929868,0.000000,0.000358,0.044294,0.000000,-0.003465,-0.058762,11.019531,0.046715,0.324323,-137.930588,0.000049,-0.001732,0.000000,0.000000,0.000000,0.000000
3.120000,0.086850,0.000000,0.000867,0.045162,0.000000,-0.003514,-0.062720,0.093846,0.048447,0.369075,-1.101752,-0.000168,0.000981,0.000000,0.000000,0.000000,0.000000
-0.870000,5.254434,0.000000,-0.001999,-0.012593,0.000000,-0.003016,0.010952,5.295148,0.045007,-0.019552,-204.910690,0.000130,-0.003935,0.000000,0.000000,0.000000,0.000000
-5.270000,-6.369011,0.000000,-0.001926,-0.076283,0.000000,-0.003146,0.076134,-6.420837,0.048942,-0.135917,248.472366,0.000084,0.004344,0.000000,0.000000,0.000000,0.000000
-2.570000,3.908257,0.000000,-0.001736,-0.037201,0.000000,-0.003230,0.037086,3.966246,0.044597,-0.090164,-112.704704,0.000175,-0.002386,0.000000,0.000000,0.000000,0.000000
3.950000,9.437717,0.000000,-0.001433,0.057176,0.000000,-0.003405,-0.062993,9.670021,0.046983,0.191912,-219.280579,0.000012,-0.003629,0.000000,0.000000,0.000000,0.000000
4.970000,1.476452,0.000000,-0.000846,0.071941,0.000000,-0.003418,-0.080888,1.528355,0.050612,0.293268,-29.122219,-0.000190,0.000249,0.000000,0.000000,0.000000,0.000000
0.700000,-6.180836,0.000000,-0.000222,0.010133,0.000000,-0.003228,-0.011964,-6.500931,0.050363,0.049821,107.850334,-0.000155,0.002176,0.000000,0.000000,0.000000,0.000000
-0.410000,-1.606728,0.000000,0.000215,-0.005935,0.000000,-0.003073,0.007426,-1.719800,0.048187,-0.034606,25.496662,-0.000012,0.000385,0.000000,0.000000,0.000000,0.000000
0.120000,0.767176,0.000000,0.000604,0.001737,0.000000,-0.003060,-0.001437,0.830770,0.047802,0.007343,-11.228281,0.000012,-0.000193,0.000000,0.000000,0.000000,0.000000
-1.470000,-2.301529,0.000000,0.001019,-0.021278,0.000000,-0.003072,0.029822,-2.559439,0.047995,-0.164595,32.036301,0.000032,0.000162,0.000000,0.000000,0.000000,0.000000
-0.950000,0.752701,0.000000,0.001373,-0.013751,0.000000,-0.003104,0.021416,0.849377,0.047833,-0.126023,-9.971741,0.000074,-0.000530,0.000000,0.000000,0.000000,0.000000
-3.730000,-4.024057,0.000000,0.001758,-0.053992,0.000000,-0.003178,0.083863,-4.685919,0.048363,-0.520722,52.136036,0.000138,-0.000420,0.000000,0.000000,0.000000,0.000000
-3.270000,2.402854,0.000000,-0.002255,-0.047333,0.000000,-0.003334,0.046266,2.420827,0.047884,-0.082596,-93.680733,0.000171,-0.001996,0.000000,0.000000,0.000000,0.000000
-3.920000,-0.940877,0.000000,-0.002269,-0.056742,0.000000,-0.003505,0.055775,-0.949541,0.049881,-0.099571,36.745167,0.000133,0.000430,0.000000,0.000000,0.000000,0.000000
-4.350000,-0.622426,0.000000,-0.001984,-0.062966,0.000000,-0.003638,0.063771,-0.633449,0.049451,-0.155040,18.000072,0.000160,-0.000079,0.000000,0.000000,0.000000,0.000000
1.910000,9.061366,0.000000,-0.001734,0.027647,0.000000,-0.003798,-0.031579,9.284264,0.049530,0.096208,-210.532974,0.000090,-0.003726,0.000000,0.000000,0.000000,0.000000
-1.430000,-4.834659,0.000000,-0.001215,-0.020699,0.000000,-0.003888,0.021653,-5.015265,0.053256,-0.078506,95.563965,-0.000037,0.001604,0.000000,0.000000,0.000000,0.000000
-1.350000,0.115800,0.000000,-0.000853,-0.019541,0.000000,-0.003851,0.021594,0.118875,0.051652,-0.089923,-1.972141,0.000061,-0.000284,0.000000,0.000000,0.000000,0.000000
0.870000,3.213456,0.000000,-0.000494,0.012593,0.000000,-0.003912,-0.015805,3.429621,0.051936,0.073648,-50.845375,0.000022,-0.000763,0.000000,0.000000,0.000000,0.000000
-4.280000,-7.454638,0.000000,-0.000044,-0.061953,0.000000,-0.003934,0.078510,-8.113643,0.052699,-0.401303,109.659958,0.000059,0.000992,0.000000,0.000000,0.000000,0.000000
-3.940000,0.492151,0.000000,0.000185,-0.057032,0.000000,-0.003993,0.076523,0.542113,0.051706,-0.422353,-6.785589,0.000217,-0.001273,0.000000,0.000000,0.000000,0.000000
3.170000,10.291743,0.000000,0.000428,0.045886,0.000000,-0.004210,-0.064366,11.677822,0.052979,0.378761,-137.098343,0.000047,-0.001569,0.000000,0.000000,0.000000,0.000000
-7.250000,-21.784914,0.000000,-0.001868,-0.104944,0.000000,-0.002917,0.105647,-21.959280,0.046267,-0.188604,849.776184,-0.000130,0.015583,0.000000,0.000000,0.000000,0.000000
-1.580000,8.207339,0.000000,-0.002042,-0.022871,0.000000,-0.002787,0.021327,8.271915,0.030684,-0.038073,-320.105042,0.000215,-0.006193,0.000000,0.000000,0.000000,0.000000
-1.240000,0.492151,0.000000,-0.001782,-0.017949,0.000000,-0.003002,0.016907,0.498493,0.036877,-0.041104,-14.165156,0.000055,-0.000368,0.000000,0.000000,0.000000,0.000000
3.530000,6.904587,0.000000,-0.001520,0.051097,0.000000,-0.003056,-0.056552,7.074481,0.037245,0.172289,-160.423248,-0.000019,-0.002571,0.000000,0.000000,0.000000,0.000000
0.460000,-4.443833,0.000000,-0.001053,0.006659,0.000000,-0.003037,-0.008570,-4.609373,0.039816,0.031071,87.829857,-0.000110,0.001752,0.000000,0.000000,0.000000,0.000000
1.520000,1.534353,0.000000,-0.000731,0.022002,0.000000,-0.002927,-0.026267,1.610994,0.038064,0.109382,-26.726362,-0.000040,-0.000213,0.000000,0.000000,0.000000,0.000000
-1.520000,-4.400408,0.000000,-0.000368,-0.022002,0.000000,-0.002886,0.026127,-4.703400,0.038278,-0.121747,69.729622,-0.000018,0.000991,0.000000,0.000000,0.000000,0.000000
2.090000,5.225484,0.000000,-0.000139,0.030253,0.000000,-0.002868,-0.038541,5.682017,0.037286,0.197003,-76.795311,0.000003,-0.000923,0.000000,0.000000,0.000000,0.000000
-0.640000,-3.951682,0.000000,0.000242,-0.009264,0.000000,-0.002871,0.012714,-4.390088,0.038209,-0.070173,54.950386,-0.000049,0.000852,0.000000,0.000000,0.000000,0.000000
-0.310000,0.477676,0.000000,0.000509,-0.004487,0.000000,-0.002823,0.007074,0.538689,0.037357,-0.041628,-6.324243,0.000029,-0.000234,0.000000,0.000000,0.000000,0.000000
-3.960000,-2.402854,0.000000,-0.000903,-0.057321,0.000000,-0.001659,0.057845,-2.422777,0.032962,-0.103266,93.756165,0.000111,0.001496,0.000000,0.000000,0.000000,0.000000
-7.550000,-5.196534,0.000000,-0.000979,-0.109286,0.000000,-0.001769,0.110896,-5.238628,0.031466,-0.197974,202.723465,0.000201,0.003300,0.000000,0.000000,0.000000,0.000000
1.390000,12.940674,0.000000,-0.001023,0.020120,0.000000,-0.001970,-0.022111,13.136461,0.028165,0.053755,-373.285278,0.000189,-0.006929,0.000000,0.000000,0.000000,0.000000
2.540000,1.664628,0.000000,-0.000656,0.036767,0.000000,-0.002158,-0.040222,1.704478,0.035094,0.122539,-38.651295,-0.000077,-0.000388,0.000000,0.000000,0.000000,0.000000
-1.890000,-6.412436,0.000000,-0.000244,-0.027358,0.000000,-0.002082,0.030132,-6.650426,0.035482,-0.109246,126.721352,-0.000044,0.002105,0.000000,0.000000,0.000000,0.000000
0.080000,2.851580,0.000000,-0.000029,0.001158,0.000000,-0.002037,-0.001372,2.995884,0.033377,0.005713,-49.701668,0.000053,-0.000930,0.000000,0.000000,0.000000,0.000000
1.420000,1.939653,0.000000,0.000270,0.020555,0.000000,-0.002090,-0.024496,2.069716,0.034307,0.114150,-30.684292,-0.000027,-0.000271,0.000000,0.000000,0.000000,0.000000
0.190000,-1.780428,0.000000,0.000628,0.002750,0.000000,-0.002063,-0.002691,-1.939755,0.034577,0.013757,26.216761,-0.000044,0.000534,0.000000,0.000000,0.000000,0.000000
-3.820000,-5.804485,0.000000,0.000937,-0.055295,0.000000,-0.002019,0.075206,-6.447023,0.034043,-0.415084,80.696877,0.000081,0.000404,0.000000,0.000000,0.000000,0.000000
0.660000,6.484811,0.000000,0.001083,0.009554,0.000000,-0.002101,-0.011994,7.357580,0.033639,0.070581,-86.378426,0.000107,-0.001445,0.000000,0.000000,0.000000,0.000000
3.040000,3.445056,0.000000,0.001423,0.044004,0.000000,-0.002207,-0.064054,4.002353,0.035084,0.397723,-44.530605,-0.000098,0.000235,0.000000,0.000000,0.000000,0.000000
-2.520000,3.777982,0.000000,-0.001211,-0.036477,0.000000,-0.002070,0.036198,3.807108,0.037646,-0.064622,-147.326767,0.000170,-0.002965,0.000000,0.000000,0.000000,0.000000
-1.580000,1.360652,0.000000,-0.001219,-0.022871,0.000000,-0.002240,0.022169,1.370481,0.040611,-0.039576,-53.034645,0.000086,-0.001106,0.000000,0.000000,0.000000,0.000000
-8.530000,-10.060143,0.000000,-0.000897,-0.123472,0.000000,-0.002326,0.128181,-10.214437,0.041717,-0.311632,290.253082,0.000153,0.004655,0.000000,0.000000,0.000000,0.000000
-0.050000,12.274821,0.000000,-0.000908,-0.000724,0.000000,-0.002479,-0.000198,12.577882,0.037062,0.000603,-285.220154,0.000237,-0.005408,0.000000,0.000000,0.000000,0.000000
2.290000,3.387156,0.000000,-0.000542,0.033148,0.000000,-0.002716,-0.037439,3.509796,0.042469,0.135740,-66.877831,-0.000035,-0.000889,0.000000,0.000000,0.000000,0.000000
-1.020000,-4.791234,0.000000,-0.000078,-0.014765,0.000000,-0.002681,0.016970,-5.039651,0.043358,-0.070666,83.607719,-0.000049,0.001394,0.000000,0.000000,0.000000,0.000000
-1.390000,-0.535576,0.000000,0.000240,-0.020120,0.000000,-0.002632,0.024588,-0.575078,0.041965,-0.114578,8.525739,0.000056,-0.000151,0.000000,0.000000,0.000000,0.000000
1.010000,3.474006,0.000000,0.000544,0.014620,0.000000,-0.002687,-0.017851,3.775931,0.042116,0.091244,-51.033611,0.000023,-0.000719,0.000000,0.000000,0.000000,0.000000
-0.690000,-2.460754,0.000000,0.000952,-0.009988,0.000000,-0.002711,0.014631,-2.735748,0.042835,-0.080753,34.243141,-0.000012,0.000431,0.000000,0.000000,0.000000,0.000000
-1.750000,-1.534353,0.000000,0.001294,-0.025331,0.000000,-0.002698,0.037700,-1.746246,0.042404,-0.221846,20.501028,0.000069,-0.000213,0.000000,0.000000,0.000000,0.000000
-0.640000,1.606728,0.000000,0.001599,-0.009264,0.000000,-0.002767,0.016341,1.863499,0.042617,-0.101467,-20.733484,0.000079,-0.000667,0.000000,0.000000,0.000000,0.000000
-2.890000,-3.256881,0.000000,0.001961,-0.041833,0.000000,-0.002847,0.070201,-3.894370,0.043283,-0.456029,41.415997,0.000116,-0.000448,0.000000,0.000000,0.000000,0.000000
-3.340000,7.237513,0.000000,-0.001793,-0.048347,0.000000,-0.002768,0.047766,7.294039,0.043062,-0.085274,-282.263397,0.000267,-0.005574,0.000000,0.000000,0.000000,0.000000
0.160000,5.066259,0.000000,-0.001821,0.002316,0.000000,-0.003035,-0.004236,5.105380,0.048636,0.007562,-197.567047,0.000085,-0.003710,0.000000,0.000000,0.000000,0.000000
-0.030000,-0.275025,0.000000,-0.001336,-0.000434,0.000000,-0.003120,-0.000943,-0.280928,0.052346,0.002294,7.982847,-0.000008,0.000164,0.000000,0.000000,0.000000,0.000000
-0.900000,-1.259327,0.000000,-0.000872,-0.013028,0.000000,-0.003112,0.013065,-1.292749,0.052182,-0.039804,29.314800,0.000011,0.000447,0.000000,0.000000,0.000000,0.000000
2.080000,4.313557,0.000000,-0.000453,0.030108,0.000000,-0.003123,-0.033963,4.469813,0.051735,0.123136,-85.170586,-0.000007,-0.001280,0.000000,0.000000,0.000000,0.000000
1.870000,-0.303975,0.000000,0.000092,0.027068,0.000000,-0.003116,-0.031170,-0.322794,0.053016,0.129800,5.355149,-0.000090,0.000455,0.000000,0.000000,0.000000,0.000000
0.840000,-1.490928,0.000000,0.000628,0.012159,0.000000,-0.003025,-0.013925,-1.596543,0.052561,0.064891,23.669323,-0.000068,0.000623,0.000000,0.000000,0.000000,0.000000
-3.650000,-6.499287,0.000000,0.001123,-0.052834,0.000000,-0.002958,0.068425,-7.074837,0.051938,-0.349756,95.619980,0.000051,0.000863,0.000000,0.000000,0.000000,0.000000
-5.250000,-2.316004,0.000000,0.001433,-0.075994,0.000000,-0.003009,0.103554,-2.575998,0.051074,-0.571543,32.243565,0.000231,-0.000937,0.000000,0.000000,0.000000,0.000000
10.920000,23.406116,0.000000,0.001685,0.158067,0.000000,-0.003240,-0.221431,26.563751,0.052012,1.303013,-311.860077,-0.000096,-0.002379,0.000000,0.000000,0.000000,0.000000
0.710000,-14.779002,0.000000,0.002625,0.010277,0.000000,-0.003144,-0.011512,-17.195505,0.054390,0.071478,191.319016,-0.000357,0.003820,0.000000,0.000000,0.000000,0.000000
-1.950000,0.810601,0.000000,-0.002893,-0.028226,0.000000,-0.004204,0.026072,0.815673,0.058267,-0.046545,-31.564756,0.000087,-0.000731,0.000000,0.000000,0.000000,0.000000
-0.480000,2.127829,0.000000,-0.002832,-0.006948,0.000000,-0.004290,0.004214,2.143361,0.058997,-0.007524,-82.943367,0.000052,-0.001590,0.000000,0.000000,0.000000,0.000000
0.530000,1.461978,0.000000,-0.002311,0.007672,0.000000,-0.004342,-0.010440,1.482273,0.060587,0.025380,-42.120228,-0.000000,-0.000726,0.000000,0.000000,0.000000,0.000000
2.910000,3.445056,0.000000,-0.001761,0.042122,0.000000,-0.004342,-0.047166,3.528085,0.061313,0.143692,-80.004021,-0.000061,-0.001125,0.000000,0.000000,0.000000,0.000000
2.910000,-0.000000,0.000000,-0.001116,0.042122,0.000000,-0.004281,-0.048051,-0.003041,0.062438,0.174214,0.057943,-0.000130,0.000474,0.000000,0.000000,0.000000,0.000000
0.410000,-3.618756,0.000000,-0.000481,0.005935,0.000000,-0.004151,-0.007413,-3.808022,0.061963,0.030871,63.175003,-0.000092,0.001279,0.000000,0.000000,0.000000,0.000000
2.000000,2.301529,0.000000,0.000041,0.028950,0.000000,-0.004059,-0.034912,2.454616,0.060684,0.162685,-36.390575,-0.000048,-0.000251,0.000000,0.000000,0.000000,0.000000
3.060000,1.534353,0.000000,0.000630,0.044294,0.000000,-0.004012,-0.055372,1.664383,0.060936,0.283034,-22.494976,-0.000118,0.000340,0.000000,0.000000,0.000000,0.000000
-0.540000,-5.211009,0.000000,0.001267,-0.007817,0.000000,-0.003893,0.012149,-5.790502,0.060596,-0.067055,72.479256,-0.000077,0.001190,0.000000,0.000000,0.000000,0.000000
3.230000,5.457084,0.000000,0.001760,0.046754,0.000000,-0.003817,-0.063710,6.188282,0.059405,0.374901,-72.650810,-0.000055,-0.000364,0.000000,0.000000,0.000000,0.000000
5.190000,2.837105,0.000000,0.002422,0.075125,0.000000,-0.003762,-0.109366,3.292231,0.059769,0.679076,-36.629715,-0.000233,0.001144,0.000000,0.000000,0.000000,0.000000
1.130000,-5.876861,0.000000,0.003180,0.016357,0.000000,-0.003528,-0.021121,-7.024992,0.058625,0.137206,74.709648,-0.000190,0.001784,0.000000,0.000000,0.000000,0.000000
-0.310000,4.197757,0.000000,-0.002922,-0.004487,0.000000,-0.004337,0.001748,4.229651,0.062762,-0.003120,-163.678253,0.000085,-0.003111,0.000000,0.000000,0.000000,0.000000
-2.790000,-3.589806,0.000000,-0.002785,-0.040385,0.000000,-0.004422,0.038499,-3.619926,0.065873,-0.068729,140.083237,0.000035,0.002472,0.000000,0.000000,0.000000,0.000000
-0.700000,3.025280,0.000000,-0.002328,-0.010133,0.000000,-0.004458,0.008161,3.069240,0.063400,-0.019841,-87.215401,0.000080,-0.001710,0.000000,0.000000,0.000000,0.000000
4.010000,6.817738,0.000000,-0.001791,0.058045,0.000000,-0.004538,-0.064312,6.984287,0.065110,0.195930,-158.377975,-0.000042,-0.002466,0.000000,0.000000,0.000000,0.000000
2.340000,-2.417330,0.000000,-0.001055,0.033872,0.000000,-0.004496,-0.038814,-2.509687,0.067576,0.140725,47.821136,-0.000152,0.001291,0.000000,0.000000,0.000000,0.000000
0.840000,-2.171254,0.000000,-0.000402,0.012159,0.000000,-0.004344,-0.014514,-2.286534,0.066285,0.060441,37.933567,-0.000082,0.000879,0.000000,0.000000,0.000000,0.000000
1.130000,0.419776,0.000000,0.000182,0.016357,0.000000,-0.004261,-0.019534,0.443966,0.065406,0.091025,-6.581960,-0.000044,0.000120,0.000000,0.000000,0.000000,0.000000
-0.900000,-2.938430,0.000000,0.000778,-0.013028,0.000000,-0.004217,0.017507,-3.201868,0.065286,-0.089489,43.274857,-0.000013,0.000577,0.000000,0.000000,0.000000,0.000000
-1.330000,-0.622426,0.000000,0.001292,-0.019252,0.000000,-0.004204,0.027476,-0.696907,0.064708,-0.151646,8.723134,0.000061,-0.000246,0.000000,0.000000,0.000000,0.000000
-3.230000,-2.750255,0.000000,0.001795,-0.046754,0.000000,-0.004265,0.068744,-3.128750,0.064955,-0.404525,36.731705,0.000127,-0.000398,0.000000,0.000000,0.000000,0.000000
-7.110000,-5.514985,0.000000,-0.003489,-0.102917,0.000000,-0.004942,0.101952,-5.560362,0.064825,-0.182008,215.173859,0.000170,0.003583,0.000000,0.000000,0.000000,0.000000
0.160000,10.523344,0.000000,-0.003614,0.002316,0.000000,-0.005112,-0.006071,10.605623,0.061242,0.010839,-410.414459,0.000184,-0.007748,0.000000,0.000000,0.000000,0.000000
0.250000,0.130275,0.000000,-0.002999,0.003619,0.000000,-0.005296,-0.006921,0.130096,0.068991,0.016826,-3.696797,-0.000017,-0.000010,0.000000,0.000000,0.000000,0.000000
-2.120000,-3.430581,0.000000,-0.002404,-0.030687,0.000000,-0.005279,0.030399,-3.518397,0.069001,-0.092612,79.784309,0.000016,0.001260,0.000000,0.000000,0.000000,0.000000
1.520000,5.268909,0.000000,-0.001934,0.022002,0.000000,-0.005295,-0.026600,5.459825,0.067741,0.096440,-104.034889,0.000031,-0.001711,0.000000,0.000000,0.000000,0.000000
2.030000,0.738226,0.000000,-0.001317,0.029384,0.000000,-0.005326,-0.035475,0.772299,0.069452,0.147726,-12.812419,-0.000081,0.000160,0.000000,0.000000,0.000000,0.000000
0.970000,-1.534353,0.000000,-0.000690,0.014041,0.000000,-0.005245,-0.017789,-1.643562,0.069292,0.082896,24.366402,-0.000079,0.000685,0.000000,0.000000,0.000000,0.000000
2.990000,2.923955,0.000000,-0.000114,0.043280,0.000000,-0.005166,-0.055031,3.175896,0.068607,0.281290,-42.923828,-0.000089,-0.000053,0.000000,0.000000,0.000000,0.000000
-6.450000,-13.664423,0.000000,0.000546,-0.093364,0.000000,-0.005077,0.125598,-15.175136,0.068660,-0.693212,189.945969,0.000053,0.001722,0.000000,0.000000,0.000000,0.000000
-2.620000,5.543935,0.000000,0.000810,-0.037925,0.000000,-0.005130,0.054846,6.286904,0.066938,-0.322742,-73.808624,0.000267,-0.002274,0.000000,0.000000,0.000000,0.000000
-2.630000,-0.014475,0.000000,0.001239,-0.038069,0.000000,-0.005397,0.059130,-0.024096,0.069212,-0.367151,0.268094,0.000159,-0.000984,0.000000,0.000000,0.000000,0.000000
-4.710000,-14.663202,0.000000,-0.003046,-0.068177,0.000000,-0.004359,0.066821,-14.781191,0.058498,-0.119291,571.999817,-0.000099,0.010510,0.000000,0.000000,0.000000,0.000000
-4.340000,0.535576,0.000000,-0.003092,-0.062822,0.000000,-0.004260,0.061157,0.538741,0.047988,-0.109179,-20.848106,0.000176,-0.000710,0.000000,0.000000,0.000000,0.000000
-5.260000,-1.331703,0.000000,-0.002847,-0.076139,0.000000,-0.004436,0.076644,-1.353402,0.048698,-0.186336,38.458237,0.000181,0.000225,0.000000,0.000000,0.000000,0.000000
-0.710000,6.586137,0.000000,-0.002665,-0.010277,0.000000,-0.004617,0.008181,6.747799,0.048472,-0.024925,-153.015289,0.000150,-0.002965,0.000000,0.000000,0.000000,0.000000
4.690000,7.816514,0.000000,-0.002297,0.067888,0.000000,-0.004767,-0.077997,8.102196,0.051437,0.282786,-154.384262,-0.000058,-0.002153,0.000000,0.000000,0.000000,0.000000
7.640000,4.270133,0.000000,-0.001709,0.110589,0.000000,-0.004709,-0.129758,4.486488,0.053590,0.540341,-74.430763,-0.000266,0.000056,0.000000,0.000000,0.000000,0.000000
-3.850000,-16.631804,0.000000,-0.001005,-0.055729,0.000000,-0.004443,0.066087,-17.770994,0.053534,-0.307958,263.461456,-0.000157,0.004156,0.000000,0.000000,0.000000,0.000000
-3.450000,0.579001,0.000000,-0.000802,-0.049939,0.000000,-0.004286,0.062313,0.626615,0.049378,-0.318515,-8.469023,0.000181,-0.001030,0.000000,0.000000,0.000000,0.000000
-2.870000,0.839552,0.000000,-0.000588,-0.041543,0.000000,-0.004467,0.054776,0.928334,0.050408,-0.302323,-11.619878,0.000165,-0.001036,0.000000,0.000000,0.000000,0.000000
-2.540000,-9.944343,0.000000,-0.000882,-0.036767,0.000000,-0.001696,0.036827,-10.024307,0.035444,-0.065745,387.918793,-0.000090,0.007169,0.000000,0.000000,0.000000,0.000000
-3.230000,-0.998777,0.000000,-0.000896,-0.046754,0.000000,-0.001606,0.046954,-1.007408,0.028275,-0.083824,38.984497,0.000108,0.000498,0.000000,0.000000,0.000000,0.000000
-1.660000,2.272579,0.000000,-0.000770,-0.024029,0.000000,-0.001714,0.024322,2.306212,0.027777,-0.059132,-65.533241,0.000109,-0.001402,0.000000,0.000000,0.000000,0.000000
0.170000,2.648930,0.000000,-0.000576,0.002461,0.000000,-0.001823,-0.003264,2.713451,0.029178,0.009945,-61.531113,0.000042,-0.001136,0.000000,0.000000,0.000000,0.000000
2.440000,3.285831,0.000000,-0.000305,0.035319,0.000000,-0.001865,-0.039589,3.405327,0.030314,0.143534,-64.887215,-0.000043,-0.000838,0.000000,0.000000,0.000000,0.000000
0.230000,-3.198981,0.000000,0.000064,0.003329,0.000000,-0.001823,-0.003773,-3.365009,0.031152,0.015713,55.825436,-0.000074,0.001101,0.000000,0.000000,0.000000,0.000000
-1.770000,-2.895005,0.000000,0.000336,-0.025621,0.000000,-0.001749,0.031346,-3.094890,0.030051,-0.146071,45.882877,0.000026,0.000472,0.000000,0.000000,0.000000,0.000000
-0.720000,1.519878,0.000000,0.000524,-0.010422,0.000000,-0.001775,0.013882,1.651007,0.029580,-0.070956,-22.314192,0.000069,-0.000615,0.000000,0.000000,0.000000,0.000000
1.130000,2.677880,0.000000,0.000760,0.016357,0.000000,-0.001844,-0.020859,2.969942,0.030195,0.115129,-37.174534,-0.000000,-0.000391,0.000000,0.000000,0.000000,0.000000
3.000000,2.706830,0.000000,0.001079,0.043425,0.000000,-0.001844,-0.059961,3.069278,0.030586,0.352842,-36.033512,-0.000104,0.000273,0.000000,0.000000,0.000000,0.000000
6.880000,5.616311,0.000000,0.001482,0.099588,0.000000,-0.001740,-0.147579,6.527966,0.030313,0.916351,-72.630836,-0.000275,0.001103,0.000000,0.000000,0.000000,0.000000
-4.510000,-16.487055,0.000000,0.002056,-0.065282,0.000000,-0.001464,0.107942,-19.688604,0.029210,-0.701198,209.385101,-0.000080,0.002066,0.000000,0.000000,0.000000,0.000000
-3.540000,0.651376,0.000000,-0.000987,-0.051242,0.000000,-0.001736,0.051534,0.655753,0.032765,-0.092000,-25.376207,0.000152,-0.000733,0.000000,0.000000,0.000000,0.000000
-3.600000,-0.086850,0.000000,-0.001047,-0.052110,0.000000,-0.001888,0.052284,-0.088357,0.033498,-0.093338,3.419228,0.000139,-0.000186,0.000000,0.000000,0.000000,0.000000
-3.270000,0.477676,0.000000,-0.000880,-0.047333,0.000000,-0.002027,0.048577,0.483829,0.033684,-0.118101,-13.748476,0.000140,-0.000579,0.000000,0.000000,0.000000,0.000000
8.830000,17.514780,0.000000,-0.000706,0.127814,0.000000,-0.002168,-0.138134,17.947948,0.034264,0.420831,-406.993530,-0.000034,-0.006567,0.000000,0.000000,0.000000,0.000000
6.240000,-3.749032,0.000000,0.000010,0.090324,0.000000,-0.002134,-0.100366,-3.889259,0.040831,0.363886,74.108360,-0.000345,0.002400,0.000000,0.000000,0.000000,0.000000
2.040000,-6.079510,0.000000,0.000610,0.029529,0.000000,-0.001788,-0.033415,-6.393929,0.038431,0.139148,106.075165,-0.000211,0.002381,0.000000,0.000000,0.000000,0.000000
-0.560000,-3.763507,0.000000,0.001031,-0.008106,0.000000,-0.001578,0.011035,-4.023379,0.036051,-0.051420,59.648060,-0.000046,0.000986,0.000000,0.000000,0.000000,0.000000
0.680000,1.794903,0.000000,0.001348,0.009843,0.000000,-0.001532,-0.010773,1.949402,0.035065,0.055069,-26.347143,0.000008,-0.000352,0.000000,0.000000,0.000000,0.000000
-3.690000,-6.325586,0.000000,0.001725,-0.053413,0.000000,-0.001540,0.073744,-7.026089,0.035416,-0.407012,87.945007,0.000066,0.000565,0.000000,0.000000,0.000000,0.000000
0.140000,5.543935,0.000000,0.001929,0.002027,0.000000,-0.001606,-0.000138,6.288842,0.034852,0.000809,-73.831383,0.000119,-0.001397,0.000000,0.000000,0.000000,0.000000
-0.750000,6.875638,0.000000,-0.002044,-0.010856,0.000000,-0.003069,0.009128,6.929237,0.045390,-0.016295,-268.146362,0.000156,-0.005119,0.000000,0.000000,0.000000,0.000000
-8.590000,-11.348420,0.000000,-0.001966,-0.124340,0.000000,-0.003225,0.125299,-11.439886,0.050508,-0.223688,442.698578,0.000122,0.007787,0.000000,0.000000,0.000000,0.000000
-4.140000,6.441387,0.000000,-0.001928,-0.059927,0.000000,-0.003347,0.060651,6.537960,0.042722,-0.147455,-185.782440,0.000288,-0.003931,0.000000,0.000000,0.000000,0.000000
-3.870000,0.390826,0.000000,-0.001695,-0.056018,0.000000,-0.003635,0.058387,0.398710,0.046653,-0.177878,-9.041286,0.000165,-0.000645,0.000000,0.000000,0.000000,0.000000
-1.120000,3.980632,0.000000,-0.001464,-0.016212,0.000000,-0.003799,0.016390,4.125072,0.047298,-0.059422,-78.601685,0.000122,-0.001648,0.000000,0.000000,0.000000,0.000000
1.740000,4.139857,0.000000,-0.001122,0.025187,0.000000,-0.003922,-0.030399,4.349638,0.048946,0.126590,-72.160431,-0.000000,-0.001021,0.000000,0.000000,0.000000,0.000000
-4.130000,-8.496840,0.000000,-0.000666,-0.059782,0.000000,-0.003922,0.071391,-9.080297,0.049966,-0.332675,134.618713,0.000021,0.001651,0.000000,0.000000,0.000000,0.000000
2.610000,9.756167,0.000000,-0.000467,0.037780,0.000000,-0.003943,-0.048502,10.610206,0.048315,0.247920,-143.402267,0.000070,-0.002048,0.000000,0.000000,0.000000,0.000000
3.450000,1.215902,0.000000,0.000015,0.049939,0.000000,-0.004012,-0.066770,1.345781,0.050363,0.368522,-16.845034,-0.000155,0.000682,0.000000,0.000000,0.000000,0.000000
1.020000,-3.517431,0.000000,0.000531,0.014765,0.000000,-0.003857,-0.020155,-3.997409,0.049681,0.118601,46.929821,-0.000130,0.001208,0.000000,0.000000,0.000000,0.000000
-6.200000,-9.596942,0.000000,-0.001398,-0.089745,0.000000,-0.002353,0.090557,-9.674285,0.041850,-0.161665,374.373749,0.000062,0.006649,0.000000,0.000000,0.000000,0.000000
-0.740000,7.903364,0.000000,-0.001541,-0.010712,0.000000,-0.002415,0.009390,7.965382,0.035201,-0.016763,-308.242889,0.000176,-0.005894,0.000000,0.000000,0.000000,0.000000
-3.610000,-4.154333,0.000000,-0.001197,-0.052255,0.000000,-0.002591,0.053393,-4.218814,0.041095,-0.129808,119.881691,0.000064,0.001930,0.000000,0.000000,0.000000,0.000000
5.020000,12.491947,0.000000,-0.000997,0.072665,0.000000,-0.002655,-0.079172,12.800315,0.039165,0.241202,-290.264099,0.000028,-0.004847,0.000000,0.000000,0.000000,0.000000
3.680000,-1.939653,0.000000,-0.000415,0.053268,0.000000,-0.002683,-0.059658,-2.013316,0.044013,0.216296,38.362972,-0.000200,0.001320,0.000000,0.000000,0.000000,0.000000
4.040000,0.521101,0.000000,0.000104,0.058479,0.000000,-0.002484,-0.067451,0.545234,0.042692,0.280884,-9.045417,-0.000172,0.000586,0.000000,0.000000,0.000000,0.000000
-3.780000,-11.319469,0.000000,0.000638,-0.054716,0.000000,-0.002312,0.066847,-12.095677,0.042106,-0.311501,179.322815,-0.000048,0.002552,0.000000,0.000000,0.000000,0.000000
-4.730000,-1.375128,0.000000,0.000840,-0.068467,0.000000,-0.002264,0.087892,-1.499306,0.039554,-0.449262,20.263874,0.000209,-0.000836,0.000000,0.000000,0.000000,0.000000
4.290000,13.056474,0.000000,0.001008,0.062098,0.000000,-0.002473,-0.081704,14.490602,0.040391,0.450949,-181.377716,0.000053,-0.002213,0.000000,0.000000,0.000000,0.000000
-0.110000,-6.369011,0.000000,0.001561,-0.001592,0.000000,-0.002526,0.004465,-7.234500,0.042604,-0.026275,84.933464,-0.000125,0.001541,0.000000,0.000000,0.000000,0.000000
-3.900000,-5.355760,0.000000,-0.002051,-0.056453,0.000000,-0.003078,0.055807,-5.399437,0.045479,-0.099627,208.946396,0.000049,0.003684,0.000000,0.000000,0.000000,0.000000
0.180000,5.905810,0.000000,-0.002096,0.002606,0.000000,-0.003127,-0.004814,5.951798,0.041794,0.008594,-230.321564,0.000100,-0.004345,0.000000,0.000000,0.000000,0.000000
-1.040000,-1.765953,0.000000,-0.001676,-0.015054,0.000000,-0.003227,0.013989,-1.794268,0.046139,-0.034011,50.985855,0.000004,0.000881,0.000000,0.000000,0.000000,0.000000
2.370000,4.935983,0.000000,-0.001327,0.034306,0.000000,-0.003230,-0.038298,5.056651,0.045258,0.116677,-114.666267,-0.000008,-0.001857,0.000000,0.000000,0.000000,0.000000
3.050000,0.984302,0.000000,-0.000833,0.044149,0.000000,-0.003223,-0.049989,1.018259,0.047115,0.181240,-19.402534,-0.000116,0.000126,0.000000,0.000000,0.000000,0.000000
5.210000,3.126606,0.000000,-0.000317,0.075415,0.000000,-0.003107,-0.087507,3.284284,0.046989,0.364397,-54.486214,-0.000174,-0.000046,0.000000,0.000000,0.000000,0.000000
-1.870000,-10.248318,0.000000,0.000290,-0.027068,0.000000,-0.002932,0.033039,-10.951567,0.047035,-0.153959,162.360947,-0.000118,0.002658,0.000000,0.000000,0.000000,0.000000
-0.720000,1.664628,0.000000,0.000594,-0.010422,0.000000,-0.002815,0.013970,1.807350,0.044377,-0.071410,-24.427240,0.000072,-0.000661,0.000000,0.000000,0.000000,0.000000
-1.410000,-0.998777,0.000000,0.000951,-0.020410,0.000000,-0.002887,0.028569,-1.112934,0.045038,-0.157680,13.930509,0.000056,-0.000162,0.000000,0.000000,0.000000,0.000000
2.990000,6.369011,0.000000,0.001284,0.043280,0.000000,-0.002943,-0.059465,7.225002,0.045199,0.349922,-84.821960,-0.000024,-0.000659,0.000000,0.000000,0.000000,0.000000
2.130000,-1.244852,0.000000,0.001809,0.030832,0.000000,-0.002919,-0.043658,-1.453440,0.045858,0.271081,16.171129,-0.000146,0.001041,0.000000,0.000000,0.000000,0.000000
-3.540000,-3.227931,0.000000,-0.002233,-0.051242,0.000000,-0.003307,0.050289,-3.254732,0.047618,-0.089778,125.951019,0.000075,0.002140,0.000000,0.000000,0.000000,0.000000
-3.790000,-0.361876,0.000000,-0.002259,-0.054860,0.000000,-0.003381,0.053858,-0.365822,0.045477,-0.096149,14.156520,0.000139,0.000004,0.000000,0.000000,0.000000,0.000000
-2.460000,1.925178,0.000000,-0.002008,-0.035609,0.000000,-0.003520,0.035138,1.953019,0.045473,-0.085426,-55.496914,0.000132,-0.001282,0.000000,0.000000,0.000000,0.000000
0.690000,4.559633,0.000000,-0.001709,0.009988,0.000000,-0.003652,-0.012572,4.670952,0.046755,0.038300,-105.920036,0.000054,-0.001900,0.000000,0.000000,0.000000,0.000000
3.510000,4.081957,0.000000,-0.001281,0.050807,0.000000,-0.003706,-0.057886,4.230020,0.048655,0.209870,-80.601425,-0.000077,-0.000955,0.000000,0.000000,0.000000,0.000000
4.490000,1.418552,0.000000,-0.000738,0.064993,0.000000,-0.003629,-0.075951,1.488558,0.049610,0.316278,-24.695160,-0.000177,0.000390,0.000000,0.000000,0.000000,0.000000
0.050000,-6.426911,0.000000,-0.000160,0.000724,0.000000,-0.003452,-0.001067,-6.869132,0.049220,0.004972,101.837379,-0.000133,0.001941,0.000000,0.000000,0.000000,0.000000
-3.750000,-5.500510,0.000000,0.000226,-0.054281,0.000000,-0.003320,0.069124,-5.987511,0.047279,-0.353328,80.924225,0.000074,0.000573,0.000000,0.000000,0.000000,0.000000
-1.040000,3.922732,0.000000,0.000452,-0.015054,0.000000,-0.003394,0.020738,4.350757,0.046706,-0.114460,-54.458073,0.000138,-0.001342,0.000000,0.000000,0.000000,0.000000
8.680000,14.069726,0.000000,0.000794,0.125643,0.000000,-0.003532,-0.176782,15.966548,0.048048,1.040274,-187.448242,-0.000176,-0.000733,0.000000,0.000000,0.000000,0.000000
-4.170000,-18.600409,0.000000,0.001547,-0.060361,0.000000,-0.003356,0.093127,-21.638504,0.048781,-0.578245,240.752289,-0.000157,0.002996,0.000000,0.000000,0.000000,0.000000
0.150000,6.253211,0.000000,0.001774,0.002171,0.000000,-0.003198,-0.000636,7.459647,0.045785,0.004133,-79.332146,0.000140,-0.001497,0.000000,0.000000,0.000000,0.000000
-5.270000,-6.209785,0.000000,-0.002012,-0.076283,0.000000,-0.003023,0.076150,-6.260238,0.044766,-0.135944,242.257538,0.000087,0.004222,0.000000,0.000000,0.000000,0.000000
-5.430000,-0.231600,0.000000,-0.002112,-0.078599,0.000000,-0.003110,0.078315,-0.234390,0.040544,-0.139810,9.070387,0.000207,-0.000214,0.000000,0.000000,0.000000,0.000000
-12.090000,-9.640367,0.000000,-0.001970,-0.175003,0.000000,-0.003318,0.180947,-9.788151,0.040758,-0.439917,278.139801,0.000304,0.004077,0.000000,0.000000,0.000000,0.000000
7.740000,28.703976,0.000000,-0.002154,0.112037,0.000000,-0.003621,-0.122732,29.414871,0.036681,0.373909,-667.021301,0.000224,-0.011626,0.000000,0.000000,0.000000,0.000000
1.360000,-9.235066,0.000000,-0.001457,0.019686,0.000000,-0.003846,-0.023496,-9.577436,0.048307,0.085186,182.494400,-0.000245,0.003707,0.000000,0.000000,0.000000,0.000000
0.900000,-0.665851,0.000000,-0.001054,0.013028,0.000000,-0.003601,-0.016271,-0.702397,0.044600,0.067756,11.652754,-0.000057,0.000397,0.000000,0.000000,0.000000,0.000000
-7.550000,-12.231397,0.000000,-0.000679,-0.109286,0.000000,-0.003544,0.131159,-13.069531,0.044203,-0.611187,193.760574,0.000107,0.002015,0.000000,0.000000,0.000000,0.000000
0.210000,11.232620,0.000000,-0.000672,0.003040,0.000000,-0.003651,-0.004707,12.216964,0.042188,0.024058,-165.118408,0.000218,-0.003065,0.000000,0.000000,0.000000,0.000000
-1.920000,-3.083180,0.000000,-0.000340,-0.027792,0.000000,-0.003870,0.036715,-3.426156,0.045253,-0.202643,42.884918,0.000034,0.000270,0.000000,0.000000,0.000000,0.000000
0.350000,3.285831,0.000000,-0.000102,0.005066,0.000000,-0.003904,-0.007318,3.726141,0.044984,0.043062,-43.745121,0.000051,-0.000712,0.000000,0.000000,0.000000,0.000000
5.800000,13.215698,0.000000,-0.001212,0.083955,0.000000,-0.001977,-0.087123,13.319986,0.033608,0.155535,-515.454346,0.000016,-0.009338,0.000000,0.000000,0.000000,0.000000
-7.020000,-18.556982,0.000000,-0.000904,-0.101615,0.000000,-0.001993,0.103117,-18.705631,0.042946,-0.184087,723.867065,-0.000075,0.013226,0.000000,0.000000,0.000000,0.000000
0.640000,11.087870,0.000000,-0.000912,0.009264,0.000000,-0.001918,-0.010641,11.255432,0.029720,0.025871,-319.833954,0.000184,-0.006010,0.000000,0.000000,0.000000,0.000000
0.120000,-0.752701,0.000000,-0.000566,0.001737,0.000000,-0.002102,-0.002475,-0.772871,0.035731,0.007541,17.525881,-0.000022,0.000363,0.000000,0.000000,0.000000,0.000000
-1.660000,-2.576555,0.000000,-0.000250,-0.024029,0.000000,-0.002081,0.026426,-2.673257,0.035367,-0.095809,50.937885,0.000021,0.000705,0.000000,0.000000,0.000000,0.000000
-0.520000,1.650153,0.000000,-0.000014,-0.007527,0.000000,-0.002102,0.008681,1.732733,0.034663,-0.036150,-28.746010,0.000056,-0.000643,0.000000,0.000000,0.000000,0.000000
0.910000,2.069929,0.000000,0.000270,0.013172,0.000000,-0.002158,-0.015581,2.208822,0.035306,0.072607,-32.746590,-0.000000,-0.000422,0.000000,0.000000,0.000000,0.000000
-4.290000,-7.527013,0.000000,0.000617,-0.062098,0.000000,-0.002157,0.079532,-8.191440,0.035728,-0.406526,110.711426,0.000060,0.000997,0.000000,0.000000,0.000000,0.000000
-3.910000,0.550051,0.000000,0.000745,-0.056597,0.000000,-0.002217,0.076692,0.607415,0.034731,-0.423287,-7.602971,0.000219,-0.001291,0.000000,0.000000,0.000000,0.000000
-0.910000,4.342508,0.000000,0.000895,-0.013172,0.000000,-0.002436,0.019919,4.925681,0.036022,-0.117211,-57.827782,0.000147,-0.001410,0.000000,0.000000,0.000000,0.000000
-1.340000,-0.622426,0.000000,0.001175,-0.019397,0.000000,-0.002583,0.030946,-0.728251,0.037431,-0.192149,8.102595,0.000070,-0.000364,0.000000,0.000000,0.000000,0.000000
-0.260000,1.563303,0.000000,0.001445,-0.003764,0.000000,-0.002653,0.008349,1.861454,0.037795,-0.054234,-19.796261,0.000058,-0.000521,0.000000,0.000000,0.000000,0.000000
-5.390000,-5.239959,0.000000,-0.001342,-0.078020,0.000000,-0.002165,0.078596,-5.282508,0.036209,-0.140311,204.421539,0.000112,0.003492,0.000000,0.000000,0.000000,0.000000
-2.050000,4.834659,0.000000,-0.001467,-0.029674,0.000000,-0.002278,0.028881,4.872332,0.032717,-0.051559,-188.548615,0.000170,-0.003716,0.000000,0.000000,0.000000,0.000000
-1.900000,0.217125,0.000000,-0.001219,-0.027503,0.000000,-0.002448,0.027485,0.219252,0.036433,-0.066822,-6.230269,0.000078,-0.000292,0.000000,0.000000,0.000000,0.000000
2.280000,6.050561,0.000000,-0.000975,0.033003,0.000000,-0.002526,-0.036519,6.199209,0.036725,0.111258,-140.575287,0.000018,-0.002360,0.000000,0.000000,0.000000,0.000000
3.960000,2.431805,0.000000,-0.000548,0.057321,0.000000,-0.002545,-0.064310,2.519437,0.039085,0.233164,-48.006905,-0.000126,-0.000274,0.000000,0.000000,0.000000,0.000000
4.610000,0.940877,0.000000,-0.000053,0.066730,0.000000,-0.002418,-0.077166,0.986794,0.039359,0.321338,-16.370890,-0.000190,0.000560,0.000000,0.000000,0.000000,0.000000
5.960000,1.954129,0.000000,0.000469,0.086271,0.000000,-0.002229,-0.103618,2.084801,0.038799,0.482849,-30.907942,-0.000240,0.000720,0.000000,0.000000,0.000000,0.000000
2.380000,-5.182059,0.000000,0.001052,0.034451,0.000000,-0.001988,-0.042355,-5.640790,0.038079,0.216498,76.238106,-0.000221,0.002028,0.000000,0.000000,0.000000,0.000000
-4.320000,-9.698268,0.000000,0.001489,-0.062532,0.000000,-0.001767,0.085624,-10.770126,0.036052,-0.472581,134.808823,0.000028,0.001271,0.000000,0.000000,0.000000,0.000000
-1.130000,-19.541285,0.000000,-0.001773,-0.016357,0.000000,-0.002717,0.015029,-19.697693,0.041688,-0.026830,762.257690,-0.000332,0.014358,0.000000,0.000000,0.000000,0.000000
-0.640000,0.709276,0.000000,-0.001718,-0.009264,0.000000,-0.002384,0.007726,0.714292,0.027330,-0.013793,-27.641542,0.000035,-0.000587,0.000000,0.000000,0.000000,0.000000
-5.040000,-6.369011,0.000000,-0.001502,-0.072954,0.000000,-0.002419,0.074719,-6.466663,0.027917,-0.181657,183.756500,0.000080,0.002989,0.000000,0.000000,0.000000,0.000000
-7.990000,-4.270133,0.000000,-0.001504,-0.115655,0.000000,-0.002499,0.122690,-4.376965,0.024928,-0.373781,99.253487,0.000249,0.000863,0.000000,0.000000,0.000000,0.000000
-1.660000,9.162691,0.000000,-0.001650,-0.024029,0.000000,-0.002748,0.024869,9.499253,0.024065,-0.090166,-181.004669,0.000247,-0.003673,0.000000,0.000000,0.000000,0.000000
-3.770000,-3.054230,0.000000,-0.001528,-0.054571,0.000000,-0.002994,0.061290,-3.212164,0.027738,-0.255225,53.289749,0.000105,0.000325,0.000000,0.000000,0.000000,0.000000
5.470000,13.374924,0.000000,-0.001509,0.079178,0.000000,-0.003099,-0.097442,14.287163,0.027412,0.454069,-211.812408,0.000007,-0.002783,0.000000,0.000000,0.000000,0.000000
0.120000,-7.744138,0.000000,-0.001105,0.001737,0.000000,-0.003106,-0.003604,-8.426410,0.030195,0.018424,113.887169,-0.000169,0.002211,0.000000,0.000000,0.000000,0.000000
1.730000,2.330479,0.000000,-0.000937,0.025042,0.000000,-0.002936,-0.034745,2.585459,0.027984,0.191768,-32.361980,-0.000045,-0.000098,0.000000,0.000000,0.000000,0.000000
5.270000,5.124159,0.000000,-0.000707,0.076283,0.000000,-0.002892,-0.109016,5.814783,0.028082,0.641506,-68.265892,-0.000185,0.000443,0.000000,0.000000,0.000000,0.000000
9.590000,6.253211,0.000000,-0.000335,0.138815,0.000000,-0.002707,-0.209320,7.270466,0.027639,1.299718,-80.891968,-0.000428,0.001983,0.000000,0.000000,0.000000,0.000000
-4.660000,-20.626911,0.000000,0.000214,-0.067454,0.000000,-0.002279,0.108471,-24.629026,0.025656,-0.704632,261.925751,-0.000172,0.003050,0.000000,0.000000,0.000000,0.000000
-1.130000,0.955352,0.000000,0.000895,-0.016357,0.000000,0.000534,0.017704,0.962527,0.014632,-0.031606,-37.247696,0.000066,-0.000796,0.000000,0.000000,0.000000,0.000000
-2.590000,-2.113354,0.000000,0.000887,-0.037490,0.000000,0.000468,0.039295,-2.130602,0.015428,-0.070150,82.449631,0.000066,0.001373,0.000000,0.000000,0.000000,0.000000
-4.280000,-2.446280,0.000000,0.000938,-0.061953,0.000000,0.000402,0.065767,-2.484040,0.014055,-0.159892,70.586403,0.000131,0.000902,0.000000,0.000000,0.000000,0.000000
1.570000,8.467891,0.000000,0.000915,0.022726,0.000000,0.000271,-0.023442,8.677284,0.013154,0.071417,-196.768921,0.000101,-0.003534,0.000000,0.000000,0.000000,0.000000
-1.490000,-4.429358,0.000000,0.001163,-0.021568,0.000000,0.000171,0.025261,-4.593620,0.016688,-0.091586,87.529686,-0.000019,0.001416,0.000000,0.000000,0.000000,0.000000
1.070000,3.705607,0.000000,0.001283,0.015488,0.000000,0.000190,-0.016414,3.894440,0.015272,0.068352,-64.608681,0.000029,-0.001041,0.000000,0.000000,0.000000,0.000000
-1.340000,-3.488481,0.000000,0.001522,-0.019397,0.000000,0.000160,0.025263,-3.728425,0.016313,-0.117721,55.275249,-0.000002,0.000730,0.000000,0.000000,0.000000,0.000000
2.680000,5.818961,0.000000,0.001668,0.038793,0.000000,0.000163,-0.047080,6.328388,0.015583,0.240650,-85.531342,-0.000008,-0.000970,0.000000,0.000000,0.000000,0.000000
-0.420000,-4.487258,0.000000,0.001996,-0.006080,0.000000,0.000170,0.010801,-4.983953,0.016553,-0.059612,62.383743,-0.000065,0.001022,0.000000,0.000000,0.000000,0.000000
7.030000,10.783895,0.000000,0.002206,0.101759,0.000000,0.000235,-0.140963,12.238415,0.015531,0.829501,-143.679733,-0.000149,-0.000479,0.000000,0.000000,0.000000,0.000000
-5.360000,-0.390826,0.000000,-0.000913,-0.077586,0.000000,-0.001722,0.078590,-0.394806,0.035253,-0.140301,15.278113,0.000205,-0.000089,0.000000,0.000000,0.000000,0.000000
-1.600000,5.442610,0.000000,-0.001039,-0.023160,0.000000,-0.001928,0.022650,5.485030,0.035342,-0.040436,-212.258698,0.000165,-0.004128,0.000000,0.000000,0.000000,0.000000
-3.630000,-2.938431,0.000000,-0.000736,-0.052544,0.000000,-0.002092,0.054178,-2.984415,0.039470,-0.131717,84.805046,0.000090,0.001257,0.000000,0.000000,0.000000,0.000000
-3.410000,0.318451,0.000000,-0.000534,-0.049360,0.000000,-0.002182,0.052478,0.324744,0.038213,-0.159877,-7.364005,0.000148,-0.000574,0.000000,0.000000,0.000000,0.000000
0.720000,5.978186,0.000000,-0.000327,0.010422,0.000000,-0.002330,-0.011946,6.196405,0.038787,0.043310,-118.070152,0.000085,-0.002117,0.000000,0.000000,0.000000,0.000000
0.150000,-0.825076,0.000000,0.000059,0.002171,0.000000,-0.002415,-0.002441,-0.869892,0.040905,0.010165,14.431490,-0.000023,0.000305,0.000000,0.000000,0.000000,0.000000
1.080000,1.346177,0.000000,0.000419,0.015633,0.000000,-0.002392,-0.018373,1.435225,0.040600,0.085617,-21.277725,-0.000022,-0.000172,0.000000,0.000000,0.000000,0.000000
-5.600000,-9.669317,0.000000,0.000821,-0.081060,0.000000,-0.002369,0.103838,-10.522485,0.040772,-0.530770,142.216660,0.000082,0.001257,0.000000,0.000000,0.000000,0.000000
-6.410000,-1.172477,0.000000,0.000944,-0.092785,0.000000,-0.002451,0.125357,-1.305319,0.039515,-0.691881,16.338579,0.000314,-0.001564,0.000000,0.000000,0.000000,0.000000
1.310000,11.174719,0.000000,0.001039,0.018962,0.000000,-0.002765,-0.025378,12.680710,0.041079,0.149338,-148.872299,0.000171,-0.002412,0.000000,0.000000,0.000000,0.000000
-6.730000,-10.089093,0.000000,-0.001862,-0.097417,0.000000,-0.002834,0.097938,-10.170358,0.042963,-0.174842,393.570648,0.000072,0.006984,0.000000,0.000000,0.000000,0.000000
-1.260000,7.917839,0.000000,-0.002023,-0.018239,0.000000,-0.002906,0.016603,7.979974,0.035979,-0.029640,-308.807587,0.000196,-0.005940,0.000000,0.000000,0.000000,0.000000
-3.870000,-3.777981,0.000000,-0.001701,-0.056018,0.000000,-0.003102,0.056802,-3.836726,0.041919,-0.138096,109.024292,0.000081,0.001702,0.000000,0.000000,0.000000,0.000000
-2.660000,1.751478,0.000000,-0.001514,-0.038504,0.000000,-0.003182,0.039756,1.793381,0.040217,-0.121120,-40.667282,0.000141,-0.001101,0.000000,0.000000,0.000000,0.000000
-0.140000,3.647707,0.000000,-0.001284,-0.002027,0.000000,-0.003324,0.000825,3.780161,0.041318,-0.002993,-72.029518,0.000074,-0.001370,0.000000,0.000000,0.000000,0.000000
-2.090000,-2.822630,0.000000,-0.000952,-0.030253,0.000000,-0.003397,0.033856,-2.969749,0.042688,-0.140986,49.268085,0.000035,0.000554,0.000000,0.000000,0.000000,0.000000
3.220000,7.686238,0.000000,-0.000713,0.046610,0.000000,-0.003432,-0.057149,8.208641,0.042134,0.266306,-121.696098,0.000001,-0.001585,0.000000,0.000000,0.000000,0.000000
2.330000,-1.288277,0.000000,-0.000252,0.033727,0.000000,-0.003433,-0.043090,-1.404608,0.043719,0.220254,18.983976,-0.000143,0.000958,0.000000,0.000000,0.000000,0.000000
-4.830000,-10.364119,0.000000,0.000169,-0.069914,0.000000,-0.003290,0.093732,-11.509068,0.042761,-0.517334,144.058060,0.000036,0.001327,0.000000,0.000000,0.000000,0.000000
-3.110000,2.489704,0.000000,0.000288,-0.045017,0.000000,-0.003326,0.064151,2.822446,0.041434,-0.377496,-33.135689,0.000227,-0.001651,0.000000,0.000000,0.000000,0.000000
0.480000,5.196534,0.000000,0.000481,0.006948,0.000000,-0.003553,-0.009728,6.039445,0.043085,0.060404,-67.195503,0.000088,-0.001106,0.000000,0.000000,0.000000,0.000000
-0.710000,-1.722528,0.000000,0.000826,-0.010277,0.000000,-0.003640,0.017798,-2.061485,0.044191,-0.115614,21.923555,0.000009,0.000104,0.000000,0.000000,0.000000,0.000000
-2.340000,1.158002,0.000000,-0.000948,-0.033872,0.000000,-0.001742,0.033793,1.166358,0.034622,-0.060328,-45.135513,0.000113,-0.001018,0.000000,0.000000,0.000000,0.000000
-4.700000,-3.416106,0.000000,-0.000957,-0.068033,0.000000,-0.001856,0.068679,-3.444150,0.035640,-0.122607,133.281067,0.000120,0.002194,0.000000,0.000000,0.000000,0.000000
-4.480000,0.318451,0.000000,-0.000835,-0.064848,0.000000,-0.001976,0.066940,0.322188,0.033447,-0.162745,-9.155296,0.000187,-0.000618,0.000000,0.000000,0.000000,0.000000
4.760000,13.374924,0.000000,-0.000710,0.068901,0.000000,-0.002163,-0.074818,13.705383,0.034064,0.227937,-310.787750,0.000057,-0.005267,0.000000,0.000000,0.000000,0.000000
3.520000,-1.794904,0.000000,-0.000173,0.050952,0.000000,-0.002220,-0.056815,-1.863040,0.039331,0.205989,35.499527,-0.000189,0.001239,0.000000,0.000000,0.000000,0.000000
4.430000,1.317227,0.000000,0.000307,0.064124,0.000000,-0.002031,-0.073740,1.382426,0.038092,0.307069,-22.934422,-0.000173,0.000394,0.000000,0.000000,0.000000,0.000000
-1.310000,-8.308664,0.000000,0.000828,-0.018962,0.000000,-0.001858,0.023899,-8.879008,0.037698,-0.111367,131.634521,-0.000103,0.002191,0.000000,0.000000,0.000000,0.000000
-2.200000,-1.288277,0.000000,0.001107,-0.031845,0.000000,-0.001754,0.041788,-1.404651,0.035508,-0.213600,18.984570,0.000087,-0.000222,0.000000,0.000000,0.000000,0.000000
-3.870000,-2.417329,0.000000,0.001355,-0.056018,0.000000,-0.001841,0.076734,-2.687211,0.035730,-0.423516,33.635601,0.000157,-0.000508,0.000000,0.000000,0.000000,0.000000
-0.970000,4.197757,0.000000,0.001542,-0.014041,0.000000,-0.001998,0.022065,4.760890,0.036238,-0.129841,-55.893127,0.000150,-0.001409,0.000000,0.000000,0.000000,0.000000
-1.350000,-0.550051,0.000000,0.001860,-0.019541,0.000000,-0.002147,0.032193,-0.644671,0.037647,-0.199897,7.172673,0.000075,-0.000402,0.000000,0.000000,0.000000,0.000000
0.170000,-11.493170,0.000000,-0.002054,0.002461,0.000000,-0.003003,-0.004525,-11.585571,0.042187,0.008079,448.336304,-0.000232,0.008512,0.000000,0.000000,0.000000,0.000000
-4.250000,-6.397961,0.000000,-0.001947,-0.061519,0.000000,-0.002772,0.060995,-6.449622,0.033675,-0.108891,249.586273,0.000043,0.004416,0.000000,0.000000,0.000000,0.000000
-2.170000,3.010805,0.000000,-0.001867,-0.031411,0.000000,-0.002815,0.030895,3.055704,0.029259,-0.075112,-86.830795,0.000141,-0.001856,0.000000,0.000000,0.000000,0.000000
0.280000,3.546381,0.000000,-0.001703,0.004053,0.000000,-0.002956,-0.006186,3.633248,0.031115,0.018847,-82.388725,0.000052,-0.001506,0.000000,0.000000,0.000000,0.000000
2.690000,3.488481,0.000000,-0.001440,0.038938,0.000000,-0.003008,-0.044872,3.615560,0.032621,0.162689,-68.893120,-0.000053,-0.000862,0.000000,0.000000,0.000000,0.000000
-1.380000,-5.891335,0.000000,-0.001083,-0.019976,0.000000,-0.002955,0.021830,-6.195310,0.033482,-0.090907,102.780083,-0.000058,0.001702,0.000000,0.000000,0.000000,0.000000
-4.640000,-4.718858,0.000000,-0.000910,-0.067164,0.000000,-0.002897,0.080012,-5.042957,0.031780,-0.372845,74.763672,0.000121,0.000404,0.000000,0.000000,0.000000,0.000000
3.110000,11.218144,0.000000,-0.000883,0.045017,0.000000,-0.003018,-0.058209,12.202116,0.031376,0.297536,-164.917740,0.000073,-0.002319,0.000000,0.000000,0.000000,0.000000
-7.110000,-14.793477,0.000000,-0.000534,-0.102917,0.000000,-0.003091,0.136931,-16.425106,0.033695,-0.755762,205.591736,0.000059,0.001853,0.000000,0.000000,0.000000,0.000000
-1.150000,8.627115,0.000000,-0.000621,-0.016646,0.000000,-0.003151,0.022692,9.790771,0.031842,-0.133529,-114.944237,0.000247,-0.002541,0.000000,0.000000,0.000000,0.000000
2.620000,5.457084,0.000000,-0.000462,0.037925,0.000000,-0.003397,-0.057744,6.344047,0.034383,0.358543,-70.584526,-0.000037,-0.000362,0.000000,0.000000,0.000000,0.000000
-6.310000,-5.037309,0.000000,-0.000050,-0.091337,0.000000,-0.000538,0.093521,-5.077909,0.020857,-0.166956,196.503983,0.000157,0.003270,0.000000,0.000000,0.000000,0.000000
-7.090000,-1.129052,0.000000,-0.000247,-0.102628,0.000000,-0.000695,0.104828,-1.138474,0.017587,-0.187142,44.056473,0.000262,0.000322,0.000000,0.000000,0.000000,0.000000
-7.810000,-1.042202,0.000000,-0.000365,-0.113050,0.000000,-0.000957,0.117838,-1.058617,0.017265,-0.286487,30.081633,0.000298,-0.000206,0.000000,0.000000,0.000000,0.000000
-1.550000,9.061366,0.000000,-0.000521,-0.022436,0.000000,-0.001255,0.023555,9.285502,0.017471,-0.071760,-210.561066,0.000239,-0.004181,0.000000,0.000000,0.000000,0.000000
3.790000,7.729664,0.000000,-0.000398,0.054860,0.000000,-0.001494,-0.061408,8.013308,0.021652,0.222642,-152.690536,-0.000015,-0.002281,0.000000,0.000000,0.000000,0.000000
5.000000,1.751478,0.000000,-0.000042,0.072375,0.000000,-0.001479,-0.083677,1.839912,0.023933,0.348450,-30.524107,-0.000191,0.000369,0.000000,0.000000,0.000000,0.000000
-1.260000,-9.061366,0.000000,0.000364,-0.018239,0.000000,-0.001288,0.022465,-9.681990,0.023564,-0.104686,143.539032,-0.000122,0.002434,0.000000,0.000000,0.000000,0.000000
5.740000,10.132517,0.000000,0.000504,0.083087,0.000000,-0.001166,-0.104727,11.021175,0.021130,0.535314,-148.956711,-0.000074,-0.001377,0.000000,0.000000,0.000000,0.000000
1.180000,-6.600612,0.000000,0.000945,0.017081,0.000000,-0.001091,-0.021580,-7.329913,0.022507,0.119105,91.747932,-0.000197,0.002062,0.000000,0.000000,0.000000,0.000000
0.300000,7.034862,0.000000,-0.000533,0.004343,0.000000,-0.001148,-0.004928,7.090143,0.026641,0.008797,-274.373047,0.000121,-0.005175,0.000000,0.000000,0.000000,0.000000
-4.940000,-7.584914,0.000000,-0.000457,-0.071507,0.000000,-0.001269,0.072747,-7.646037,0.031816,-0.129870,295.884949,0.000052,0.005261,0.000000,0.000000,0.000000,0.000000
-3.040000,2.750255,0.000000,-0.000404,-0.044004,0.000000,-0.001321,0.045594,2.791158,0.026556,-0.110848,-79.313461,0.000176,-0.001811,0.000000,0.000000,0.000000,0.000000
-3.230000,-0.275025,0.000000,-0.000264,-0.046754,0.000000,-0.001497,0.049968,-0.283062,0.028367,-0.152229,6.418811,0.000129,-0.000287,0.000000,0.000000,0.000000,0.000000
-2.190000,1.505403,0.000000,-0.000136,-0.031700,0.000000,-0.001626,0.035077,1.559374,0.028654,-0.127177,-29.713278,0.000124,-0.000906,0.000000,0.000000,0.000000,0.000000
-3.170000,-1.418553,0.000000,0.000036,-0.045886,0.000000,-0.001750,0.053062,-1.493127,0.029560,-0.220963,24.770958,0.000115,-0.000127,0.000000,0.000000,0.000000,0.000000
-4.660000,-2.156779,0.000000,0.000166,-0.067454,0.000000,-0.001865,0.081660,-2.306153,0.029687,-0.380525,34.189556,0.000177,-0.000382,0.000000,0.000000,0.000000,0.000000
-3.480000,1.708053,0.000000,0.000231,-0.050373,0.000000,-0.002042,0.064174,1.855824,0.030069,-0.328027,-25.082392,0.000208,-0.001362,0.000000,0.000000,0.000000,0.000000
3.320000,9.843018,0.000000,0.000348,0.048057,0.000000,-0.002251,-0.063808,10.924343,0.031430,0.352174,-136.739136,0.000034,-0.001634,0.000000,0.000000,0.000000,0.000000
-4.910000,-3.184505,0.000000,-0.000911,-0.071072,0.000000,-0.001643,0.071914,-3.210618,0.031964,-0.128383,124.243896,0.000134,0.002008,0.000000,0.000000,0.000000,0.000000
-4.280000,0.911926,0.000000,-0.001027,-0.061953,0.000000,-0.001777,0.062382,0.918453,0.029956,-0.111367,-35.542118,0.000186,-0.000978,0.000000,0.000000,0.000000,0.000000
-5.810000,-2.214679,0.000000,-0.000914,-0.084100,0.000000,-0.001963,0.086990,-2.249346,0.030934,-0.211490,63.917362,0.000192,0.000640,0.000000,0.000000,0.000000,0.000000
-7.750000,-2.808155,0.000000,-0.000880,-0.112181,0.000000,-0.002155,0.119627,-2.879040,0.030294,-0.364448,65.286057,0.000269,0.000249,0.000000,0.000000,0.000000,0.000000
3.250000,15.922527,0.000000,-0.000941,0.047044,0.000000,-0.002424,-0.053326,16.507601,0.030045,0.193339,-314.546051,0.000168,-0.005433,0.000000,0.000000,0.000000,0.000000
-0.430000,-5.326809,0.000000,-0.000524,-0.006224,0.000000,-0.002592,0.006587,-5.602102,0.035478,-0.027430,92.938766,-0.000089,0.001696,0.000000,0.000000,0.000000,0.000000
-2.510000,-3.010805,0.000000,-0.000271,-0.036332,0.000000,-0.002503,0.043549,-3.218621,0.033783,-0.202934,47.717220,0.000057,0.000351,0.000000,0.000000,0.000000,0.000000
2.900000,7.830989,0.000000,-0.000110,0.041978,0.000000,-0.002560,-0.053373,8.516768,0.033431,0.272818,-115.108414,0.000017,-0.001442,0.000000,0.000000,0.000000,0.000000
-3.880000,-9.814068,0.000000,0.000280,-0.056163,0.000000,-0.002577,0.075489,-10.897872,0.034873,-0.416644,136.407791,-0.000002,0.001459,0.000000,0.000000,0.000000,0.000000
-4.990000,-1.606728,0.000000,0.000384,-0.072230,0.000000,-0.002575,0.102820,-1.826991,0.033415,-0.605044,21.448984,0.000244,-0.001233,0.000000,0.000000,0.000000,0.000000
2.280000,10.523343,0.000000,0.000445,0.033003,0.000000,-0.002818,-0.048976,12.235470,0.034648,0.304104,-136.133118,0.000099,-0.001753,0.000000,0.000000,0.000000,0.000000
-3.100000,-7.787564,0.000000,0.000811,-0.044873,0.000000,-0.002917,0.073230,-9.301764,0.036401,-0.475704,98.922768,0.000022,0.000590,0.000000,0.000000,0.000000,0.000000
-1.620000,2.287054,0.000000,-0.000633,-0.023450,0.000000,-0.001288,0.023431,2.304534,0.028461,-0.041829,-89.180435,0.000107,-0.001803,0.000000,0.000000,0.000000,0.000000
-6.580000,-7.179613,0.000000,-0.000628,-0.095246,0.000000,-0.001395,0.096879,-7.237463,0.030264,-0.172952,280.074066,0.000125,0.004839,0.000000,0.000000,0.000000,0.000000
-3.650000,4.241182,0.000000,-0.000654,-0.052834,0.000000,-0.001520,0.054567,4.304809,0.025426,-0.132662,-122.325294,0.000229,-0.002684,0.000000,0.000000,0.000000,0.000000
-2.010000,2.373904,0.000000,-0.000547,-0.029095,0.000000,-0.001749,0.030683,2.431645,0.028110,-0.093478,-55.140781,0.000129,-0.001292,0.000000,0.000000,0.000000,0.000000
2.360000,6.325586,0.000000,-0.000371,0.034161,0.000000,-0.001877,-0.038376,6.557103,0.029402,0.139136,-124.943115,0.000020,-0.001987,0.000000,0.000000,0.000000,0.000000
1.420000,-1.360652,0.000000,-0.000006,0.020555,0.000000,-0.001897,-0.023757,-1.432354,0.031389,0.098931,23.762733,-0.000091,0.000721,0.000000,0.000000,0.000000,0.000000
3.680000,3.271356,0.000000,0.000317,0.053268,0.000000,-0.001806,-0.063946,3.492602,0.030667,0.297980,-51.779102,-0.000107,-0.000176,0.000000,0.000000,0.000000,0.000000
-2.470000,-8.902141,0.000000,0.000739,-0.035753,0.000000,-0.001699,0.046278,-9.687113,0.030843,-0.236550,130.926193,-0.000058,0.001840,0.000000,0.000000,0.000000,0.000000
0.770000,4.689909,0.000000,0.000904,0.011146,0.000000,-0.001641,-0.013698,5.203572,0.029004,0.075602,-65.132698,0.000062,-0.001032,0.000000,0.000000,0.000000,0.000000
1.520000,1.085627,0.000000,0.001211,0.022002,0.000000,-0.001703,-0.029439,1.228928,0.030036,0.173232,-14.427685,-0.000056,0.000197,0.000000,0.000000,0.000000,0.000000
-5.750000,-10.523344,0.000000,0.001558,-0.083231,0.000000,-0.001646,0.127546,-12.242948,0.029838,-0.791962,136.216324,0.000113,0.000437,0.000000,0.000000,0.000000,0.000000
-3.090000,-1.418553,0.000000,-0.001043,-0.044728,0.000000,-0.001774,0.044804,-1.430616,0.032031,-0.079986,55.361725,0.000094,0.000831,0.000000,0.000000,0.000000,0.000000
-2.160000,1.346177,0.000000,-0.001087,-0.031266,0.000000,-0.001868,0.030900,1.356128,0.031200,-0.055164,-52.479202,0.000109,-0.001144,0.000000,0.000000,0.000000,0.000000
-4.640000,-3.589806,0.000000,-0.000877,-0.067164,0.000000,-0.001977,0.069319,-3.645428,0.032344,-0.168526,103.588356,0.000118,0.001508,0.000000,0.000000,0.000000,0.000000
-1.060000,5.182059,0.000000,-0.000791,-0.015344,0.000000,-0.002095,0.015642,5.309391,0.030837,-0.047653,-120.397469,0.000143,-0.002411,0.000000,0.000000,0.000000,0.000000
-0.270000,1.143527,0.000000,-0.000548,-0.003908,0.000000,-0.002238,0.003734,1.184016,0.033248,-0.013539,-22.560970,0.000032,-0.000459,0.000000,0.000000,0.000000,0.000000
4.460000,6.846687,0.000000,-0.000276,0.064559,0.000000,-0.002270,-0.074914,7.196022,0.033708,0.311961,-119.381882,-0.000066,-0.001416,0.000000,0.000000,0.000000,0.000000
-2.260000,-9.727218,0.000000,0.000200,-0.032714,0.000000,-0.002204,0.039747,-10.394037,0.035123,-0.185218,154.095383,-0.000089,0.002419,0.000000,0.000000,0.000000,0.000000
0.500000,3.995107,0.000000,0.000387,0.007238,0.000000,-0.002115,-0.008688,4.343599,0.032704,0.044407,-58.705917,0.000059,-0.000996,0.000000,0.000000,0.000000,0.000000
3.220000,3.937207,0.000000,0.000694,0.046610,0.000000,-0.002174,-0.061409,4.367722,0.033700,0.338937,-54.670433,-0.000084,-0.000117,0.000000,0.000000,0.000000,0.000000
0.290000,-4.241182,0.000000,0.001119,0.004198,0.000000,-0.002090,-0.004359,-4.818039,0.033816,0.025652,56.564075,-0.000103,0.001141,0.000000,0.000000,0.000000,0.000000
2.370000,3.010805,0.000000,0.001429,0.034306,0.000000,-0.001987,-0.049456,3.497519,0.032676,0.307086,-38.913761,-0.000067,0.000092,0.000000,0.000000,0.000000,0.000000
-2.900000,-7.628338,0.000000,0.001834,-0.041978,0.000000,-0.001920,0.070229,-9.112309,0.032584,-0.456212,96.907928,0.000018,0.000601,0.000000,0.000000,0.000000,0.000000
-2.690000,1.606728,0.000000,-0.001286,-0.038938,0.000000,-0.002071,0.038633,1.618671,0.034535,-0.068968,-62.639019,0.000135,-0.001374,0.000000,0.000000,0.000000,0.000000
-2.250000,0.636901,0.000000,-0.001309,-0.032569,0.000000,-0.002206,0.032007,0.641100,0.035909,-0.057140,-24.809189,0.000098,-0.000622,0.000000,0.000000,0.000000,0.000000
-3.940000,-2.446280,0.000000,-0.001066,-0.057032,0.000000,-0.002304,0.058526,-2.484651,0.036530,-0.142287,70.603760,0.000111,0.000953,0.000000,0.000000,0.000000,0.000000
0.640000,6.629562,0.000000,-0.000910,0.009264,0.000000,-0.002416,-0.010935,6.792617,0.035577,0.033314,-154.031601,0.000099,-0.002828,0.000000,0.000000,0.000000,0.000000
-1.300000,-2.808155,0.000000,-0.000554,-0.018818,0.000000,-0.002514,0.020296,-2.913482,0.038405,-0.073585,55.515297,-0.000000,0.000857,0.000000,0.000000,0.000000,0.000000
0.070000,1.983078,0.000000,-0.000290,0.001013,0.000000,-0.002514,-0.001505,2.082646,0.037548,0.006269,-34.551064,0.000035,-0.000639,0.000000,0.000000,0.000000,0.000000
-0.340000,-0.593476,0.000000,0.000032,-0.004922,0.000000,-0.002549,0.005982,-0.636599,0.038187,-0.027876,9.437807,0.000004,0.000104,0.000000,0.000000,0.000000,0.000000
-3.550000,-4.646483,0.000000,0.000335,-0.051386,0.000000,-0.002553,0.065591,-5.057803,0.038082,-0.335269,68.358742,0.000082,0.000387,0.000000,0.000000,0.000000,0.000000
-0.340000,4.646483,0.000000,0.000504,-0.004922,0.000000,-0.002635,0.007256,5.154906,0.037695,-0.040046,-64.523552,0.000117,-0.001331,0.000000,0.000000,0.000000,0.000000
1.570000,2.764730,0.000000,0.000810,0.022726,0.000000,-0.002752,-0.031032,3.134475,0.039026,0.182607,-36.798931,-0.000025,-0.000200,0.000000,0.000000,0.000000,0.000000
-2.770000,-6.282161,0.000000,0.001201,-0.040096,0.000000,-0.002727,0.062122,-7.310872,0.039226,-0.385727,81.341522,0.000030,0.000497,0.000000,0.000000,0.000000,0.000000
-0.420000,7.874414,0.000000,-0.001353,-0.006080,0.000000,-0.002180,0.004925,7.936159,0.036368,-0.008792,-307.112000,0.000164,-0.005840,0.000000,0.000000,0.000000,0.000000
-2.070000,-2.388379,0.000000,-0.001283,-0.029963,0.000000,-0.002343,0.029366,-2.408404,0.042208,-0.052425,93.199974,0.000034,0.001634,0.000000,0.000000,0.000000,0.000000
-5.720000,-5.283384,0.000000,-0.000993,-0.082797,0.000000,-0.002377,0.085546,-5.365026,0.040575,-0.207978,152.452408,0.000130,0.002321,0.000000,0.000000,0.000000,0.000000
1.500000,10.450969,0.000000,-0.000881,0.021713,0.000000,-0.002507,-0.024284,10.708719,0.038253,0.073982,-242.834396,0.000137,-0.004402,0.000000,0.000000,0.000000,0.000000
-0.550000,-2.967380,0.000000,-0.000450,-0.007961,0.000000,-0.002644,0.008347,-3.078817,0.042656,-0.030264,58.665688,-0.000036,0.001037,0.000000,0.000000,0.000000,0.000000
-1.650000,-1.592253,0.000000,-0.000114,-0.023884,0.000000,-0.002608,0.027465,-1.676423,0.041619,-0.114371,27.811829,0.000043,0.000215,0.000000,0.000000,0.000000,0.000000
0.690000,3.387156,0.000000,0.000172,0.009988,0.000000,-0.002650,-0.011854,3.615642,0.041403,0.055238,-53.603210,0.000036,-0.000866,0.000000,0.000000,0.000000,0.000000
-2.120000,-4.067482,0.000000,0.000559,-0.030687,0.000000,-0.002687,0.039625,-4.428335,0.042269,-0.202543,59.851181,0.000023,0.000587,0.000000,0.000000,0.000000,0.000000
-6.680000,-6.600612,0.000000,0.000830,-0.096693,0.000000,-0.002710,0.130430,-7.331377,0.041682,-0.719883,91.766251,0.000214,-0.000211,0.000000,0.000000,0.000000,0.000000
-2.610000,5.891335,0.000000,0.000913,-0.037780,0.000000,-0.002924,0.054787,6.683314,0.041893,-0.322395,-78.462509,0.000274,-0.002357,0.000000,0.000000,0.000000,0.000000
-4.350000,-5.268909,0.000000,-0.001714,-0.062966,0.000000,-0.002640,0.062812,-5.311793,0.040914,-0.112133,205.554794,0.000069,0.003593,0.000000,0.000000,0.000000,0.000000
-10.250000,-8.540265,0.000000,-0.001786,-0.148369,0.000000,-0.002709,0.150086,-8.609065,0.037321,-0.267937,333.152008,0.000243,0.005577,0.000000,0.000000,0.000000,0.000000
-5.710000,6.571661,0.000000,-0.001919,-0.082652,0.000000,-0.002952,0.084426,6.670599,0.031744,-0.205256,-189.551544,0.000354,-0.004155,0.000000,0.000000,0.000000,0.000000
-2.490000,4.660958,0.000000,-0.001852,-0.036043,0.000000,-0.003306,0.036749,4.775290,0.035899,-0.111956,-108.286049,0.000189,-0.002346,0.000000,0.000000,0.000000,0.000000
1.680000,6.036086,0.000000,-0.001654,0.024318,0.000000,-0.003495,-0.028862,6.256747,0.038244,0.104644,-119.219933,0.000040,-0.001970,0.000000,0.000000,0.000000,0.000000
-2.180000,-5.587360,0.000000,-0.001284,-0.031556,0.000000,-0.003535,0.034978,-5.876085,0.040215,-0.145657,97.484161,-0.000017,0.001456,0.000000,0.000000,0.000000,0.000000
5.780000,11.522120,0.000000,-0.001092,0.083666,0.000000,-0.003519,-0.102357,12.306888,0.038759,0.476972,-182.454086,-0.000044,-0.002167,0.000000,0.000000,0.000000,0.000000
1.550000,-6.122936,0.000000,-0.000566,0.022436,0.000000,-0.003475,-0.029171,-6.663787,0.040926,0.149108,90.064430,-0.000205,0.002113,0.000000,0.000000,0.000000,0.000000
-1.340000,-4.183282,0.000000,-0.000226,-0.019397,0.000000,-0.003270,0.025640,-4.646968,0.038814,-0.141512,58.165726,-0.000018,0.000715,0.000000,0.000000,0.000000,0.000000
0.300000,2.373904,0.000000,-0.000009,0.004343,0.000000,-0.003252,-0.006161,2.691491,0.038099,0.036257,-31.598267,0.000034,-0.000502,0.000000,0.000000,0.000000,0.000000
-0.180000,-0.694801,0.000000,0.000276,-0.002606,0.000000,-0.003286,0.004335,-0.811775,0.038600,-0.026915,9.031898,-0.000004,0.000099,0.000000,0.000000,0.000000,0.000000
-3.700000,-6.354536,0.000000,-0.000332,-0.053558,0.000000,-0.001005,0.054569,-6.405809,0.028974,-0.097417,247.890854,0.000026,0.004430,0.000000,0.000000,0.000000,0.000000
-5.330000,-2.359429,0.000000,-0.000407,-0.077152,0.000000,-0.001032,0.078579,-2.378808,0.024543,-0.140282,92.054703,0.000167,0.001355,0.000000,0.000000,0.000000,0.000000
-7.630000,-3.329256,0.000000,-0.000400,-0.110444,0.000000,-0.001199,0.115077,-3.380638,0.023188,-0.279773,96.064095,0.000247,0.001060,0.000000,0.000000,0.000000,0.000000
-3.190000,6.426911,0.000000,-0.000505,-0.046175,0.000000,-0.001446,0.049086,6.585474,0.022128,-0.149544,-149.334335,0.000257,-0.003234,0.000000,0.000000,0.000000,0.000000
-1.400000,2.591030,0.000000,-0.000413,-0.020265,0.000000,-0.001703,0.022061,2.685217,0.025362,-0.079985,-51.165802,0.000110,-0.001179,0.000000,0.000000,0.000000,0.000000
14.020000,22.320488,0.000000,-0.000246,0.202940,0.000000,-0.001813,-0.234777,23.464169,0.026542,0.977666,-389.270172,-0.000191,-0.004724,0.000000,0.000000,0.000000,0.000000
2.860000,-16.154129,0.000000,0.000588,0.041399,0.000000,-0.001622,-0.049285,-17.259796,0.031266,0.229661,255.882751,-0.000460,0.005475,0.000000,0.000000,0.000000,0.000000
0.190000,-3.864831,0.000000,0.000946,0.002750,0.000000,-0.001162,-0.002288,-4.206841,0.025791,0.011695,56.857578,-0.000085,0.001098,0.000000,0.000000,0.000000,0.000000
-2.440000,-3.806932,0.000000,0.001198,-0.035319,0.000000,-0.001077,0.048839,-4.228880,0.024692,-0.269556,52.932556,0.000052,0.000271,0.000000,0.000000,0.000000,0.000000
3.010000,7.888889,0.000000,0.001346,0.043570,0.000000,-0.001129,-0.059787,8.952012,0.024421,0.351817,-105.097145,0.000008,-0.001039,0.000000,0.000000,0.000000,0.000000
-1.330000,5.355760,0.000000,-0.001384,-0.019252,0.000000,-0.002128,0.018372,5.397566,0.032865,-0.032798,-208.874023,0.000152,-0.004042,0.000000,0.000000,0.000000,0.000000
-7.850000,-9.437716,0.000000,-0.001357,-0.113629,0.000000,-0.002279,0.114954,-9.513663,0.036907,-0.205220,368.157990,0.000131,0.006423,0.000000,0.000000,0.000000,0.000000
-11.910000,-5.876861,0.000000,-0.001398,-0.172398,0.000000,-0.002410,0.178820,-5.967133,0.030484,-0.434744,169.561829,0.000370,0.002023,0.000000,0.000000,0.000000,0.000000
-9.180000,3.951682,0.000000,-0.001639,-0.132881,0.000000,-0.002780,0.141058,4.048713,0.028461,-0.429741,-91.809944,0.000458,-0.002905,0.000000,0.000000,0.000000,0.000000
-4.160000,7.266463,0.000000,-0.001769,-0.060216,0.000000,-0.003238,0.064952,7.532826,0.031365,-0.235491,-143.535141,0.000317,-0.003349,0.000000,0.000000,0.000000,0.000000
2.610000,9.799592,0.000000,-0.001690,0.037780,0.000000,-0.003555,-0.045607,10.300783,0.034715,0.189918,-170.889816,0.000071,-0.002716,0.000000,0.000000,0.000000,0.000000
-5.340000,-11.507646,0.000000,-0.001331,-0.077297,0.000000,-0.003627,0.091740,-12.295644,0.037431,-0.427498,182.287399,0.000015,0.002300,0.000000,0.000000,0.000000,0.000000
6.590000,17.268705,0.000000,-0.001322,0.095390,0.000000,-0.003642,-0.122647,18.784346,0.035130,0.626908,-253.879868,0.000024,-0.003116,0.000000,0.000000,0.000000,0.000000
0.080000,-9.423242,0.000000,-0.000816,0.001158,0.000000,-0.003666,-0.002640,-10.463626,0.038246,0.014571,130.972382,-0.000205,0.002525,0.000000,0.000000,0.000000,0.000000
7.720000,11.058919,0.000000,-0.000591,0.111747,0.000000,-0.003460,-0.159067,12.550875,0.035721,0.936032,-147.348022,-0.000192,-0.000263,0.000000,0.000000,0.000000,0.000000
-8.380000,-23.304790,0.000000,-0.000051,-0.121301,0.000000,-0.003268,0.182393,-27.107347,0.035984,-1.132518,301.599182,-0.000020,0.002648,0.000000,0.000000,0.000000,0.000000
-4.220000,0.535577,0.000000,-0.000159,-0.061085,0.000000,-0.000617,0.062430,0.539332,0.019691,-0.111453,-20.870985,0.000179,-0.000702,0.000000,0.000000,0.000000,0.000000
-2.600000,2.344954,0.000000,-0.000276,-0.037635,0.000000,-0.000797,0.038252,2.363089,0.020393,-0.068288,-91.446388,0.000148,-0.001915,0.000000,0.000000,0.000000,0.000000
-1.750000,1.230377,0.000000,-0.000167,-0.025331,0.000000,-0.000944,0.026316,1.248308,0.022308,-0.063978,-35.471870,0.000095,-0.000841,0.000000,0.000000,0.000000,0.000000
1.830000,5.182059,0.000000,-0.000019,0.026489,0.000000,-0.001039,-0.028492,5.309618,0.023149,0.086801,-120.402649,0.000023,-0.002043,0.000000,0.000000,0.000000,0.000000
-0.830000,-3.850357,0.000000,0.000289,-0.012014,0.000000,-0.001062,0.013672,-3.993555,0.025192,-0.049571,76.095673,-0.000039,0.001311,0.000000,0.000000,0.000000,0.000000
-1.450000,-0.897452,0.000000,0.000481,-0.020989,0.000000,-0.001024,0.024807,-0.945077,0.023882,-0.103304,15.678803,0.000049,0.000015,0.000000,0.000000,0.000000,0.000000
4.620000,8.786341,0.000000,0.000649,0.066875,0.000000,-0.001073,-0.079978,9.384597,0.023867,0.372686,-139.130051,-0.000039,-0.001626,0.000000,0.000000,0.000000,0.000000
-1.940000,-9.495617,0.000000,0.001081,-0.028082,0.000000,-0.001034,0.036982,-10.332513,0.025493,-0.189034,139.649094,-0.000096,0.002136,0.000000,0.000000,0.000000,0.000000
-5.890000,-5.717635,0.000000,0.001240,-0.085258,0.000000,-0.000939,0.115686,-6.349933,0.023357,-0.638505,79.481598,0.000193,-0.000226,0.000000,0.000000,0.000000,0.000000
-1.920000,5.746585,0.000000,0.001242,-0.027792,0.000000,-0.001131,0.041111,6.520328,0.023583,-0.241921,-76.549042,0.000234,-0.002103,0.000000,0.000000,0.000000,0.000000
3.770000,8.236290,0.000000,0.001418,0.054571,0.000000,-0.001366,-0.079956,9.575547,0.025687,0.496464,-106.538551,-0.000035,-0.000670,0.000000,0.000000,0.000000,0.000000
-6.540000,-14.981651,0.000000,-0.000752,-0.094667,0.000000,-0.001487,0.096236,-15.101594,0.031991,-0.171804,584.398682,-0.000026,0.010602,0.000000,0.000000,0.000000,0.000000
-0.290000,9.046891,0.000000,-0.000931,-0.004198,0.000000,-0.001462,0.003345,9.118331,0.021389,-0.005971,-352.859528,0.000182,-0.006717,0.000000,0.000000,0.000000,0.000000
-4.510000,-6.108461,0.000000,-0.000684,-0.065282,0.000000,-0.001644,0.067552,-6.202232,0.028106,-0.164232,176.242432,0.000065,0.002905,0.000000,0.000000,0.000000,0.000000
-1.110000,4.921509,0.000000,-0.000642,-0.016067,0.000000,-0.001709,0.016579,5.042603,0.025201,-0.050509,-114.347725,0.000140,-0.002307,0.000000,0.000000,0.000000,0.000000
0.560000,2.417329,0.000000,-0.000450,0.008106,0.000000,-0.001849,-0.009509,2.505015,0.027508,0.034474,-47.732109,0.000021,-0.000806,0.000000,0.000000,0.000000,0.000000
0.820000,0.376351,0.000000,-0.000189,0.011870,0.000000,-0.001870,-0.013933,0.394008,0.028314,0.058022,-6.536592,-0.000030,0.000035,0.000000,0.000000,0.000000,0.000000
-3.230000,-5.862385,0.000000,0.000082,-0.046754,0.000000,-0.001840,0.056561,-6.264728,0.028280,-0.263568,92.876869,0.000034,0.001046,0.000000,0.000000,0.000000,0.000000
-1.140000,3.025280,0.000000,0.000178,-0.016502,0.000000,-0.001874,0.021153,3.289047,0.027234,-0.108122,-44.453125,0.000119,-0.001136,0.000000,0.000000,0.000000,0.000000
-3.580000,-3.531906,0.000000,0.000365,-0.051821,0.000000,-0.001994,0.069795,-3.923368,0.028370,-0.385216,49.108479,0.000114,-0.000110,0.000000,0.000000,0.000000,0.000000
-0.860000,-9.220592,0.000000,-0.000700,-0.012449,0.000000,-0.001289,0.012091,-9.294555,0.025673,-0.021585,359.679016,-0.000143,0.006752,0.000000,0.000000,0.000000,0.000000
-6.430000,-8.062590,0.000000,-0.000672,-0.093074,0.000000,-0.001145,0.094611,-8.127169,0.018921,-0.168902,314.503632,0.000102,0.005486,0.000000,0.000000,0.000000,0.000000
-5.660000,1.114577,0.000000,-0.000810,-0.081929,0.000000,-0.001247,0.084829,1.131117,0.013435,-0.206234,-32.141788,0.000251,-0.001177,0.000000,0.000000,0.000000,0.000000
-5.960000,-0.434251,0.000000,-0.000918,-0.086271,0.000000,-0.001498,0.091738,-0.445538,0.014612,-0.279485,10.103157,0.000239,-0.000563,0.000000,0.000000,0.000000,0.000000
-4.910000,1.519878,0.000000,-0.001046,-0.071072,0.000000,-0.001737,0.077821,1.575282,0.015174,-0.282147,-30.016407,0.000240,-0.001331,0.000000,0.000000,0.000000,0.000000
-2.620000,3.314781,0.000000,-0.001135,-0.037925,0.000000,-0.001977,0.042509,3.484189,0.016505,-0.177019,-57.802631,0.000181,-0.001571,0.000000,0.000000,0.000000,0.000000
-3.030000,-0.593476,0.000000,-0.001133,-0.043859,0.000000,-0.002158,0.051598,-0.634800,0.018075,-0.240440,9.411139,0.000127,-0.000469,0.000000,0.000000,0.000000,0.000000
1.160000,6.065036,0.000000,-0.001158,0.016791,0.000000,-0.002285,-0.022762,6.597225,0.018545,0.116346,-89.164803,0.000063,-0.001373,0.000000,0.000000,0.000000,0.000000
1.370000,0.303975,0.000000,-0.001012,0.019831,0.000000,-0.002348,-0.027876,0.336459,0.019918,0.153856,-4.211429,-0.000069,0.000339,0.000000,0.000000,0.000000,0.000000
5.030000,5.297860,0.000000,-0.000865,0.072809,0.000000,-0.002279,-0.104321,6.012795,0.019579,0.613876,-70.590576,-0.000168,0.000323,0.000000,0.000000,0.000000,0.000000
2.410000,-21.466463,0.000000,0.001232,0.034885,0.000000,0.001014,-0.034431,-21.637457,0.008267,0.061467,837.322327,-0.000503,0.016020,0.000000,0.000000,0.000000,0.000000
-0.620000,-4.385933,0.000000,0.001348,-0.008975,0.000000,0.001517,0.010569,-4.420677,-0.007753,-0.018868,171.070557,-0.000054,0.003159,0.000000,0.000000,0.000000,0.000000
-1.860000,-1.794903,0.000000,0.001241,-0.026924,0.000000,0.001571,0.029453,-1.821911,-0.010912,-0.071606,51.771370,0.000045,0.000781,0.000000,0.000000,0.000000,0.000000
-5.090000,-4.675434,0.000000,0.001086,-0.073678,0.000000,0.001526,0.080356,-4.791081,-0.011693,-0.244809,108.644135,0.000127,0.001394,0.000000,0.000000,0.000000,0.000000
0.420000,7.975739,0.000000,0.000792,0.006080,0.000000,0.001399,-0.005876,8.270018,-0.013086,0.021305,-157.582062,0.000140,-0.002929,0.000000,0.000000,0.000000,0.000000
2.640000,3.213456,0.000000,0.000747,0.038214,0.000000,0.001259,-0.043292,3.378726,-0.010157,0.180279,-56.053009,-0.000053,-0.000568,0.000000,0.000000,0.000000,0.000000
4.130000,2.156779,0.000000,0.000803,0.059782,0.000000,0.001312,-0.071225,2.304430,-0.009589,0.331900,-34.164013,-0.000149,0.000252,0.000000,0.000000,0.000000,0.000000
-3.360000,-10.841794,0.000000,0.000929,-0.048636,0.000000,0.001461,0.062857,-11.794307,-0.009841,-0.321293,159.405991,-0.000053,0.002149,0.000000,0.000000,0.000000,0.000000
4.670000,11.623446,0.000000,0.000744,0.067598,0.000000,0.001514,-0.089414,12.904090,-0.011990,0.493500,-161.519470,0.000003,-0.001727,0.000000,0.000000,0.000000,0.000000
1.170000,-5.066259,0.000000,0.000902,0.016936,0.000000,0.001512,-0.022703,-5.750714,-0.010262,0.133593,67.513733,-0.000170,0.001643,0.000000,0.000000,0.000000,0.000000
4.180000,4.356982,0.000000,0.000920,0.060506,0.000000,0.001682,-0.089633,5.067596,-0.011905,0.556549,-56.382603,-0.000146,0.000435,0.000000,0.000000,0.000000,0.000000
-3.540000,-4.632008,0.000000,0.001591,-0.051242,0.000000,0.001536,0.054104,-4.668948,0.001007,-0.096588,180.678085,0.000058,0.003159,0.000000,0.000000,0.000000,0.000000
-2.170000,1.983078,0.000000,0.001457,-0.031411,0.000000,0.001478,0.033653,1.998836,-0.002152,-0.060078,-77.350609,0.000129,-0.001633,0.000000,0.000000,0.000000,0.000000
-1.530000,0.926402,0.000000,0.001392,-0.022147,0.000000,0.001349,0.024615,0.940376,-0.000519,-0.059845,-26.721699,0.000084,-0.000665,0.000000,0.000000,0.000000,0.000000
-2.020000,-0.709276,0.000000,0.001367,-0.029240,0.000000,0.001265,0.032896,-0.727079,0.000145,-0.100219,16.487471,0.000075,0.000042,0.000000,0.000000,0.000000,0.000000
2.940000,7.179613,0.000000,0.001329,0.042557,0.000000,0.001190,-0.045816,7.443763,0.000103,0.166112,-141.838058,0.000017,-0.002236,0.000000,0.000000,0.000000,0.000000
0.380000,-3.705607,0.000000,0.001519,0.005501,0.000000,0.001173,-0.004601,-3.896314,0.002339,0.019159,64.639778,-0.000086,0.001280,0.000000,0.000000,0.000000,0.000000
-1.440000,-2.634455,0.000000,0.001607,-0.020844,0.000000,0.001260,0.027113,-2.815071,0.001060,-0.126346,41.734455,0.000020,0.000446,0.000000,0.000000,0.000000,0.000000
-3.980000,-3.676656,0.000000,0.001629,-0.057611,0.000000,0.001239,0.075126,-4.000594,0.000613,-0.384004,54.070038,0.000127,-0.000016,0.000000,0.000000,0.000000,0.000000
-1.860000,3.068706,0.000000,0.001554,-0.026924,0.000000,0.001112,0.038088,3.405704,0.000629,-0.210216,-42.628933,0.000167,-0.001376,0.000000,0.000000,0.000000,0.000000
-2.830000,-1.404077,0.000000,0.001580,-0.040964,0.000000,0.000945,0.060240,-1.595126,0.002005,-0.354485,18.726870,0.000132,-0.000602,0.000000,0.000000,0.000000,0.000000
2.480000,7.686239,0.000000,0.001574,0.035898,0.000000,0.000812,-0.051632,8.937766,0.002607,0.320596,-99.442520,0.000029,-0.001015,0.000000,0.000000,0.000000,0.000000
0.070000,-3.488481,0.000000,0.001801,0.001013,0.000000,0.000783,0.001263,-4.166990,0.003621,-0.008202,44.315266,-0.000076,0.000819,0.000000,0.000000,0.000000,0.000000
-4.040000,-4.400408,0.000000,0.000143,-0.058479,0.000000,-0.000250,0.060065,-4.435843,0.016665,-0.107231,171.657440,0.000079,0.002959,0.000000,0.000000,0.000000,0.000000
-10.080000,-8.742915,0.000000,0.000026,-0.145908,0.000000,-0.000329,0.149421,-8.812802,0.013706,-0.266751,341.036163,0.000237,0.005730,0.000000,0.000000,0.000000,0.000000
2.590000,18.339857,0.000000,-0.000299,0.037490,0.000000,-0.000566,-0.039517,18.618353,0.007976,0.096074,-529.058472,0.000245,-0.009768,0.000000,0.000000,0.000000,0.000000
-0.830000,-4.950459,0.000000,-0.000031,-0.012014,0.000000,-0.000811,0.012880,-5.074068,0.017744,-0.039238,115.061211,-0.000062,0.002091,0.000000,0.000000,0.000000,0.000000
1.260000,3.025280,0.000000,0.000080,0.018239,0.000000,-0.000750,-0.020180,3.135868,0.015654,0.073164,-59.752769,0.000005,-0.000937,0.000000,0.000000,0.000000,0.000000
-1.850000,-4.501733,0.000000,0.000284,-0.026779,0.000000,-0.000755,0.031270,-4.733788,0.016591,-0.130215,78.533470,-0.000005,0.001137,0.000000,0.000000,0.000000,0.000000
5.210000,10.219368,0.000000,0.000354,0.075415,0.000000,-0.000750,-0.090647,10.916180,0.015454,0.422406,-161.836334,-0.000038,-0.001924,0.000000,0.000000,0.000000,0.000000
-5.430000,-15.401428,0.000000,0.000729,-0.078599,0.000000,-0.000711,0.100601,-16.756569,0.017378,-0.514220,226.473450,-0.000045,0.002901,0.000000,0.000000,0.000000,0.000000
-6.160000,-1.056677,0.000000,0.000656,-0.089166,0.000000,-0.000666,0.120132,-1.174596,0.014477,-0.663042,14.702325,0.000303,-0.001520,0.000000,0.000000,0.000000,0.000000
0.390000,9.481141,0.000000,0.000558,0.005645,0.000000,-0.000969,-0.007204,10.760729,0.015998,0.042391,-126.331604,0.000184,-0.002275,0.000000,0.000000,0.000000,0.000000
3.960000,19.801836,0.000000,0.000088,0.057321,0.000000,-0.000362,-0.058552,19.958818,0.019125,0.104529,-772.362732,0.000219,-0.014338,0.000000,0.000000,0.000000,0.000000
-0.850000,-6.962487,0.000000,0.000290,-0.012304,0.000000,-0.000581,0.012895,-7.018738,0.033462,-0.023021,271.609802,-0.000098,0.005107,0.000000,0.000000,0.000000,0.000000
-2.950000,-3.039756,0.000000,0.000539,-0.042701,0.000000,-0.000483,0.045218,-3.087003,0.028355,-0.109932,87.720184,0.000064,0.001354,0.000000,0.000000,0.000000,0.000000
-3.600000,-0.940877,0.000000,0.000692,-0.052110,0.000000,-0.000547,0.056752,-0.965512,0.027001,-0.172897,21.894270,0.000135,-0.000056,0.000000,0.000000,0.000000,0.000000
1.080000,6.774312,0.000000,0.000820,0.015633,0.000000,-0.000682,-0.016461,7.022227,0.027057,0.059683,-133.805862,0.000088,-0.002372,0.000000,0.000000,0.000000,0.000000
6.440000,7.758614,0.000000,0.001160,0.093219,0.000000,-0.000770,-0.106372,8.154579,0.029429,0.442959,-135.284317,-0.000133,-0.001359,0.000000,0.000000,0.000000,0.000000
-3.880000,-14.938227,0.000000,0.001739,-0.056163,0.000000,-0.000637,0.069925,-15.961253,0.030788,-0.325844,236.631378,-0.000113,0.003602,0.000000,0.000000,0.000000,0.000000
3.370000,10.494393,0.000000,0.001887,0.048781,0.000000,-0.000524,-0.059469,11.413743,0.027186,0.303977,-154.262466,0.000055,-0.002105,0.000000,0.000000,0.000000,0.000000
-2.480000,-8.467890,0.000000,0.002355,-0.035898,0.000000,-0.000579,0.051161,-9.404213,0.029291,-0.282374,117.711800,-0.000040,0.001469,0.000000,0.000000,0.000000,0.000000
-0.490000,2.880530,0.000000,0.002592,-0.007093,0.000000,-0.000539,0.013713,3.265615,0.027822,-0.080694,-38.338524,0.000099,-0.000947,0.000000,0.000000,0.000000,0.000000
-4.700000,-15.372477,0.000000,-0.002314,-0.068033,0.000000,-0.003341,0.067394,-15.495809,0.045711,-0.120314,599.653992,-0.000111,0.011031,0.000000,0.000000,0.000000,0.000000
-1.600000,4.487257,0.000000,-0.002389,-0.023160,0.000000,-0.003230,0.021267,4.522161,0.034681,-0.037967,-174.997742,0.000143,-0.003437,0.000000,0.000000,0.000000,0.000000
-8.230000,-9.596941,0.000000,-0.002125,-0.119129,0.000000,-0.003373,0.122356,-9.743958,0.038117,-0.297470,276.884003,0.000146,0.004444,0.000000,0.000000,0.000000,0.000000
-0.760000,10.812844,0.000000,-0.002187,-0.011001,0.000000,-0.003519,0.009474,11.079965,0.033673,-0.028862,-251.252869,0.000235,-0.004844,0.000000,0.000000,0.000000,0.000000
8.500000,13.403873,0.000000,-0.001926,0.123038,0.000000,-0.003754,-0.138872,13.895945,0.038517,0.503495,-264.781952,-0.000113,-0.003643,0.000000,0.000000,0.000000,0.000000
0.130000,-12.115597,0.000000,-0.001271,0.001882,0.000000,-0.003641,-0.003643,-12.739390,0.042159,0.015171,211.346283,-0.000251,0.004050,0.000000,0.000000,0.000000,0.000000
-1.640000,-2.562080,0.000000,-0.000990,-0.023739,0.000000,-0.003391,0.027472,-2.739266,0.038110,-0.128018,40.610611,0.000023,0.000415,0.000000,0.000000,0.000000,0.000000
2.300000,5.703160,0.000000,-0.000792,0.033293,0.000000,-0.003414,-0.043225,6.201954,0.037695,0.220943,-83.822533,0.000000,-0.000990,0.000000,0.000000,0.000000,0.000000
-5.140000,-10.769418,0.000000,-0.000433,-0.074402,0.000000,-0.003414,0.098929,-11.958323,0.038685,-0.546018,149.681366,0.000041,0.001359,0.000000,0.000000,0.000000,0.000000
-1.470000,5.312334,0.000000,-0.000391,-0.021278,0.000000,-0.003455,0.029576,6.027377,0.037326,-0.174042,-70.761772,0.000194,-0.001813,0.000000,0.000000,0.000000,0.000000
-5.080000,-5.225484,0.000000,-0.000198,-0.073533,0.000000,-0.003649,0.110316,-6.080743,0.039139,-0.684980,67.654991,0.000183,-0.000568,0.000000,0.000000,0.000000,0.000000
-4.120000,-0.347400,0.000000,-0.000502,-0.059637,0.000000,-0.001054,0.060606,-0.350761,0.023950,-0.108195,13.573686,0.000157,-0.000035,0.000000,0.000000,0.000000,0.000000
-2.800000,1.910703,0.000000,-0.000606,-0.040530,0.000000,-0.001211,0.040878,1.925308,0.023984,-0.072977,-74.505203,0.000147,-0.001608,0.000000,0.000000,0.000000,0.000000
-3.520000,-1.042202,0.000000,-0.000478,-0.050952,0.000000,-0.001358,0.052782,-1.058900,0.025592,-0.128323,30.089676,0.000122,0.000226,0.000000,0.000000,0.000000,0.000000
0.490000,5.804485,0.000000,-0.000389,0.007093,0.000000,-0.001481,-0.008041,5.947444,0.025367,0.024498,-134.866196,0.000091,-0.002488,0.000000,0.000000,0.000000,0.000000
-3.010000,-5.066259,0.000000,-0.000122,-0.043570,0.000000,-0.001571,0.048284,-5.254293,0.027855,-0.175059,100.118561,0.000031,0.001427,0.000000,0.000000,0.000000,0.000000
2.210000,7.555963,0.000000,-0.000011,0.031990,0.000000,-0.001602,-0.036976,7.942051,0.026428,0.153975,-131.758499,0.000050,-0.002081,0.000000,0.000000,0.000000,0.000000
-3.280000,-7.946789,0.000000,0.000327,-0.047478,0.000000,-0.001652,0.057731,-8.491607,0.028509,-0.269021,125.891159,-0.000005,0.001660,0.000000,0.000000,0.000000,0.000000
-5.630000,-3.401631,0.000000,0.000430,-0.081494,0.000000,-0.001648,0.103893,-3.702765,0.026849,-0.531047,50.044727,0.000211,-0.000492,0.000000,0.000000,0.000000,0.000000
-1.230000,6.369011,0.000000,0.000436,-0.017804,0.000000,-0.001859,0.024395,7.068009,0.027341,-0.134641,-88.469711,0.000199,-0.002038,0.000000,0.000000,0.000000,0.000000
-2.640000,-2.040979,0.000000,0.000629,-0.038214,0.000000,-0.002058,0.055001,-2.319760,0.029379,-0.323652,27.234118,0.000104,-0.000356,0.000000,0.000000,0.000000,0.000000
2.880000,7.990214,0.000000,0.000767,0.041688,0.000000,-0.002163,-0.061556,9.289537,0.029735,0.382216,-103.356377,0.000009,-0.000922,0.000000,0.000000,0.000000,0.000000
-5.450000,-7.584913,0.000000,-0.000918,-0.078889,0.000000,-0.001579,0.079903,-7.645942,0.028930,-0.142645,295.881287,0.000071,0.005218,0.000000,0.000000,0.000000,0.000000
-3.790000,2.402854,0.000000,-0.001062,-0.054860,0.000000,-0.001650,0.055084,2.421401,0.023712,-0.098338,-93.702927,0.000195,-0.002050,0.000000,0.000000,0.000000,0.000000
-7.270000,-5.037309,0.000000,-0.000981,-0.105233,0.000000,-0.001845,0.109021,-5.114690,0.025762,-0.265049,145.338867,0.000198,0.002039,0.000000,0.000000,0.000000,0.000000
-3.450000,5.529459,0.000000,-0.001071,-0.049939,0.000000,-0.002042,0.052524,5.665765,0.023723,-0.160016,-128.478729,0.000249,-0.002869,0.000000,0.000000,0.000000,0.000000
5.660000,13.186749,0.000000,-0.000995,0.081929,0.000000,-0.002291,-0.092153,13.671251,0.026592,0.334112,-260.500519,0.000009,-0.004024,0.000000,0.000000,0.000000,0.000000
3.700000,-2.837105,0.000000,-0.000526,0.053558,0.000000,-0.002300,-0.062492,-2.984363,0.030616,0.260231,49.510529,-0.000226,0.001649,0.000000,0.000000,0.000000,0.000000
4.730000,1.490928,0.000000,-0.000146,0.068467,0.000000,-0.002075,-0.082860,1.590861,0.028967,0.386118,-23.585087,-0.000194,0.000595,0.000000,0.000000,0.000000,0.000000
-0.490000,-7.555963,0.000000,0.000276,-0.007093,0.000000,-0.001881,0.009345,-8.222226,0.028372,-0.047768,111.127525,-0.000130,0.001974,0.000000,0.000000,0.000000,0.000000
-2.930000,-3.531906,0.000000,0.000479,-0.042412,0.000000,-0.001751,0.057363,-3.923277,0.026398,-0.316604,49.107349,0.000081,0.000070,0.000000,0.000000,0.000000,0.000000
6.130000,12.173496,0.000000,-0.000522,0.088732,0.000000,-0.001105,-0.091326,12.269679,0.025279,0.163038,-474.809814,-0.000015,-0.008550,0.000000,0.000000,0.000000,0.000000
-2.930000,-13.114373,0.000000,-0.000221,-0.042412,0.000000,-0.001090,0.043199,-13.219534,0.033829,-0.077120,511.567078,-0.000133,0.009494,0.000000,0.000000,0.000000,0.000000
-4.920000,-2.880530,0.000000,-0.000105,-0.071217,0.000000,-0.000957,0.074364,-2.925159,0.024335,-0.180794,83.121216,0.000146,0.001067,0.000000,0.000000,0.000000,0.000000
-4.030000,1.288277,0.000000,-0.000083,-0.058334,0.000000,-0.001103,0.062609,1.319228,0.023267,-0.190742,-29.915239,0.000194,-0.001084,0.000000,0.000000,0.000000,0.000000
-4.700000,-0.969826,0.000000,-0.000021,-0.068033,0.000000,-0.001297,0.075581,-1.006820,0.024352,-0.274028,19.184568,0.000185,-0.000376,0.000000,0.000000,0.000000,0.000000
-1.830000,4.154332,0.000000,0.000010,-0.026489,0.000000,-0.001482,0.030619,4.365987,0.024728,-0.127506,-72.431656,0.000165,-0.001716,0.000000,0.000000,0.000000,0.000000
1.820000,5.283384,0.000000,0.000165,0.026345,0.000000,-0.001647,-0.031616,5.642396,0.026444,0.147325,-83.650574,0.000021,-0.001182,0.000000,0.000000,0.000000,0.000000
5.990000,6.036086,0.000000,0.000477,0.086705,0.000000,-0.001668,-0.109351,6.564275,0.027626,0.558950,-88.719467,-0.000172,-0.000166,0.000000,0.000000,0.000000,0.000000
-1.270000,-10.508868,0.000000,0.000968,-0.018383,0.000000,-0.001497,0.025881,-11.669033,0.027792,-0.142845,146.060364,-0.000151,0.002380,0.000000,0.000000,0.000000,0.000000
