0.475725,0.129959,-0.000000,ovf,-0.000000,ovf,0.000003,-0.061434,-0.000000,-0.000000,0.000000,0.000000,-1037561.437500,ovf,-0.000001,ovf,0.000000,-0.000000
0.020000,0.173700,0.000000,0.000000,0.000290,0.000000,0.000000,-0.000291,0.174045,0.000000,0.000263,-13.313136,0.000003,-0.000251,0.000000,0.000000,0.000000,0.000000
1.600000,2.287054,0.000000,0.000001,0.023160,0.000000,-0.000003,-0.023297,2.291590,0.000251,0.021041,-175.289383,-0.000020,-0.003262,0.000000,0.000000,0.000000,0.000000
0.070000,-2.214679,0.000000,0.000099,0.001013,0.000000,0.000017,-0.000931,-2.228425,0.003513,0.001469,97.548080,-0.000045,0.001857,0.000000,0.000000,0.000000,0.000000
-0.690000,-1.100102,0.000000,0.000120,-0.009988,0.000000,0.000062,0.010493,-1.114116,0.001656,-0.023424,34.479279,0.000007,0.000586,0.000000,0.000000,0.000000,0.000000
-0.280000,0.593476,0.000000,0.000105,-0.004053,0.000000,0.000054,0.004428,0.606209,0.001070,-0.012655,-14.653944,0.000023,-0.000313,0.000000,0.000000,0.000000,0.000000
-1.060000,-1.129052,0.000000,0.000110,-0.015344,0.000000,0.000031,0.016985,-1.166190,0.001383,-0.058577,23.360298,0.000024,0.000284,0.000000,0.000000,0.000000,0.000000
-1.540000,-0.694801,0.000000,0.000081,-0.022292,0.000000,0.000007,0.025523,-0.727206,0.001098,-0.102103,12.558296,0.000055,-0.000039,0.000000,0.000000,0.000000,0.000000
0.430000,2.851580,0.000000,0.000031,0.006224,0.000000,-0.000048,-0.007373,3.030334,0.001137,0.033248,-46.421955,0.000037,-0.000789,0.000000,0.000000,0.000000,0.000000
-2.930000,-4.863609,0.000000,0.000067,-0.042412,0.000000,-0.000085,0.053027,-5.260066,0.001926,-0.263815,73.041359,0.000044,0.000671,0.000000,0.000000,0.000000,0.000000
-1.570000,1.968603,0.000000,-0.000041,-0.022726,0.000000,-0.000129,0.029826,2.171072,0.001255,-0.160959,-27.793442,0.000122,-0.000963,0.000000,0.000000,0.000000,0.000000
2.140000,5.370235,0.000000,-0.000091,0.030977,0.000000,-0.000251,-0.043196,6.052277,0.002218,0.249451,-72.403481,-0.000002,-0.000694,0.000000,0.000000,0.000000,0.000000
0.890000,-1.809378,0.000000,0.000014,0.012883,0.000000,-0.000248,-0.018989,-2.088293,0.002913,0.116063,23.604347,-0.000091,0.000762,0.000000,0.000000,0.000000,0.000000
-0.430000,-1.910703,0.000000,0.000066,-0.006224,0.000000,-0.000157,0.009882,-2.262387,0.002150,-0.063346,24.381920,-0.000016,0.000289,0.000000,0.000000,0.000000,0.000000
0.980000,2.040979,0.000000,0.000064,0.014186,0.000000,-0.000142,-0.023685,2.483454,0.001862,0.158044,-25.711542,-0.000017,-0.000060,0.000000,0.000000,0.000000,0.000000
0.910000,-0.101325,0.000000,0.000121,0.013172,0.000000,-0.000125,-0.023428,-0.127315,0.001921,0.161712,1.274242,-0.000066,0.000462,0.000000,0.000000,0.000000,0.000000
-1.440000,-3.010805,0.000000,0.001426,-0.020844,0.000000,0.001439,0.022904,-3.034873,0.001969,-0.040889,117.442955,0.000005,0.002112,0.000000,0.000000,0.000000,0.000000
3.360000,6.948012,0.000000,0.001465,0.048636,0.000000,0.001434,-0.048298,7.003203,-0.000143,0.086224,-271.008698,0.000002,-0.004902,0.000000,0.000000,0.000000,0.000000
-6.200000,-13.838124,0.000000,0.001673,-0.089745,0.000000,0.001432,0.095599,-14.048769,0.004759,-0.232420,399.209381,-0.000007,0.006939,0.000000,0.000000,0.000000,0.000000
-0.500000,8.250764,0.000000,0.001444,-0.007238,0.000000,0.001440,0.009331,8.455370,-0.002180,-0.028428,-191.736740,0.000185,-0.003720,0.000000,0.000000,0.000000,0.000000
-13.170000,-18.339857,0.000000,0.001484,-0.190636,0.000000,0.001254,0.213503,-19.015736,0.001540,-0.774077,362.337616,0.000217,0.004774,0.000000,0.000000,0.000000,0.000000
9.590000,32.945156,0.000000,0.000973,0.138815,0.000000,0.001037,-0.159274,34.635406,-0.003234,0.663252,-574.600769,0.000225,-0.009095,0.000000,0.000000,0.000000,0.000000
0.040000,-13.823649,0.000000,0.001459,0.000579,0.000000,0.000813,0.001063,-14.768762,0.005861,-0.004952,218.952255,-0.000277,0.004149,0.000000,0.000000,0.000000,0.000000
-8.690000,-12.636696,0.000000,0.001543,-0.125788,0.000000,0.001090,0.161475,-13.748096,0.001712,-0.825382,185.812454,0.000177,0.001278,0.000000,0.000000,0.000000,0.000000
-1.770000,10.016717,0.000000,0.001267,-0.025621,0.000000,0.000913,0.035961,11.119106,0.000434,-0.198480,-139.176987,0.000307,-0.003175,0.000000,0.000000,0.000000,0.000000
-2.100000,-0.477676,0.000000,0.001292,-0.030398,0.000000,0.000605,0.044872,-0.543457,0.003608,-0.264049,6.380214,0.000111,-0.000588,0.000000,0.000000,0.000000,0.000000
-2.620000,-4.545158,0.000000,-0.000322,-0.037925,0.000000,-0.000655,0.038536,-4.581665,0.014466,-0.068795,177.300430,0.000017,0.003172,0.000000,0.000000,0.000000,0.000000
-5.180000,-3.705607,0.000000,-0.000390,-0.074981,0.000000,-0.000673,0.076373,-3.735350,0.011294,-0.136344,144.549896,0.000136,0.002362,0.000000,0.000000,0.000000,0.000000
-2.680000,3.618756,0.000000,-0.000517,-0.038793,0.000000,-0.000808,0.040027,3.673490,0.008932,-0.097313,-104.385773,0.000178,-0.002244,0.000000,0.000000,0.000000,0.000000
-1.860000,1.186952,0.000000,-0.000530,-0.026924,0.000000,-0.000986,0.028368,1.215986,0.011176,-0.086424,-27.574108,0.000099,-0.000752,0.000000,0.000000,0.000000,0.000000
2.180000,5.847910,0.000000,-0.000511,0.031556,0.000000,-0.001085,-0.035635,6.062780,0.011928,0.129198,-115.523987,0.000018,-0.001837,0.000000,0.000000,0.000000,0.000000
0.660000,-2.200204,0.000000,-0.000316,0.009554,0.000000,-0.001104,-0.011405,-2.313829,0.013764,0.047491,38.386379,-0.000075,0.000859,0.000000,0.000000,0.000000,0.000000
-2.140000,-4.053008,0.000000,-0.000191,-0.030977,0.000000,-0.001029,0.037178,-4.330628,0.012906,-0.173244,64.203140,0.000019,0.000745,0.000000,0.000000,0.000000,0.000000
-5.600000,-5.008358,0.000000,-0.000188,-0.081060,0.000000,-0.001048,0.102559,-5.449312,0.012160,-0.524231,73.650185,0.000174,-0.000025,0.000000,0.000000,0.000000,0.000000
9.050000,-2.084403,0.000000,0.000908,0.130999,0.000000,0.000732,-0.133179,-2.101198,0.006742,0.237755,81.311775,-0.000400,0.002183,0.000000,0.000000,0.000000,0.000000
-4.870000,-20.149237,0.000000,0.001280,-0.070493,0.000000,0.001133,0.073489,-20.309660,0.004559,-0.131195,785.939514,-0.000185,0.014523,0.000000,0.000000,0.000000,0.000000
-2.020000,4.125382,0.000000,0.001011,-0.029240,0.000000,0.001318,0.031634,4.188344,-0.009964,-0.076909,-119.015869,0.000165,-0.002488,0.000000,0.000000,0.000000,0.000000
2.350000,6.325586,0.000000,0.000884,0.034016,0.000000,0.001153,-0.035610,6.482739,-0.007475,0.108488,-147.004700,0.000026,-0.002486,0.000000,0.000000,0.000000,0.000000
2.550000,0.289500,0.000000,0.000961,0.036911,0.000000,0.001126,-0.039952,0.300222,-0.004990,0.144849,-5.720615,-0.000102,0.000288,0.000000,0.000000,0.000000,0.000000
-1.610000,-6.021610,0.000000,0.001052,-0.023305,0.000000,0.001229,0.028144,-6.330552,-0.005278,-0.117199,105.023743,-0.000044,0.001671,0.000000,0.000000,0.000000,0.000000
-3.030000,-2.055454,0.000000,0.000971,-0.043859,0.000000,0.001272,0.054139,-2.195742,-0.006949,-0.252279,32.552673,0.000105,-0.000069,0.000000,0.000000,0.000000,0.000000
-5.040000,-2.909480,0.000000,0.000835,-0.072954,0.000000,0.001167,0.093576,-3.165062,-0.006880,-0.478315,42.777397,0.000193,-0.000484,0.000000,0.000000,0.000000,0.000000
-2.020000,4.371458,0.000000,0.000620,-0.029240,0.000000,0.000974,0.039935,4.853045,-0.006396,-0.220413,-60.745178,0.000200,-0.001746,0.000000,0.000000,0.000000,0.000000
-6.310000,-30.976555,0.000000,0.000987,-0.091337,0.000000,0.000933,0.094539,-31.222994,0.001520,-0.168774,1208.261719,-0.000336,0.022425,0.000000,0.000000,0.000000,0.000000
-6.360000,-0.072375,0.000000,0.000746,-0.092061,0.000000,0.001269,0.095025,-0.072446,-0.020905,-0.169641,2.803501,0.000256,-0.000447,0.000000,0.000000,0.000000,0.000000
-7.480000,-1.621202,0.000000,0.000306,-0.108273,0.000000,0.001012,0.113545,-1.645151,-0.020458,-0.276049,46.748554,0.000276,0.000139,0.000000,0.000000,0.000000,0.000000
-3.210000,6.180836,0.000000,-0.000184,-0.046465,0.000000,0.000737,0.049743,6.335131,-0.020597,-0.151543,-143.657471,0.000254,-0.003130,0.000000,0.000000,0.000000,0.000000
5.180000,12.144547,0.000000,-0.000482,0.074981,0.000000,0.000483,-0.083862,12.592868,-0.017467,0.304049,-239.952316,0.000011,-0.003715,0.000000,0.000000,0.000000,0.000000
-0.110000,-7.657288,0.000000,-0.000413,-0.001592,0.000000,0.000472,0.001363,-8.049216,-0.013751,-0.005676,133.536362,-0.000149,0.002520,0.000000,0.000000,0.000000,0.000000
0.320000,0.622426,0.000000,-0.000576,0.004632,0.000000,0.000621,-0.006289,0.666254,-0.016272,0.029308,-9.877463,-0.000004,-0.000112,0.000000,0.000000,0.000000,0.000000
3.500000,4.603058,0.000000,-0.000724,0.050663,0.000000,0.000625,-0.065166,5.009126,-0.016159,0.333097,-67.700859,-0.000081,-0.000381,0.000000,0.000000,0.000000,0.000000
0.590000,-4.212233,0.000000,-0.000742,0.008540,0.000000,0.000706,-0.012414,-4.674441,-0.015778,0.068515,58.509605,-0.000122,0.001294,0.000000,0.000000,0.000000,0.000000
-0.580000,-1.693578,0.000000,-0.000887,-0.008396,0.000000,0.000828,0.010632,-1.920376,-0.017072,-0.062566,22.545332,-0.000007,0.000255,0.000000,0.000000,0.000000,0.000000
1.760000,-0.028950,0.000000,0.002966,0.025476,0.000000,0.003415,-0.023089,-0.028762,-0.021551,0.041219,1.113011,-0.000063,0.000132,0.000000,0.000000,0.000000,0.000000
-3.400000,-7.469113,0.000000,0.002987,-0.049215,0.000000,0.003478,0.053449,-7.528095,-0.021683,-0.095420,291.320831,0.000002,0.005258,0.000000,0.000000,0.000000,0.000000
-3.340000,0.086850,0.000000,0.002643,-0.048347,0.000000,0.003475,0.053322,0.088882,-0.026941,-0.129635,-2.525671,0.000146,-0.000408,0.000000,0.000000,0.000000,0.000000
-1.830000,2.185729,0.000000,0.002321,-0.026489,0.000000,0.003330,0.030965,2.240796,-0.026533,-0.094337,-50.813019,0.000126,-0.001217,0.000000,0.000000,0.000000,0.000000
-1.270000,0.810602,0.000000,0.002084,-0.018383,0.000000,0.003204,0.022745,0.841345,-0.025316,-0.082464,-16.031517,0.000077,-0.000524,0.000000,0.000000,0.000000,0.000000
-3.950000,-3.879307,0.000000,0.001886,-0.057176,0.000000,0.003126,0.068245,-4.077398,-0.024792,-0.284188,67.643959,0.000107,0.000513,0.000000,0.000000,0.000000,0.000000
0.000000,5.717635,0.000000,0.001585,0.000000,0.000000,0.003019,0.001914,6.109258,-0.025305,-0.008918,-90.571976,0.000121,-0.001740,0.000000,0.000000,0.000000,0.000000
-5.080000,-7.353312,0.000000,0.001465,-0.073533,0.000000,0.002898,0.095109,-7.998493,-0.023565,-0.486149,108.103653,0.000106,0.000735,0.000000,0.000000,0.000000,0.000000
-4.870000,0.303976,0.000000,0.001139,-0.070493,0.000000,0.002793,0.095804,0.338723,-0.024300,-0.528767,-4.239771,0.000265,-0.001512,0.000000,0.000000,0.000000,0.000000
0.920000,-11.160245,0.000000,0.002000,0.013317,0.000000,0.002182,-0.011602,-11.248853,-0.009391,0.020713,435.306030,-0.000245,0.008301,0.000000,0.000000,0.000000,0.000000
-12.570000,-19.526808,0.000000,0.002017,-0.181951,0.000000,0.002427,0.188364,-19.681742,-0.017692,-0.336273,761.640381,0.000137,0.013497,0.000000,0.000000,0.000000,0.000000
-8.270000,6.224260,0.000000,0.001246,-0.119708,0.000000,0.002290,0.126487,6.319850,-0.031189,-0.307513,-179.584656,0.000462,-0.004257,0.000000,0.000000,0.000000,0.000000
-1.070000,10.422019,0.000000,0.000688,-0.015488,0.000000,0.001828,0.017387,10.681699,-0.026931,-0.052969,-242.221680,0.000248,-0.004722,0.000000,0.000000,0.000000,0.000000
-5.750000,-6.774312,0.000000,0.000460,-0.083231,0.000000,0.001580,0.093006,-7.022753,-0.022210,-0.337204,133.815887,0.000118,0.001630,0.000000,0.000000,0.000000,0.000000
-0.660000,7.367788,0.000000,0.000028,-0.009554,0.000000,0.001461,0.011071,7.747240,-0.023840,-0.046104,-128.526581,0.000176,-0.002561,0.000000,0.000000,0.000000,0.000000
0.980000,2.373904,0.000000,-0.000182,0.014186,0.000000,0.001285,-0.017350,2.537547,-0.021279,0.080850,-37.620064,0.000001,-0.000489,0.000000,0.000000,0.000000,0.000000
1.360000,0.550051,0.000000,-0.000322,0.019686,0.000000,0.001284,-0.025374,0.600083,-0.020790,0.129697,-8.110425,-0.000057,0.000198,0.000000,0.000000,0.000000,0.000000
0.750000,-0.882977,0.000000,-0.000448,0.010856,0.000000,0.001341,-0.015119,-0.978280,-0.020988,0.083448,12.245056,-0.000059,0.000457,0.000000,0.000000,0.000000,0.000000
2.060000,1.896228,0.000000,-0.000603,0.029819,0.000000,0.001401,-0.043076,2.154752,-0.021445,0.253480,-25.296919,-0.000076,0.000206,0.000000,0.000000,0.000000,0.000000
-0.130000,-16.544954,0.000000,0.003296,-0.001882,0.000000,0.003730,0.005263,-16.676142,-0.021192,-0.009395,645.330200,-0.000301,0.012194,0.000000,0.000000,0.000000,0.000000
-3.250000,-4.516208,0.000000,0.003244,-0.047044,0.000000,0.004031,0.051490,-4.551415,-0.033385,-0.091921,176.129807,0.000054,0.003064,0.000000,0.000000,0.000000,0.000000
-1.150000,3.039755,0.000000,0.002818,-0.016646,0.000000,0.003977,0.020354,3.086987,-0.036449,-0.049485,-87.719734,0.000113,-0.001801,0.000000,0.000000,0.000000,0.000000
2.030000,4.603058,0.000000,0.002511,0.029384,0.000000,0.003864,-0.028884,4.718434,-0.034648,0.087996,-106.996765,0.000011,-0.001785,0.000000,0.000000,0.000000,0.000000
4.320000,3.314781,0.000000,0.002365,0.062532,0.000000,0.003853,-0.066864,3.438094,-0.032864,0.242421,-65.511589,-0.000116,-0.000581,0.000000,0.000000,0.000000,0.000000
-2.570000,-9.973292,0.000000,0.002337,-0.037201,0.000000,0.003969,0.045685,-10.483729,-0.032282,-0.190245,173.924896,-0.000075,0.002780,0.000000,0.000000,0.000000,0.000000
-2.450000,0.173700,0.000000,0.002027,-0.035464,0.000000,0.004043,0.045276,0.187159,-0.035062,-0.210979,-2.774707,0.000126,-0.000628,0.000000,0.000000,0.000000,0.000000
-1.020000,2.069929,0.000000,0.001737,-0.014765,0.000000,0.003917,0.020926,2.253552,-0.034434,-0.106965,-30.457891,0.000099,-0.000865,0.000000,0.000000,0.000000,0.000000
-2.190000,-1.693578,0.000000,0.001520,-0.031700,0.000000,0.003818,0.044430,-1.878311,-0.033569,-0.245221,23.510675,0.000084,-0.000217,0.000000,0.000000,0.000000,0.000000
5.800000,11.565545,0.000000,0.001264,0.083955,0.000000,0.003734,-0.117087,13.130535,-0.033352,0.688999,-154.153275,-0.000068,-0.001055,0.000000,0.000000,0.000000,0.000000
-6.180000,-8.279715,0.000000,0.002433,-0.089456,0.000000,0.002630,0.094068,-8.345407,-0.010394,-0.167934,322.949066,0.000097,0.005663,0.000000,0.000000,0.000000,0.000000
-2.100000,5.905810,0.000000,0.002169,-0.030398,0.000000,0.002533,0.033344,5.953091,-0.016056,-0.059528,-230.371628,0.000203,-0.004534,0.000000,0.000000,0.000000,0.000000
-4.970000,-4.154332,0.000000,0.002013,-0.071941,0.000000,0.002330,0.077336,-4.217249,-0.011523,-0.188018,119.837196,0.000129,0.001769,0.000000,0.000000,0.000000,0.000000
-1.130000,5.558409,0.000000,0.001736,-0.016357,0.000000,0.002201,0.019446,5.696660,-0.013292,-0.059244,-129.179337,0.000160,-0.002610,0.000000,0.000000,0.000000,0.000000
5.970000,10.277267,0.000000,0.001645,0.086416,0.000000,0.002041,-0.094206,10.656008,-0.010682,0.341552,-203.046188,-0.000053,-0.002916,0.000000,0.000000,0.000000,0.000000
0.710000,-7.613863,0.000000,0.001879,0.010277,0.000000,0.002094,-0.009704,-8.004589,-0.007766,0.040409,132.795990,-0.000178,0.002629,0.000000,0.000000,0.000000,0.000000
1.850000,1.650153,0.000000,0.001897,0.026779,0.000000,0.002272,-0.030048,1.762840,-0.010395,0.140021,-26.134748,-0.000048,-0.000121,0.000000,0.000000,0.000000,0.000000
7.200000,7.744139,0.000000,0.001978,0.104220,0.000000,0.002320,-0.129660,8.424519,-0.010274,0.662755,-113.861610,-0.000191,-0.000363,0.000000,0.000000,0.000000,0.000000
1.660000,-8.019164,0.000000,0.002299,0.024029,0.000000,0.002511,-0.029062,-8.902904,-0.009911,0.160401,111.436935,-0.000247,0.002545,0.000000,0.000000,0.000000,0.000000
-0.340000,-2.895005,0.000000,0.002402,-0.004922,0.000000,0.002758,0.010370,-3.286900,-0.012456,-0.061025,38.588402,-0.000034,0.000561,0.000000,0.000000,0.000000,0.000000
-4.650000,-3.604281,0.000000,0.000724,-0.067309,0.000000,0.000417,0.069694,-3.633304,0.012511,-0.124419,140.600952,0.000120,0.002325,0.000000,0.000000,0.000000,0.000000
-2.740000,2.764730,0.000000,0.000574,-0.039662,0.000000,0.000297,0.041197,2.786427,0.010186,-0.073546,-107.828659,0.000164,-0.002245,0.000000,0.000000,0.000000,0.000000
-7.110000,-6.325586,0.000000,0.000597,-0.102917,0.000000,0.000133,0.108249,-6.422221,0.012431,-0.263173,182.493622,0.000171,0.002748,0.000000,0.000000,0.000000,0.000000
-1.510000,8.106014,0.000000,0.000419,-0.021857,0.000000,-0.000038,0.023942,8.306654,0.009683,-0.072941,-188.364380,0.000222,-0.003769,0.000000,0.000000,0.000000,0.000000
-2.330000,-1.186952,0.000000,0.000496,-0.033727,0.000000,-0.000259,0.038032,-1.231480,0.013452,-0.137890,23.465389,0.000079,0.000078,0.000000,0.000000,0.000000,0.000000
1.640000,5.746585,0.000000,0.000540,0.023739,0.000000,-0.000338,-0.026805,6.040465,0.013374,0.111624,-100.211227,0.000042,-0.001596,0.000000,0.000000,0.000000,0.000000
-1.390000,-4.385932,0.000000,0.000760,-0.020120,0.000000,-0.000380,0.025216,-4.686792,0.014970,-0.117505,69.483398,-0.000021,0.001001,0.000000,0.000000,0.000000,0.000000
-4.980000,-5.196534,0.000000,0.000855,-0.072086,0.000000,-0.000360,0.092500,-5.654658,0.013969,-0.472813,76.425545,0.000143,0.000166,0.000000,0.000000,0.000000,0.000000
0.070000,7.309888,0.000000,0.000802,0.001013,0.000000,-0.000503,-0.000282,8.113373,0.013803,0.001556,-101.554436,0.000153,-0.001919,0.000000,0.000000,0.000000,0.000000
0.680000,0.882977,0.000000,0.000968,0.009843,0.000000,-0.000655,-0.012566,1.000282,0.015722,0.073947,-11.743367,-0.000015,-0.000019,0.000000,0.000000,0.000000,0.000000
-2.600000,-30.947605,0.000000,-0.000270,-0.037635,0.000000,-0.000761,0.038310,-31.194265,0.021154,-0.068393,1207.149902,-0.000487,0.022672,0.000000,0.000000,0.000000,0.000000
-8.940000,-9.177166,0.000000,-0.000320,-0.129407,0.000000,-0.000273,0.132171,-9.250097,-0.001518,-0.235956,357.958527,0.000183,0.006098,0.000000,0.000000,0.000000,0.000000
-5.430000,5.080734,0.000000,-0.000758,-0.078599,0.000000,-0.000457,0.081402,5.158292,-0.007616,-0.197902,-146.577866,0.000318,-0.003322,0.000000,0.000000,0.000000,0.000000
-5.670000,-0.347401,0.000000,-0.001036,-0.082073,0.000000,-0.000774,0.087099,-0.355681,-0.004294,-0.265353,8.065547,0.000228,-0.000559,0.000000,0.000000,0.000000,0.000000
5.710000,16.472580,0.000000,-0.001332,0.082652,0.000000,-0.001003,-0.093332,17.079769,-0.003735,0.338384,-325.448486,0.000071,-0.005246,0.000000,0.000000,0.000000,0.000000
1.650000,-5.876861,0.000000,-0.001135,0.023884,0.000000,-0.001073,-0.028908,-6.178150,0.001511,0.120381,102.495399,-0.000195,0.002276,0.000000,0.000000,0.000000,0.000000
0.730000,-1.331702,0.000000,-0.001122,0.010567,0.000000,-0.000878,-0.014116,-1.422181,-0.000765,0.065780,21.084347,-0.000065,0.000573,0.000000,0.000000,0.000000,0.000000
1.060000,0.477676,0.000000,-0.001157,0.015344,0.000000,-0.000813,-0.020925,0.520308,-0.001338,0.106957,-7.032230,-0.000047,0.000155,0.000000,0.000000,0.000000,0.000000
2.620000,2.258104,0.000000,-0.001185,0.037925,0.000000,-0.000766,-0.052306,2.507613,-0.001493,0.288692,-31.387600,-0.000094,0.000186,0.000000,0.000000,0.000000,0.000000
-2.080000,-6.803262,0.000000,-0.001155,-0.030108,0.000000,-0.000672,0.040997,-7.721738,-0.001679,-0.241246,90.653671,-0.000035,0.001064,0.000000,0.000000,0.000000,0.000000
4.230000,9.133740,0.000000,-0.001330,0.061229,0.000000,-0.000637,-0.094106,10.624171,-0.002743,0.584324,-118.205650,-0.000053,-0.000660,0.000000,0.000000,0.000000,0.000000
1.230000,-2.460754,0.000000,0.002577,0.017804,0.000000,0.002801,-0.015610,-2.480144,-0.011670,0.027867,95.976151,-0.000089,0.001894,0.000000,0.000000,0.000000,0.000000
-2.000000,-4.675433,0.000000,0.002600,-0.028950,0.000000,0.002890,0.032304,-4.712389,-0.013564,-0.057670,182.359161,-0.000002,0.003293,0.000000,0.000000,0.000000,0.000000
-1.990000,0.014475,0.000000,0.002403,-0.028805,0.000000,0.002891,0.032636,0.015073,-0.016857,-0.079344,-0.428320,0.000089,-0.000229,0.000000,0.000000,0.000000,0.000000
3.150000,7.440163,0.000000,0.002224,0.045596,0.000000,0.002803,-0.046616,7.625181,-0.016629,0.142019,-172.911102,0.000018,-0.002889,0.000000,0.000000,0.000000,0.000000
-1.490000,-6.716412,0.000000,0.002293,-0.021568,0.000000,0.002785,0.026517,-6.963552,-0.013739,-0.096140,132.687836,-0.000060,0.002258,0.000000,0.000000,0.000000,0.000000
-0.090000,2.026504,0.000000,0.002173,-0.001303,0.000000,0.002845,0.004016,2.130813,-0.015997,-0.016725,-35.350140,0.000051,-0.000719,0.000000,0.000000,0.000000,0.000000
-1.440000,-1.954129,0.000000,0.002129,-0.020844,0.000000,0.002794,0.027743,-2.087374,-0.015278,-0.129281,30.946083,0.000035,0.000238,0.000000,0.000000,0.000000,0.000000
-3.920000,-3.589806,0.000000,0.002042,-0.056742,0.000000,0.002758,0.074547,-3.905116,-0.015516,-0.381049,52.779606,0.000128,-0.000032,0.000000,0.000000,0.000000,0.000000
-1.460000,3.560856,0.000000,0.001864,-0.021134,0.000000,0.002631,0.030757,3.953162,-0.015484,-0.169759,-49.481415,0.000158,-0.001396,0.000000,0.000000,0.000000,0.000000
5.600000,10.219368,0.000000,0.001802,0.081060,0.000000,0.002473,-0.112226,11.600404,-0.014088,0.660396,-136.189438,-0.000084,-0.000790,0.000000,0.000000,0.000000,0.000000
2.080000,-5.095209,0.000000,0.002048,0.030108,0.000000,0.002557,-0.042209,-5.926403,-0.013298,0.262087,65.937782,-0.000226,0.001959,0.000000,0.000000,0.000000,0.000000
-0.950000,1.809378,0.000000,0.000837,-0.013751,0.000000,0.000629,0.014961,1.823516,0.008183,-0.026710,-70.566078,0.000075,-0.001412,0.000000,0.000000,0.000000,0.000000
-4.060000,-4.501733,0.000000,0.000821,-0.058769,0.000000,0.000554,0.061014,-4.537821,0.009595,-0.108923,175.603790,0.000079,0.003033,0.000000,0.000000,0.000000,0.000000
-1.150000,4.212233,0.000000,0.000738,-0.016646,0.000000,0.000475,0.018180,4.275958,0.006562,-0.044198,-121.505478,0.000130,-0.002426,0.000000,0.000000,0.000000,0.000000
0.450000,2.316004,0.000000,0.000797,0.006514,0.000000,0.000345,-0.006145,2.372957,0.008988,0.018720,-53.809956,0.000028,-0.000964,0.000000,0.000000,0.000000,0.000000
4.080000,5.254435,0.000000,0.000933,0.059058,0.000000,0.000317,-0.064595,5.447245,0.009952,0.234195,-103.795174,-0.000072,-0.001330,0.000000,0.000000,0.000000,0.000000
2.120000,-2.837105,0.000000,0.001235,0.030687,0.000000,0.000389,-0.034031,-2.983708,0.011282,0.141715,49.499668,-0.000148,0.001323,0.000000,0.000000,0.000000,0.000000
2.620000,0.723751,0.000000,0.001460,0.037925,0.000000,0.000537,-0.044037,0.771958,0.009959,0.205205,-11.444560,-0.000104,0.000336,0.000000,0.000000,0.000000,0.000000
-3.810000,-9.307442,0.000000,0.001716,-0.055150,0.000000,0.000641,0.072115,-10.126931,0.009623,-0.368615,136.870575,0.000004,0.001594,0.000000,0.000000,0.000000,0.000000
-2.480000,1.925178,0.000000,0.001711,-0.035898,0.000000,0.000638,0.050299,2.135554,0.008029,-0.277617,-26.730556,0.000176,-0.001260,0.000000,0.000000,0.000000,0.000000
0.420000,4.197757,0.000000,0.001773,0.006080,0.000000,0.000461,-0.006097,4.763021,0.009289,0.035880,-55.918152,0.000073,-0.000959,0.000000,0.000000,0.000000,0.000000
0.290000,-0.188175,0.000000,0.001969,0.004198,0.000000,0.000388,-0.003353,-0.221428,0.010249,0.020817,2.463626,-0.000013,0.000105,0.000000,0.000000,0.000000,0.000000
-1.810000,3.010806,0.000000,-0.000484,-0.026200,0.000000,-0.001047,0.026390,3.034139,0.024425,-0.047112,-117.414574,0.000129,-0.002351,0.000000,0.000000,0.000000,0.000000
-1.040000,1.114577,0.000000,-0.000496,-0.015054,0.000000,-0.001176,0.014906,1.122773,0.026776,-0.026611,-43.448849,0.000061,-0.000890,0.000000,0.000000,0.000000,0.000000
-6.470000,-7.859939,0.000000,-0.000276,-0.093653,0.000000,-0.001237,0.097648,-7.980352,0.027666,-0.237401,226.769409,0.000113,0.003653,0.000000,0.000000,0.000000,0.000000
-0.580000,8.525789,0.000000,-0.000313,-0.008396,0.000000,-0.001350,0.008687,8.736318,0.024013,-0.026465,-198.107605,0.000189,-0.003830,0.000000,0.000000,0.000000,0.000000
-1.510000,-1.346177,0.000000,-0.000087,-0.021857,0.000000,-0.001539,0.024194,-1.397202,0.027842,-0.087717,26.623154,0.000039,0.000274,0.000000,0.000000,0.000000,0.000000
-0.710000,1.158002,0.000000,0.000097,-0.010277,0.000000,-0.001578,0.011987,1.215726,0.027568,-0.049918,-20.168879,0.000055,-0.000517,0.000000,0.000000,0.000000,0.000000
0.590000,1.881753,0.000000,0.000316,0.008540,0.000000,-0.001633,-0.009932,2.008264,0.028086,0.046284,-29.773243,0.000011,-0.000438,0.000000,0.000000,0.000000,0.000000
-1.050000,-2.373904,0.000000,0.000591,-0.015199,0.000000,-0.001644,0.020024,-2.584921,0.028523,-0.102354,34.936504,0.000005,0.000385,0.000000,0.000000,0.000000,0.000000
-1.640000,-0.854027,0.000000,0.000801,-0.023739,0.000000,-0.001649,0.032820,-0.950803,0.028138,-0.181145,11.901131,0.000071,-0.000265,0.000000,0.000000,0.000000,0.000000
0.380000,2.923955,0.000000,0.000990,0.005501,0.000000,-0.001720,-0.006387,3.315996,0.028403,0.037582,-38.929996,0.000045,-0.000635,0.000000,0.000000,0.000000,0.000000
5.280000,13.635475,0.000000,-0.000808,0.076428,0.000000,-0.001526,-0.079007,13.743143,0.031269,0.141046,-531.829651,0.000046,-0.009687,0.000000,0.000000,0.000000,0.000000
-4.180000,-13.693375,0.000000,-0.000526,-0.060506,0.000000,-0.001573,0.061412,-13.803310,0.040956,-0.109635,534.157959,-0.000095,0.009836,0.000000,0.000000,0.000000,0.000000
-6.240000,-2.981855,0.000000,-0.000399,-0.090324,0.000000,-0.001477,0.094037,-3.028237,0.031121,-0.228622,86.050270,0.000197,0.000993,0.000000,0.000000,0.000000,0.000000
-1.510000,6.846687,0.000000,-0.000372,-0.021857,0.000000,-0.001674,0.023093,7.015293,0.030128,-0.070353,-159.081055,0.000195,-0.003204,0.000000,0.000000,0.000000,0.000000
-1.580000,-0.101325,0.000000,-0.000133,-0.022871,0.000000,-0.001869,0.025268,-0.106778,0.033332,-0.091611,2.034621,0.000066,-0.000203,0.000000,0.000000,0.000000,0.000000
5.510000,10.262794,0.000000,0.000100,0.079757,0.000000,-0.001935,-0.092043,10.787302,0.033536,0.383288,-178.961151,-0.000045,-0.002351,0.000000,0.000000,0.000000,0.000000
-13.370000,-27.328846,0.000000,0.000640,-0.193531,0.000000,-0.001890,0.234490,-29.198086,0.035887,-1.092696,432.872223,0.000082,0.005245,0.000000,0.000000,0.000000,0.000000
-3.640000,14.084199,0.000000,0.000374,-0.052689,0.000000,-0.001972,0.067293,15.319495,0.030642,-0.343967,-207.050690,0.000472,-0.004861,0.000000,0.000000,0.000000,0.000000
4.120000,2.591030,0.000000,-0.001402,0.059637,0.000000,-0.002182,-0.062417,2.610808,0.034445,0.111429,-101.032570,-0.000120,-0.001603,0.000000,0.000000,0.000000,0.000000
3.370000,-1.085627,0.000000,-0.001158,0.048781,0.000000,-0.002062,-0.051132,-1.095138,0.036047,0.091282,42.379440,-0.000159,0.001052,0.000000,0.000000,0.000000,0.000000
-1.130000,-6.513761,0.000000,-0.000702,-0.016357,0.000000,-0.001903,0.016370,-6.613934,0.034995,-0.039799,187.941315,-0.000081,0.003449,0.000000,0.000000,0.000000,0.000000
-2.220000,-1.577778,0.000000,-0.000464,-0.032135,0.000000,-0.001823,0.034040,-1.618250,0.031546,-0.103704,36.695961,0.000062,0.000408,0.000000,0.000000,0.000000,0.000000
-1.170000,1.519878,0.000000,-0.000278,-0.016936,0.000000,-0.001884,0.018512,1.574282,0.031138,-0.067117,-29.997345,0.000080,-0.000750,0.000000,0.000000,0.000000,0.000000
-2.600000,-2.069929,0.000000,-0.000048,-0.037635,0.000000,-0.001964,0.043431,-2.178040,0.031888,-0.180856,36.133644,0.000076,0.000196,0.000000,0.000000,0.000000,0.000000
-4.840000,-3.242406,0.000000,0.000118,-0.070059,0.000000,-0.002040,0.084749,-3.466046,0.031692,-0.394920,51.385395,0.000163,-0.000096,0.000000,0.000000,0.000000,0.000000
2.340000,10.393068,0.000000,0.000188,0.033872,0.000000,-0.002203,-0.042716,11.303988,0.031788,0.218341,-152.779083,0.000098,-0.002302,0.000000,0.000000,0.000000,0.000000
-1.670000,-5.804485,0.000000,0.000564,-0.024173,0.000000,-0.002302,0.033085,-6.446807,0.034090,-0.182605,80.694176,-0.000033,0.001038,0.000000,0.000000,0.000000,0.000000
4.980000,9.625892,0.000000,0.000774,0.072086,0.000000,-0.002269,-0.100975,10.923436,0.033051,0.594188,-128.241791,-0.000066,-0.000823,0.000000,0.000000,0.000000,0.000000
2.300000,-3.879307,0.000000,0.001267,0.033293,0.000000,-0.002203,-0.048176,-4.515856,0.033874,0.299135,50.243889,-0.000216,0.001762,0.000000,0.000000,0.000000,0.000000
-5.370000,-2.851580,0.000000,-0.000871,-0.077731,0.000000,-0.001654,0.078779,-2.875103,0.034121,-0.140638,111.260193,0.000159,0.001723,0.000000,0.000000,0.000000,0.000000
1.550000,10.016717,0.000000,-0.000999,0.022436,0.000000,-0.001813,-0.023996,10.095589,0.032398,0.042838,-390.677216,0.000126,-0.007285,0.000000,0.000000,0.000000,0.000000
-2.080000,-5.254434,0.000000,-0.000567,-0.030108,0.000000,-0.001939,0.030892,-5.335643,0.039682,-0.075103,151.617447,-0.000018,0.002681,0.000000,0.000000,0.000000,0.000000
7.110000,13.302548,0.000000,-0.000311,0.102917,0.000000,-0.001921,-0.110951,13.631025,0.037001,0.338016,-309.101593,-0.000042,-0.004943,0.000000,0.000000,0.000000,0.000000
2.190000,-7.121713,0.000000,0.000358,0.031700,0.000000,-0.001879,-0.034831,-7.386293,0.041945,0.126284,140.743027,-0.000234,0.003016,0.000000,0.000000,0.000000,0.000000
2.750000,0.810602,0.000000,0.000810,0.039806,0.000000,-0.001645,-0.045059,0.849610,0.038929,0.187637,-14.095016,-0.000105,0.000235,0.000000,0.000000,0.000000,0.000000
-4.050000,-9.843018,0.000000,0.001292,-0.058624,0.000000,-0.001540,0.072357,-10.518401,0.038694,-0.337176,155.939133,-0.000003,0.002040,0.000000,0.000000,0.000000,0.000000
-2.030000,2.923955,0.000000,0.001490,-0.029384,0.000000,-0.001537,0.039154,3.177491,0.036654,-0.200135,-42.945385,0.000166,-0.001358,0.000000,0.000000,0.000000,0.000000
2.390000,6.397961,0.000000,0.001784,0.034595,0.000000,-0.001703,-0.043883,7.098499,0.038012,0.242203,-88.851349,0.000015,-0.001025,0.000000,0.000000,0.000000,0.000000
-0.150000,-3.676657,0.000000,0.002275,-0.002171,0.000000,-0.001718,0.006296,-4.178485,0.039037,-0.037048,49.055664,-0.000062,0.000831,0.000000,0.000000,0.000000,0.000000
-0.980000,4.400408,0.000000,-0.002482,-0.014186,0.000000,-0.003607,0.012098,4.434224,0.049984,-0.021597,-171.594788,0.000117,-0.003309,0.000000,0.000000,0.000000,0.000000
0.980000,2.837105,0.000000,-0.002402,0.014186,0.000000,-0.003723,-0.016984,2.858405,0.053293,0.030321,-110.614014,0.000008,-0.002006,0.000000,0.000000,0.000000,0.000000
-3.660000,-6.716412,0.000000,-0.001867,-0.052979,0.000000,-0.003731,0.053449,-6.820274,0.055299,-0.129945,193.804703,0.000015,0.003322,0.000000,0.000000,0.000000,0.000000
-1.550000,3.054230,0.000000,-0.001564,-0.022436,0.000000,-0.003747,0.022434,3.127946,0.051977,-0.068347,-70.930313,0.000120,-0.001534,0.000000,0.000000,0.000000,0.000000
-1.800000,-0.361876,0.000000,-0.001176,-0.026055,0.000000,-0.003867,0.027648,-0.377764,0.053511,-0.100240,7.198145,0.000067,-0.000132,0.000000,0.000000,0.000000,0.000000
-2.080000,-0.405301,0.000000,-0.000810,-0.030108,0.000000,-0.003934,0.033854,-0.429094,0.053643,-0.140975,7.118667,0.000083,-0.000246,0.000000,0.000000,0.000000,0.000000
-1.830000,0.361875,0.000000,-0.000462,-0.026489,0.000000,-0.004017,0.031432,0.383132,0.053890,-0.146469,-5.680073,0.000092,-0.000503,0.000000,0.000000,0.000000,0.000000
-2.030000,-0.289500,0.000000,-0.000108,-0.029384,0.000000,-0.004110,0.037127,-0.318915,0.054393,-0.189775,4.310295,0.000094,-0.000431,0.000000,0.000000,0.000000,0.000000
-4.630000,-3.763507,0.000000,0.000236,-0.067019,0.000000,-0.004204,0.089949,-4.182512,0.054824,-0.496456,52.352173,0.000164,-0.000351,0.000000,0.000000,0.000000,0.000000
-1.470000,4.574108,0.000000,0.000470,-0.021278,0.000000,-0.004368,0.030795,5.187251,0.055175,-0.181212,-60.898636,0.000181,-0.001643,0.000000,0.000000,0.000000,0.000000
-1.820000,-13.476249,0.000000,-0.002084,-0.026345,0.000000,-0.003139,0.024948,-13.584537,0.046664,-0.044538,525.691895,-0.000190,0.009837,0.000000,0.000000,0.000000,0.000000
-3.610000,-2.591029,0.000000,-0.002045,-0.052255,0.000000,-0.002948,0.051410,-2.612491,0.036827,-0.091779,101.097687,0.000090,0.001648,0.000000,0.000000,0.000000,0.000000
0.870000,6.484811,0.000000,-0.001883,0.012593,0.000000,-0.003038,-0.015138,6.582306,0.035179,0.036804,-187.042572,0.000084,-0.003445,0.000000,0.000000,0.000000,0.000000
2.080000,1.751478,0.000000,-0.001525,0.030108,0.000000,-0.003122,-0.033999,1.793453,0.038624,0.103580,-40.668919,-0.000058,-0.000484,0.000000,0.000000,0.000000,0.000000
2.300000,0.318451,0.000000,-0.001124,0.033293,0.000000,-0.003064,-0.038247,0.328365,0.039108,0.138669,-6.256869,-0.000097,0.000258,0.000000,0.000000,0.000000,0.000000
1.140000,-1.679103,0.000000,-0.000722,0.016502,0.000000,-0.002967,-0.019901,-1.767386,0.038850,0.082874,29.320902,-0.000087,0.000779,0.000000,0.000000,0.000000,0.000000
-4.410000,-8.033639,0.000000,-0.000376,-0.063835,0.000000,-0.002880,0.076635,-8.584765,0.038071,-0.357112,127.272278,0.000045,0.001442,0.000000,0.000000,0.000000,0.000000
-1.420000,4.328032,0.000000,-0.000272,-0.020555,0.000000,-0.002924,0.025722,4.705808,0.036629,-0.131477,-63.601357,0.000159,-0.001563,0.000000,0.000000,0.000000,0.000000
-1.300000,0.173700,0.000000,-0.000043,-0.018818,0.000000,-0.003083,0.025110,0.189804,0.038192,-0.138591,-2.375766,0.000071,-0.000417,0.000000,0.000000,0.000000,0.000000
2.790000,5.920286,0.000000,0.000190,0.040385,0.000000,-0.003154,-0.056915,6.716970,0.038609,0.334915,-78.857628,-0.000027,-0.000586,0.000000,0.000000,0.000000,0.000000
4.070000,1.852803,0.000000,0.000595,0.058913,0.000000,-0.003127,-0.087727,2.150843,0.039195,0.544717,-23.930500,-0.000197,0.001021,0.000000,0.000000,0.000000,0.000000
-1.840000,-19.439960,0.000000,-0.000967,-0.026634,0.000000,-0.001722,0.026359,-19.595375,0.033016,-0.047057,758.298279,-0.000299,0.014229,0.000000,0.000000,0.000000,0.000000
-4.290000,-3.546381,0.000000,-0.000960,-0.062098,0.000000,-0.001423,0.062599,-3.575025,0.018786,-0.111753,138.345657,0.000102,0.002291,0.000000,0.000000,0.000000,0.000000
-2.230000,2.981855,0.000000,-0.000988,-0.032279,0.000000,-0.001525,0.032722,3.026685,0.016495,-0.079554,-86.006180,0.000146,-0.001848,0.000000,0.000000,0.000000,0.000000
0.190000,3.502956,0.000000,-0.000926,0.002750,0.000000,-0.001671,-0.003952,3.589196,0.018343,0.012039,-81.389786,0.000057,-0.001505,0.000000,0.000000,0.000000,0.000000
4.330000,5.992661,0.000000,-0.000763,0.062677,0.000000,-0.001728,-0.070500,6.212499,0.019849,0.255606,-118.376816,-0.000073,-0.001547,0.000000,0.000000,0.000000,0.000000
0.100000,-6.122936,0.000000,-0.000422,0.001448,0.000000,-0.001655,-0.002160,-6.438256,0.021396,0.008994,106.810555,-0.000128,0.002050,0.000000,0.000000,0.000000,0.000000
-2.380000,-3.589806,0.000000,-0.000268,-0.034451,0.000000,-0.001527,0.041280,-3.836195,0.019346,-0.192360,56.872990,0.000039,0.000553,0.000000,0.000000,0.000000,0.000000
-2.160000,0.318451,0.000000,-0.000223,-0.031266,0.000000,-0.001566,0.039367,0.345153,0.018793,-0.201227,-4.664916,0.000113,-0.000634,0.000000,0.000000,0.000000,0.000000
1.280000,4.979409,0.000000,-0.000170,0.018528,0.000000,-0.001679,-0.025008,5.526354,0.019427,0.138024,-69.172943,0.000037,-0.000935,0.000000,0.000000,0.000000,0.000000
1.740000,8.540265,0.000000,0.000318,0.025187,0.000000,-0.000053,-0.025422,8.607765,0.015585,0.045384,-333.101685,0.000094,-0.006183,0.000000,0.000000,0.000000,0.000000
-2.860000,-6.658512,0.000000,0.000425,-0.041399,0.000000,-0.000147,0.042823,-6.712049,0.021768,-0.076449,259.741608,-0.000011,0.004723,0.000000,0.000000,0.000000,0.000000
1.730000,6.644037,0.000000,0.000485,0.025042,0.000000,-0.000136,-0.025680,6.744377,0.017045,0.062432,-191.648010,0.000058,-0.003469,0.000000,0.000000,0.000000,0.000000
-0.160000,-2.735780,0.000000,0.000764,-0.002316,0.000000,-0.000194,0.003310,-2.804675,0.020514,-0.010084,63.599724,-0.000044,0.001183,0.000000,0.000000,0.000000,0.000000
-0.580000,-0.607951,0.000000,0.000961,-0.008396,0.000000,-0.000150,0.010398,-0.631560,0.019331,-0.037698,12.034145,0.000016,0.000124,0.000000,0.000000,0.000000,0.000000
-0.840000,-0.376351,0.000000,0.001146,-0.012159,0.000000,-0.000166,0.015373,-0.397150,0.019207,-0.064018,6.588717,0.000034,-0.000049,0.000000,0.000000,0.000000,0.000000
-0.430000,0.593476,0.000000,0.001327,-0.006224,0.000000,-0.000200,0.009119,0.632208,0.019256,-0.042493,-9.372718,0.000037,-0.000292,0.000000,0.000000,0.000000,0.000000
1.800000,3.227931,0.000000,0.001534,0.026055,0.000000,-0.000237,-0.031097,3.509425,0.019548,0.158950,-47.431637,-0.000018,-0.000468,0.000000,0.000000,0.000000,0.000000
-4.250000,-8.757390,0.000000,0.001846,-0.061519,0.000000,-0.000219,0.084746,-9.724556,0.020015,-0.467738,121.721489,0.000045,0.001040,0.000000,0.000000,0.000000,0.000000
-2.380000,2.706830,0.000000,0.001915,-0.034451,0.000000,-0.000264,0.051492,3.069674,0.018975,-0.303002,-36.038158,0.000197,-0.001504,0.000000,0.000000,0.000000,0.000000
-4.120000,2.446279,0.000000,-0.001049,-0.059637,0.000000,-0.001789,0.060065,2.464942,0.032446,-0.107231,-95.387863,0.000209,-0.002093,0.000000,0.000000,0.000000,0.000000
-1.490000,3.806931,0.000000,-0.001132,-0.021568,0.000000,-0.001998,0.020924,3.836369,0.034539,-0.037355,-148.459076,0.000129,-0.002908,0.000000,0.000000,0.000000,0.000000
-0.340000,1.664628,0.000000,-0.000846,-0.004922,0.000000,-0.002127,0.004262,1.688687,0.037447,-0.010361,-47.985664,0.000043,-0.000931,0.000000,0.000000,0.000000,0.000000
-0.400000,-0.086850,0.000000,-0.000513,-0.005790,0.000000,-0.002170,0.005671,-0.090623,0.038379,-0.017278,2.055006,0.000014,-0.000006,0.000000,0.000000,0.000000,0.000000
0.180000,0.839551,0.000000,-0.000188,0.002606,0.000000,-0.002184,-0.003104,0.868499,0.038385,0.011255,-16.548914,0.000008,-0.000283,0.000000,0.000000,0.000000,0.000000
-0.470000,-0.940877,0.000000,0.000161,-0.006803,0.000000,-0.002192,0.008047,-0.991528,0.038668,-0.033508,16.449434,0.000003,0.000221,0.000000,0.000000,0.000000,0.000000
-0.590000,-0.173700,0.000000,0.000481,-0.008540,0.000000,-0.002195,0.010895,-0.188340,0.038446,-0.050769,2.792210,0.000026,-0.000085,0.000000,0.000000,0.000000,0.000000
-3.800000,-4.646483,0.000000,0.000799,-0.055005,0.000000,-0.002221,0.070769,-5.058058,0.038531,-0.361735,68.362190,0.000096,0.000316,0.000000,0.000000,0.000000,0.000000
0.860000,6.745362,0.000000,0.000986,0.012449,0.000000,-0.002316,-0.015331,7.484615,0.038215,0.084616,-93.684326,0.000100,-0.001546,0.000000,0.000000,0.000000,0.000000
0.190000,-0.969827,0.000000,0.001374,0.002750,0.000000,-0.002416,-0.001948,-1.105258,0.039761,0.011466,12.975793,-0.000026,0.000280,0.000000,0.000000,0.000000,0.000000
-10.570000,-11.001019,0.000000,-0.001729,-0.153001,0.000000,-0.002696,0.154986,-11.089534,0.042654,-0.276686,429.140747,0.000209,0.007377,0.000000,0.000000,0.000000,0.000000
-7.670000,4.197757,0.000000,-0.002042,-0.111023,0.000000,-0.002906,0.111586,4.230327,0.035277,-0.199207,-163.704376,0.000382,-0.003652,0.000000,0.000000,0.000000,0.000000
-2.900000,6.904587,0.000000,-0.002005,-0.041978,0.000000,-0.003287,0.041801,7.008340,0.038929,-0.101626,-199.148773,0.000245,-0.004039,0.000000,0.000000,0.000000,0.000000
-4.410000,-2.185729,0.000000,-0.001760,-0.063835,0.000000,-0.003532,0.066718,-2.241602,0.042968,-0.203261,50.831291,0.000138,0.000420,0.000000,0.000000,0.000000,0.000000
4.840000,13.389399,0.000000,-0.001597,0.070059,0.000000,-0.003670,-0.079631,13.880655,0.042548,0.288711,-264.490631,0.000047,-0.004228,0.000000,0.000000,0.000000,0.000000
9.060000,6.108461,0.000000,-0.001037,0.131144,0.000000,-0.003717,-0.152732,6.419353,0.046776,0.636011,-106.496941,-0.000292,-0.000288,0.000000,0.000000,0.000000,0.000000
1.150000,-11.449745,0.000000,-0.000303,0.016646,0.000000,-0.003425,-0.020468,-12.234829,0.047064,0.095381,181.385788,-0.000286,0.003693,0.000000,0.000000,0.000000,0.000000
4.210000,4.429358,0.000000,0.000089,0.060940,0.000000,-0.003139,-0.077168,4.815366,0.043371,0.394447,-65.082092,-0.000117,-0.000172,0.000000,0.000000,0.000000,0.000000
-3.640000,-11.362896,0.000000,0.000611,-0.052689,0.000000,-0.003022,0.071286,-12.618167,0.043543,-0.393447,157.940582,-0.000046,0.001927,0.000000,0.000000,0.000000,0.000000
3.170000,9.857492,0.000000,0.000806,0.045886,0.000000,-0.002976,-0.063832,11.185586,0.041617,0.375619,-131.319443,0.000039,-0.001474,0.000000,0.000000,0.000000,0.000000
-1.580000,-27.111721,0.000000,-0.001729,-0.022871,0.000000,-0.002661,0.021742,-27.328323,0.041158,-0.038815,1057.546509,-0.000459,0.019922,0.000000,0.000000,0.000000,0.000000
-0.680000,1.302752,0.000000,-0.001693,-0.009843,0.000000,-0.002202,0.008345,1.312644,0.021236,-0.014897,-50.796467,0.000048,-0.001039,0.000000,0.000000,0.000000,0.000000
-3.780000,-4.487258,0.000000,-0.001534,-0.054716,0.000000,-0.002251,0.055614,-4.556108,0.022275,-0.135208,129.466202,0.000064,0.002088,0.000000,0.000000,0.000000,0.000000
-5.180000,-2.026504,0.000000,-0.001531,-0.074981,0.000000,-0.002315,0.078944,-2.077455,0.020187,-0.240506,47.109035,0.000174,0.000238,0.000000,0.000000,0.000000,0.000000
-9.810000,-6.701938,0.000000,-0.001602,-0.142000,0.000000,-0.002489,0.156024,-6.949489,0.019949,-0.565680,132.419861,0.000290,0.000977,0.000000,0.000000,0.000000,0.000000
-2.850000,10.074618,0.000000,-0.001890,-0.041254,0.000000,-0.002779,0.045484,10.590927,0.018973,-0.189408,-175.703308,0.000323,-0.003841,0.000000,0.000000,0.000000,0.000000
-0.910000,2.808155,0.000000,-0.001888,-0.013172,0.000000,-0.003102,0.013628,2.999131,0.022814,-0.063503,-44.463211,0.000093,-0.001007,0.000000,0.000000,0.000000,0.000000
-4.360000,-4.993884,0.000000,-0.001817,-0.063111,0.000000,-0.003195,0.077731,-5.433647,0.023820,-0.397321,73.438461,0.000107,0.000318,0.000000,0.000000,0.000000,0.000000
-0.850000,5.080734,0.000000,-0.001905,-0.012304,0.000000,-0.003302,0.013907,5.639537,0.023503,-0.076758,-70.589630,0.000144,-0.001545,0.000000,0.000000,0.000000,0.000000
10.040000,15.763303,0.000000,-0.001859,0.145329,0.000000,-0.003446,-0.208413,17.892849,0.025048,1.226409,-210.063126,-0.000225,-0.000657,0.000000,0.000000,0.000000,0.000000
11.280000,1.794903,0.000000,-0.001370,0.163278,0.000000,-0.003221,-0.247677,2.086365,0.025705,1.537880,-23.213114,-0.000630,0.003722,0.000000,0.000000,0.000000,0.000000
-2.940000,-20.583485,0.000000,-0.000840,-0.042557,0.000000,-0.002591,0.066871,-24.575802,0.021983,-0.434396,261.359650,-0.000283,0.003767,0.000000,0.000000,0.000000,0.000000
-5.570000,-1.215902,0.000000,0.001503,-0.080626,0.000000,0.001387,0.084107,-1.225739,0.003693,-0.150150,47.433437,0.000205,0.000485,0.000000,0.000000,0.000000,0.000000
-0.020000,8.033639,0.000000,0.001296,-0.000290,0.000000,0.001182,0.001623,8.097385,0.003208,-0.002897,-313.351166,0.000157,-0.005942,0.000000,0.000000,0.000000,0.000000
1.290000,1.896228,0.000000,0.001409,0.018673,0.000000,0.001025,-0.018054,1.924601,0.009151,0.043892,-54.689411,-0.000013,-0.000906,0.000000,0.000000,0.000000,0.000000
4.720000,4.964933,0.000000,0.001592,0.068322,0.000000,0.001038,-0.071722,5.087450,0.010056,0.218503,-115.364677,-0.000098,-0.001592,0.000000,0.000000,0.000000,0.000000
2.470000,-3.256880,0.000000,0.001941,0.035753,0.000000,0.001135,-0.037575,-3.377858,0.011648,0.136234,64.363808,-0.000165,0.001590,0.000000,0.000000,0.000000,0.000000
1.000000,-2.127829,0.000000,0.002204,0.014475,0.000000,0.001301,-0.014179,-2.238248,0.010058,0.059046,37.132496,-0.000080,0.000860,0.000000,0.000000,0.000000,0.000000
2.100000,1.592253,0.000000,0.002417,0.030398,0.000000,0.001381,-0.033790,1.699466,0.009198,0.157458,-25.195208,-0.000059,-0.000053,0.000000,0.000000,0.000000,0.000000
-8.580000,-15.459328,0.000000,0.002695,-0.124196,0.000000,0.001440,0.160917,-16.819897,0.009251,-0.822527,227.329361,0.000117,0.002080,0.000000,0.000000,0.000000,0.000000
-1.510000,10.233843,0.000000,0.002536,-0.021857,0.000000,0.001323,0.032625,11.358859,0.007171,-0.180066,-142.177933,0.000303,-0.003183,0.000000,0.000000,0.000000,0.000000
1.250000,3.995107,0.000000,0.002694,0.018094,0.000000,0.001020,-0.021806,4.532239,0.010354,0.128318,-53.208767,0.000026,-0.000655,0.000000,0.000000,0.000000,0.000000
5.460000,6.093986,0.000000,0.002984,0.079034,0.000000,0.000994,-0.114400,7.083990,0.011009,0.710334,-78.817215,-0.000175,0.000430,0.000000,0.000000,0.000000,0.000000
-1.960000,-2.895005,0.000000,-0.001215,-0.028371,0.000000,-0.002022,0.027889,-2.918891,0.035433,-0.049788,112.954704,0.000020,0.002003,0.000000,0.000000,0.000000,0.000000
-4.760000,-4.053007,0.000000,-0.001207,-0.068901,0.000000,-0.002043,0.069312,-4.086047,0.033430,-0.123738,158.121109,0.000110,0.002656,0.000000,0.000000,0.000000,0.000000
-7.430000,-3.864831,0.000000,-0.001119,-0.107549,0.000000,-0.002153,0.111298,-3.924556,0.030774,-0.270587,111.520081,0.000227,0.001375,0.000000,0.000000,0.000000,0.000000
4.230000,16.877880,0.000000,-0.001164,0.061229,0.000000,-0.002379,-0.067060,17.295527,0.029399,0.204302,-392.199005,0.000146,-0.006876,0.000000,0.000000,0.000000,0.000000
2.170000,-2.981855,0.000000,-0.000690,0.031411,0.000000,-0.002525,-0.035674,-3.093439,0.036276,0.129340,58.944313,-0.000155,0.001479,0.000000,0.000000,0.000000,0.000000
0.830000,-1.939654,0.000000,-0.000314,0.012014,0.000000,-0.002370,-0.014246,-2.041179,0.034797,0.059322,33.863121,-0.000077,0.000799,0.000000,0.000000,0.000000,0.000000
-1.810000,-3.821407,0.000000,0.000001,-0.026200,0.000000,-0.002293,0.031641,-4.084704,0.033998,-0.147442,60.557228,0.000008,0.000746,0.000000,0.000000,0.000000,0.000000
-1.480000,0.477676,0.000000,0.000202,-0.021423,0.000000,-0.002301,0.027424,0.517098,0.033252,-0.140177,-6.988833,0.000084,-0.000513,0.000000,0.000000,0.000000,0.000000
-3.760000,-3.300306,0.000000,0.000418,-0.054426,0.000000,-0.002385,0.073350,-3.666723,0.033765,-0.404842,45.896076,0.000129,-0.000225,0.000000,0.000000,0.000000,0.000000
-2.420000,1.939654,0.000000,0.000540,-0.035030,0.000000,-0.002514,0.050365,2.198513,0.033990,-0.296374,-25.810677,0.000178,-0.001290,0.000000,0.000000,0.000000,0.000000
-4.420000,-13.013049,0.000000,-0.001045,-0.063980,0.000000,-0.001746,0.064511,-13.117289,0.030740,-0.115167,507.610443,-0.000074,0.009302,0.000000,0.000000,0.000000,0.000000
-6.800000,-3.445056,0.000000,-0.001144,-0.098430,0.000000,-0.001672,0.099611,-3.472954,0.021438,-0.177828,134.395752,0.000204,0.002047,0.000000,0.000000,0.000000,0.000000
-4.640000,3.126606,0.000000,-0.001248,-0.067164,0.000000,-0.001875,0.068931,3.173557,0.019391,-0.167585,-90.179687,0.000246,-0.002165,0.000000,0.000000,0.000000,0.000000
-4.390000,0.361875,0.000000,-0.001259,-0.063545,0.000000,-0.002122,0.066946,0.370085,0.021556,-0.203954,-8.392179,0.000188,-0.000707,0.000000,0.000000,0.000000,0.000000
0.940000,7.715188,0.000000,-0.001268,0.013607,0.000000,-0.002309,-0.016530,7.998451,0.022263,0.059931,-152.407425,0.000106,-0.002722,0.000000,0.000000,0.000000,0.000000
3.270000,3.372681,0.000000,-0.001051,0.047333,0.000000,-0.002416,-0.055907,3.544524,0.024985,0.232810,-58.803593,-0.000084,-0.000479,0.000000,0.000000,0.000000,0.000000
2.150000,-1.621203,0.000000,-0.000741,0.031121,0.000000,-0.002331,-0.038479,-1.733368,0.025464,0.179306,25.697809,-0.000137,0.000973,0.000000,0.000000,0.000000,0.000000
2.330000,0.260550,0.000000,-0.000485,0.033727,0.000000,-0.002195,-0.043386,0.281868,0.024491,0.221768,-3.809593,-0.000112,0.000526,0.000000,0.000000,0.000000,0.000000
0.270000,-2.981855,0.000000,-0.000225,0.003908,0.000000,-0.002083,-0.005528,-3.312038,0.023965,0.030510,41.456516,-0.000077,0.000867,0.000000,0.000000,0.000000,0.000000
-7.330000,-11.001019,0.000000,-0.000054,-0.106102,0.000000,-0.002005,0.150160,-12.489702,0.023099,-0.883620,146.629852,0.000170,0.000385,0.000000,0.000000,0.000000,0.000000
-5.870000,-4.704383,0.000000,0.000211,-0.084968,0.000000,-0.000120,0.087251,-4.742168,0.013924,-0.155762,183.511551,0.000146,0.003053,0.000000,0.000000,0.000000,0.000000
-1.170000,6.803262,0.000000,0.000016,-0.016936,0.000000,-0.000266,0.017356,6.857086,0.010872,-0.030985,-265.354248,0.000177,-0.005114,0.000000,0.000000,0.000000,0.000000
-2.280000,-1.606728,0.000000,0.000126,-0.033003,0.000000,-0.000442,0.034644,-1.631723,0.015985,-0.084226,46.366978,0.000062,0.000660,0.000000,0.000000,0.000000,0.000000
-1.930000,0.506626,0.000000,0.000184,-0.027937,0.000000,-0.000505,0.030224,0.518494,0.015326,-0.092080,-11.757540,0.000091,-0.000473,0.000000,0.000000,0.000000,0.000000
0.270000,3.184506,0.000000,0.000259,0.003908,0.000000,-0.000596,-0.004055,3.300912,0.015799,0.014704,-62.897629,0.000051,-0.001150,0.000000,0.000000,0.000000,0.000000
-0.610000,-1.273802,0.000000,0.000432,-0.008830,0.000000,-0.000647,0.010702,-1.340305,0.016949,-0.044566,22.235638,0.000003,0.000303,0.000000,0.000000,0.000000,0.000000
-0.620000,-0.014475,0.000000,0.000570,-0.008975,0.000000,-0.000651,0.011526,-0.016803,0.016647,-0.053711,0.249108,0.000031,-0.000141,0.000000,0.000000,0.000000,0.000000
-3.630000,-4.356983,0.000000,0.000711,-0.052544,0.000000,-0.000682,0.067536,-4.741466,0.016788,-0.345208,64.083282,0.000093,0.000280,0.000000,0.000000,0.000000,0.000000
-1.930000,2.460755,0.000000,0.000728,-0.027937,0.000000,-0.000775,0.038337,2.730017,0.016508,-0.211593,-34.171410,0.000155,-0.001220,0.000000,0.000000,0.000000,0.000000
1.510000,4.979409,0.000000,0.000821,0.021857,0.000000,-0.000930,-0.029786,5.650267,0.017728,0.175276,-66.334473,0.000026,-0.000780,0.000000,0.000000,0.000000,0.000000
0.690000,-1.186952,0.000000,0.001064,0.009988,0.000000,-0.000956,-0.013424,-1.383017,0.018507,0.083350,15.387589,-0.000063,0.000518,0.000000,0.000000,0.000000,0.000000
-3.540000,1.997554,0.000000,-0.000200,-0.051242,0.000000,-0.000712,0.052316,2.012878,0.022027,-0.093396,-77.893974,0.000180,-0.001729,0.000000,0.000000,0.000000,0.000000
-4.240000,-1.013252,0.000000,-0.000285,-0.061374,0.000000,-0.000892,0.062549,-1.021910,0.023755,-0.111665,39.545696,0.000150,0.000450,0.000000,0.000000,0.000000,0.000000
-3.410000,1.201427,0.000000,-0.000231,-0.049360,0.000000,-0.001041,0.051375,1.218888,0.023305,-0.124903,-34.635887,0.000162,-0.000995,0.000000,0.000000,0.000000,0.000000
4.160000,10.957595,0.000000,-0.000142,0.060216,0.000000,-0.001203,-0.064873,11.228424,0.024300,0.197637,-254.619400,0.000037,-0.004285,0.000000,0.000000,0.000000,0.000000
-0.260000,-6.397961,0.000000,0.000289,-0.003764,0.000000,-0.001240,0.004504,-6.635170,0.028585,-0.016328,126.430634,-0.000114,0.002358,0.000000,0.000000,0.000000,0.000000
0.710000,1.404077,0.000000,0.000525,0.010277,0.000000,-0.001127,-0.011269,1.474384,0.026227,0.046925,-24.460007,-0.000002,-0.000341,0.000000,0.000000,0.000000,0.000000
-0.640000,-1.954129,0.000000,0.000806,-0.009264,0.000000,-0.001124,0.012162,-2.089695,0.026567,-0.056671,30.980484,-0.000007,0.000434,0.000000,0.000000,0.000000,0.000000
-4.610000,-5.746585,0.000000,0.001035,-0.066730,0.000000,-0.001118,0.085936,-6.254035,0.026133,-0.439264,84.526428,0.000114,0.000411,0.000000,0.000000,0.000000,0.000000
0.390000,7.237513,0.000000,0.001101,0.005645,0.000000,-0.001232,-0.006077,8.031898,0.025722,0.033543,-100.534637,0.000135,-0.001814,0.000000,0.000000,0.000000,0.000000
3.150000,3.995107,0.000000,0.001385,0.045596,0.000000,-0.001367,-0.062601,4.531704,0.027536,0.368376,-53.202488,-0.000084,-0.000008,0.000000,0.000000,0.000000,0.000000
0.040000,-4.501733,0.000000,0.001794,0.000579,0.000000,-0.001283,0.001827,-5.239629,0.027543,-0.011344,58.296661,-0.000094,0.001073,0.000000,0.000000,0.000000,0.000000
-5.020000,-6.470336,0.000000,-0.001141,-0.072665,0.000000,-0.001918,0.073313,-6.522624,0.034077,-0.130881,252.411316,0.000075,0.004423,0.000000,0.000000,0.000000,0.000000
-4.330000,0.998776,0.000000,-0.001256,-0.062677,0.000000,-0.001993,0.062889,1.006013,0.029653,-0.112271,-38.930496,0.000189,-0.001049,0.000000,0.000000,0.000000,0.000000
-4.500000,-0.246075,0.000000,-0.001152,-0.065138,0.000000,-0.002182,0.066912,-0.250793,0.030702,-0.162676,7.126517,0.000176,-0.000303,0.000000,0.000000,0.000000,0.000000
-4.900000,-0.579001,0.000000,-0.001065,-0.070928,0.000000,-0.002358,0.075089,-0.594581,0.031006,-0.228762,13.482917,0.000192,-0.000363,0.000000,0.000000,0.000000,0.000000
5.820000,15.517228,0.000000,-0.001004,0.084245,0.000000,-0.002549,-0.094736,16.087318,0.031368,0.343477,-306.537720,0.000048,-0.004875,0.000000,0.000000,0.000000,0.000000
0.490000,-7.715189,0.000000,-0.000477,0.007093,0.000000,-0.002597,-0.008747,-8.113083,0.036243,0.036423,134.595901,-0.000177,0.002656,0.000000,0.000000,0.000000,0.000000
-3.410000,-5.645260,0.000000,-0.000187,-0.049360,0.000000,-0.002420,0.059384,-6.033029,0.033587,-0.276721,89.441849,0.000047,0.000940,0.000000,0.000000,0.000000,0.000000
-4.280000,-1.259328,0.000000,-0.000065,-0.061953,0.000000,-0.002467,0.078484,-1.372384,0.032647,-0.401170,18.548454,0.000186,-0.000736,0.000000,0.000000,0.000000,0.000000
-0.930000,4.849134,0.000000,0.000019,-0.013462,0.000000,-0.002653,0.018029,5.380506,0.033382,-0.099509,-67.347359,0.000150,-0.001543,0.000000,0.000000,0.000000,0.000000
-0.900000,0.043425,0.000000,0.000243,-0.013028,0.000000,-0.002803,0.018790,0.046147,0.034925,-0.110572,-0.541763,0.000051,-0.000307,0.000000,0.000000,0.000000,0.000000
8.710000,13.910500,0.000000,0.000469,0.126077,0.000000,-0.002855,-0.188949,16.174759,0.035232,1.173229,-179.962067,-0.000205,-0.000233,0.000000,0.000000,0.000000,0.000000
-5.010000,-2.793680,0.000000,-0.000775,-0.072520,0.000000,-0.001502,0.073536,-2.816683,0.031643,-0.131278,108.999451,0.000146,0.001709,0.000000,0.000000,0.000000,0.000000
-0.930000,5.905811,0.000000,-0.000895,-0.013462,0.000000,-0.001648,0.012867,5.952048,0.029934,-0.022971,-230.331238,0.000147,-0.004427,0.000000,0.000000,0.000000,0.000000
0.630000,2.258104,0.000000,-0.000613,0.009119,0.000000,-0.001795,-0.010177,2.291271,0.034360,0.024742,-65.108673,0.000016,-0.001158,0.000000,0.000000,0.000000,0.000000
2.690000,2.981855,0.000000,-0.000262,0.038938,0.000000,-0.001810,-0.042133,3.054312,0.035518,0.128359,-69.260597,-0.000056,-0.000962,0.000000,0.000000,0.000000,0.000000
-0.850000,-5.124159,0.000000,0.000178,-0.012304,0.000000,-0.001754,0.013871,-5.314842,0.036480,-0.050291,101.272316,-0.000063,0.001783,0.000000,0.000000,0.000000,0.000000
-2.820000,-2.851580,0.000000,0.000462,-0.040820,0.000000,-0.001691,0.047700,-3.000113,0.034697,-0.198635,49.771828,0.000072,0.000402,0.000000,0.000000,0.000000,0.000000
-1.970000,1.230377,0.000000,0.000664,-0.028516,0.000000,-0.001764,0.035238,1.311847,0.034295,-0.164207,-19.448612,0.000120,-0.000813,0.000000,0.000000,0.000000,0.000000
-2.740000,-1.114577,0.000000,0.000905,-0.039662,0.000000,-0.001884,0.051445,-1.215560,0.035108,-0.262962,16.428900,0.000116,-0.000399,0.000000,0.000000,0.000000,0.000000
0.630000,4.878084,0.000000,0.001120,0.009119,0.000000,-0.002000,-0.010699,5.411825,0.035507,0.059051,-67.739388,0.000073,-0.001122,0.000000,0.000000,0.000000,0.000000
1.560000,1.346177,0.000000,0.001483,0.022581,0.000000,-0.002073,-0.029875,1.523937,0.036629,0.175797,-17.891108,-0.000052,0.000139,0.000000,0.000000,0.000000,0.000000
-5.080000,-3.459531,0.000000,-0.001546,-0.073533,0.000000,-0.002499,0.073805,-3.488059,0.041916,-0.131760,134.980255,0.000134,0.002199,0.000000,0.000000,0.000000,0.000000
-1.420000,5.297860,0.000000,-0.001645,-0.020555,0.000000,-0.002633,0.019361,5.339045,0.039716,-0.034564,-206.609360,0.000153,-0.004010,0.000000,0.000000,0.000000,0.000000
-1.720000,-0.434251,0.000000,-0.001305,-0.024897,0.000000,-0.002786,0.024671,-0.442273,0.043726,-0.059981,12.567621,0.000058,0.000083,0.000000,0.000000,0.000000,0.000000
0.650000,3.430581,0.000000,-0.000989,0.009409,0.000000,-0.002844,-0.011175,3.513919,0.043643,0.034046,-79.682777,0.000036,-0.001417,0.000000,0.000000,0.000000,0.000000
-5.560000,-8.988991,0.000000,-0.000573,-0.080481,0.000000,-0.002881,0.088802,-9.322312,0.045060,-0.321959,177.633148,0.000064,0.002495,0.000000,0.000000,0.000000,0.000000
-0.140000,7.845464,0.000000,-0.000437,-0.002027,0.000000,-0.002944,0.001836,8.245557,0.042565,-0.007646,-136.793640,0.000161,-0.002615,0.000000,0.000000,0.000000,0.000000
-3.060000,-4.226707,0.000000,-0.000070,-0.044294,0.000000,-0.003105,0.053407,-4.518414,0.045180,-0.248869,66.987144,0.000059,0.000600,0.000000,0.000000,0.000000,0.000000
-0.930000,3.083180,0.000000,0.000171,-0.013462,0.000000,-0.003164,0.017288,3.350755,0.044580,-0.088368,-45.287148,0.000110,-0.001098,0.000000,0.000000,0.000000,0.000000
0.770000,2.460754,0.000000,0.000502,0.011146,0.000000,-0.003274,-0.014235,2.727819,0.045678,0.078570,-34.143898,0.000013,-0.000432,0.000000,0.000000,0.000000,0.000000
-2.300000,-4.443833,0.000000,0.000907,-0.033293,0.000000,-0.003287,0.048425,-5.048975,0.046110,-0.284960,59.275261,0.000035,0.000352,0.000000,0.000000,0.000000,0.000000
-0.190000,6.282161,0.000000,-0.001783,-0.002750,0.000000,-0.002736,0.001088,6.331114,0.042106,-0.001943,-245.000305,0.000123,-0.004645,0.000000,0.000000,0.000000,0.000000
-2.110000,-2.779205,0.000000,-0.001690,-0.030542,0.000000,-0.002859,0.029541,-2.802435,0.046751,-0.052738,108.448143,0.000027,0.001919,0.000000,0.000000,0.000000,0.000000
-4.830000,-3.937207,0.000000,-0.001368,-0.069914,0.000000,-0.002886,0.071682,-3.998505,0.044831,-0.174272,113.621384,0.000118,0.001676,0.000000,0.000000,0.000000,0.000000
-1.090000,5.413660,0.000000,-0.001183,-0.015778,0.000000,-0.003004,0.015687,5.546251,0.043155,-0.047790,-125.768616,0.000147,-0.002514,0.000000,0.000000,0.000000,0.000000
5.100000,8.960041,0.000000,-0.000838,0.073823,0.000000,-0.003151,-0.082970,9.287834,0.045669,0.300818,-176.976135,-0.000049,-0.002533,0.000000,0.000000,0.000000,0.000000
-0.550000,-8.178390,0.000000,-0.000227,-0.007961,0.000000,-0.003102,0.008937,-8.600842,0.048201,-0.037214,142.687836,-0.000139,0.002606,0.000000,0.000000,0.000000,0.000000
2.310000,4.139857,0.000000,0.000135,0.033437,0.000000,-0.002963,-0.040217,4.419485,0.045595,0.187406,-65.520470,-0.000025,-0.000739,0.000000,0.000000,0.000000,0.000000
-4.330000,-9.611417,0.000000,0.000621,-0.062677,0.000000,-0.002939,0.080271,-10.459810,0.046334,-0.410308,141.369598,0.000019,0.001568,0.000000,0.000000,0.000000,0.000000
-5.660000,-1.925178,0.000000,0.000827,-0.081929,0.000000,-0.002958,0.110681,-2.141268,0.044766,-0.610880,26.802088,0.000259,-0.001148,0.000000,0.000000,0.000000,0.000000
-2.740000,4.226707,0.000000,0.000983,-0.039662,0.000000,-0.003217,0.057551,4.793325,0.045913,-0.338661,-56.273926,0.000246,-0.001980,0.000000,0.000000,0.000000,0.000000
-0.860000,2.721305,0.000000,0.001267,-0.012449,0.000000,-0.003463,0.020631,3.159589,0.047893,-0.128105,-35.153923,0.000115,-0.001009,0.000000,0.000000,0.000000,0.000000
-5.200000,-0.492151,0.000000,-0.002295,-0.075270,0.000000,-0.003298,0.074821,-0.497115,0.044639,-0.133572,19.237246,0.000193,0.000005,0.000000,0.000000,0.000000,0.000000
-4.230000,1.404077,0.000000,-0.002393,-0.061229,0.000000,-0.003491,0.060242,1.414203,0.044634,-0.107546,-54.726582,0.000189,-0.001327,0.000000,0.000000,0.000000,0.000000
0.000000,6.122936,0.000000,-0.002157,0.000000,0.000000,-0.003680,-0.002256,6.214575,0.045961,0.005484,-176.593155,0.000111,-0.003327,0.000000,0.000000,0.000000,0.000000
0.320000,0.463201,0.000000,-0.001739,0.004632,0.000000,-0.003791,-0.006847,0.472771,0.049288,0.020861,-10.720716,-0.000010,-0.000140,0.000000,0.000000,0.000000,0.000000
1.590000,1.838328,0.000000,-0.001320,0.023015,0.000000,-0.003782,-0.027043,1.903722,0.049428,0.098049,-36.274696,-0.000037,-0.000421,0.000000,0.000000,0.000000,0.000000
2.460000,1.259327,0.000000,-0.000855,0.035609,0.000000,-0.003744,-0.042132,1.321183,0.049850,0.175449,-21.918409,-0.000089,0.000060,0.000000,0.000000,0.000000,0.000000
5.070000,3.777982,0.000000,-0.000359,0.073388,0.000000,-0.003656,-0.089060,4.032798,0.049789,0.415011,-59.787697,-0.000164,-0.000010,0.000000,0.000000,0.000000,0.000000
-4.480000,-13.823649,0.000000,0.000245,-0.064848,0.000000,-0.003491,0.082549,-15.042298,0.049799,-0.421947,203.304230,-0.000061,0.002708,0.000000,0.000000,0.000000,0.000000
-3.170000,1.896228,0.000000,0.000444,-0.045886,0.000000,-0.003430,0.061964,2.101042,0.047091,-0.341995,-26.298571,0.000208,-0.001428,0.000000,0.000000,0.000000,0.000000
-4.760000,-2.301529,0.000000,0.000701,-0.068901,0.000000,-0.003637,0.098554,-2.617204,0.048519,-0.579944,30.726131,0.000217,-0.000984,0.000000,0.000000,0.000000,0.000000
2.580000,10.624669,0.000000,0.000895,0.037346,0.000000,-0.003854,-0.054831,12.351602,0.049503,0.340459,-137.425217,0.000085,-0.001679,0.000000,0.000000,0.000000,0.000000
-7.690000,-1.664628,0.000000,-0.001861,-0.111313,0.000000,-0.002860,0.112170,-1.678924,0.044139,-0.200250,64.970695,0.000271,0.000692,0.000000,0.000000,0.000000,0.000000
-1.270000,9.292966,0.000000,-0.002057,-0.018383,0.000000,-0.003131,0.016717,9.365847,0.043447,-0.029843,-362.437775,0.000222,-0.006945,0.000000,0.000000,0.000000,0.000000
-8.580000,-10.581244,0.000000,-0.001652,-0.124196,0.000000,-0.003353,0.128148,-10.743696,0.050392,-0.311552,305.292511,0.000143,0.004951,0.000000,0.000000,0.000000,0.000000
0.990000,13.852599,0.000000,-0.001604,0.014330,0.000000,-0.003496,-0.017126,14.194539,0.045441,0.052176,-321.879974,0.000222,-0.005963,0.000000,0.000000,0.000000,0.000000
3.770000,4.024057,0.000000,-0.001134,0.054571,0.000000,-0.003718,-0.061905,4.169812,0.051404,0.224443,-79.454178,-0.000089,-0.000886,0.000000,0.000000,0.000000,0.000000
3.050000,-1.042202,0.000000,-0.000552,0.044149,0.000000,-0.003629,-0.051651,-1.098667,0.052290,0.215085,18.226862,-0.000160,0.000929,0.000000,0.000000,0.000000,0.000000
7.770000,6.832212,0.000000,-0.000006,0.112471,0.000000,-0.003469,-0.135832,7.295394,0.051362,0.632960,-108.156876,-0.000229,-0.000338,0.000000,0.000000,0.000000,0.000000
0.080000,-11.131294,0.000000,0.000742,0.001158,0.000000,-0.003240,-0.000528,-12.113714,0.051699,0.002697,163.722916,-0.000230,0.003108,0.000000,0.000000,0.000000,0.000000
-9.690000,-14.142099,0.000000,0.001167,-0.140263,0.000000,-0.003010,0.189153,-15.704183,0.048591,-1.043991,196.567993,0.000215,0.000892,0.000000,0.000000,0.000000,0.000000
-5.180000,6.528236,0.000000,0.001187,-0.074981,0.000000,-0.003224,0.107851,7.405601,0.047699,-0.634648,-86.942200,0.000432,-0.003365,0.000000,0.000000,0.000000,0.000000
2.960000,11.782671,0.000000,0.001404,0.042846,0.000000,-0.003656,-0.062340,13.697824,0.051064,0.387083,-152.403427,0.000090,-0.001832,0.000000,0.000000,0.000000,0.000000
-0.540000,0.275025,0.000000,-0.002269,-0.007817,0.000000,-0.003396,0.005795,0.276024,0.049929,-0.010346,-10.681540,0.000021,-0.000227,0.000000,0.000000,0.000000,0.000000
-1.120000,-0.839551,0.000000,-0.002172,-0.016212,0.000000,-0.003417,0.014376,-0.847422,0.050156,-0.025664,32.793373,0.000023,0.000552,0.000000,0.000000,0.000000,0.000000
-9.010000,-11.420795,0.000000,-0.001772,-0.130420,0.000000,-0.003440,0.134532,-11.595969,0.049604,-0.327072,329.510651,0.000144,0.005354,0.000000,0.000000,0.000000,0.000000
-7.160000,2.677880,0.000000,-0.001755,-0.103641,0.000000,-0.003584,0.109508,2.742626,0.044251,-0.333620,-62.192673,0.000348,-0.002090,0.000000,0.000000,0.000000,0.000000
-2.700000,6.455861,0.000000,-0.001667,-0.039083,0.000000,-0.003932,0.041580,6.691561,0.046341,-0.150752,-127.505150,0.000239,-0.002818,0.000000,0.000000,0.000000,0.000000
4.510000,10.436494,0.000000,-0.001395,0.065282,0.000000,-0.004171,-0.077044,10.969407,0.049159,0.320831,-181.982269,-0.000001,-0.002573,0.000000,0.000000,0.000000,0.000000
0.090000,-6.397962,0.000000,-0.000821,0.001303,0.000000,-0.004169,-0.002565,-6.838124,0.051732,0.011953,101.377678,-0.000136,0.001957,0.000000,0.000000,0.000000,0.000000
-6.330000,-9.292966,0.000000,-0.000444,-0.091627,0.000000,-0.004033,0.115634,-10.113118,0.049775,-0.591064,136.683868,0.000122,0.000986,0.000000,0.000000,0.000000,0.000000
-7.560000,-1.780428,0.000000,-0.000343,-0.109431,0.000000,-0.004155,0.145898,-1.980208,0.048789,-0.805254,24.786106,0.000357,-0.001711,0.000000,0.000000,0.000000,0.000000
-5.650000,2.764730,0.000000,-0.000297,-0.081784,0.000000,-0.004512,0.115382,3.134284,0.050500,-0.678965,-36.796684,0.000371,-0.002530,0.000000,0.000000,0.000000,0.000000
-4.700000,-5.471560,0.000000,-0.001750,-0.068033,0.000000,-0.002540,0.067947,-5.515903,0.035110,-0.121301,213.453384,0.000079,0.003718,0.000000,0.000000,0.000000,0.000000
-3.660000,1.505402,0.000000,-0.001850,-0.052979,0.000000,-0.002618,0.052350,1.516651,0.031392,-0.093457,-58.691071,0.000170,-0.001371,0.000000,0.000000,0.000000,0.000000
-3.560000,0.144751,0.000000,-0.001710,-0.051531,0.000000,-0.002788,0.052099,0.145951,0.032763,-0.126663,-4.147331,0.000143,-0.000419,0.000000,0.000000,0.000000,0.000000
-3.250000,0.448726,0.000000,-0.001578,-0.047044,0.000000,-0.002932,0.048866,0.458624,0.033182,-0.148874,-10.399915,0.000141,-0.000599,0.000000,0.000000,0.000000,0.000000
-3.760000,-0.738226,0.000000,-0.001444,-0.054426,0.000000,-0.003072,0.058879,-0.766884,0.033781,-0.213471,14.612683,0.000144,-0.000300,0.000000,0.000000,0.000000,0.000000
-1.940000,2.634454,0.000000,-0.001343,-0.028082,0.000000,-0.003217,0.030895,2.767957,0.034080,-0.128655,-45.920361,0.000136,-0.001217,0.000000,0.000000,0.000000,0.000000
4.090000,8.728440,0.000000,-0.001173,0.059203,0.000000,-0.003353,-0.072913,9.322662,0.035297,0.339767,-138.211853,-0.000021,-0.001696,0.000000,0.000000,0.000000,0.000000
0.440000,-5.283384,0.000000,-0.000754,0.006369,0.000000,-0.003332,-0.009033,-5.750073,0.036993,0.046173,77.715126,-0.000133,0.001600,0.000000,0.000000,0.000000,0.000000
-1.130000,-2.272579,0.000000,-0.000496,-0.016357,0.000000,-0.003198,0.021213,-2.525401,0.035393,-0.117081,31.610237,0.000010,0.000279,0.000000,0.000000,0.000000,0.000000
-2.190000,-1.534353,0.000000,-0.000308,-0.031700,0.000000,-0.003208,0.044451,-1.744488,0.035115,-0.261572,20.480398,0.000087,-0.000320,0.000000,0.000000,0.000000,0.000000
-4.640000,-7.787564,0.000000,-0.000047,-0.067164,0.000000,-0.000586,0.068779,-7.850093,0.023023,-0.122786,303.781433,0.000037,0.005421,0.000000,0.000000,0.000000,0.000000
-1.550000,4.472783,0.000000,-0.000172,-0.022436,0.000000,-0.000623,0.022796,4.507907,0.017602,-0.040697,-174.446152,0.000147,-0.003423,0.000000,0.000000,0.000000,0.000000
2.330000,5.616310,0.000000,-0.000031,0.033727,0.000000,-0.000770,-0.035302,5.700936,0.021026,0.085826,-161.997604,0.000012,-0.002829,0.000000,0.000000,0.000000,0.000000
-3.020000,-7.744139,0.000000,0.000290,-0.043715,0.000000,-0.000782,0.047296,-7.937381,0.023855,-0.144091,179.990616,-0.000022,0.003024,0.000000,0.000000,0.000000,0.000000
2.540000,8.048115,0.000000,0.000371,0.036767,0.000000,-0.000760,-0.040447,8.343369,0.020831,0.146643,-158.979706,0.000049,-0.002619,0.000000,0.000000,0.000000,0.000000
0.470000,-2.996330,0.000000,0.000699,0.006803,0.000000,-0.000808,-0.007053,-3.151681,0.023450,0.029370,52.286331,-0.000079,0.001074,0.000000,0.000000,0.000000,0.000000
-3.070000,-5.124159,0.000000,0.000942,-0.044438,0.000000,-0.000729,0.054803,-5.476009,0.022376,-0.255376,81.183823,0.000045,0.000844,0.000000,0.000000,0.000000,0.000000
-4.150000,-1.563303,0.000000,0.001039,-0.060071,0.000000,-0.000774,0.077497,-1.702780,0.021531,-0.396127,23.013927,0.000177,-0.000637,0.000000,0.000000,0.000000,0.000000
-8.550000,-6.369011,0.000000,0.001096,-0.123761,0.000000,-0.000951,0.166989,-7.072867,0.022169,-0.921663,88.530525,0.000317,-0.000816,0.000000,0.000000,0.000000,0.000000
6.600000,21.929665,0.000000,0.000976,0.095535,0.000000,-0.001269,-0.133893,24.890739,0.022984,0.787893,-292.218781,0.000109,-0.003400,0.000000,0.000000,0.000000,0.000000
-2.440000,-13.085423,0.000000,0.001495,-0.035319,0.000000,-0.001377,0.055379,-15.222359,0.026385,-0.343861,169.365555,-0.000139,0.002283,0.000000,0.000000,0.000000,0.000000
-10.480000,-9.582467,0.000000,-0.001006,-0.151698,0.000000,-0.001666,0.154361,-9.659380,0.028959,-0.275570,373.796906,0.000235,0.006328,0.000000,0.000000,0.000000,0.000000
-1.840000,12.506421,0.000000,-0.001348,-0.026634,0.000000,-0.001901,0.025891,12.605362,0.022631,-0.046221,-487.799988,0.000308,-0.009373,0.000000,0.000000,0.000000,0.000000
-3.820000,-2.866055,0.000000,-0.001133,-0.055295,0.000000,-0.002209,0.056639,-2.910641,0.032004,-0.137700,82.708694,0.000098,0.001211,0.000000,0.000000,0.000000,0.000000
0.140000,5.732110,0.000000,-0.001020,0.002027,0.000000,-0.002307,-0.003274,5.873124,0.030793,0.009975,-133.180893,0.000102,-0.002497,0.000000,0.000000,0.000000,0.000000
8.620000,12.274821,0.000000,-0.000736,0.124775,0.000000,-0.002409,-0.139479,12.725331,0.033290,0.505697,-242.476349,-0.000137,-0.003219,0.000000,0.000000,0.000000,0.000000
10.510000,2.735780,0.000000,-0.000083,0.152133,0.000000,-0.002272,-0.175882,2.873969,0.036509,0.732411,-47.679100,-0.000421,0.001084,0.000000,0.000000,0.000000,0.000000
-3.730000,-20.612436,0.000000,0.000650,-0.053992,0.000000,-0.001851,0.065988,-22.022913,0.035425,-0.307495,326.497681,-0.000238,0.005348,0.000000,0.000000,0.000000,0.000000
0.440000,6.036086,0.000000,0.000776,0.006369,0.000000,-0.001614,-0.007093,6.563950,0.030076,0.036257,-88.715080,0.000106,-0.001592,0.000000,0.000000,0.000000,0.000000
-2.950000,-4.907034,0.000000,0.001084,-0.042701,0.000000,-0.001719,0.058561,-5.450630,0.031668,-0.323214,68.225105,0.000055,0.000420,0.000000,0.000000,0.000000,0.000000
-0.820000,3.083180,0.000000,0.001257,-0.011870,0.000000,-0.001774,0.018586,3.496309,0.031248,-0.109370,-41.046879,0.000116,-0.001074,0.000000,0.000000,0.000000,0.000000
-1.520000,-1.013252,0.000000,0.001526,-0.022002,0.000000,-0.001891,0.035393,-1.182628,0.032321,-0.219761,13.158039,0.000073,-0.000343,0.000000,0.000000,0.000000,0.000000
-3.800000,-9.452192,0.000000,-0.001795,-0.055005,0.000000,-0.002592,0.054563,-9.528200,0.035470,-0.097407,368.720551,-0.000033,0.006719,0.000000,0.000000,0.000000,0.000000
-2.130000,2.417329,0.000000,-0.001860,-0.030832,0.000000,-0.002559,0.029664,2.435899,0.028751,-0.052958,-94.263969,0.000126,-0.001941,0.000000,0.000000,0.000000,0.000000
-2.240000,-0.159225,0.000000,-0.001679,-0.032424,0.000000,-0.002686,0.032151,-0.162575,0.030691,-0.078166,4.619723,0.000084,-0.000120,0.000000,0.000000,0.000000,0.000000
-0.980000,1.823853,0.000000,-0.001516,-0.014186,0.000000,-0.002769,0.013617,1.867967,0.030812,-0.041485,-42.358627,0.000072,-0.000914,0.000000,0.000000,0.000000,0.000000
0.080000,1.534353,0.000000,-0.001307,0.001158,0.000000,-0.002841,-0.002740,1.589477,0.031726,0.009933,-30.286877,0.000023,-0.000545,0.000000,0.000000,0.000000,0.000000
0.300000,0.318451,0.000000,-0.001062,0.004343,0.000000,-0.002864,-0.006244,0.333152,0.032271,0.026003,-5.526989,-0.000011,-0.000033,0.000000,0.000000,0.000000,0.000000
-1.250000,-2.243629,0.000000,-0.000814,-0.018094,0.000000,-0.002853,0.020867,-2.398740,0.032304,-0.097240,35.562191,0.000011,0.000410,0.000000,0.000000,0.000000,0.000000
-1.120000,0.188175,0.000000,-0.000640,-0.016212,0.000000,-0.002864,0.019748,0.202660,0.031893,-0.100942,-2.739048,0.000057,-0.000326,0.000000,0.000000,0.000000,0.000000
-0.950000,0.246075,0.000000,-0.000465,-0.013751,0.000000,-0.002922,0.017770,0.270877,0.032219,-0.098077,-3.390540,0.000053,-0.000329,0.000000,0.000000,0.000000,0.000000
1.000000,2.822630,0.000000,-0.000286,0.014475,0.000000,-0.002975,-0.020902,3.201530,0.032548,0.122996,-37.586159,0.000004,-0.000378,0.000000,0.000000,0.000000,0.000000
-1.540000,-1.027727,0.000000,-0.000168,-0.022292,0.000000,-0.000693,0.022708,-1.036476,0.022500,-0.040538,40.109367,0.000042,0.000651,0.000000,0.000000,0.000000,0.000000
-4.330000,-4.038533,0.000000,-0.000174,-0.062677,0.000000,-0.000735,0.063997,-4.071207,0.021850,-0.114249,157.546814,0.000096,0.002673,0.000000,0.000000,0.000000,0.000000
-0.810000,5.095209,0.000000,-0.000163,-0.011725,0.000000,-0.000830,0.012091,5.171991,0.019177,-0.029395,-146.967133,0.000130,-0.002867,0.000000,0.000000,0.000000,0.000000
-3.090000,-3.300306,0.000000,0.000012,-0.044728,0.000000,-0.000961,0.048087,-3.383167,0.022044,-0.146498,76.717796,0.000066,0.001062,0.000000,0.000000,0.000000,0.000000
-5.840000,-3.980632,0.000000,0.000083,-0.084534,0.000000,-0.001027,0.094035,-4.128363,0.020982,-0.340933,78.664391,0.000176,0.000565,0.000000,0.000000,0.000000,0.000000
4.630000,15.155352,0.000000,0.000032,0.067019,0.000000,-0.001203,-0.077402,15.931697,0.020417,0.322320,-264.306549,0.000092,-0.004134,0.000000,0.000000,0.000000,0.000000
5.260000,0.911927,0.000000,0.000436,0.076139,0.000000,-0.001295,-0.091421,0.972390,0.024551,0.426013,-14.416044,-0.000229,0.000887,0.000000,0.000000,0.000000,0.000000
-5.420000,-15.459328,0.000000,0.000869,-0.078455,0.000000,-0.001066,0.100595,-16.820089,0.023664,-0.514190,227.331955,-0.000046,0.002912,0.000000,0.000000,0.000000,0.000000
-1.690000,5.399184,0.000000,0.000854,-0.024463,0.000000,-0.001020,0.033859,5.991652,0.020752,-0.186878,-74.997025,0.000205,-0.001931,0.000000,0.000000,0.000000,0.000000
2.780000,6.470337,0.000000,0.001001,0.040241,0.000000,-0.001225,-0.055561,7.342140,0.022683,0.326950,-86.197151,-0.000012,-0.000744,0.000000,0.000000,0.000000,0.000000
1.550000,-1.780428,0.000000,0.001342,0.022436,0.000000,-0.001213,-0.031731,-2.073923,0.023427,0.197025,23.074682,-0.000125,0.000971,0.000000,0.000000,0.000000,0.000000
-1.570000,-4.516208,0.000000,0.001641,-0.022726,0.000000,-0.001088,0.039059,-5.395604,0.022456,-0.253728,57.381378,0.000004,0.000398,0.000000,0.000000,0.000000,0.000000
-2.580000,-0.477676,0.000000,-0.000700,-0.037346,0.000000,-0.001321,0.037586,-0.482144,0.027057,-0.067101,18.657919,0.000093,0.000171,0.000000,0.000000,0.000000,0.000000
-5.240000,-3.850357,0.000000,-0.000736,-0.075849,0.000000,-0.001413,0.076908,-3.881638,0.026886,-0.137299,150.210907,0.000134,0.002473,0.000000,0.000000,0.000000,0.000000
-3.740000,2.171254,0.000000,-0.000720,-0.054137,0.000000,-0.001548,0.055860,2.203460,0.024414,-0.135805,-62.613449,0.000193,-0.001558,0.000000,0.000000,0.000000,0.000000
1.720000,7.903364,0.000000,-0.000639,0.024897,0.000000,-0.001740,-0.027447,8.098409,0.025971,0.083617,-183.642181,0.000079,-0.003248,0.000000,0.000000,0.000000,0.000000
3.340000,2.344954,0.000000,-0.000317,0.048347,0.000000,-0.001819,-0.054080,2.429856,0.029220,0.196073,-46.299976,-0.000100,-0.000340,0.000000,0.000000,0.000000,0.000000
-4.850000,-11.855046,0.000000,0.000073,-0.070204,0.000000,-0.001718,0.081204,-12.465103,0.029560,-0.338150,206.795837,-0.000016,0.003002,0.000000,0.000000,0.000000,0.000000
-3.530000,1.910703,0.000000,0.000108,-0.051097,0.000000,-0.001702,0.061837,2.039373,0.026558,-0.288152,-30.234447,0.000206,-0.001357,0.000000,0.000000,0.000000,0.000000
-2.890000,0.926402,0.000000,0.000199,-0.041833,0.000000,-0.001908,0.053304,1.005654,0.027916,-0.272461,-13.591922,0.000163,-0.000992,0.000000,0.000000,0.000000,0.000000
-3.180000,-0.419776,0.000000,0.000319,-0.046031,0.000000,-0.002071,0.061990,-0.468504,0.028908,-0.342138,5.864233,0.000159,-0.000813,0.000000,0.000000,0.000000,0.000000
3.230000,9.278491,0.000000,0.000428,0.046754,0.000000,-0.002230,-0.065597,10.529614,0.029720,0.386005,-123.618317,0.000022,-0.001295,0.000000,0.000000,0.000000,0.000000
-3.350000,-9.524567,0.000000,0.000807,-0.048491,0.000000,-0.002251,0.074158,-11.080816,0.031015,-0.460464,123.286324,-0.000009,0.001091,0.000000,0.000000,0.000000,0.000000
-1.240000,-7.512538,0.000000,-0.000539,-0.017949,0.000000,-0.001153,0.017891,-7.572950,0.026618,-0.031939,293.056610,-0.000095,0.005461,0.000000,0.000000,0.000000,0.000000
-3.200000,-2.837105,0.000000,-0.000523,-0.046320,0.000000,-0.001058,0.046891,-2.860190,0.021157,-0.083712,110.683121,0.000073,0.001859,0.000000,0.000000,0.000000,0.000000
-3.360000,-0.231600,0.000000,-0.000472,-0.048636,0.000000,-0.001131,0.050367,-0.235757,0.019298,-0.122451,6.699267,0.000132,-0.000208,0.000000,0.000000,0.000000,0.000000
-1.370000,2.880530,0.000000,-0.000432,-0.019831,0.000000,-0.001262,0.020850,2.951204,0.019505,-0.063519,-66.922462,0.000112,-0.001439,0.000000,0.000000,0.000000,0.000000
2.760000,5.978186,0.000000,-0.000306,0.039951,0.000000,-0.001374,-0.044737,6.197337,0.020944,0.162200,-118.087906,-0.000004,-0.001795,0.000000,0.000000,0.000000,0.000000
-0.240000,-4.342508,0.000000,0.000000,-0.003474,0.000000,-0.001370,0.004014,-4.566682,0.022739,-0.016717,75.761169,-0.000076,0.001393,0.000000,0.000000,0.000000,0.000000
-2.100000,-2.692354,0.000000,0.000175,-0.030398,0.000000,-0.001295,0.036921,-2.877750,0.021346,-0.172047,42.663692,0.000046,0.000340,0.000000,0.000000,0.000000,0.000000
5.040000,10.335168,0.000000,0.000271,0.072954,0.000000,-0.001340,-0.092173,11.241756,0.021006,0.471144,-151.937973,-0.000037,-0.001603,0.000000,0.000000,0.000000,0.000000
-0.160000,-7.527013,0.000000,0.000672,-0.002316,0.000000,-0.001304,0.003996,-8.358189,0.022609,-0.022057,104.618790,-0.000147,0.001924,0.000000,0.000000,0.000000,0.000000
-4.170000,-5.804485,0.000000,0.000857,-0.060361,0.000000,-0.001156,0.086683,-6.591313,0.020685,-0.510085,77.382416,0.000110,0.000082,0.000000,0.000000,0.000000,0.000000
-3.050000,1.621203,0.000000,0.000881,-0.044149,0.000000,-0.001266,0.067737,1.882916,0.020603,-0.420592,-20.949520,0.000219,-0.001535,0.000000,0.000000,0.000000,0.000000
-4.870000,-13.968399,0.000000,-0.000218,-0.070493,0.000000,-0.000729,0.072009,-14.080049,0.021993,-0.128553,544.867126,-0.000072,0.009972,0.000000,0.000000,0.000000,0.000000
-5.210000,-0.492151,0.000000,-0.000354,-0.075415,0.000000,-0.000657,0.076854,-0.496359,0.012021,-0.137202,19.208006,0.000199,-0.000026,0.000000,0.000000,0.000000,0.000000
1.510000,9.727218,0.000000,-0.000451,0.021857,0.000000,-0.000855,-0.023329,9.874680,0.012047,0.056717,-280.598572,0.000124,-0.005160,0.000000,0.000000,0.000000,0.000000
0.340000,-1.693578,0.000000,-0.000237,0.004922,0.000000,-0.000979,-0.005544,-1.736324,0.017206,0.016890,39.373444,-0.000048,0.000801,0.000000,0.000000,0.000000,0.000000
2.730000,3.459531,0.000000,-0.000078,0.039517,0.000000,-0.000931,-0.044001,3.586107,0.016406,0.159531,-68.331902,-0.000051,-0.000864,0.000000,0.000000,0.000000,0.000000
-0.750000,-5.037309,0.000000,0.000186,-0.010856,0.000000,-0.000880,0.012759,-5.296856,0.017270,-0.053133,87.874756,-0.000066,0.001522,0.000000,0.000000,0.000000,0.000000
0.670000,2.055454,0.000000,0.000300,0.009698,0.000000,-0.000814,-0.011350,2.194666,0.015748,0.052891,-32.536728,0.000011,-0.000476,0.000000,0.000000,0.000000,0.000000
-1.670000,-3.387156,0.000000,0.000476,-0.024173,0.000000,-0.000825,0.031259,-3.686254,0.016224,-0.159781,49.821568,0.000015,0.000512,0.000000,0.000000,0.000000,0.000000
-3.540000,-2.706830,0.000000,0.000556,-0.051242,0.000000,-0.000840,0.069275,-3.006524,0.015712,-0.382351,37.632427,0.000130,-0.000323,0.000000,0.000000,0.000000,0.000000
4.640000,11.840571,0.000000,0.000560,0.067164,0.000000,-0.000970,-0.094309,13.439024,0.016034,0.554961,-157.774948,-0.000001,-0.001486,0.000000,0.000000,0.000000,0.000000
-2.550000,-10.407542,0.000000,0.000911,-0.036911,0.000000,-0.000969,0.056894,-12.106616,0.017520,-0.353270,134.699493,-0.000075,0.001598,0.000000,0.000000,0.000000,0.000000
-3.210000,3.864832,0.000000,0.000096,-0.046465,0.000000,-0.000331,0.047719,3.895093,0.018127,-0.085190,-150.731613,0.000203,-0.003087,0.000000,0.000000,0.000000,0.000000
0.510000,5.384709,0.000000,0.000015,0.007382,0.000000,-0.000534,-0.007544,5.426984,0.021214,0.013467,-210.012466,0.000082,-0.003934,0.000000,0.000000,0.000000,0.000000
-14.810000,-22.175739,0.000000,0.000282,-0.214375,0.000000,-0.000616,0.224474,-22.513702,0.025149,-0.545738,639.748657,0.000181,0.010645,0.000000,0.000000,0.000000,0.000000
2.040000,24.390419,0.000000,-0.000169,0.029529,0.000000,-0.000797,-0.031919,24.994980,0.014504,0.097243,-566.794250,0.000387,-0.010489,0.000000,0.000000,0.000000,0.000000
1.970000,-0.101325,0.000000,0.000143,0.028516,0.000000,-0.001183,-0.031531,-0.106399,0.024993,0.114319,2.027389,-0.000088,0.000367,0.000000,0.000000,0.000000,0.000000
-0.090000,-2.981855,0.000000,0.000450,-0.001303,0.000000,-0.001095,0.002025,-3.136461,0.024626,-0.008432,52.033848,-0.000054,0.000962,0.000000,0.000000,0.000000,0.000000
0.200000,0.419776,0.000000,0.000670,0.002895,0.000000,-0.001041,-0.002687,0.446596,0.023664,0.012521,-6.620950,0.000001,-0.000093,0.000000,0.000000,0.000000,0.000000
4.710000,6.528237,0.000000,0.000907,0.068177,0.000000,-0.001043,-0.085310,7.099757,0.023757,0.436060,-95.956779,-0.000096,-0.000637,0.000000,0.000000,0.000000,0.000000
-5.450000,-14.706625,0.000000,0.001341,-0.078889,0.000000,-0.000946,0.107302,-16.329050,0.024395,-0.592232,204.389420,-0.000019,0.002269,0.000000,0.000000,0.000000,0.000000
-6.370000,-1.331703,0.000000,0.001355,-0.092206,0.000000,-0.000928,0.132479,-1.514524,0.022125,-0.779572,17.780607,0.000330,-0.001776,0.000000,0.000000,0.000000,0.000000
-4.000000,-2.098879,0.000000,-0.000952,-0.057900,0.000000,-0.001598,0.058376,-2.116261,0.028336,-0.104214,81.894684,0.000117,0.001272,0.000000,0.000000,0.000000,0.000000
-2.720000,1.852803,0.000000,-0.001040,-0.039372,0.000000,-0.001715,0.039248,1.866888,0.027063,-0.070066,-72.244499,0.000141,-0.001560,0.000000,0.000000,0.000000,0.000000
-0.780000,2.808155,0.000000,-0.000888,-0.011291,0.000000,-0.001857,0.010878,2.849909,0.028623,-0.026447,-80.982910,0.000083,-0.001602,0.000000,0.000000,0.000000,0.000000
4.220000,7.237512,0.000000,-0.000652,0.061085,0.000000,-0.001940,-0.066355,7.415851,0.030225,0.202153,-168.164246,-0.000039,-0.002634,0.000000,0.000000,0.000000,0.000000
7.440000,4.660958,0.000000,-0.000196,0.107694,0.000000,-0.001901,-0.119898,4.830945,0.032860,0.434702,-92.051834,-0.000233,-0.000562,0.000000,0.000000,0.000000,0.000000
-2.880000,-14.938227,0.000000,0.000401,-0.041688,0.000000,-0.001668,0.048633,-15.706800,0.033422,-0.202518,260.575562,-0.000165,0.004387,0.000000,0.000000,0.000000,0.000000
-1.960000,1.331703,0.000000,0.000551,-0.028371,0.000000,-0.001502,0.034927,1.420491,0.029035,-0.162757,-21.059296,0.000122,-0.000847,0.000000,0.000000,0.000000,0.000000
-2.110000,-0.217125,0.000000,0.000744,-0.030542,0.000000,-0.001624,0.039676,-0.238774,0.029882,-0.202806,3.227155,0.000103,-0.000486,0.000000,0.000000,0.000000,0.000000
-2.380000,-0.390826,0.000000,0.000936,-0.034451,0.000000,-0.001727,0.047327,-0.436847,0.030368,-0.261210,5.467975,0.000120,-0.000602,0.000000,0.000000,0.000000,0.000000
2.660000,10.349644,0.000000,-0.001102,0.038504,0.000000,-0.001874,-0.040472,10.431127,0.033837,0.072251,-403.661804,0.000088,-0.007447,0.000000,0.000000,0.000000,0.000000
-4.970000,-11.044444,0.000000,-0.000916,-0.071941,0.000000,-0.001962,0.072722,-11.133304,0.041284,-0.129825,430.834534,-0.000014,0.007820,0.000000,0.000000,0.000000,0.000000
-7.210000,-3.242406,0.000000,-0.000805,-0.104365,0.000000,-0.001947,0.108296,-3.292793,0.033463,-0.263288,93.567909,0.000231,0.001045,0.000000,0.000000,0.000000,0.000000
-7.700000,-0.709276,0.000000,-0.000804,-0.111458,0.000000,-0.002178,0.118930,-0.728188,0.032418,-0.362327,16.512625,0.000307,-0.000669,0.000000,0.000000,0.000000,0.000000
-5.610000,3.025280,0.000000,-0.000833,-0.081205,0.000000,-0.002486,0.089318,3.135146,0.033087,-0.323831,-59.739006,0.000300,-0.002006,0.000000,0.000000,0.000000,0.000000
5.520000,16.110704,0.000000,-0.000775,0.079902,0.000000,-0.002786,-0.093221,16.935415,0.035093,0.388192,-280.958252,0.000068,-0.004266,0.000000,0.000000,0.000000,0.000000
-7.770000,-19.237309,0.000000,-0.000240,-0.112471,0.000000,-0.002854,0.135534,-20.553789,0.039360,-0.631575,304.717438,-0.000023,0.004069,0.000000,0.000000,0.000000,0.000000
-0.220000,8.048115,0.000000,-0.000658,-0.003185,0.000000,-0.001323,0.002657,8.111402,0.028907,-0.004743,-313.893555,0.000161,-0.005964,0.000000,0.000000,0.000000,0.000000
3.740000,5.732110,0.000000,-0.000597,0.054137,0.000000,-0.001484,-0.056041,5.776824,0.034871,0.100046,-223.550476,-0.000043,-0.003951,0.000000,0.000000,0.000000,0.000000
-3.250000,-10.118043,0.000000,-0.000079,-0.047044,0.000000,-0.001441,0.049113,-10.273188,0.038822,-0.119403,291.922546,-0.000062,0.005212,0.000000,0.000000,0.000000,0.000000
-8.200000,-7.165138,0.000000,0.000110,-0.118695,0.000000,-0.001380,0.127692,-7.344418,0.033610,-0.389020,166.544403,0.000206,0.002092,0.000000,0.000000,0.000000,0.000000
-4.250000,5.717635,0.000000,0.000075,-0.061519,0.000000,-0.001586,0.068450,5.926554,0.031518,-0.248172,-112.928246,0.000297,-0.002813,0.000000,0.000000,0.000000,0.000000
2.480000,9.741693,0.000000,0.000215,0.035898,0.000000,-0.001883,-0.041231,10.239384,0.034332,0.171694,-169.871201,0.000082,-0.002747,0.000000,0.000000,0.000000,0.000000
-5.350000,-11.333945,0.000000,0.000647,-0.077441,0.000000,-0.001965,0.094303,-12.110806,0.037079,-0.439443,179.547119,0.000026,0.002216,0.000000,0.000000,0.000000,0.000000
-4.320000,1.490927,0.000000,0.000747,-0.062532,0.000000,-0.001991,0.080248,1.619015,0.034863,-0.410185,-21.881800,0.000248,-0.001528,0.000000,0.000000,0.000000,0.000000
1.720000,8.742916,0.000000,0.000895,0.024897,0.000000,-0.002238,-0.032102,9.702365,0.036391,0.177178,-121.443733,0.000096,-0.001817,0.000000,0.000000,0.000000,0.000000
2.440000,1.042202,0.000000,0.001302,0.035319,0.000000,-0.002335,-0.048166,1.178873,0.038208,0.283435,-13.840045,-0.000108,0.000508,0.000000,0.000000,0.000000,0.000000
1.390000,-1.519878,0.000000,0.001748,0.020120,0.000000,-0.002227,-0.027637,-1.772518,0.037700,0.171606,19.721224,-0.000108,0.000837,0.000000,0.000000,0.000000,0.000000
-3.000000,-9.408766,0.000000,-0.001813,-0.043425,0.000000,-0.002747,0.042702,-9.484580,0.041324,-0.076233,367.032501,-0.000064,0.006742,0.000000,0.000000,0.000000,0.000000
-4.230000,-1.780428,0.000000,-0.001833,-0.061229,0.000000,-0.002683,0.060816,-1.795395,0.034582,-0.108571,69.477852,0.000131,0.001009,0.000000,0.000000,0.000000,0.000000
-1.100000,4.530683,0.000000,-0.001707,-0.015923,0.000000,-0.002814,0.014865,4.598517,0.033572,-0.036141,-130.671310,0.000127,-0.002574,0.000000,0.000000,0.000000,0.000000
-1.180000,-0.115800,0.000000,-0.001448,-0.017081,0.000000,-0.002941,0.016802,-0.120058,0.036146,-0.051188,2.722480,0.000043,-0.000082,0.000000,0.000000,0.000000,0.000000
3.690000,7.049337,0.000000,-0.001203,0.053413,0.000000,-0.002984,-0.060695,7.307329,0.036228,0.220055,-139.238373,-0.000026,-0.002041,0.000000,0.000000,0.000000,0.000000
-1.300000,-7.223038,0.000000,-0.000753,-0.018818,0.000000,-0.002958,0.020874,-7.595723,0.038270,-0.086923,126.012909,-0.000087,0.002155,0.000000,0.000000,0.000000,0.000000
-3.700000,-3.474006,0.000000,-0.000525,-0.053558,0.000000,-0.002871,0.064044,-3.713520,0.036115,-0.298439,55.054268,0.000103,0.000231,0.000000,0.000000,0.000000,0.000000
-2.680000,1.476453,0.000000,-0.000404,-0.038793,0.000000,-0.002974,0.048683,1.603745,0.035884,-0.248842,-21.675419,0.000162,-0.001084,0.000000,0.000000,0.000000,0.000000
-5.190000,-3.633231,0.000000,-0.000244,-0.075125,0.000000,-0.003136,0.100149,-4.036180,0.036968,-0.552753,50.520550,0.000194,-0.000537,0.000000,0.000000,0.000000,0.000000
0.040000,7.570438,0.000000,-0.000192,0.000579,0.000000,-0.003330,-0.001091,8.590500,0.037504,0.006422,-100.852989,0.000159,-0.001891,0.000000,0.000000,0.000000,0.000000
-6.320000,-9.814068,0.000000,-0.000733,-0.091482,0.000000,-0.001373,0.092985,-9.892809,0.027910,-0.166000,382.830048,0.000064,0.006803,0.000000,0.000000,0.000000,0.000000
-0.360000,8.627115,0.000000,-0.000913,-0.005211,0.000000,-0.001437,0.004401,8.695223,0.021106,-0.007857,-336.486176,0.000176,-0.006405,0.000000,0.000000,0.000000,0.000000
-4.700000,-6.282161,0.000000,-0.000675,-0.068033,0.000000,-0.001613,0.070439,-6.378552,0.027511,-0.171250,181.252731,0.000069,0.002981,0.000000,0.000000,0.000000,0.000000
-5.820000,-1.621203,0.000000,-0.000646,-0.084245,0.000000,-0.001683,0.089852,-1.662417,0.024531,-0.273739,37.697510,0.000211,-0.000032,0.000000,0.000000,0.000000,0.000000
3.020000,12.795922,0.000000,-0.000672,0.043715,0.000000,-0.001894,-0.049327,13.266069,0.024563,0.178841,-252.779922,0.000117,-0.004303,0.000000,0.000000,0.000000,0.000000
1.240000,-2.576555,0.000000,-0.000314,0.017949,0.000000,-0.002011,-0.021102,-2.710400,0.028866,0.087874,44.965496,-0.000109,0.001097,0.000000,0.000000,0.000000,0.000000
3.950000,3.922732,0.000000,-0.000036,0.057176,0.000000,-0.001903,-0.069092,4.188797,0.027768,0.321961,-62.100449,-0.000107,-0.000307,0.000000,0.000000,0.000000,0.000000
-4.970000,-12.911722,0.000000,0.000357,-0.071941,0.000000,-0.001795,0.091686,-14.048676,0.028075,-0.468651,189.874924,-0.000018,0.002328,0.000000,0.000000,0.000000,0.000000
-2.090000,4.168807,0.000000,0.000374,-0.030253,0.000000,-0.001778,0.040961,4.625653,0.025747,-0.226075,-57.898930,0.000198,-0.001712,0.000000,0.000000,0.000000,0.000000
-4.260000,-3.141081,0.000000,0.000514,-0.061664,0.000000,-0.001976,0.088041,-3.568291,0.027459,-0.518077,41.891953,0.000170,-0.000605,0.000000,0.000000,0.000000,0.000000
2.280000,9.466667,0.000000,0.000566,0.033003,0.000000,-0.002146,-0.048795,11.007014,0.028064,0.302976,-122.465210,0.000076,-0.001498,0.000000,0.000000,0.000000,0.000000
-3.120000,2.808155,0.000000,-0.000507,-0.045162,0.000000,-0.001111,0.045786,2.829832,0.026196,-0.081739,-109.508316,0.000177,-0.002292,0.000000,0.000000,0.000000,0.000000
-5.690000,-3.720082,0.000000,-0.000566,-0.082363,0.000000,-0.001288,0.083752,-3.750377,0.028488,-0.149517,145.131393,0.000155,0.002348,0.000000,0.000000,0.000000,0.000000
-4.750000,1.360652,0.000000,-0.000548,-0.068756,0.000000,-0.001444,0.071328,1.380462,0.026140,-0.173412,-39.227165,0.000219,-0.001216,0.000000,0.000000,0.000000,0.000000
4.200000,12.955148,0.000000,-0.000490,0.060795,0.000000,-0.001662,-0.065870,13.275455,0.027356,0.200675,-301.038574,0.000073,-0.005155,0.000000,0.000000,0.000000,0.000000
6.520000,3.358207,0.000000,-0.000032,0.094377,0.000000,-0.001735,-0.104917,3.480195,0.032511,0.380388,-66.313805,-0.000218,-0.000217,0.000000,0.000000,0.000000,0.000000
-0.170000,-9.683792,0.000000,0.000526,-0.002461,0.000000,-0.001517,0.003452,-10.182769,0.032729,-0.014373,168.931961,-0.000183,0.003160,0.000000,0.000000,0.000000,0.000000
7.690000,11.377371,0.000000,0.000797,0.111313,0.000000,-0.001334,-0.133463,12.152154,0.029568,0.621924,-180.160110,-0.000131,-0.001735,0.000000,0.000000,0.000000,0.000000
-3.730000,-16.530479,0.000000,0.001411,-0.053992,0.000000,-0.001204,0.070259,-17.986200,0.031303,-0.359131,243.092529,-0.000150,0.003635,0.000000,0.000000,0.000000,0.000000
0.230000,5.732111,0.000000,0.001548,0.003329,0.000000,-0.001053,-0.002383,6.360282,0.027668,0.013151,-79.611145,0.000114,-0.001479,0.000000,0.000000,0.000000,0.000000
5.310000,17.543730,0.000000,-0.001296,0.076862,0.000000,-0.002195,-0.079932,17.682291,0.039404,0.142697,-684.266052,0.000118,-0.012568,0.000000,0.000000,0.000000,0.000000
-1.520000,-9.886442,0.000000,-0.000993,-0.022002,0.000000,-0.002313,0.021511,-9.966364,0.051972,-0.038402,385.676544,-0.000131,0.007222,0.000000,0.000000,0.000000,0.000000
-3.970000,-3.546381,0.000000,-0.000635,-0.057466,0.000000,-0.002182,0.059430,-3.601802,0.044750,-0.144485,102.348671,0.000093,0.001534,0.000000,0.000000,0.000000,0.000000
-3.100000,1.259327,0.000000,-0.000397,-0.044873,0.000000,-0.002275,0.047803,1.288725,0.043216,-0.145633,-29.223555,0.000154,-0.000950,0.000000,0.000000,0.000000,0.000000
-2.880000,0.318450,0.000000,-0.000123,-0.041688,0.000000,-0.002428,0.046191,0.327888,0.044166,-0.167471,-6.247772,0.000131,-0.000570,0.000000,0.000000,0.000000,0.000000
1.450000,6.267686,0.000000,0.000159,0.020989,0.000000,-0.002559,-0.024069,6.586524,0.044736,0.100228,-109.270317,0.000059,-0.001797,0.000000,0.000000,0.000000,0.000000
-3.000000,-6.441386,0.000000,0.000628,-0.043425,0.000000,-0.002619,0.053200,-6.884714,0.046533,-0.247908,102.068382,0.000013,0.001265,0.000000,0.000000,0.000000,0.000000
-5.860000,-4.139858,0.000000,0.000909,-0.084824,0.000000,-0.002632,0.108723,-4.507461,0.045267,-0.555738,60.920601,0.000209,-0.000352,0.000000,0.000000,0.000000,0.000000
-3.620000,3.242406,0.000000,0.001075,-0.052400,0.000000,-0.002841,0.071519,3.595223,0.045619,-0.394733,-45.001125,0.000261,-0.001919,0.000000,0.000000,0.000000,0.000000
0.140000,5.442609,0.000000,0.001341,0.002027,0.000000,-0.003102,-0.000970,6.173160,0.047539,0.005710,-72.473267,0.000114,-0.001353,0.000000,0.000000,0.000000,0.000000
-5.390000,-18.643833,0.000000,-0.002518,-0.078020,0.000000,-0.003628,0.077420,-18.793268,0.049421,-0.138212,727.258423,-0.000147,0.013399,0.000000,0.000000,0.000000,0.000000
0.700000,8.815290,0.000000,-0.002612,0.010133,0.000000,-0.003482,-0.013049,8.884590,0.036022,0.023296,-343.814240,0.000133,-0.006472,0.000000,0.000000,0.000000,0.000000
0.410000,-0.419776,0.000000,-0.002217,0.005935,0.000000,-0.003615,-0.008524,-0.427453,0.042494,0.020724,12.146492,-0.000031,0.000298,0.000000,0.000000,0.000000,0.000000
0.310000,-0.144750,0.000000,-0.001852,0.004487,0.000000,-0.003584,-0.006813,-0.149935,0.042196,0.020757,3.399979,-0.000021,0.000120,0.000000,0.000000,0.000000,0.000000
-2.710000,-4.371458,0.000000,-0.001505,-0.039227,0.000000,-0.003562,0.041921,-4.534355,0.042076,-0.151988,86.400414,0.000028,0.001225,0.000000,0.000000,0.000000,0.000000
-0.770000,2.808155,0.000000,-0.001303,-0.011146,0.000000,-0.003590,0.011373,2.950150,0.040851,-0.047360,-48.942940,0.000087,-0.001057,0.000000,0.000000,0.000000,0.000000
-0.840000,-0.101325,0.000000,-0.001026,-0.012159,0.000000,-0.003677,0.013444,-0.110683,0.041908,-0.062649,1.640915,0.000034,-0.000136,0.000000,0.000000,0.000000,0.000000
-2.290000,-2.098879,0.000000,-0.000761,-0.033148,0.000000,-0.003711,0.041072,-2.286078,0.042045,-0.209939,30.897488,0.000068,0.000017,0.000000,0.000000,0.000000,0.000000
-1.340000,1.375127,0.000000,-0.000563,-0.019397,0.000000,-0.003778,0.025189,1.523549,0.042027,-0.139025,-19.070137,0.000097,-0.000737,0.000000,0.000000,0.000000,0.000000
-0.970000,0.535576,0.000000,-0.000330,-0.014041,0.000000,-0.003875,0.019415,0.604549,0.042764,-0.114246,-7.097437,0.000064,-0.000442,0.000000,0.000000,0.000000,0.000000
-1.580000,-0.882977,0.000000,-0.000084,-0.022871,0.000000,-0.003939,0.034277,-1.030741,0.043206,-0.212836,11.468129,0.000073,-0.000358,0.000000,0.000000,0.000000,0.000000
-4.210000,3.575331,0.000000,-0.000716,-0.060940,0.000000,-0.001378,0.061733,3.603051,0.028825,-0.110207,-139.430206,0.000235,-0.002938,0.000000,0.000000,0.000000,0.000000
-3.850000,0.521101,0.000000,-0.000811,-0.055729,0.000000,-0.001613,0.056230,0.524463,0.031762,-0.100384,-20.295572,0.000162,-0.000650,0.000000,0.000000,0.000000,0.000000
-6.080000,-3.227931,0.000000,-0.000663,-0.088008,0.000000,-0.001774,0.091340,-3.278074,0.032413,-0.222065,93.149635,0.000185,0.001164,0.000000,0.000000,0.000000,0.000000
2.100000,11.840571,0.000000,-0.000624,0.030398,0.000000,-0.001959,-0.033343,12.133072,0.031248,0.101580,-275.133514,0.000139,-0.004937,0.000000,0.000000,0.000000,0.000000
1.020000,-1.563303,0.000000,-0.000221,0.014765,0.000000,-0.002098,-0.016654,-1.622734,0.036185,0.060380,30.920576,-0.000076,0.000758,0.000000,0.000000,0.000000,0.000000
0.930000,-0.130275,0.000000,0.000131,0.013462,0.000000,-0.002022,-0.015404,-0.139133,0.035427,0.064144,2.308210,-0.000044,0.000216,0.000000,0.000000,0.000000,0.000000
-3.510000,-6.426911,0.000000,0.000480,-0.050807,0.000000,-0.001978,0.061936,-6.868430,0.035212,-0.288616,101.826973,0.000038,0.001147,0.000000,0.000000,0.000000,0.000000
-4.070000,-0.810602,0.000000,0.000640,-0.058913,0.000000,-0.002016,0.075523,-0.884666,0.034065,-0.386037,11.956708,0.000187,-0.000820,0.000000,0.000000,0.000000,0.000000
-2.950000,1.621203,0.000000,0.000781,-0.042701,0.000000,-0.002203,0.058155,1.796503,0.034885,-0.320973,-22.486691,0.000191,-0.001293,0.000000,0.000000,0.000000,0.000000
4.560000,10.870745,0.000000,0.000973,0.066006,0.000000,-0.002394,-0.092084,12.336119,0.036177,0.541868,-144.826767,-0.000016,-0.001274,0.000000,0.000000,0.000000,0.000000
-6.830000,-17.008154,0.000000,-0.001500,-0.098864,0.000000,-0.002386,0.099782,-17.144360,0.038986,-0.178134,663.449341,-0.000055,0.012083,0.000000,0.000000,0.000000,0.000000
-3.710000,4.516208,0.000000,-0.001675,-0.053702,0.000000,-0.002331,0.053271,4.551508,0.026903,-0.095101,-176.133438,0.000230,-0.003615,0.000000,0.000000,0.000000,0.000000
-5.750000,-2.952905,0.000000,-0.001555,-0.083231,0.000000,-0.002561,0.085412,-2.998722,0.030518,-0.207652,85.211586,0.000174,0.001058,0.000000,0.000000,0.000000,0.000000
-8.250000,-3.618756,0.000000,-0.001543,-0.119419,0.000000,-0.002735,0.126693,-3.709621,0.029459,-0.385976,84.120575,0.000272,0.000547,0.000000,0.000000,0.000000,0.000000
-1.700000,9.481142,0.000000,-0.001656,-0.024608,0.000000,-0.003007,0.025506,9.829181,0.028912,-0.092476,-187.291290,0.000255,-0.003798,0.000000,0.000000,0.000000,0.000000
2.020000,5.384709,0.000000,-0.001491,0.029240,0.000000,-0.003262,-0.035508,5.659447,0.032710,0.147864,-93.890121,0.000011,-0.001371,0.000000,0.000000,0.000000,0.000000
3.010000,1.433028,0.000000,-0.001176,0.043570,0.000000,-0.003272,-0.054037,1.529052,0.034081,0.251805,-22.668745,-0.000117,0.000254,0.000000,0.000000,0.000000,0.000000
4.920000,2.764730,0.000000,-0.000827,0.071217,0.000000,-0.003155,-0.091364,3.005594,0.033826,0.467006,-40.622108,-0.000190,0.000494,0.000000,0.000000,0.000000,0.000000
3.300000,-2.344954,0.000000,-0.000404,0.047768,0.000000,-0.002965,-0.064427,-2.605636,0.033333,0.355589,32.614540,-0.000223,0.001579,0.000000,0.000000,0.000000,0.000000
0.000000,-4.776759,0.000000,-0.000053,0.000000,0.000000,-0.002742,-0.000074,-5.424990,0.031754,0.000438,63.689705,-0.000103,0.001204,0.000000,0.000000,0.000000,0.000000
5.580000,8.077065,0.000000,0.000160,0.080771,0.000000,-0.002639,-0.121260,9.390984,0.030550,0.752933,-104.485069,-0.000150,0.000056,0.000000,0.000000,0.000000,0.000000
-2.590000,-2.026504,0.000000,0.000107,-0.037490,0.000000,-0.000467,0.038558,-2.043259,0.024408,-0.068835,79.069649,0.000066,0.001311,0.000000,0.000000,0.000000,0.000000
-1.120000,2.127829,0.000000,0.000066,-0.016212,0.000000,-0.000533,0.016667,2.144151,0.023097,-0.029754,-82.973969,0.000086,-0.001654,0.000000,0.000000,0.000000,0.000000
-1.960000,-1.215902,0.000000,0.000264,-0.028371,0.000000,-0.000618,0.029945,-1.235278,0.024751,-0.072802,35.101601,0.000057,0.000471,0.000000,0.000000,0.000000,0.000000
-1.530000,0.622426,0.000000,0.000424,-0.022147,0.000000,-0.000676,0.024260,0.636738,0.024281,-0.073908,-14.438877,0.000078,-0.000474,0.000000,0.000000,0.000000,0.000000
0.150000,2.431804,0.000000,0.000606,0.002171,0.000000,-0.000753,-0.001739,2.519944,0.024755,0.006305,-48.016579,0.000043,-0.000891,0.000000,0.000000,0.000000,0.000000
-3.550000,-5.355760,0.000000,0.000866,-0.051386,0.000000,-0.000796,0.060377,-5.632348,0.025646,-0.251422,93.440552,0.000057,0.001091,0.000000,0.000000,0.000000,0.000000
3.200000,9.770642,0.000000,0.000970,0.046320,0.000000,-0.000853,-0.054766,10.435958,0.024555,0.255205,-154.716873,0.000049,-0.002241,0.000000,0.000000,0.000000,0.000000
-3.190000,-9.249541,0.000000,0.001370,-0.046175,0.000000,-0.000902,0.060295,-10.065046,0.026796,-0.308198,136.034164,-0.000028,0.001746,0.000000,0.000000,0.000000,0.000000
-5.650000,-3.560856,0.000000,0.001507,-0.081784,0.000000,-0.000875,0.111396,-3.955914,0.025050,-0.614827,49.515865,0.000226,-0.000729,0.000000,0.000000,0.000000,0.000000
5.460000,16.081755,0.000000,0.001550,0.079034,0.000000,-0.001101,-0.109714,18.251858,0.025779,0.645612,-214.277908,0.000048,-0.002310,0.000000,0.000000,0.000000,0.000000
1.100000,-6.311111,0.000000,0.002068,0.015923,0.000000,-0.001150,-0.020840,-7.344269,0.028089,0.129403,81.713112,-0.000196,0.001902,0.000000,0.000000,0.000000,0.000000
-4.980000,0.361876,0.000000,-0.001066,-0.072086,0.000000,-0.001905,0.072804,0.363852,0.036662,-0.129972,-14.080297,0.000204,-0.000622,0.000000,0.000000,0.000000,0.000000
-1.150000,5.543935,0.000000,-0.001173,-0.016646,0.000000,-0.002109,0.015843,5.587118,0.037284,-0.028283,-216.209229,0.000148,-0.004169,0.000000,0.000000,0.000000,0.000000
-5.570000,-6.397961,0.000000,-0.000835,-0.080626,0.000000,-0.002258,0.083440,-6.496589,0.041453,-0.202858,184.606873,0.000102,0.002955,0.000000,0.000000,0.000000,0.000000
-1.070000,6.513762,0.000000,-0.000712,-0.015488,0.000000,-0.002360,0.015882,6.673787,0.038499,-0.048385,-151.336975,0.000169,-0.003002,0.000000,0.000000,0.000000,0.000000
3.840000,7.107237,0.000000,-0.000390,0.055584,0.000000,-0.002529,-0.062204,7.366912,0.041501,0.225528,-140.373718,-0.000029,-0.002042,0.000000,0.000000,0.000000,0.000000
-1.910000,-8.323140,0.000000,0.000144,-0.027647,0.000000,-0.002500,0.032112,-8.752846,0.043543,-0.133723,145.209579,-0.000079,0.002392,0.000000,0.000000,0.000000,0.000000
-5.640000,-5.399184,0.000000,0.000428,-0.081639,0.000000,-0.002421,0.099108,-5.770890,0.041152,-0.461832,85.555534,0.000159,0.000366,0.000000,0.000000,0.000000,0.000000
-3.080000,-13.953924,0.000000,-0.001935,-0.044583,0.000000,-0.002896,0.043766,-14.065912,0.042586,-0.078132,544.320068,-0.000148,0.010095,0.000000,0.000000,0.000000,0.000000
6.710000,14.171051,0.000000,-0.001954,0.097127,0.000000,-0.002748,-0.101449,14.283004,0.032491,0.181110,-552.721130,-0.000004,-0.009995,0.000000,0.000000,0.000000,0.000000
-7.730000,-20.901937,0.000000,-0.001306,-0.111892,0.000000,-0.002744,0.115643,-21.221008,0.042485,-0.281150,603.015442,-0.000089,0.010676,0.000000,0.000000,0.000000,0.000000
-1.390000,9.177166,0.000000,-0.001346,-0.020120,0.000000,-0.002655,0.020178,9.403663,0.031809,-0.061474,-213.240494,0.000233,-0.004224,0.000000,0.000000,0.000000,0.000000
-2.510000,-1.621203,0.000000,-0.001108,-0.036332,0.000000,-0.002888,0.039145,-1.682571,0.036033,-0.141923,32.060753,0.000074,0.000231,0.000000,0.000000,0.000000,0.000000
-2.210000,0.434251,0.000000,-0.000929,-0.031990,0.000000,-0.002962,0.035890,0.454642,0.035802,-0.149456,-7.542511,0.000106,-0.000548,0.000000,0.000000,0.000000,0.000000
-0.380000,2.648930,0.000000,-0.000743,-0.005501,0.000000,-0.003067,0.005745,2.827684,0.036350,-0.026771,-41.921436,0.000069,-0.000865,0.000000,0.000000,0.000000,0.000000
-7.040000,-9.640367,0.000000,-0.000485,-0.101904,0.000000,-0.003136,0.128615,-10.490100,0.037215,-0.657416,141.778961,0.000149,0.000908,0.000000,0.000000,0.000000,0.000000
-7.160000,-0.173701,0.000000,-0.000515,-0.103641,0.000000,-0.003285,0.137925,-0.195428,0.036307,-0.761250,2.446155,0.000369,-0.002015,0.000000,0.000000,0.000000,0.000000
-3.480000,9.553517,0.000000,-0.000613,-0.050373,0.000000,-0.001157,0.051006,9.628909,0.023696,-0.091058,-372.617798,0.000320,-0.007298,0.000000,0.000000,0.000000,0.000000
-2.620000,1.244852,0.000000,-0.000691,-0.037925,0.000000,-0.001476,0.038123,1.253984,0.030994,-0.068058,-48.526447,0.000126,-0.001089,0.000000,0.000000,0.000000,0.000000
-3.390000,-1.114577,0.000000,-0.000495,-0.049070,0.000000,-0.001602,0.050797,-1.132603,0.032084,-0.123497,32.183998,0.000116,0.000277,0.000000,0.000000,0.000000,0.000000
-5.270000,-2.721304,0.000000,-0.000339,-0.076283,0.000000,-0.001718,0.081625,-2.790179,0.031806,-0.248674,63.271019,0.000168,0.000525,0.000000,0.000000,0.000000,0.000000
