0.000000,0.145584,-0.000000,-0.000000,-0.000000,ovf,-0.000003,-0.061420,-0.000000,-0.000000,0.000000,ovf,-16076567.000000,ovf,-0.000001,ovf,0.000000,-0.000000
1.650000,2.721305,0.000000,0.000000,0.023884,0.000000,0.000000,-0.024026,2.726706,0.000000,0.021699,-208.572479,-0.000013,-0.003891,0.000000,0.000000,0.000000,0.000000
2.750000,1.592253,0.000000,0.000065,0.039806,0.000000,0.000013,-0.039978,1.595361,0.003891,0.036107,-122.033157,-0.000078,-0.002206,0.000000,0.000000,0.000000,0.000000
0.970000,-2.576555,0.000000,0.000235,0.014041,0.000000,0.000091,-0.014062,-2.592596,0.006096,0.022192,113.489525,-0.000087,0.002213,0.000000,0.000000,0.000000,0.000000
-1.250000,-3.213456,0.000000,0.000315,-0.018094,0.000000,0.000178,0.019111,-3.254357,0.003883,-0.042662,100.714760,-0.000010,0.001788,0.000000,0.000000,0.000000,0.000000
-1.350000,-0.144750,0.000000,0.000293,-0.019541,0.000000,0.000188,0.021122,-0.147993,0.002096,-0.060364,3.577458,0.000054,-0.000099,0.000000,0.000000,0.000000,0.000000
-1.710000,-0.521101,0.000000,0.000267,-0.024752,0.000000,0.000134,0.027499,-0.538360,0.002195,-0.094838,10.784051,0.000064,-0.000052,0.000000,0.000000,0.000000,0.000000
-2.270000,-0.810601,0.000000,0.000228,-0.032858,0.000000,0.000070,0.037746,-0.848498,0.002247,-0.150999,14.652919,0.000086,-0.000131,0.000000,0.000000,0.000000,0.000000
-0.320000,2.822630,0.000000,0.000165,-0.004632,0.000000,-0.000016,0.005711,2.999441,0.002378,-0.025755,-45.948696,0.000072,-0.000939,0.000000,0.000000,0.000000,0.000000
-1.090000,-1.114577,0.000000,0.000188,-0.015778,0.000000,-0.000088,0.019930,-1.205716,0.003317,-0.099155,16.742592,0.000031,0.000051,0.000000,0.000000,0.000000,0.000000
2.810000,5.645260,0.000000,0.000179,0.040675,0.000000,-0.000119,-0.053245,6.225732,0.003267,0.287338,-79.700020,-0.000026,-0.000732,0.000000,0.000000,0.000000,0.000000
0.090000,-3.937207,0.000000,0.000335,0.001303,0.000000,-0.000093,-0.001345,-4.437899,0.003999,0.007769,53.090649,-0.000088,0.001028,0.000000,0.000000,0.000000,0.000000
0.390000,0.434251,0.000000,0.000380,0.005645,0.000000,-0.000006,-0.007770,0.500560,0.002971,0.047489,-5.657918,-0.000011,0.000019,0.000000,0.000000,0.000000,0.000000
0.820000,0.622426,0.000000,0.000439,0.011870,0.000000,0.000006,-0.017956,0.736220,0.002952,0.115107,-7.934302,-0.000035,0.000161,0.000000,0.000000,0.000000,0.000000
-0.950000,-2.562079,0.000000,0.000520,-0.013751,0.000000,0.000040,0.023936,-3.118672,0.002791,-0.159721,32.288040,0.000006,0.000179,0.000000,0.000000,0.000000,0.000000
-0.150000,1.158002,0.000000,0.000531,-0.002171,0.000000,0.000035,0.004850,1.450205,0.002611,-0.033478,-14.514482,0.000041,-0.000366,0.000000,0.000000,0.000000,0.000000
2.820000,4.964934,0.000000,0.001019,0.040820,0.000000,0.001055,-0.040539,5.004219,0.005529,0.072372,-193.652344,-0.000015,-0.003470,0.000000,0.000000,0.000000,0.000000
-4.470000,-10.552293,0.000000,0.001333,-0.064703,0.000000,0.001070,0.067615,-10.636509,0.008999,-0.120708,411.609680,-0.000018,0.007474,0.000000,0.000000,0.000000,0.000000
3.600000,11.681345,0.000000,0.001194,0.052110,0.000000,0.001088,-0.053245,11.858731,0.001525,0.129447,-336.977325,0.000081,-0.006044,0.000000,0.000000,0.000000,0.000000
-1.740000,-7.729664,0.000000,0.001442,-0.025187,0.000000,0.001008,0.028620,-7.921995,0.007570,-0.087193,179.641739,-0.000073,0.003177,0.000000,0.000000,0.000000,0.000000
-11.820000,-14.590825,0.000000,0.001457,-0.171095,0.000000,0.001080,0.191757,-15.128767,0.004393,-0.695233,288.272888,0.000232,0.003572,0.000000,0.000000,0.000000,0.000000
10.130000,31.772680,0.000000,0.001037,0.146632,0.000000,0.000848,-0.168232,33.402508,0.000821,0.700555,-554.147034,0.000177,-0.008604,0.000000,0.000000,0.000000,0.000000
-4.290000,-20.872986,0.000000,0.001578,-0.062098,0.000000,0.000671,0.076898,-22.299856,0.009425,-0.358336,330.603485,-0.000215,0.005307,0.000000,0.000000,0.000000,0.000000
-3.450000,1.215902,0.000000,0.001510,-0.049939,0.000000,0.000886,0.065245,1.321729,0.004119,-0.333498,-17.863829,0.000202,-0.001250,0.000000,0.000000,0.000000,0.000000
4.750000,11.869521,0.000000,0.001488,0.068756,0.000000,0.000684,-0.089967,13.175442,0.005369,0.496554,-164.915955,0.000006,-0.001777,0.000000,0.000000,0.000000,0.000000
5.460000,-0.535576,0.000000,-0.000611,0.079034,0.000000,-0.001126,-0.081494,-0.540389,0.022451,0.145486,20.911882,-0.000231,0.000793,0.000000,0.000000,0.000000,0.000000
-7.220000,-18.354332,0.000000,-0.000344,-0.104510,0.000000,-0.000895,0.106655,-18.500845,0.021658,-0.190404,715.942261,-0.000061,0.013040,0.000000,0.000000,0.000000,0.000000
-13.290000,-8.786341,0.000000,-0.000555,-0.192373,0.000000,-0.000834,0.200591,-8.920139,0.008618,-0.487674,253.474380,0.000374,0.003456,0.000000,0.000000,0.000000,0.000000
-3.710000,13.867075,0.000000,-0.001053,-0.053702,0.000000,-0.001208,0.056587,14.211071,0.005162,-0.172396,-322.254852,0.000421,-0.006575,0.000000,0.000000,0.000000,0.000000
-2.860000,1.230377,0.000000,-0.001126,-0.041399,0.000000,-0.001629,0.044755,1.275316,0.011736,-0.162264,-24.300671,0.000144,-0.000887,0.000000,0.000000,0.000000,0.000000
0.900000,5.442609,0.000000,-0.001170,0.013028,0.000000,-0.001774,-0.016405,5.721435,0.012623,0.068314,-94.918495,0.000064,-0.001611,0.000000,0.000000,0.000000,0.000000
4.320000,4.950459,0.000000,-0.001059,0.062532,0.000000,-0.001837,-0.076796,5.288020,0.014234,0.357859,-78.396812,-0.000108,-0.000513,0.000000,0.000000,0.000000,0.000000
-3.070000,-10.697044,0.000000,-0.000810,-0.044438,0.000000,-0.001730,0.055328,-11.637822,0.014748,-0.282810,157.291016,-0.000071,0.002214,0.000000,0.000000,0.000000,0.000000
0.710000,5.471560,0.000000,-0.000880,0.010277,0.000000,-0.001659,-0.014922,6.073677,0.012533,0.082357,-76.023727,0.000075,-0.001221,0.000000,0.000000,0.000000,0.000000
1.400000,0.998777,0.000000,-0.000796,0.020265,0.000000,-0.001734,-0.029822,1.133152,0.013754,0.175486,-13.303270,-0.000059,0.000225,0.000000,0.000000,0.000000,0.000000
-2.290000,-21.119062,0.000000,0.001404,-0.033148,0.000000,0.001300,0.035391,-21.287170,0.003269,-0.063182,823.767090,-0.000307,0.015427,0.000000,0.000000,0.000000,0.000000
-5.520000,-4.675434,0.000000,0.001324,-0.079902,0.000000,0.001607,0.083167,-4.712365,-0.012158,-0.148472,182.358246,0.000136,0.003023,0.000000,0.000000,0.000000,0.000000
-5.990000,-0.680326,0.000000,0.000980,-0.086705,0.000000,0.001471,0.091695,-0.690220,-0.015181,-0.222928,19.613272,0.000235,-0.000237,0.000000,0.000000,0.000000,0.000000
-6.540000,-0.796127,0.000000,0.000620,-0.094667,0.000000,0.001236,0.102415,-0.815311,-0.014943,-0.312011,18.488258,0.000261,-0.000493,0.000000,0.000000,0.000000,0.000000
-0.480000,8.771865,0.000000,0.000241,-0.006948,0.000000,0.000975,0.007989,9.095654,-0.014450,-0.028965,-173.314240,0.000193,-0.003359,0.000000,0.000000,0.000000,0.000000
1.180000,2.402854,0.000000,0.000131,0.017081,0.000000,0.000782,-0.019585,2.526770,-0.011091,0.081557,-41.919060,-0.000005,-0.000567,0.000000,0.000000,0.000000,0.000000
3.700000,3.647706,0.000000,0.000093,0.053558,0.000000,0.000787,-0.064566,3.897521,-0.010524,0.300869,-57.782166,-0.000101,-0.000279,0.000000,0.000000,0.000000,0.000000
-0.920000,-6.687462,0.000000,0.000165,-0.013317,0.000000,0.000888,0.017097,-7.274489,-0.010245,-0.087392,98.318375,-0.000091,0.001626,0.000000,0.000000,0.000000,0.000000
4.630000,8.033639,0.000000,0.000041,0.067019,0.000000,0.000979,-0.089579,8.919332,-0.011870,0.494411,-111.642570,-0.000073,-0.000780,0.000000,0.000000,0.000000,0.000000
1.100000,-5.109684,0.000000,0.000153,0.015923,0.000000,0.001053,-0.022329,-5.799406,-0.011091,0.131398,68.085373,-0.000170,0.001646,0.000000,0.000000,0.000000,0.000000
-1.530000,-3.806931,0.000000,0.000117,-0.022147,0.000000,0.001223,0.033491,-4.426527,-0.012737,-0.207953,49.250004,0.000007,0.000367,0.000000,0.000000,0.000000,0.000000
-1.740000,-0.303976,0.000000,-0.000027,-0.025187,0.000000,0.001216,0.040331,-0.361657,-0.013104,-0.261992,3.846167,0.000102,-0.000637,0.000000,0.000000,0.000000,0.000000
-0.600000,-3.995107,0.000000,0.002053,-0.008685,0.000000,0.002218,0.010981,-4.026751,-0.008712,-0.019604,155.826477,-0.000047,0.002899,0.000000,0.000000,0.000000,0.000000
-1.090000,-0.709276,0.000000,0.002011,-0.015778,0.000000,0.002264,0.018214,-0.714712,-0.011611,-0.032516,27.657795,0.000036,0.000430,0.000000,0.000000,0.000000,0.000000
-4.570000,-5.037309,0.000000,0.001887,-0.066151,0.000000,0.002229,0.071150,-5.113617,-0.012041,-0.172979,145.308380,0.000096,0.002283,0.000000,0.000000,0.000000,0.000000
0.610000,7.498063,0.000000,0.001614,0.008830,0.000000,0.002133,-0.007756,7.684504,-0.014324,0.023629,-174.256332,0.000124,-0.003240,0.000000,0.000000,0.000000,0.000000
2.350000,2.518654,0.000000,0.001586,0.034016,0.000000,0.002009,-0.036040,2.611667,-0.011084,0.130667,-49.764324,-0.000048,-0.000583,0.000000,0.000000,0.000000,0.000000
-1.820000,-6.036086,0.000000,0.001645,-0.026345,0.000000,0.002057,0.032342,-6.345627,-0.010501,-0.134678,105.273842,-0.000033,0.001630,0.000000,0.000000,0.000000,0.000000
-4.880000,-4.429358,0.000000,0.001535,-0.070638,0.000000,0.002089,0.087160,-4.731650,-0.012131,-0.406154,70.148437,0.000146,0.000227,0.000000,0.000000,0.000000,0.000000
-3.830000,1.519878,0.000000,0.001305,-0.055439,0.000000,0.001943,0.071960,1.653736,-0.012358,-0.367826,-22.351072,0.000226,-0.001419,0.000000,0.000000,0.000000,0.000000
-3.520000,0.448726,0.000000,0.001128,-0.050952,0.000000,0.001718,0.069654,0.498354,-0.010939,-0.384442,-6.237856,0.000197,-0.001155,0.000000,0.000000,0.000000,0.000000
2.550000,8.786341,0.000000,0.000972,0.036911,0.000000,0.001520,-0.050888,9.973930,-0.009784,0.299451,-117.094536,0.000051,-0.001405,0.000000,0.000000,0.000000,0.000000
-0.230000,-4.024057,0.000000,0.001077,-0.003329,0.000000,0.001469,0.006629,-4.680249,-0.008379,-0.041160,52.072937,-0.000071,0.000877,0.000000,0.000000,0.000000,0.000000
2.440000,3.864832,0.000000,0.001074,0.035319,0.000000,0.001540,-0.054895,4.614030,-0.009256,0.356601,-49.069458,-0.000061,0.000034,0.000000,0.000000,0.000000,0.000000
-3.380000,0.376351,0.000000,0.001087,-0.048926,0.000000,0.000979,0.051222,0.379195,0.003741,-0.091443,-14.674024,0.000146,-0.000525,0.000000,0.000000,0.000000,0.000000
-0.650000,3.951682,0.000000,0.000966,-0.009409,0.000000,0.000833,0.010622,3.982954,0.004266,-0.018963,-154.131607,0.000104,-0.002969,0.000000,0.000000,0.000000,0.000000
-3.170000,-3.647707,0.000000,0.001029,-0.045886,0.000000,0.000729,0.049060,-3.703496,0.007235,-0.119274,105.238411,0.000062,0.001676,0.000000,0.000000,0.000000,0.000000
4.500000,11.102345,0.000000,0.000980,0.065138,0.000000,0.000667,-0.068957,11.377430,0.005560,0.210080,-257.998291,0.000029,-0.004320,0.000000,0.000000,0.000000,0.000000
-4.260000,-12.680122,0.000000,0.001285,-0.061664,0.000000,0.000638,0.069955,-13.147942,0.009880,-0.253628,250.529022,-0.000060,0.004066,0.000000,0.000000,0.000000,0.000000
-0.040000,6.108461,0.000000,0.001211,-0.000579,0.000000,0.000698,0.002068,6.421169,0.005814,-0.008613,-106.527084,0.000127,-0.002048,0.000000,0.000000,0.000000,0.000000
-1.860000,-2.634454,0.000000,0.001329,-0.026924,0.000000,0.000570,0.034119,-2.815424,0.007862,-0.158992,41.739685,0.000039,0.000364,0.000000,0.000000,0.000000,0.000000
-6.560000,-6.803262,0.000000,0.001378,-0.094956,0.000000,0.000532,0.122166,-7.402360,0.007498,-0.624454,100.046631,0.000190,0.000205,0.000000,0.000000,0.000000,0.000000
-3.180000,4.892559,0.000000,0.001236,-0.046031,0.000000,0.000341,0.063216,5.430080,0.007293,-0.348907,-67.967873,0.000273,-0.002231,0.000000,0.000000,0.000000,0.000000
0.840000,5.818960,0.000000,0.001245,0.012159,0.000000,0.000068,-0.015454,6.603680,0.009524,0.090939,-77.527588,0.000083,-0.001218,0.000000,0.000000,0.000000,0.000000
4.330000,5.051785,0.000000,0.001430,0.062677,0.000000,-0.000015,-0.092132,5.873208,0.010742,0.572068,-65.345932,-0.000138,0.000312,0.000000,0.000000,0.000000,0.000000
5.340000,1.461978,0.000000,0.001770,0.077297,0.000000,0.000123,-0.121068,1.742737,0.010430,0.786467,-18.533730,-0.000294,0.001776,0.000000,0.000000,0.000000,0.000000
-2.060000,8.974516,0.000000,-0.000196,-0.029819,0.000000,-0.000704,0.030384,9.045332,0.021836,-0.054243,-350.034576,0.000254,-0.006778,0.000000,0.000000,0.000000,0.000000
-0.460000,2.316004,0.000000,-0.000224,-0.006659,0.000000,-0.000958,0.006588,2.333694,0.028614,-0.011761,-90.308876,0.000062,-0.001729,0.000000,0.000000,0.000000,0.000000
-2.660000,-3.184506,0.000000,0.000050,-0.038504,0.000000,-0.001020,0.040317,-3.233980,0.030343,-0.098018,91.896660,0.000048,0.001478,0.000000,0.000000,0.000000,0.000000
4.550000,10.436493,0.000000,0.000221,0.065861,0.000000,-0.001068,-0.070551,10.694139,0.028865,0.214936,-242.503784,0.000012,-0.004013,0.000000,0.000000,0.000000,0.000000
-0.340000,-7.078288,0.000000,0.000718,-0.004922,0.000000,-0.001079,0.006268,-7.340870,0.032878,-0.022724,139.877487,-0.000122,0.002595,0.000000,0.000000,0.000000,0.000000
-1.130000,-1.143527,0.000000,0.001003,-0.016357,0.000000,-0.000957,0.020059,-1.204315,0.030284,-0.083531,19.979565,0.000032,0.000148,0.000000,0.000000,0.000000,0.000000
-1.200000,-0.101325,0.000000,0.001261,-0.017370,0.000000,-0.000989,0.022499,-0.110757,0.030136,-0.104845,1.642014,0.000059,-0.000253,0.000000,0.000000,0.000000,0.000000
2.460000,5.297860,0.000000,0.001523,0.035609,0.000000,-0.001047,-0.043226,5.760466,0.030389,0.220948,-77.855591,-0.000008,-0.000876,0.000000,0.000000,0.000000,0.000000
-4.240000,-9.698267,0.000000,0.001950,-0.061374,0.000000,-0.001039,0.084693,-10.770015,0.031265,-0.467443,134.807419,0.000025,0.001290,0.000000,0.000000,0.000000,0.000000
1.180000,7.845464,0.000000,0.002108,0.017081,0.000000,-0.001065,-0.021201,8.901705,0.029975,0.124756,-104.506531,0.000111,-0.001644,0.000000,0.000000,0.000000,0.000000
2.320000,1.650153,0.000000,0.002506,0.033582,0.000000,-0.001176,-0.046747,1.914231,0.031619,0.290260,-21.297932,-0.000090,0.000385,0.000000,0.000000,0.000000,0.000000
-1.070000,1.635678,0.000000,-0.001748,-0.015488,0.000000,-0.002756,0.014173,1.647616,0.044424,-0.025302,-63.759140,0.000070,-0.001276,0.000000,0.000000,0.000000,0.000000
-3.290000,-3.213456,0.000000,-0.001684,-0.047623,0.000000,-0.002825,0.047037,-3.240113,0.045701,-0.083972,125.385315,0.000066,0.002149,0.000000,0.000000,0.000000,0.000000
-3.530000,-0.347401,0.000000,-0.001421,-0.051097,0.000000,-0.002891,0.051948,-0.354086,0.043551,-0.126296,10.061704,0.000134,-0.000155,0.000000,0.000000,0.000000,0.000000
-0.190000,4.834659,0.000000,-0.001179,-0.002750,0.000000,-0.003025,0.001688,4.952859,0.043707,-0.005144,-112.312660,0.000098,-0.002140,0.000000,0.000000,0.000000,0.000000
5.650000,8.453415,0.000000,-0.000797,0.081784,0.000000,-0.003123,-0.091772,8.762529,0.045847,0.332727,-166.966675,-0.000083,-0.002258,0.000000,0.000000,0.000000,0.000000
-2.460000,-11.739246,0.000000,-0.000163,-0.035609,0.000000,-0.003040,0.040957,-12.344411,0.048104,-0.170554,204.793579,-0.000123,0.003421,0.000000,0.000000,0.000000,0.000000
4.850000,10.581244,0.000000,0.000116,0.070204,0.000000,-0.002918,-0.084641,11.300891,0.044684,0.394415,-167.539825,-0.000015,-0.002112,0.000000,0.000000,0.000000,0.000000
0.690000,-6.021610,0.000000,0.000710,0.009988,0.000000,-0.002903,-0.011766,-6.554603,0.046796,0.060143,88.588753,-0.000156,0.001844,0.000000,0.000000,0.000000,0.000000
-4.520000,-7.541488,0.000000,0.001129,-0.065427,0.000000,-0.002747,0.089015,-8.376312,0.044952,-0.491299,104.845634,0.000082,0.000653,0.000000,0.000000,0.000000,0.000000
4.480000,13.027522,0.000000,0.001337,0.064848,0.000000,-0.002829,-0.089930,14.783428,0.044299,0.529193,-173.558350,0.000037,-0.001856,0.000000,0.000000,0.000000,0.000000
-2.740000,-10.450969,0.000000,0.001929,-0.039662,0.000000,-0.002866,0.062564,-12.160552,0.046155,-0.388473,135.299576,-0.000061,0.001515,0.000000,0.000000,0.000000,0.000000
-4.780000,-11.869521,0.000000,-0.001829,-0.069191,0.000000,-0.002893,0.069081,-11.965048,0.046866,-0.123326,463.021210,-0.000040,0.008431,0.000000,0.000000,0.000000,0.000000
-2.510000,3.285831,0.000000,-0.001904,-0.036332,0.000000,-0.002853,0.035251,3.311060,0.038435,-0.062931,-128.130783,0.000158,-0.002612,0.000000,0.000000,0.000000,0.000000
-5.800000,-4.762283,0.000000,-0.001638,-0.083955,0.000000,-0.003011,0.086082,-4.835964,0.041047,-0.209281,137.418579,0.000141,0.002041,0.000000,0.000000,0.000000,0.000000
1.890000,11.131295,0.000000,-0.001539,0.027358,0.000000,-0.003152,-0.031058,11.405987,0.039006,0.094621,-258.645874,0.000132,-0.004645,0.000000,0.000000,0.000000,0.000000
2.660000,1.114577,0.000000,-0.001103,0.038504,0.000000,-0.003284,-0.044015,1.153571,0.043652,0.159582,-21.980864,-0.000097,0.000024,0.000000,0.000000,0.000000,0.000000
1.920000,-1.071152,0.000000,-0.000643,0.027792,0.000000,-0.003186,-0.032856,-1.128554,0.043628,0.136821,18.722683,-0.000110,0.000725,0.000000,0.000000,0.000000,0.000000
1.340000,-0.839551,0.000000,-0.000220,0.019397,0.000000,-0.003076,-0.023690,-0.899704,0.042903,0.110393,13.338430,-0.000081,0.000550,0.000000,0.000000,0.000000,0.000000
2.680000,1.939654,0.000000,0.000175,0.038793,0.000000,-0.002995,-0.048973,2.106896,0.042353,0.250327,-28.475758,-0.000092,0.000137,0.000000,0.000000,0.000000,0.000000
-6.500000,-13.288074,0.000000,0.000628,-0.094088,0.000000,-0.002903,0.126677,-14.755273,0.042216,-0.699165,184.690598,0.000063,0.001606,0.000000,0.000000,0.000000,0.000000
5.940000,23.362690,0.000000,-0.001513,0.085982,0.000000,-0.002354,-0.089498,23.547600,0.037134,0.159775,-911.240662,0.000204,-0.016825,0.000000,0.000000,0.000000,0.000000
-1.270000,-10.436493,0.000000,-0.001191,-0.018383,0.000000,-0.002558,0.017603,-10.520831,0.053960,-0.031425,407.133209,-0.000152,0.007655,0.000000,0.000000,0.000000,0.000000
-3.950000,-3.879307,0.000000,-0.000812,-0.057176,0.000000,-0.002406,0.058942,-3.939826,0.046304,-0.143300,111.953964,0.000085,0.001718,0.000000,0.000000,0.000000,0.000000
-2.750000,1.737003,0.000000,-0.000564,-0.039806,0.000000,-0.002491,0.042178,1.778217,0.044586,-0.128496,-40.323421,0.000148,-0.001114,0.000000,0.000000,0.000000,0.000000
1.650000,6.369011,0.000000,-0.000267,0.023884,0.000000,-0.002639,-0.026839,6.601250,0.045701,0.097307,-125.784325,0.000052,-0.002116,0.000000,0.000000,0.000000,0.000000
4.200000,3.691131,0.000000,0.000221,0.060795,0.000000,-0.002691,-0.069992,3.877568,0.047817,0.291462,-64.328789,-0.000116,-0.000426,0.000000,0.000000,0.000000,0.000000
-2.150000,-9.191642,0.000000,0.000820,-0.031121,0.000000,-0.002575,0.038574,-9.823002,0.048243,-0.179751,145.629562,-0.000081,0.002272,0.000000,0.000000,0.000000,0.000000
-7.180000,-7.280938,0.000000,0.001151,-0.103931,0.000000,-0.002493,0.133261,-7.924753,0.045971,-0.681162,107.107010,0.000211,0.000181,0.000000,0.000000,0.000000,0.000000
-2.810000,-13.461774,0.000000,-0.002312,-0.040675,0.000000,-0.003449,0.039396,-13.570031,0.050368,-0.070331,525.130554,-0.000151,0.009753,0.000000,0.000000,0.000000,0.000000
-6.950000,-5.992660,0.000000,-0.002302,-0.100601,0.000000,-0.003298,0.100648,-6.041260,0.040615,-0.179681,233.783569,0.000158,0.003923,0.000000,0.000000,0.000000,0.000000
-3.830000,4.516208,0.000000,-0.002264,-0.055439,0.000000,-0.003456,0.055608,4.583762,0.036692,-0.135193,-130.252014,0.000237,-0.002839,0.000000,0.000000,0.000000,0.000000
-0.370000,5.008358,0.000000,-0.002095,-0.005356,0.000000,-0.003693,0.003504,5.131186,0.039532,-0.010676,-116.356422,0.000106,-0.002227,0.000000,0.000000,0.000000,0.000000
3.680000,5.862386,0.000000,-0.001786,0.053268,0.000000,-0.003799,-0.061182,6.076493,0.041759,0.221822,-115.785263,-0.000051,-0.001588,0.000000,0.000000,0.000000,0.000000
-0.580000,-6.166361,0.000000,-0.001312,-0.008396,0.000000,-0.003748,0.008185,-6.484974,0.043347,-0.034083,107.585609,-0.000101,0.001948,0.000000,0.000000,0.000000,0.000000
-5.010000,-6.412436,0.000000,-0.001033,-0.072520,0.000000,-0.003648,0.086331,-6.852809,0.041399,-0.402291,101.595390,0.000104,0.000832,0.000000,0.000000,0.000000,0.000000
1.710000,9.727218,0.000000,-0.000951,0.024752,0.000000,-0.003752,-0.032596,10.579517,0.040567,0.166617,-142.987488,0.000112,-0.002258,0.000000,0.000000,0.000000,0.000000
-0.160000,-2.706830,0.000000,-0.000592,-0.002316,0.000000,-0.003864,0.002306,-3.008014,0.042825,-0.012729,37.651070,-0.000051,0.000683,0.000000,0.000000,0.000000,0.000000
-0.520000,-1.143527,0.000000,-0.000890,-0.007527,0.000000,-0.001548,0.006864,-1.153326,0.028792,-0.012253,44.631218,-0.000003,0.000811,0.000000,0.000000,0.000000,0.000000
-0.970000,-0.651376,0.000000,-0.000842,-0.014041,0.000000,-0.001545,0.013515,-0.657240,0.027981,-0.024127,25.433744,0.000024,0.000415,0.000000,0.000000,0.000000,0.000000
-2.820000,-2.677880,0.000000,-0.000627,-0.040820,0.000000,-0.001569,0.042031,-2.719495,0.027566,-0.102186,77.277084,0.000062,0.001186,0.000000,0.000000,0.000000,0.000000
-3.490000,-0.969827,0.000000,-0.000503,-0.050518,0.000000,-0.001631,0.053756,-0.994981,0.026380,-0.163770,22.562513,0.000126,-0.000018,0.000000,0.000000,0.000000,0.000000
-0.350000,4.545158,0.000000,-0.000414,-0.005066,0.000000,-0.001758,0.005170,4.711266,0.026398,-0.018745,-89.771378,0.000103,-0.001750,0.000000,0.000000,0.000000,0.000000
0.580000,1.346177,0.000000,-0.000190,0.008396,0.000000,-0.001861,-0.009920,1.413605,0.028149,0.041309,-23.451677,-0.000000,-0.000329,0.000000,0.000000,0.000000,0.000000
-0.450000,-1.490928,0.000000,0.000073,-0.006514,0.000000,-0.001861,0.007954,-1.594707,0.028478,-0.037066,23.642117,-0.000009,0.000348,0.000000,0.000000,0.000000,0.000000
0.680000,1.635678,0.000000,0.000291,0.009843,0.000000,-0.001852,-0.012113,1.777203,0.028130,0.061918,-24.019796,0.000001,-0.000288,0.000000,0.000000,0.000000,0.000000
0.060000,-0.897452,0.000000,0.000559,0.000869,0.000000,-0.001853,-0.000415,-0.998890,0.028418,0.002288,12.503032,-0.000020,0.000243,0.000000,0.000000,0.000000,0.000000
3.830000,5.457084,0.000000,0.000803,0.055439,0.000000,-0.001833,-0.077363,6.191623,0.028174,0.455243,-72.690010,-0.000092,-0.000145,0.000000,0.000000,0.000000,0.000000
-3.710000,-4.414883,0.000000,-0.000600,-0.053702,0.000000,-0.001298,0.054444,-4.450750,0.030244,-0.097195,172.234329,0.000063,0.002999,0.000000,0.000000,0.000000,0.000000
-4.280000,-0.825077,0.000000,-0.000673,-0.061953,0.000000,-0.001361,0.062745,-0.832311,0.027246,-0.112014,32.208611,0.000154,0.000301,0.000000,0.000000,0.000000,0.000000
-6.260000,-2.866055,0.000000,-0.000593,-0.090614,0.000000,-0.001515,0.094138,-2.910512,0.026944,-0.228867,82.705017,0.000199,0.000946,0.000000,0.000000,0.000000,0.000000
-2.290000,5.746585,0.000000,-0.000610,-0.033148,0.000000,-0.001714,0.034971,5.888112,0.025998,-0.106542,-133.520737,0.000206,-0.002818,0.000000,0.000000,0.000000,0.000000
-1.730000,0.810601,0.000000,-0.000453,-0.025042,0.000000,-0.001920,0.027325,0.839041,0.028816,-0.099071,-15.987598,0.000089,-0.000566,0.000000,0.000000,0.000000,0.000000
-0.020000,2.475229,0.000000,-0.000275,-0.000290,0.000000,-0.002009,0.000016,2.600536,0.029381,-0.000068,-43.142849,0.000049,-0.000816,0.000000,0.000000,0.000000,0.000000
6.820000,9.900917,0.000000,-0.000026,0.098720,0.000000,-0.002058,-0.119250,10.575129,0.030198,0.555690,-156.780121,-0.000122,-0.001464,0.000000,0.000000,0.000000,0.000000
5.570000,-1.809378,0.000000,0.000516,0.080626,0.000000,-0.001936,-0.101592,-1.970980,0.031661,0.519290,26.638783,-0.000312,0.001912,0.000000,0.000000,0.000000,0.000000
3.410000,-3.126606,0.000000,0.001007,0.049360,0.000000,-0.001624,-0.064669,-3.473919,0.029750,0.356930,43.482769,-0.000240,0.001785,0.000000,0.000000,0.000000,0.000000
0.450000,-4.284608,0.000000,0.001413,0.006514,0.000000,-0.001384,-0.007222,-4.867044,0.027964,0.042501,57.139385,-0.000111,0.001194,0.000000,0.000000,0.000000,0.000000
0.410000,-12.738023,0.000000,-0.000579,0.005935,0.000000,-0.001354,-0.006587,-12.840170,0.033534,0.011760,496.886536,-0.000261,0.009438,0.000000,0.000000,0.000000,0.000000
-2.310000,-3.937207,0.000000,-0.000482,-0.033437,0.000000,-0.001093,0.033743,-3.969119,0.024096,-0.060239,153.596252,0.000017,0.002728,0.000000,0.000000,0.000000,0.000000
-4.090000,-2.576555,0.000000,-0.000374,-0.059203,0.000000,-0.001110,0.061519,-2.616435,0.021368,-0.149565,74.348518,0.000117,0.000998,0.000000,0.000000,0.000000,0.000000
-5.040000,-1.375127,0.000000,-0.000353,-0.072954,0.000000,-0.001227,0.078032,-1.410094,0.020369,-0.237728,31.975754,0.000184,-0.000039,0.000000,0.000000,0.000000,0.000000
4.280000,13.490725,0.000000,-0.000377,0.061953,0.000000,-0.001411,-0.069268,13.986618,0.020409,0.251138,-266.509705,0.000077,-0.004367,0.000000,0.000000,0.000000,0.000000
-3.880000,-11.811621,0.000000,0.000006,-0.056163,0.000000,-0.001488,0.064903,-12.419142,0.024776,-0.270270,206.033356,-0.000060,0.003178,0.000000,0.000000,0.000000,0.000000
2.910000,9.828543,0.000000,0.000035,0.042122,0.000000,-0.001428,-0.050827,10.498368,0.021598,0.236847,-155.642120,0.000061,-0.002312,0.000000,0.000000,0.000000,0.000000
0.090000,-4.081957,0.000000,0.000355,0.001303,0.000000,-0.001489,-0.001202,-4.442626,0.023910,0.006146,60.044327,-0.000087,0.001158,0.000000,0.000000,0.000000,0.000000
-2.700000,-4.038532,0.000000,0.000556,-0.039083,0.000000,-0.001402,0.053014,-4.485454,0.022752,-0.292600,56.144066,0.000059,0.000269,0.000000,0.000000,0.000000,0.000000
3.930000,9.596943,0.000000,0.000643,0.056887,0.000000,-0.001461,-0.079639,10.891568,0.022483,0.468634,-127.867661,-0.000009,-0.001154,0.000000,0.000000,0.000000,0.000000
2.330000,-2.316004,0.000000,0.001013,0.033727,0.000000,-0.001451,-0.049211,-2.696555,0.023637,0.305564,30.002157,-0.000184,0.001397,0.000000,0.000000,0.000000,0.000000
0.680000,-2.388379,0.000000,0.001321,0.009843,0.000000,-0.001267,-0.013661,-2.854863,0.022240,0.088741,30.361010,-0.000091,0.000812,0.000000,0.000000,0.000000,0.000000
1.760000,5.457085,0.000000,-0.000020,0.025476,0.000000,-0.000599,-0.026043,5.499843,0.024748,0.046492,-212.831909,0.000034,-0.003906,0.000000,0.000000,0.000000,0.000000
1.510000,-0.361876,0.000000,0.000110,0.021857,0.000000,-0.000633,-0.022267,-0.365499,0.028654,0.039752,14.144023,-0.000067,0.000383,0.000000,0.000000,0.000000,0.000000
-8.490000,-14.475025,0.000000,0.000448,-0.122893,0.000000,-0.000566,0.128982,-14.696070,0.028271,-0.313580,417.602966,0.000071,0.007058,0.000000,0.000000,0.000000,0.000000
1.090000,13.867075,0.000000,0.000321,0.015778,0.000000,-0.000637,-0.016613,14.210163,0.021213,0.050612,-322.234314,0.000224,-0.005978,0.000000,0.000000,0.000000,0.000000
-1.890000,-4.313558,0.000000,0.000629,-0.027358,0.000000,-0.000861,0.031102,-4.473992,0.027190,-0.112763,85.250237,-0.000001,0.001320,0.000000,0.000000,0.000000,0.000000
-1.380000,0.738226,0.000000,0.000808,-0.019976,0.000000,-0.000860,0.024015,0.774309,0.025870,-0.100005,-12.845773,0.000080,-0.000516,0.000000,0.000000,0.000000,0.000000
-1.530000,-0.217125,0.000000,0.001015,-0.022147,0.000000,-0.000939,0.027971,-0.234120,0.026386,-0.130342,3.470915,0.000071,-0.000286,0.000000,0.000000,0.000000,0.000000
-1.760000,-0.332926,0.000000,0.001221,-0.025476,0.000000,-0.001011,0.033856,-0.364743,0.026672,-0.173056,4.929682,0.000085,-0.000374,0.000000,0.000000,0.000000,0.000000
1.570000,4.820184,0.000000,0.001425,0.022726,0.000000,-0.001095,-0.028488,5.348044,0.027047,0.157234,-66.941040,0.000024,-0.000842,0.000000,0.000000,0.000000,0.000000
-0.360000,-2.793680,0.000000,0.001779,-0.005211,0.000000,-0.001119,0.009897,-3.174875,0.027888,-0.058241,37.273224,-0.000033,0.000550,0.000000,0.000000,0.000000,0.000000
-3.690000,1.230377,0.000000,-0.001284,-0.053413,0.000000,-0.002129,0.053462,1.239261,0.037083,-0.095442,-47.956673,0.000168,-0.001167,0.000000,0.000000,0.000000,0.000000
-0.660000,4.385932,0.000000,-0.001340,-0.009554,0.000000,-0.002297,0.008410,4.419888,0.038250,-0.015014,-171.040024,0.000106,-0.003277,0.000000,0.000000,0.000000,0.000000
-6.390000,-8.294189,0.000000,-0.000985,-0.092495,0.000000,-0.002403,0.095696,-8.421628,0.041527,-0.232655,239.308701,0.000099,0.003908,0.000000,0.000000,0.000000,0.000000
-4.190000,3.184505,0.000000,-0.000906,-0.060650,0.000000,-0.002502,0.064213,3.261991,0.037619,-0.195628,-73.969978,0.000235,-0.001937,0.000000,0.000000,0.000000,0.000000
0.000000,6.065036,0.000000,-0.000735,0.000000,0.000000,-0.002737,-0.000817,6.286500,0.039556,0.002962,-119.786865,0.000116,-0.002257,0.000000,0.000000,0.000000,0.000000
-2.210000,-3.198981,0.000000,-0.000385,-0.031990,0.000000,-0.002854,0.036518,-3.365521,0.041813,-0.152071,55.833939,0.000035,0.000650,0.000000,0.000000,0.000000,0.000000
2.350000,6.600612,0.000000,-0.000135,0.034016,0.000000,-0.002889,-0.041243,7.048711,0.041163,0.192188,-104.499725,0.000022,-0.001460,0.000000,0.000000,0.000000,0.000000
-2.620000,-7.194088,0.000000,0.000308,-0.037925,0.000000,-0.002910,0.048485,-7.829619,0.042623,-0.247833,105.821236,-0.000017,0.001336,0.000000,0.000000,0.000000,0.000000
0.130000,3.980632,0.000000,0.000542,0.001882,0.000000,-0.002893,-0.001792,4.415413,0.041287,0.009891,-55.267376,0.000079,-0.001022,0.000000,0.000000,0.000000,0.000000
-2.270000,-3.474006,0.000000,0.000894,-0.032858,0.000000,-0.002972,0.047793,-3.947746,0.042309,-0.281236,46.346775,0.000054,0.000119,0.000000,0.000000,0.000000,0.000000
0.780000,4.414883,0.000000,0.001152,0.011291,0.000000,-0.003026,-0.015252,5.129879,0.042190,0.094702,-57.075581,0.000056,-0.000825,0.000000,0.000000,0.000000,0.000000
-2.920000,0.926402,0.000000,-0.001366,-0.042267,0.000000,-0.002281,0.041973,0.932793,0.040125,-0.074931,-36.097031,0.000131,-0.000885,0.000000,0.000000,0.000000,0.000000
-2.300000,0.897452,0.000000,-0.001385,-0.033293,0.000000,-0.002412,0.032670,0.903595,0.041010,-0.058324,-34.967144,0.000105,-0.000818,0.000000,0.000000,0.000000,0.000000
-3.130000,-1.201427,0.000000,-0.001093,-0.045307,0.000000,-0.002517,0.046236,-1.221062,0.041828,-0.112408,34.697666,0.000102,0.000354,0.000000,0.000000,0.000000,0.000000
6.400000,13.794700,0.000000,-0.000849,0.092640,0.000000,-0.002619,-0.100483,14.135269,0.041473,0.306125,-320.535950,-0.000004,-0.005242,0.000000,0.000000,0.000000,0.000000
0.330000,-8.786341,0.000000,-0.000181,0.004777,0.000000,-0.002615,-0.005510,-9.112369,0.046715,0.019976,173.632736,-0.000187,0.003351,0.000000,0.000000,0.000000,0.000000
6.550000,9.003466,0.000000,0.000216,0.094811,0.000000,-0.002427,-0.109303,9.462735,0.043364,0.455164,-156.986603,-0.000116,-0.001747,0.000000,0.000000,0.000000,0.000000
3.150000,-4.921509,0.000000,0.000884,0.045596,0.000000,-0.002311,-0.053997,-5.261029,0.045111,0.251620,77.996666,-0.000245,0.002161,0.000000,0.000000,0.000000,0.000000
6.190000,4.400408,0.000000,0.001410,0.089600,0.000000,-0.002066,-0.111839,4.783269,0.042951,0.571664,-64.648277,-0.000211,0.000318,0.000000,0.000000,0.000000,0.000000
-3.670000,-14.272376,0.000000,0.002075,-0.053123,0.000000,-0.001854,0.073825,-15.848866,0.042632,-0.407461,198.379013,-0.000100,0.002654,0.000000,0.000000,0.000000,0.000000
1.690000,7.758614,0.000000,0.002338,0.024463,0.000000,-0.001754,-0.031328,8.802102,0.039979,0.184349,-103.337204,0.000082,-0.001463,0.000000,0.000000,0.000000,0.000000
-2.110000,0.000000,0.000000,-0.002563,-0.030542,0.000000,-0.003773,0.028772,-0.001272,0.053689,-0.051364,0.049222,0.000078,-0.000135,0.000000,0.000000,0.000000,0.000000
-3.840000,-2.504179,0.000000,-0.002518,-0.055584,0.000000,-0.003850,0.054334,-2.525367,0.053824,-0.096999,97.726181,0.000099,0.001588,0.000000,0.000000,0.000000,0.000000
-2.730000,1.606728,0.000000,-0.002207,-0.039517,0.000000,-0.003949,0.039016,1.629508,0.052236,-0.094854,-46.304050,0.000136,-0.001136,0.000000,0.000000,0.000000,0.000000
-5.010000,-3.300306,0.000000,-0.001861,-0.072520,0.000000,-0.004085,0.075944,-3.384278,0.053372,-0.231367,76.742996,0.000141,0.000829,0.000000,0.000000,0.000000,0.000000
1.190000,8.974516,0.000000,-0.001632,0.017225,0.000000,-0.004226,-0.020957,9.302649,0.052543,0.075980,-177.258469,0.000119,-0.003152,0.000000,0.000000,0.000000,0.000000
0.370000,-1.186952,0.000000,-0.001142,0.005356,0.000000,-0.004346,-0.007508,-1.250878,0.055695,0.031266,20.752039,-0.000044,0.000483,0.000000,0.000000,0.000000,0.000000
0.790000,0.607951,0.000000,-0.000697,0.011435,0.000000,-0.004301,-0.014652,0.646015,0.055212,0.068275,-9.577408,-0.000027,0.000002,0.000000,0.000000,0.000000,0.000000
0.090000,-1.013252,0.000000,-0.000240,0.001303,0.000000,-0.004274,-0.001956,-1.106268,0.055209,0.010000,14.951765,-0.000026,0.000310,0.000000,0.000000,0.000000,0.000000
3.600000,5.080734,0.000000,0.000185,0.052110,0.000000,-0.004248,-0.069447,5.635795,0.054899,0.383298,-70.542809,-0.000081,-0.000299,0.000000,0.000000,0.000000,0.000000
0.080000,-5.095209,0.000000,0.000757,0.001158,0.000000,-0.004167,-0.000567,-5.789050,0.055199,0.003338,67.963791,-0.000111,0.001296,0.000000,0.000000,0.000000,0.000000
-3.290000,-4.878084,0.000000,0.001187,-0.047623,0.000000,-0.004056,0.073423,-5.679196,0.053902,-0.455898,63.187325,0.000091,-0.000039,0.000000,0.000000,0.000000,0.000000
-0.090000,4.632008,0.000000,0.001483,-0.001303,0.000000,-0.004147,0.004465,5.523616,0.053941,-0.029006,-58.742764,0.000116,-0.001191,0.000000,0.000000,0.000000,0.000000
3.190000,15.314576,0.000000,-0.001936,0.046175,0.000000,-0.003007,-0.049151,15.435236,0.047275,0.087746,-597.309875,0.000159,-0.011071,0.000000,0.000000,0.000000,0.000000
-4.100000,-10.552294,0.000000,-0.001698,-0.059348,0.000000,-0.003167,0.059027,-10.637642,0.058345,-0.105376,411.653564,-0.000042,0.007530,0.000000,0.000000,0.000000,0.000000
-9.320000,-7.555963,0.000000,-0.001397,-0.134907,0.000000,-0.003124,0.139616,-7.672471,0.050815,-0.339432,218.020676,0.000232,0.003196,0.000000,0.000000,0.000000,0.000000
2.620000,17.283180,0.000000,-0.001351,0.037925,0.000000,-0.003357,-0.042214,17.710106,0.047619,0.128606,-401.600159,0.000221,-0.007262,0.000000,0.000000,0.000000,0.000000
2.740000,0.173700,0.000000,-0.000775,0.039662,0.000000,-0.003578,-0.044937,0.177382,0.054881,0.162925,-3.379941,-0.000119,0.000390,0.000000,0.000000,0.000000,0.000000
-1.180000,-5.674210,0.000000,-0.000202,-0.017081,0.000000,-0.003459,0.019503,-5.968566,0.054491,-0.081216,99.018402,-0.000060,0.001655,0.000000,0.000000,0.000000,0.000000
-0.440000,1.071152,0.000000,0.000199,-0.006369,0.000000,-0.003399,0.007932,1.140673,0.052837,-0.036962,-16.910885,0.000043,-0.000423,0.000000,0.000000,0.000000,0.000000
-0.570000,-0.188175,0.000000,0.000632,-0.008251,0.000000,-0.003442,0.011265,-0.208956,0.053260,-0.057581,2.824150,0.000026,-0.000102,0.000000,0.000000,0.000000,0.000000
-2.140000,-2.272579,0.000000,0.001063,-0.030977,0.000000,-0.003469,0.042850,-2.527755,0.053361,-0.236503,31.639713,0.000068,-0.000040,0.000000,0.000000,0.000000,0.000000
-0.660000,2.142304,0.000000,0.001433,-0.009554,0.000000,-0.003537,0.015557,2.426264,0.053402,-0.091543,-28.484482,0.000088,-0.000787,0.000000,0.000000,0.000000,0.000000
-0.310000,-7.280938,0.000000,-0.002544,-0.004487,0.000000,-0.003761,0.002114,-7.340123,0.053975,-0.003773,284.046722,-0.000133,0.005370,0.000000,0.000000,0.000000,0.000000
-0.960000,-0.940877,0.000000,-0.002428,-0.013896,0.000000,-0.003628,0.011742,-0.949501,0.048605,-0.020962,36.743607,0.000014,0.000629,0.000000,0.000000,0.000000,0.000000
3.680000,6.716412,0.000000,-0.002043,0.053268,0.000000,-0.003642,-0.057840,6.816990,0.047976,0.140621,-193.711365,-0.000027,-0.003289,0.000000,0.000000,0.000000,0.000000
-6.470000,-14.692150,0.000000,-0.001455,-0.093653,0.000000,-0.003614,0.099095,-15.058743,0.051265,-0.301898,341.476959,-0.000017,0.005655,0.000000,0.000000,0.000000,0.000000
1.300000,11.247094,0.000000,-0.001338,0.018818,0.000000,-0.003597,-0.022398,11.659232,0.045610,0.081208,-222.162247,0.000160,-0.003997,0.000000,0.000000,0.000000,0.000000
-0.350000,-2.388379,0.000000,-0.000887,-0.005066,0.000000,-0.003758,0.004829,-2.513654,0.049607,-0.020111,41.701485,-0.000035,0.000743,0.000000,0.000000,0.000000,0.000000
-1.990000,-2.373904,0.000000,-0.000515,-0.028805,0.000000,-0.003723,0.034164,-2.539144,0.048865,-0.159202,37.643730,0.000044,0.000281,0.000000,0.000000,0.000000,0.000000
-3.330000,-1.939653,0.000000,-0.000219,-0.048202,0.000000,-0.003767,0.060850,-2.113603,0.048584,-0.311036,28.566410,0.000124,-0.000301,0.000000,0.000000,0.000000,0.000000
-1.680000,2.388379,0.000000,0.000019,-0.024318,0.000000,-0.003892,0.032549,2.647502,0.048885,-0.179646,-33.138577,0.000138,-0.001113,0.000000,0.000000,0.000000,0.000000
-1.060000,0.897452,0.000000,0.000325,-0.015344,0.000000,-0.004030,0.022185,1.014250,0.049998,-0.130550,-11.907359,0.000079,-0.000577,0.000000,0.000000,0.000000,0.000000
3.310000,6.325586,0.000000,0.000657,0.047912,0.000000,-0.004108,-0.071084,7.351746,0.050574,0.441378,-81.796288,-0.000053,-0.000354,0.000000,0.000000,0.000000,0.000000
4.280000,1.404078,0.000000,0.001176,0.061953,0.000000,-0.004055,-0.097425,1.670384,0.050928,0.632878,-17.764265,-0.000232,0.001376,0.000000,0.000000,0.000000,0.000000
-0.060000,4.675433,0.000000,-0.001633,-0.000869,0.000000,-0.002601,-0.000683,4.711588,0.042604,0.001219,-182.328186,0.000088,-0.003452,0.000000,0.000000,0.000000,0.000000
-2.140000,-3.010806,0.000000,-0.001534,-0.030977,0.000000,-0.002688,0.030146,-3.035868,0.046056,-0.053818,117.481461,0.000024,0.002085,0.000000,0.000000,0.000000,0.000000
3.370000,7.975739,0.000000,-0.001218,0.048781,0.000000,-0.002712,-0.052286,8.095525,0.043970,0.127116,-230.042160,0.000012,-0.004016,0.000000,0.000000,0.000000,0.000000
3.240000,-0.188175,0.000000,-0.000653,0.046899,0.000000,-0.002724,-0.051110,-0.194866,0.047986,0.155708,4.418848,-0.000142,0.000512,0.000000,0.000000,0.000000,0.000000
0.910000,-3.372681,0.000000,-0.000101,0.013172,0.000000,-0.002582,-0.014750,-3.499372,0.047474,0.053479,66.679214,-0.000106,0.001406,0.000000,0.000000,0.000000,0.000000
5.000000,5.920286,0.000000,0.000347,0.072375,0.000000,-0.002476,-0.083226,6.221164,0.046068,0.346574,-103.209000,-0.000107,-0.001019,0.000000,0.000000,0.000000,0.000000
-4.380000,-13.577575,0.000000,0.000975,-0.063401,0.000000,-0.002369,0.077742,-14.508476,0.047087,-0.362270,215.093445,-0.000064,0.003095,0.000000,0.000000,0.000000,0.000000
-1.500000,4.168808,0.000000,0.001205,-0.021713,0.000000,-0.002305,0.029063,4.531337,0.043992,-0.148555,-61.243294,0.000165,-0.001567,0.000000,0.000000,0.000000,0.000000
-2.450000,-1.375128,0.000000,0.001565,-0.035464,0.000000,-0.002469,0.049524,-1.531138,0.045559,-0.273339,19.165129,0.000105,-0.000374,0.000000,0.000000,0.000000,0.000000
2.830000,7.642813,0.000000,0.001895,0.040964,0.000000,-0.002574,-0.055320,8.670458,0.045933,0.325533,-101.791687,0.000014,-0.001046,0.000000,0.000000,0.000000,0.000000
-1.490000,-6.904587,0.000000,-0.002846,-0.021568,0.000000,-0.004061,0.019293,-6.960769,0.054141,-0.034442,269.366547,-0.000080,0.005009,0.000000,0.000000,0.000000,0.000000
-3.180000,-2.446279,0.000000,-0.002776,-0.046031,0.000000,-0.003981,0.044288,-2.466873,0.049132,-0.079065,95.462593,0.000073,0.001584,0.000000,0.000000,0.000000,0.000000
-5.540000,-3.416106,0.000000,-0.002490,-0.080192,0.000000,-0.004054,0.081256,-3.469479,0.047547,-0.197547,98.588593,0.000154,0.001329,0.000000,0.000000,0.000000,0.000000
-4.810000,1.056677,0.000000,-0.002332,-0.069625,0.000000,-0.004208,0.072326,1.081194,0.046218,-0.220345,-24.517504,0.000216,-0.001063,0.000000,0.000000,0.000000,0.000000
5.490000,14.909275,0.000000,-0.002159,0.079468,0.000000,-0.004424,-0.090712,15.456382,0.047281,0.328885,-294.515533,0.000047,-0.004685,0.000000,0.000000,0.000000,0.000000
3.040000,-3.546381,0.000000,-0.001547,0.044004,0.000000,-0.004471,-0.052633,-3.731021,0.051966,0.219175,61.897575,-0.000213,0.001774,0.000000,0.000000,0.000000,0.000000
-1.220000,-6.166361,0.000000,-0.001053,-0.017660,0.000000,-0.004258,0.020054,-6.590513,0.050192,-0.093451,97.706749,-0.000070,0.001594,0.000000,0.000000,0.000000,0.000000
-1.000000,0.318451,0.000000,-0.000751,-0.014475,0.000000,-0.004188,0.017405,0.343201,0.048598,-0.088965,-4.638532,0.000054,-0.000331,0.000000,0.000000,0.000000,0.000000
1.960000,4.284608,0.000000,-0.000444,0.028371,0.000000,-0.004241,-0.038539,4.752838,0.048930,0.212706,-59.490891,-0.000014,-0.000550,0.000000,0.000000,0.000000,0.000000
0.570000,-2.012029,0.000000,-0.000017,0.008251,0.000000,-0.004227,-0.011707,-2.288150,0.049480,0.068893,26.863022,-0.000075,0.000696,0.000000,0.000000,0.000000,0.000000
-0.680000,-1.809378,0.000000,0.000350,-0.009843,0.000000,-0.004152,0.015333,-2.109039,0.048784,-0.095207,23.465384,0.000002,0.000185,0.000000,0.000000,0.000000,0.000000
-1.120000,-0.636901,0.000000,0.000667,-0.016212,0.000000,-0.004154,0.027057,-0.765617,0.048598,-0.175762,8.142213,0.000059,-0.000322,0.000000,0.000000,0.000000,0.000000
-1.910000,-3.777982,0.000000,-0.001361,-0.027647,0.000000,-0.002185,0.027000,-3.808904,0.036256,-0.048201,147.396255,0.000001,0.002661,0.000000,0.000000,0.000000,0.000000
-12.100000,-14.750051,0.000000,-0.001349,-0.175148,0.000000,-0.002185,0.177952,-14.868161,0.033595,-0.317686,575.365356,0.000200,0.010030,0.000000,0.000000,0.000000,0.000000
-0.610000,16.631805,0.000000,-0.001627,-0.008830,0.000000,-0.002385,0.007532,16.883911,0.023565,-0.018312,-479.772705,0.000340,-0.009153,0.000000,0.000000,0.000000,0.000000
4.240000,7.020387,0.000000,-0.001378,0.061374,0.000000,-0.002725,-0.067446,7.193333,0.032718,0.205478,-163.118378,-0.000047,-0.002516,0.000000,0.000000,0.000000,0.000000
-1.930000,-8.931090,0.000000,-0.000921,-0.027937,0.000000,-0.002678,0.030022,-9.261690,0.035233,-0.108849,176.478012,-0.000094,0.003052,0.000000,0.000000,0.000000,0.000000
-0.960000,1.404077,0.000000,-0.000744,-0.013896,0.000000,-0.002584,0.015196,1.474393,0.032182,-0.063282,-24.460159,0.000069,-0.000640,0.000000,0.000000,0.000000,0.000000
2.210000,4.588583,0.000000,-0.000531,0.031990,0.000000,-0.002653,-0.039273,4.899973,0.032822,0.183008,-72.643883,-0.000014,-0.000879,0.000000,0.000000,0.000000,0.000000
-0.490000,-3.908257,0.000000,-0.000185,-0.007093,0.000000,-0.002640,0.008760,-4.254127,0.033701,-0.044775,57.496655,-0.000057,0.000969,0.000000,0.000000,0.000000,0.000000
-2.590000,-3.039755,0.000000,0.000043,-0.037490,0.000000,-0.002583,0.050199,-3.377173,0.032732,-0.277060,42.271809,0.000072,0.000049,0.000000,0.000000,0.000000,0.000000
1.520000,-4.660958,0.000000,-0.000444,0.022002,0.000000,-0.001053,-0.022918,-4.698689,0.026337,0.040913,181.828995,-0.000151,0.003554,0.000000,0.000000,0.000000,0.000000
-2.740000,-6.166361,0.000000,-0.000320,-0.039662,0.000000,-0.000901,0.040282,-6.215975,0.022783,-0.071912,240.544662,-0.000008,0.004354,0.000000,0.000000,0.000000,0.000000
-5.050000,-3.343732,0.000000,-0.000256,-0.073099,0.000000,-0.000893,0.076175,-3.395179,0.018430,-0.185195,96.477303,0.000142,0.001318,0.000000,0.000000,0.000000,0.000000
-6.810000,-2.547604,0.000000,-0.000301,-0.098575,0.000000,-0.001035,0.105625,-2.611527,0.017112,-0.321791,59.219837,0.000236,0.000248,0.000000,0.000000,0.000000,0.000000
-0.870000,8.598166,0.000000,-0.000429,-0.012593,0.000000,-0.001271,0.013518,8.914056,0.016863,-0.049013,-169.853943,0.000205,-0.003349,0.000000,0.000000,0.000000,0.000000
2.560000,4.964934,0.000000,-0.000297,0.037056,0.000000,-0.001476,-0.043161,5.218540,0.020213,0.179732,-86.575500,-0.000018,-0.001147,0.000000,0.000000,0.000000,0.000000
-3.010000,-8.062590,0.000000,-0.000020,-0.043570,0.000000,-0.001457,0.052593,-8.614701,0.021360,-0.245075,127.716103,-0.000021,0.001758,0.000000,0.000000,0.000000,0.000000
-1.640000,1.983078,0.000000,0.000018,-0.023739,0.000000,-0.001437,0.030127,2.155896,0.019602,-0.153994,-29.138021,0.000122,-0.000972,0.000000,0.000000,0.000000,0.000000
-1.150000,0.709276,0.000000,0.000113,-0.016646,0.000000,-0.001559,0.022415,0.785681,0.020574,-0.123715,-9.834300,0.000075,-0.000519,0.000000,0.000000,0.000000,0.000000
6.040000,10.407543,0.000000,0.000230,0.087429,0.000000,-0.001634,-0.123471,11.812130,0.021093,0.726564,-138.675110,-0.000110,-0.000659,0.000000,0.000000,0.000000,0.000000
-7.300000,-4.024057,0.000000,0.000210,-0.105668,0.000000,-0.000281,0.108460,-4.056609,0.020754,-0.193627,156.981903,0.000217,0.002450,0.000000,0.000000,0.000000,0.000000
-1.370000,8.583691,0.000000,-0.000025,-0.019831,0.000000,-0.000498,0.020279,8.651484,0.018304,-0.036202,-334.793549,0.000218,-0.006442,0.000000,0.000000,0.000000,0.000000
0.120000,2.156779,0.000000,0.000162,0.001737,0.000000,-0.000716,-0.001647,2.188675,0.024746,0.004005,-62.193302,0.000037,-0.001155,0.000000,0.000000,0.000000,0.000000
3.790000,5.312335,0.000000,0.000419,0.054860,0.000000,-0.000753,-0.058514,5.442942,0.025901,0.178266,-123.425926,-0.000055,-0.001853,0.000000,0.000000,0.000000,0.000000
2.430000,-1.968603,0.000000,0.000844,0.035174,0.000000,-0.000697,-0.038152,-2.042745,0.027754,0.138323,38.923729,-0.000142,0.001115,0.000000,0.000000,0.000000,0.000000
3.450000,1.476453,0.000000,0.001213,0.049939,0.000000,-0.000556,-0.056301,1.550248,0.026639,0.234451,-25.718590,-0.000123,0.000145,0.000000,0.000000,0.000000,0.000000
-2.180000,-8.149439,0.000000,0.001635,-0.031556,0.000000,-0.000433,0.040083,-8.708458,0.026494,-0.186781,129.106049,-0.000056,0.001939,0.000000,0.000000,0.000000,0.000000
0.000000,3.155556,0.000000,0.001826,0.000000,0.000000,-0.000377,0.002316,3.430179,0.024555,-0.011839,-46.360592,0.000071,-0.000913,0.000000,0.000000,0.000000,0.000000
0.180000,0.260550,0.000000,0.002122,0.002606,0.000000,-0.000448,-0.000646,0.285959,0.025468,0.003568,-3.579332,0.000004,-0.000056,0.000000,0.000000,0.000000,0.000000
5.450000,7.628338,0.000000,0.002439,0.078889,0.000000,-0.000451,-0.108250,8.655379,0.025525,0.636997,-101.614670,-0.000129,-0.000201,0.000000,0.000000,0.000000,0.000000
0.780000,-6.759837,0.000000,0.002993,0.011291,0.000000,-0.000323,-0.012482,-7.866714,0.025726,0.077502,87.525879,-0.000182,0.001867,0.000000,0.000000,0.000000,0.000000
-3.280000,0.028950,0.000000,-0.001843,-0.047478,0.000000,-0.002818,0.046826,0.028150,0.043073,-0.083594,-1.089325,0.000128,-0.000250,0.000000,0.000000,0.000000,0.000000
-3.140000,0.202650,0.000000,-0.001869,-0.045452,0.000000,-0.002945,0.044624,0.203231,0.043323,-0.079664,-7.864577,0.000124,-0.000364,0.000000,0.000000,0.000000,0.000000
-3.360000,-0.318450,0.000000,-0.001602,-0.048636,0.000000,-0.003070,0.049185,-0.324684,0.043687,-0.119578,9.226222,0.000127,-0.000148,0.000000,0.000000,0.000000,0.000000
0.650000,5.804485,0.000000,-0.001358,0.009409,0.000000,-0.003196,-0.011572,5.946769,0.043835,0.035254,-134.850876,0.000081,-0.002458,0.000000,0.000000,0.000000,0.000000
-0.160000,-1.172477,0.000000,-0.000942,-0.002316,0.000000,-0.003277,0.001527,-1.217891,0.046293,-0.005535,23.206459,-0.000019,0.000429,0.000000,0.000000,0.000000,0.000000
4.310000,6.470336,0.000000,-0.000570,0.062387,0.000000,-0.003258,-0.072746,6.799714,0.045864,0.302932,-112.807144,-0.000068,-0.001317,0.000000,0.000000,0.000000,0.000000
-3.120000,-10.754944,0.000000,-0.000009,-0.045162,0.000000,-0.003190,0.054528,-11.492691,0.047181,-0.254096,170.383331,-0.000070,0.002541,0.000000,0.000000,0.000000,0.000000
0.000000,4.516208,0.000000,0.000232,0.000000,0.000000,-0.003120,0.000294,4.909686,0.044640,-0.001502,-66.356873,0.000094,-0.001265,0.000000,0.000000,0.000000,0.000000
-0.410000,-0.593476,0.000000,0.000606,-0.005935,0.000000,-0.003214,0.008748,-0.662862,0.045905,-0.048284,8.296996,0.000011,0.000029,0.000000,0.000000,0.000000,0.000000
0.180000,0.854027,0.000000,0.000967,0.002606,0.000000,-0.003225,-0.002321,0.964852,0.045877,0.013656,-11.327419,0.000012,-0.000178,0.000000,0.000000,0.000000,0.000000
-2.570000,-3.980632,0.000000,0.001357,-0.037201,0.000000,-0.003237,0.058002,-4.634871,0.046054,-0.360147,51.568058,0.000069,0.000003,0.000000,0.000000,0.000000,0.000000
-2.130000,-1.954129,0.000000,-0.002027,-0.030832,0.000000,-0.002993,0.029592,-1.970686,0.042874,-0.052829,76.261261,0.000043,0.001301,0.000000,0.000000,0.000000,0.000000
-3.210000,-1.563303,0.000000,-0.002008,-0.046465,0.000000,-0.003036,0.045519,-1.576715,0.041573,-0.081261,61.015423,0.000093,0.000933,0.000000,0.000000,0.000000,0.000000
-4.330000,-1.621203,0.000000,-0.001777,-0.062677,0.000000,-0.003129,0.063686,-1.647115,0.040640,-0.154831,46.804371,0.000141,0.000466,0.000000,0.000000,0.000000,0.000000
-1.230000,4.487258,0.000000,-0.001610,-0.017804,0.000000,-0.003270,0.017405,4.597057,0.040174,-0.053026,-104.244354,0.000134,-0.002118,0.000000,0.000000,0.000000,0.000000
0.340000,2.272579,0.000000,-0.001316,0.004922,0.000000,-0.003404,-0.006932,2.354340,0.042292,0.025132,-44.861061,0.000026,-0.000778,0.000000,0.000000,0.000000,0.000000
2.620000,3.300306,0.000000,-0.000963,0.037925,0.000000,-0.003429,-0.044934,3.467320,0.043070,0.187114,-57.522774,-0.000056,-0.000582,0.000000,0.000000,0.000000,0.000000
-1.210000,-5.543935,0.000000,-0.000518,-0.017515,0.000000,-0.003374,0.020526,-5.925336,0.043651,-0.095648,87.845268,-0.000057,0.001406,0.000000,0.000000,0.000000,0.000000
1.920000,4.530683,0.000000,-0.000243,0.027792,0.000000,-0.003317,-0.035552,4.925838,0.042246,0.181725,-66.575172,-0.000003,-0.000772,0.000000,0.000000,0.000000,0.000000
-3.540000,-7.903364,0.000000,0.000164,-0.051242,0.000000,-0.003314,0.068752,-8.777319,0.043017,-0.379460,109.864998,0.000020,0.001055,0.000000,0.000000,0.000000,0.000000
9.130000,-1.447502,0.000000,-0.001309,0.132157,0.000000,-0.002100,-0.136573,-1.459856,0.034804,0.243815,56.493225,-0.000397,0.001727,0.000000,0.000000,0.000000,0.000000
-5.560000,-21.263813,0.000000,-0.000868,-0.080481,0.000000,-0.001703,0.081516,-21.433735,0.033076,-0.145524,829.438782,-0.000185,0.015309,0.000000,0.000000,0.000000,0.000000
-6.130000,-0.825077,0.000000,-0.000934,-0.088732,0.000000,-0.001518,0.091814,-0.838159,0.017768,-0.223217,23.817099,0.000233,-0.000181,0.000000,0.000000,0.000000,0.000000
0.500000,9.596942,0.000000,-0.001031,0.007238,0.000000,-0.001751,-0.008887,9.834419,0.017949,0.027075,-223.008514,0.000162,-0.004149,0.000000,0.000000,0.000000,0.000000
-1.840000,-3.387156,0.000000,-0.000837,-0.026634,0.000000,-0.001913,0.028669,-3.512893,0.022098,-0.103941,66.936844,0.000011,0.000994,0.000000,0.000000,0.000000,0.000000
-2.010000,-0.246075,0.000000,-0.000752,-0.029095,0.000000,-0.001923,0.032749,-0.259755,0.021104,-0.136374,4.309327,0.000084,-0.000289,0.000000,0.000000,0.000000,0.000000
3.320000,7.715189,0.000000,-0.000681,0.048057,0.000000,-0.002007,-0.058858,8.240956,0.021393,0.274273,-122.175163,-0.000003,-0.001571,0.000000,0.000000,0.000000,0.000000
3.140000,-0.260550,0.000000,-0.000386,0.045452,0.000000,-0.002004,-0.058129,-0.284962,0.022964,0.297129,3.851400,-0.000163,0.000880,0.000000,0.000000,0.000000,0.000000
0.820000,-3.358206,0.000000,-0.000102,0.011870,0.000000,-0.001841,-0.016012,-3.729760,0.022085,0.088373,46.685104,-0.000114,0.001121,0.000000,0.000000,0.000000,0.000000
5.440000,6.687462,0.000000,0.000083,0.078744,0.000000,-0.001727,-0.111382,7.589407,0.020963,0.655427,-89.100090,-0.000157,0.000084,0.000000,0.000000,0.000000,0.000000
0.340000,-7.382263,0.000000,0.000461,0.004922,0.000000,-0.001570,-0.006709,-8.588053,0.020879,0.041660,95.551582,-0.000180,0.001922,0.000000,0.000000,0.000000,0.000000
-2.110000,-3.546381,0.000000,0.000630,-0.030542,0.000000,-0.001389,0.049969,-4.236413,0.018958,-0.324601,45.053566,0.000055,-0.000029,0.000000,0.000000,0.000000,0.000000
-3.440000,-5.182059,0.000000,0.000603,-0.049794,0.000000,0.000203,0.051646,-5.223732,0.016592,-0.092200,202.146973,0.000041,0.003578,0.000000,0.000000,0.000000,0.000000
2.320000,8.337615,0.000000,0.000510,0.033582,0.000000,0.000162,-0.033862,8.403563,0.013014,0.060451,-325.199554,0.000067,-0.006001,0.000000,0.000000,0.000000,0.000000
-2.040000,-6.311111,0.000000,0.000799,-0.029529,0.000000,0.000095,0.031715,-6.407776,0.019015,-0.077105,182.083145,-0.000036,0.003250,0.000000,0.000000,0.000000,0.000000
0.110000,3.112130,0.000000,0.000887,0.001592,0.000000,0.000130,-0.000758,3.188525,0.015764,0.002308,-72.304039,0.000058,-0.001369,0.000000,0.000000,0.000000,0.000000
0.160000,0.072375,0.000000,0.001079,0.002316,0.000000,0.000072,-0.001374,0.073913,0.017133,0.004983,-1.408392,-0.000002,-0.000011,0.000000,0.000000,0.000000,0.000000
0.800000,0.926402,0.000000,0.001280,0.011580,0.000000,0.000074,-0.011901,0.972528,0.017144,0.049560,-16.134230,-0.000014,-0.000171,0.000000,0.000000,0.000000,0.000000
-4.500000,-7.671763,0.000000,0.001517,-0.065138,0.000000,0.000088,0.080495,-8.197493,0.017315,-0.375098,121.530807,0.000063,0.001287,0.000000,0.000000,0.000000,0.000000
-0.570000,5.688685,0.000000,0.001537,-0.008251,0.000000,0.000026,0.012412,6.186694,0.016028,-0.063443,-83.616272,0.000151,-0.001757,0.000000,0.000000,0.000000,0.000000
2.550000,4.516208,0.000000,0.001733,0.036911,0.000000,-0.000125,-0.047048,5.011148,0.017786,0.259673,-62.724144,-0.000033,-0.000482,0.000000,0.000000,0.000000,0.000000
5.900000,4.849134,0.000000,0.002073,0.085403,0.000000,-0.000092,-0.117992,5.501452,0.018268,0.694326,-64.587379,-0.000215,0.000656,0.000000,0.000000,0.000000,0.000000
-0.490000,-9.249541,0.000000,0.002566,-0.007093,0.000000,0.000123,0.014529,-10.761225,0.017612,-0.090213,119.730522,-0.000164,0.002022,0.000000,0.000000,0.000000,0.000000
-2.240000,3.416106,0.000000,-0.001055,-0.032424,0.000000,-0.001812,0.032198,3.442464,0.033162,-0.057480,-133.215820,0.000153,-0.002682,0.000000,0.000000,0.000000,0.000000
0.900000,4.545158,0.000000,-0.001063,0.013028,0.000000,-0.001965,-0.014427,4.580429,0.035844,0.025756,-177.252594,0.000047,-0.003282,0.000000,0.000000,0.000000,0.000000
-1.540000,-3.531906,0.000000,-0.000664,-0.022292,0.000000,-0.002012,0.022616,-3.586905,0.039126,-0.054985,101.925392,-0.000007,0.001787,0.000000,0.000000,0.000000,0.000000
6.650000,11.855046,0.000000,-0.000386,0.096259,0.000000,-0.002005,-0.103874,12.147602,0.037339,0.316456,-275.462982,-0.000051,-0.004363,0.000000,0.000000,0.000000,0.000000
-0.140000,-9.828543,0.000000,0.000260,-0.002027,0.000000,-0.001954,0.002541,-10.192787,0.041702,-0.009214,194.219681,-0.000186,0.003661,0.000000,0.000000,0.000000,0.000000
-1.990000,-2.677880,0.000000,0.000606,-0.028805,0.000000,-0.001768,0.033984,-2.817744,0.038041,-0.141519,46.746326,0.000039,0.000496,0.000000,0.000000,0.000000,0.000000
2.380000,6.325586,0.000000,0.000876,0.034451,0.000000,-0.001807,-0.040546,6.754762,0.037545,0.188941,-100.141808,0.000018,-0.001386,0.000000,0.000000,0.000000,0.000000
-4.560000,-10.045668,0.000000,0.001338,-0.066006,0.000000,-0.001825,0.085403,-10.932021,0.038931,-0.436538,147.751740,0.000024,0.001619,0.000000,0.000000,0.000000,0.000000
0.240000,6.948012,0.000000,0.001513,0.003474,0.000000,-0.001849,-0.002622,7.709345,0.037312,0.014472,-96.497253,0.000139,-0.001791,0.000000,0.000000,0.000000,0.000000
-1.700000,-2.808155,0.000000,0.001901,-0.024608,0.000000,-0.001988,0.037535,-3.192348,0.039103,-0.220876,37.478363,0.000041,0.000115,0.000000,0.000000,0.000000,0.000000
8.080000,-4.241183,0.000000,-0.001990,0.116958,0.000000,-0.003042,-0.121682,-4.276026,0.046510,0.217230,165.472855,-0.000410,0.003721,0.000000,0.000000,0.000000,0.000000
-8.040000,-23.333740,0.000000,-0.001562,-0.116379,0.000000,-0.002632,0.117561,-23.520344,0.042790,-0.209873,910.185913,-0.000127,0.016660,0.000000,0.000000,0.000000,0.000000
-5.840000,3.184506,0.000000,-0.001658,-0.084534,0.000000,-0.002505,0.086667,3.232136,0.026130,-0.210702,-91.844276,0.000296,-0.002340,0.000000,0.000000,0.000000,0.000000
-0.600000,7.584913,0.000000,-0.001661,-0.008685,0.000000,-0.002801,0.007549,7.772095,0.028470,-0.023000,-176.242554,0.000167,-0.003395,0.000000,0.000000,0.000000,0.000000
4.210000,6.962487,0.000000,-0.001440,0.060940,0.000000,-0.002968,-0.069323,7.217559,0.031865,0.251336,-137.527847,-0.000051,-0.001918,0.000000,0.000000,0.000000,0.000000
1.310000,-4.197757,0.000000,-0.001017,0.018962,0.000000,-0.002917,-0.023086,-4.414876,0.033783,0.096135,73.242706,-0.000146,0.001650,0.000000,0.000000,0.000000,0.000000
-0.950000,-3.271356,0.000000,-0.000729,-0.013751,0.000000,-0.002771,0.015727,-3.496682,0.032132,-0.073284,51.839577,-0.000023,0.000780,0.000000,0.000000,0.000000,0.000000
-3.350000,-3.474006,0.000000,-0.000542,-0.048491,0.000000,-0.002747,0.060807,-3.781368,0.031352,-0.310814,51.107086,0.000093,0.000126,0.000000,0.000000,0.000000,0.000000
1.540000,7.078287,0.000000,-0.000462,0.022292,0.000000,-0.002840,-0.030432,7.855618,0.031226,0.167962,-98.328148,0.000066,-0.001408,0.000000,0.000000,0.000000,0.000000
-2.770000,-6.238736,0.000000,-0.000180,-0.040096,0.000000,-0.002907,0.056520,-7.084534,0.032634,-0.332591,83.172852,0.000019,0.000678,0.000000,0.000000,0.000000,0.000000
3.140000,8.554741,0.000000,-0.000080,0.045452,0.000000,-0.002925,-0.068492,9.946610,0.031956,0.425280,-110.667030,0.000003,-0.000946,0.000000,0.000000,0.000000,0.000000
-1.610000,-6.875638,0.000000,0.000265,-0.023305,0.000000,-0.002928,0.037783,-8.212156,0.032903,-0.245438,87.334953,-0.000053,0.000992,0.000000,0.000000,0.000000,0.000000
-2.300000,-1.346177,0.000000,-0.000260,-0.033293,0.000000,-0.000770,0.033876,-1.357441,0.021963,-0.060476,52.530010,0.000066,0.000829,0.000000,0.000000,0.000000,0.000000
-3.940000,-2.373904,0.000000,-0.000297,-0.057032,0.000000,-0.000836,0.058091,-2.393316,0.021134,-0.103705,92.616104,0.000112,0.001472,0.000000,0.000000,0.000000,0.000000
-3.230000,1.027727,0.000000,-0.000267,-0.046754,0.000000,-0.000948,0.048613,1.042680,0.019662,-0.118187,-29.628750,0.000151,-0.000883,0.000000,0.000000,0.000000,0.000000
-1.750000,2.142304,0.000000,-0.000207,-0.025331,0.000000,-0.001099,0.027004,2.194583,0.020546,-0.082268,-49.765076,0.000114,-0.001163,0.000000,0.000000,0.000000,0.000000
6.000000,11.218145,0.000000,-0.000082,0.086850,0.000000,-0.001213,-0.096608,11.630205,0.021709,0.350261,-221.609131,-0.000041,-0.003247,0.000000,0.000000,0.000000,0.000000
0.390000,-8.120489,0.000000,0.000384,0.005645,0.000000,-0.001172,-0.006079,-8.538748,0.024956,0.025314,141.657654,-0.000178,0.002757,0.000000,0.000000,0.000000,0.000000
0.430000,0.057900,0.000000,0.000608,0.006224,0.000000,-0.000994,-0.006782,0.060127,0.022199,0.031604,-0.891397,-0.000017,0.000064,0.000000,0.000000,0.000000,0.000000
-4.540000,-7.194088,0.000000,0.000838,-0.065717,0.000000,-0.000977,0.084402,-7.828357,0.022135,-0.431421,105.804169,0.000080,0.000836,0.000000,0.000000,0.000000,0.000000
-0.610000,5.688685,0.000000,0.000862,-0.008830,0.000000,-0.001057,0.012963,6.312987,0.021299,-0.071544,-79.019157,0.000154,-0.001691,0.000000,0.000000,0.000000,0.000000
9.020000,13.939451,0.000000,0.001058,0.130565,0.000000,-0.001211,-0.183377,15.820616,0.022990,1.079084,-185.734955,-0.000197,-0.000595,0.000000,0.000000,0.000000,0.000000
2.780000,-9.032416,0.000000,0.001663,0.040241,0.000000,-0.001015,-0.058032,-10.508481,0.023585,0.360333,116.918465,-0.000356,0.003190,0.000000,0.000000,0.000000,0.000000
-4.540000,-31.570032,0.000000,-0.000611,-0.065717,0.000000,-0.001295,0.066733,-31.821848,0.029669,-0.119134,1231.435913,-0.000421,0.022989,0.000000,0.000000,0.000000,0.000000
-6.510000,-2.851580,0.000000,-0.000718,-0.094232,0.000000,-0.000873,0.095749,-2.874398,0.006680,-0.170935,111.232918,0.000205,0.001601,0.000000,0.000000,0.000000,0.000000
-3.610000,4.197758,0.000000,-0.000941,-0.052255,0.000000,-0.001079,0.053660,4.261466,0.005078,-0.130458,-121.093674,0.000225,-0.002649,0.000000,0.000000,0.000000,0.000000
-4.100000,-0.709276,0.000000,-0.001036,-0.059348,0.000000,-0.001304,0.062674,-0.727066,0.007727,-0.190939,16.487190,0.000155,-0.000199,0.000000,0.000000,0.000000,0.000000
9.650000,19.903160,0.000000,-0.001160,0.139684,0.000000,-0.001460,-0.156520,20.636053,0.007927,0.567478,-393.212189,-0.000033,-0.005910,0.000000,0.000000,0.000000,0.000000
8.360000,-1.867278,0.000000,-0.000685,0.121011,0.000000,-0.001427,-0.140617,-1.963719,0.013837,0.585562,32.578064,-0.000417,0.002212,0.000000,0.000000,0.000000,0.000000
-4.060000,-17.977982,0.000000,-0.000272,-0.058769,0.000000,-0.001009,0.070643,-19.206568,0.011625,-0.329190,284.744354,-0.000172,0.004497,0.000000,0.000000,0.000000,0.000000
0.240000,6.224261,0.000000,-0.000393,0.003474,0.000000,-0.000837,-0.004904,6.770921,0.007128,0.025067,-91.512405,0.000115,-0.001673,0.000000,0.000000,0.000000,0.000000
-2.770000,-4.356983,0.000000,-0.000334,-0.040096,0.000000,-0.000953,0.053179,-4.837337,0.008801,-0.293512,60.548561,0.000052,0.000356,0.000000,0.000000,0.000000,0.000000
0.640000,4.935984,0.000000,-0.000404,0.009264,0.000000,-0.001005,-0.013690,5.602634,0.008446,0.080556,-65.775253,0.000069,-0.001028,0.000000,0.000000,0.000000,0.000000
-1.520000,-3.126605,0.000000,-0.000334,-0.022002,0.000000,-0.001074,0.032594,-3.636905,0.009474,-0.202386,40.464584,0.000019,0.000221,0.000000,0.000000,0.000000,0.000000
-5.040000,-7.570438,0.000000,0.000917,-0.072954,0.000000,0.000831,0.075648,-7.630764,0.002931,-0.135049,295.293945,0.000060,0.005226,0.000000,0.000000,0.000000,0.000000
-4.470000,0.825077,0.000000,0.000729,-0.064703,0.000000,0.000771,0.066996,0.831663,-0.002295,-0.119602,-32.183552,0.000197,-0.000943,0.000000,0.000000,0.000000,0.000000
0.740000,7.541488,0.000000,0.000551,0.010712,0.000000,0.000574,-0.010626,7.656111,-0.001352,0.025833,-217.555817,0.000116,-0.004048,0.000000,0.000000,0.000000,0.000000
0.590000,-0.217125,0.000000,0.000620,0.008540,0.000000,0.000458,-0.008513,-0.222721,0.002696,0.025934,5.050499,-0.000027,0.000173,0.000000,0.000000,0.000000,0.000000
4.910000,6.253211,0.000000,0.000687,0.071072,0.000000,0.000486,-0.078219,6.483248,0.002522,0.283593,-123.535835,-0.000089,-0.001572,0.000000,0.000000,0.000000,0.000000
-0.300000,-7.541488,0.000000,0.000949,-0.004343,0.000000,0.000574,0.006114,-7.928945,0.004095,-0.025460,131.541061,-0.000133,0.002425,0.000000,0.000000,0.000000,0.000000
-1.360000,-1.534353,0.000000,0.000991,-0.019686,0.000000,0.000708,0.024970,-1.639638,0.001670,-0.116359,24.308235,0.000037,0.000141,0.000000,0.000000,0.000000,0.000000
-4.370000,-4.356983,0.000000,0.000994,-0.063256,0.000000,0.000671,0.081480,-4.740472,0.001529,-0.416483,64.069862,0.000131,0.000086,0.000000,0.000000,0.000000,0.000000
-5.870000,-2.171254,0.000000,0.000877,-0.084968,0.000000,0.000541,0.114813,-2.411013,0.001443,-0.633685,30.178457,0.000265,-0.001143,0.000000,0.000000,0.000000,0.000000
2.810000,12.564322,0.000000,0.000702,0.040675,0.000000,0.000276,-0.056599,14.261632,0.002585,0.333060,-167.432434,0.000116,-0.002267,0.000000,0.000000,0.000000,0.000000
1.670000,-1.650153,0.000000,0.000896,0.024173,0.000000,0.000159,-0.035016,-1.920364,0.004853,0.217420,21.366179,-0.000131,0.000997,0.000000,0.000000,0.000000,0.000000
-8.320000,-11.116819,0.000000,0.000251,-0.120432,0.000000,-0.000014,0.123596,-11.205530,0.011117,-0.220648,433.629578,0.000122,0.007612,0.000000,0.000000,0.000000,0.000000
-4.870000,4.993884,0.000000,-0.000047,-0.070493,0.000000,-0.000137,0.072129,5.033511,0.003505,-0.128768,-194.785889,0.000290,-0.004051,0.000000,0.000000,0.000000,0.000000
-1.550000,4.805708,0.000000,-0.000168,-0.022436,0.000000,-0.000427,0.023286,4.878501,0.007555,-0.056613,-138.627304,0.000155,-0.002771,0.000000,0.000000,0.000000,0.000000
5.330000,9.958818,0.000000,-0.000136,0.077152,0.000000,-0.000582,-0.083069,10.205482,0.010326,0.253074,-231.422836,-0.000032,-0.003692,0.000000,0.000000,0.000000,0.000000
7.270000,2.808155,0.000000,0.000206,0.105233,0.000000,-0.000550,-0.116717,2.910804,0.014018,0.423168,-55.464268,-0.000261,0.000101,0.000000,0.000000,0.000000,0.000000
1.680000,-8.091539,0.000000,0.000635,0.024318,0.000000,-0.000290,-0.027366,-8.507720,0.013917,0.113956,141.142929,-0.000235,0.002981,0.000000,0.000000,0.000000,0.000000
4.600000,4.226707,0.000000,0.000825,0.066585,0.000000,-0.000055,-0.079415,4.514343,0.010936,0.370066,-66.926781,-0.000129,-0.000272,0.000000,0.000000,0.000000,0.000000
5.450000,1.230377,0.000000,0.001146,0.078889,0.000000,0.000074,-0.098591,1.337126,0.011208,0.503947,-18.071932,-0.000241,0.001021,0.000000,0.000000,0.000000,0.000000
-1.550000,-10.132518,0.000000,0.001510,-0.022436,0.000000,0.000315,0.032027,-11.250148,0.010187,-0.176764,140.817215,-0.000126,0.002186,0.000000,0.000000,0.000000,0.000000
-1.570000,-0.028950,0.000000,0.001589,-0.022726,0.000000,0.000441,0.034429,-0.034672,0.008000,-0.202600,0.407055,0.000093,-0.000544,0.000000,0.000000,0.000000,0.000000
1.200000,10.595718,0.000000,0.000041,0.017370,0.000000,-0.000446,-0.017691,10.679446,0.020712,0.031583,-413.271179,0.000154,-0.007739,0.000000,0.000000,0.000000,0.000000
-8.810000,-14.489501,0.000000,0.000138,-0.127525,0.000000,-0.000600,0.130714,-14.605476,0.028451,-0.233355,565.200012,0.000077,0.010085,0.000000,0.000000,0.000000,0.000000
-7.470000,1.939654,0.000000,-0.000032,-0.108128,0.000000,-0.000677,0.113040,1.968492,0.018366,-0.274822,-55.936600,0.000343,-0.001821,0.000000,0.000000,0.000000,0.000000
-2.120000,7.744138,0.000000,-0.000139,-0.030687,0.000000,-0.001020,0.032833,7.935416,0.020187,-0.100027,-179.946091,0.000238,-0.003675,0.000000,0.000000,0.000000,0.000000
-0.210000,2.764730,0.000000,-0.000006,-0.003040,0.000000,-0.001258,0.003371,2.865308,0.023862,-0.012222,-54.597359,0.000063,-0.001060,0.000000,0.000000,0.000000,0.000000
3.550000,5.442609,0.000000,0.000209,0.051386,0.000000,-0.001321,-0.059134,5.720294,0.024922,0.246247,-94.899567,-0.000052,-0.001129,0.000000,0.000000,0.000000,0.000000
3.440000,-0.159225,0.000000,0.000589,0.049794,0.000000,-0.001269,-0.059422,-0.172081,0.026051,0.276899,2.551163,-0.000164,0.000799,0.000000,0.000000,0.000000,0.000000
4.120000,0.984302,0.000000,0.000968,0.059637,0.000000,-0.001105,-0.074402,1.068471,0.025251,0.380307,-14.440928,-0.000181,0.000754,0.000000,0.000000,0.000000,0.000000
2.610000,-2.185729,0.000000,0.001381,0.037780,0.000000,-0.000925,-0.048681,-2.429221,0.024497,0.268686,30.406370,-0.000177,0.001301,0.000000,0.000000,0.000000,0.000000
0.010000,-3.763507,0.000000,0.001740,0.000145,0.000000,-0.000747,0.002258,-4.275343,0.023196,-0.013288,50.192787,-0.000075,0.000912,0.000000,0.000000,0.000000,0.000000
-0.940000,-1.375127,0.000000,0.002001,-0.013607,0.000000,-0.000673,0.023478,-1.602996,0.022284,-0.145779,17.835102,0.000033,-0.000058,0.000000,0.000000,0.000000,0.000000
-3.860000,-8.540265,0.000000,-0.000881,-0.055874,0.000000,-0.001631,0.056385,-8.608992,0.032711,-0.100660,333.149200,-0.000011,0.006036,0.000000,0.000000,0.000000,0.000000
-9.390000,-8.004690,0.000000,-0.000953,-0.135920,0.000000,-0.001621,0.138192,-8.068995,0.026675,-0.246705,312.252502,0.000221,0.005234,0.000000,0.000000,0.000000,0.000000
-7.830000,2.258105,0.000000,-0.001137,-0.113339,0.000000,-0.001842,0.117334,2.291773,0.021441,-0.285262,-65.122948,0.000360,-0.002014,0.000000,0.000000,0.000000,0.000000
-0.990000,9.900917,0.000000,-0.001255,-0.014330,0.000000,-0.002202,0.014053,10.145726,0.023456,-0.042814,-230.067780,0.000229,-0.004468,0.000000,0.000000,0.000000,0.000000
0.840000,2.648930,0.000000,-0.001073,0.012159,0.000000,-0.002431,-0.014705,2.745255,0.027924,0.053315,-52.309795,0.000012,-0.000838,0.000000,0.000000,0.000000,0.000000
7.670000,9.886442,0.000000,-0.000820,0.111023,0.000000,-0.002443,-0.129232,10.392195,0.028762,0.538153,-172.406342,-0.000153,-0.001807,0.000000,0.000000,0.000000,0.000000
2.750000,-7.121712,0.000000,-0.000276,0.039806,0.000000,-0.002290,-0.048405,-7.610086,0.030569,0.225561,112.822304,-0.000275,0.002750,0.000000,0.000000,0.000000,0.000000
8.380000,8.149439,0.000000,0.000054,0.121301,0.000000,-0.002016,-0.153760,8.863542,0.027820,0.785942,-119.795219,-0.000248,-0.000147,0.000000,0.000000,0.000000,0.000000
11.050000,11.391846,0.000000,-0.000440,0.159949,0.000000,-0.001116,-0.164150,11.481707,0.029218,0.293045,-444.316986,-0.000226,-0.007620,0.000000,0.000000,0.000000,0.000000
-0.760000,-17.095005,0.000000,0.000063,-0.011001,0.000000,-0.000890,0.011329,-17.231915,0.036838,-0.020225,666.837524,-0.000295,0.012586,0.000000,0.000000,0.000000,0.000000
2.650000,4.935984,0.000000,0.000270,0.038359,0.000000,-0.000595,-0.039830,5.010129,0.024252,0.096835,-142.367691,-0.000012,-0.002457,0.000000,0.000000,0.000000,0.000000
-11.310000,-20.207138,0.000000,0.000640,-0.163713,0.000000,-0.000582,0.176646,-20.709789,0.026709,-0.538162,469.621948,0.000086,0.007441,0.000000,0.000000,0.000000,0.000000
0.650000,17.312130,0.000000,0.000381,0.009409,0.000000,-0.000668,-0.010032,17.948673,0.019268,0.036373,-342.005157,0.000313,-0.006391,0.000000,0.000000,0.000000,0.000000
-0.670000,-1.910703,0.000000,0.000654,-0.009698,0.000000,-0.000981,0.011962,-2.010473,0.025659,-0.049811,33.353710,-0.000006,0.000509,0.000000,0.000000,0.000000,0.000000
-6.170000,-7.961265,0.000000,0.000872,-0.089311,0.000000,-0.000974,0.108909,-8.507051,0.025151,-0.507502,126.120117,0.000134,0.001014,0.000000,0.000000,0.000000,0.000000
-3.240000,4.241183,0.000000,0.000860,-0.046899,0.000000,-0.001108,0.060565,4.611707,0.024136,-0.309581,-62.329540,0.000251,-0.002020,0.000000,0.000000,0.000000,0.000000
10.960000,20.554535,0.000000,0.000977,0.158646,0.000000,-0.001359,-0.210872,22.815605,0.026156,1.163865,-285.581085,-0.000139,-0.002255,0.000000,0.000000,0.000000,0.000000
14.740000,5.471560,0.000000,0.001699,0.213362,0.000000,-0.001220,-0.299706,6.207397,0.028411,1.763624,-72.875214,-0.000693,0.003395,0.000000,0.000000,0.000000,0.000000
-8.540000,-17.601631,0.000000,-0.001019,-0.123617,0.000000,-0.001940,0.125624,-17.742607,0.040120,-0.224268,686.600159,0.000005,0.012388,0.000000,0.000000,0.000000,0.000000
-0.830000,11.160245,0.000000,-0.001258,-0.012014,0.000000,-0.001945,0.011014,11.248343,0.027732,-0.019662,-435.286346,0.000243,-0.008318,0.000000,0.000000,0.000000,0.000000
-0.020000,1.172477,0.000000,-0.000961,-0.000290,0.000000,-0.002188,-0.000702,1.189115,0.036050,0.001708,-33.789852,0.000020,-0.000620,0.000000,0.000000,0.000000,0.000000
8.410000,12.202446,0.000000,-0.000635,0.121735,0.000000,-0.002208,-0.131524,12.503688,0.036670,0.400693,-283.537689,-0.000119,-0.004284,0.000000,0.000000,0.000000,0.000000
5.240000,-4.588583,0.000000,0.000067,0.075849,0.000000,-0.002089,-0.084217,-4.759751,0.040954,0.305336,90.695251,-0.000318,0.002551,0.000000,0.000000,0.000000,0.000000
2.820000,-3.502956,0.000000,0.000628,0.040820,0.000000,-0.001771,-0.046440,-3.685181,0.038403,0.193388,61.137096,-0.000195,0.001676,0.000000,0.000000,0.000000,0.000000
-0.050000,-4.154332,0.000000,0.001088,-0.000724,0.000000,-0.001576,0.002188,-4.440966,0.036727,-0.010195,65.838936,-0.000078,0.001216,0.000000,0.000000,0.000000,0.000000
-7.040000,-10.118043,0.000000,0.001431,-0.101904,0.000000,-0.001499,0.131046,-11.010548,0.035511,-0.669841,148.813080,0.000146,0.001004,0.000000,0.000000,0.000000,0.000000
-2.700000,6.282161,0.000000,0.001487,-0.039083,0.000000,-0.001645,0.054260,6.970401,0.034507,-0.299475,-87.247955,0.000278,-0.002464,0.000000,0.000000,0.000000,0.000000
1.320000,4.081957,0.000000,-0.002204,0.019107,0.000000,-0.003196,-0.021719,4.113380,0.044116,0.038773,-159.178833,0.000019,-0.002905,0.000000,0.000000,0.000000,0.000000
-5.410000,-9.741693,0.000000,-0.002047,-0.078310,0.000000,-0.003214,0.078085,-9.820286,0.047021,-0.139400,380.023621,0.000025,0.006824,0.000000,0.000000,0.000000,0.000000
-5.560000,-0.217126,0.000000,-0.001908,-0.080481,0.000000,-0.003239,0.082166,-0.221670,0.040197,-0.199762,6.298959,0.000218,-0.000434,0.000000,0.000000,0.000000,0.000000
-7.570000,-2.909480,0.000000,-0.001790,-0.109576,0.000000,-0.003457,0.115848,-2.983204,0.040630,-0.352937,67.648102,0.000256,0.000327,0.000000,0.000000,0.000000,0.000000
-3.620000,5.717635,0.000000,-0.001777,-0.052400,0.000000,-0.003714,0.056257,5.926485,0.040303,-0.203966,-112.926918,0.000264,-0.002691,0.000000,0.000000,0.000000,0.000000
1.880000,7.961264,0.000000,-0.001602,0.027213,0.000000,-0.003978,-0.033295,8.367610,0.042994,0.138648,-138.818497,0.000068,-0.002249,0.000000,0.000000,0.000000,0.000000
-0.880000,-3.995107,0.000000,-0.001201,-0.012738,0.000000,-0.004046,0.013933,-4.270571,0.045242,-0.064927,63.312771,-0.000043,0.001027,0.000000,0.000000,0.000000,0.000000
-0.050000,1.201427,0.000000,-0.000927,-0.000724,0.000000,-0.004002,-0.000258,1.304184,0.044215,0.001318,-17.626699,0.000024,-0.000332,0.000000,0.000000,0.000000,0.000000
-0.640000,-0.854026,0.000000,-0.000625,-0.009264,0.000000,-0.004027,0.011554,-0.951273,0.044547,-0.063768,11.907011,0.000013,0.000054,0.000000,0.000000,0.000000,0.000000
-0.400000,0.347401,0.000000,-0.000354,-0.005790,0.000000,-0.004040,0.007697,0.390812,0.044494,-0.045296,-4.588155,0.000028,-0.000209,0.000000,0.000000,0.000000,0.000000
2.490000,4.183282,0.000000,-0.000075,0.036043,0.000000,-0.004068,-0.054332,4.861326,0.044703,0.337357,-54.087620,-0.000055,-0.000111,0.000000,0.000000,0.000000,0.000000
-4.560000,-21.900715,0.000000,-0.000790,-0.066006,0.000000,-0.001505,0.066850,-22.075661,0.031168,-0.119342,854.279846,-0.000237,0.015853,0.000000,0.000000,0.000000,0.000000
-5.340000,-1.129052,0.000000,-0.000893,-0.077297,0.000000,-0.001268,0.078229,-1.138385,0.015315,-0.139657,44.053013,0.000190,0.000427,0.000000,0.000000,0.000000,0.000000
-2.770000,3.720082,0.000000,-0.000978,-0.040096,0.000000,-0.001459,0.040907,3.776187,0.014888,-0.099453,-107.304016,0.000182,-0.002302,0.000000,0.000000,0.000000,0.000000
2.780000,8.033639,0.000000,-0.000948,0.040241,0.000000,-0.001641,-0.044270,8.232348,0.017190,0.134871,-186.679443,0.000036,-0.003166,0.000000,0.000000,0.000000,0.000000
7.340000,6.600612,0.000000,-0.000676,0.106247,0.000000,-0.001676,-0.118823,6.842797,0.020355,0.430804,-130.386902,-0.000192,-0.001298,0.000000,0.000000,0.000000,0.000000
-0.760000,-11.724771,0.000000,-0.000207,-0.011001,0.000000,-0.001484,0.012472,-12.327586,0.021653,-0.051937,204.514450,-0.000199,0.003734,0.000000,0.000000,0.000000,0.000000
1.110000,2.706830,0.000000,-0.000092,0.016067,0.000000,-0.001285,-0.019515,2.890534,0.017919,0.090938,-42.853222,0.000002,-0.000572,0.000000,0.000000,0.000000,0.000000
-0.510000,-2.344954,0.000000,0.000102,-0.007382,0.000000,-0.001287,0.009492,-2.552450,0.018491,-0.048517,34.497643,-0.000023,0.000523,0.000000,0.000000,0.000000,0.000000
-0.530000,-0.028950,0.000000,0.000228,-0.007672,0.000000,-0.001265,0.010566,-0.033709,0.017968,-0.058317,0.421928,0.000028,-0.000151,0.000000,0.000000,0.000000,0.000000
1.560000,3.025280,0.000000,0.000355,0.022581,0.000000,-0.001293,-0.031471,3.432342,0.018119,0.185194,-40.295898,-0.000020,-0.000262,0.000000,0.000000,0.000000,0.000000
-1.610000,-4.588583,0.000000,0.000571,-0.023305,0.000000,-0.001273,0.035916,-5.338789,0.018381,-0.223008,59.399918,-0.000004,0.000522,0.000000,0.000000,0.000000,0.000000
-2.120000,-3.966157,0.000000,0.000290,-0.030687,0.000000,-0.000109,0.031761,-3.998149,0.016805,-0.056701,154.719635,0.000010,0.002775,0.000000,0.000000,0.000000,0.000000
-1.800000,0.463201,0.000000,0.000249,-0.026055,0.000000,-0.000120,0.026932,0.466510,0.014030,-0.048080,-18.052923,0.000082,-0.000477,0.000000,0.000000,0.000000,0.000000
-4.870000,-4.443832,0.000000,0.000323,-0.070493,0.000000,-0.000201,0.074056,-4.511915,0.014507,-0.180043,128.210419,0.000115,0.001942,0.000000,0.000000,0.000000,0.000000
1.610000,9.379816,0.000000,0.000256,0.023305,0.000000,-0.000316,-0.024773,9.611958,0.012565,0.075472,-217.963882,0.000115,-0.003927,0.000000,0.000000,0.000000,0.000000
5.060000,4.993884,0.000000,0.000483,0.073244,0.000000,-0.000431,-0.080859,5.176848,0.016492,0.293162,-98.642876,-0.000121,-0.001068,0.000000,0.000000,0.000000,0.000000
-3.230000,-11.999796,0.000000,0.000865,-0.046754,0.000000,-0.000310,0.055023,-12.616785,0.017560,-0.229128,209.312256,-0.000090,0.003346,0.000000,0.000000,0.000000,0.000000
6.120000,13.534148,0.000000,0.000892,0.088587,0.000000,-0.000220,-0.105904,14.457240,0.014214,0.493502,-214.333832,-0.000013,-0.002730,0.000000,0.000000,0.000000,0.000000
-2.970000,-13.157799,0.000000,0.001327,-0.042991,0.000000,-0.000208,0.056202,-14.316019,0.016944,-0.287274,193.488190,-0.000119,0.002892,0.000000,0.000000,0.000000,0.000000
3.070000,8.742915,0.000000,0.001383,0.044438,0.000000,-0.000088,-0.057584,9.703860,0.014052,0.317821,-121.462456,0.000028,-0.001446,0.000000,0.000000,0.000000,0.000000
5.580000,3.633232,0.000000,0.001704,0.080771,0.000000,-0.000117,-0.111955,4.121722,0.015498,0.658803,-48.389259,-0.000225,0.000868,0.000000,0.000000,0.000000,0.000000
-5.180000,-15.575128,0.000000,0.002141,-0.074981,0.000000,0.000108,0.116011,-18.117443,0.014629,-0.720341,201.576584,-0.000029,0.001867,0.000000,0.000000,0.000000,0.000000
-0.230000,7.165137,0.000000,0.002143,-0.003329,0.000000,0.000137,0.008772,8.551136,0.012762,-0.056986,-90.939957,0.000186,-0.001880,0.000000,0.000000,0.000000,0.000000
-3.450000,-1.418553,0.000000,-0.000205,-0.049939,0.000000,-0.000833,0.050989,-1.430524,0.026928,-0.091027,55.358139,0.000110,0.000805,0.000000,0.000000,0.000000,0.000000
-2.730000,1.042202,0.000000,-0.000274,-0.039517,0.000000,-0.000943,0.040180,1.049828,0.026123,-0.071731,-40.626068,0.000128,-0.000965,0.000000,0.000000,0.000000,0.000000
1.510000,6.137411,0.000000,-0.000124,0.021857,0.000000,-0.001071,-0.022986,6.229752,0.027087,0.055884,-177.024445,0.000056,-0.003199,0.000000,0.000000,0.000000,0.000000
-0.730000,-3.242406,0.000000,0.000224,-0.010567,0.000000,-0.001127,0.011598,-3.324224,0.030286,-0.035335,75.381195,-0.000032,0.001338,0.000000,0.000000,0.000000,0.000000
-0.860000,-0.188175,0.000000,0.000471,-0.012449,0.000000,-0.001095,0.014358,-0.196725,0.028949,-0.052055,3.748521,0.000035,-0.000072,0.000000,0.000000,0.000000,0.000000
4.410000,7.628338,0.000000,0.000715,0.063835,0.000000,-0.001130,-0.072933,8.017774,0.029021,0.303712,-133.014709,-0.000046,-0.001697,0.000000,0.000000,0.000000,0.000000
-4.650000,-13.114372,0.000000,0.001192,-0.067309,0.000000,-0.001085,0.082725,-14.012616,0.030718,-0.385488,207.742126,-0.000041,0.002894,0.000000,0.000000,0.000000,0.000000
0.150000,6.948012,0.000000,0.001288,0.002171,0.000000,-0.001043,-0.001121,7.555940,0.027824,0.005729,-102.122322,0.000140,-0.001924,0.000000,0.000000,0.000000,0.000000
-0.460000,-0.882977,0.000000,0.001596,-0.006659,0.000000,-0.001184,0.011039,-0.983539,0.029748,-0.060930,12.310881,0.000011,0.000072,0.000000,0.000000,0.000000,0.000000
1.540000,2.895005,0.000000,0.001888,0.022292,0.000000,-0.001195,-0.028891,3.282389,0.029676,0.170009,-38.535435,-0.000016,-0.000270,0.000000,0.000000,0.000000,0.000000
0.600000,-1.360652,0.000000,0.002276,0.008685,0.000000,-0.001178,-0.009641,-1.587081,0.029946,0.059863,17.658026,-0.000056,0.000497,0.000000,0.000000,0.000000,0.000000
-1.670000,4.964934,0.000000,-0.001820,-0.024173,0.000000,-0.002736,0.022982,5.003452,0.040572,-0.041028,-193.622696,0.000157,-0.003778,0.000000,0.000000,0.000000,0.000000
-2.610000,-1.360652,0.000000,-0.001789,-0.037780,0.000000,-0.002893,0.036851,-1.372535,0.044350,-0.065788,53.114109,0.000073,0.000835,0.000000,0.000000,0.000000,0.000000
-3.750000,-1.650153,0.000000,-0.001501,-0.054281,0.000000,-0.002966,0.055195,-1.676631,0.043515,-0.134188,47.643101,0.000117,0.000538,0.000000,0.000000,0.000000,0.000000
0.570000,6.253211,0.000000,-0.001277,0.008251,0.000000,-0.003084,-0.010241,6.406656,0.042978,0.031200,-145.279419,0.000093,-0.002667,0.000000,0.000000,0.000000,0.000000
-1.700000,-3.285831,0.000000,-0.000869,-0.024608,0.000000,-0.003177,0.026381,-3.409065,0.045645,-0.095647,64.958443,0.000007,0.000976,0.000000,0.000000,0.000000,0.000000
1.600000,4.776759,0.000000,-0.000568,0.023160,0.000000,-0.003184,-0.027417,5.019315,0.044669,0.114170,-83.270348,0.000021,-0.001270,0.000000,0.000000,0.000000,0.000000
0.760000,-1.215902,0.000000,-0.000128,0.011001,0.000000,-0.003205,-0.013440,-1.301999,0.045939,0.062629,19.302610,-0.000061,0.000537,0.000000,0.000000,0.000000,0.000000
-0.860000,-2.344954,0.000000,0.000273,-0.012449,0.000000,-0.003144,0.016133,-2.554523,0.045402,-0.082466,34.525665,-0.000005,0.000430,0.000000,0.000000,0.000000,0.000000
-1.430000,-0.825076,0.000000,0.000607,-0.020699,0.000000,-0.003139,0.028496,-0.919895,0.044972,-0.157277,11.514256,0.000060,-0.000208,0.000000,0.000000,0.000000,0.000000
-2.740000,-1.896228,0.000000,0.000920,-0.039662,0.000000,-0.003199,0.057462,-2.156999,0.045180,-0.338134,25.323296,0.000114,-0.000435,0.000000,0.000000,0.000000,0.000000
0.480000,4.660958,0.000000,0.001183,0.006948,0.000000,-0.003313,-0.008672,5.415739,0.045615,0.053845,-60.256077,0.000079,-0.000994,0.000000,0.000000,0.000000,0.000000
-5.030000,-12.289297,0.000000,-0.001776,-0.072809,0.000000,-0.002745,0.072831,-12.388059,0.042785,-0.130020,479.390839,-0.000038,0.008727,0.000000,0.000000,0.000000,0.000000
-6.920000,-2.735780,0.000000,-0.001871,-0.100167,0.000000,-0.002707,0.100645,-2.758329,0.034057,-0.179675,106.741310,0.000220,0.001519,0.000000,0.000000,0.000000,0.000000
-3.180000,5.413660,0.000000,-0.001864,-0.046031,0.000000,-0.002927,0.046187,5.494964,0.032538,-0.112289,-156.144730,0.000229,-0.003263,0.000000,0.000000,0.000000,0.000000
-3.290000,-0.159225,0.000000,-0.001695,-0.047623,0.000000,-0.003156,0.049363,-0.164510,0.035801,-0.150388,3.730482,0.000130,-0.000330,0.000000,0.000000,0.000000,0.000000
4.330000,11.029969,0.000000,-0.001544,0.062677,0.000000,-0.003286,-0.071369,11.434651,0.036131,0.258755,-217.882935,0.000023,-0.003425,0.000000,0.000000,0.000000,0.000000
7.950000,5.239959,0.000000,-0.001068,0.115076,0.000000,-0.003309,-0.134203,5.506734,0.039556,0.558851,-91.356613,-0.000259,-0.000212,0.000000,0.000000,0.000000,0.000000
-0.800000,-12.665648,0.000000,-0.000444,-0.011580,0.000000,-0.003050,0.013448,-13.533232,0.039768,-0.062667,200.635086,-0.000219,0.003630,0.000000,0.000000,0.000000,0.000000
2.040000,4.110908,0.000000,-0.000199,0.029529,0.000000,-0.002831,-0.037700,4.469603,0.036138,0.192703,-60.408932,-0.000017,-0.000629,0.000000,0.000000,0.000000,0.000000
2.740000,1.013252,0.000000,0.000165,0.039662,0.000000,-0.002814,-0.052824,1.121809,0.036768,0.291550,-14.041596,-0.000122,0.000524,0.000000,0.000000,0.000000,0.000000
-0.800000,-8.120489,0.000000,-0.000066,-0.011580,0.000000,-0.000828,0.011871,-8.185912,0.032546,-0.021192,316.776917,-0.000123,0.005940,0.000000,0.000000,0.000000,0.000000
-3.420000,-3.792457,0.000000,-0.000018,-0.049505,0.000000,-0.000705,0.050669,-3.823304,0.026606,-0.090456,147.953522,0.000065,0.002546,0.000000,0.000000,0.000000,0.000000
5.170000,12.434047,0.000000,0.000080,0.074836,0.000000,-0.000770,-0.078175,12.622181,0.024060,0.190057,-358.671448,0.000027,-0.006282,0.000000,0.000000,0.000000,0.000000
2.550000,-3.792457,0.000000,0.000581,0.036911,0.000000,-0.000797,-0.039048,-3.887978,0.030342,0.118961,88.165054,-0.000179,0.002003,0.000000,0.000000,0.000000,0.000000
2.000000,-0.796126,0.000000,0.000966,0.028950,0.000000,-0.000618,-0.031099,-0.827140,0.028340,0.112752,15.760846,-0.000099,0.000600,0.000000,0.000000,0.000000,0.000000
0.630000,-1.983079,0.000000,0.001333,0.009119,0.000000,-0.000519,-0.008997,-2.086884,0.027740,0.037466,34.621376,-0.000064,0.000756,0.000000,0.000000,0.000000,0.000000
-8.380000,-13.041999,0.000000,0.001649,-0.121301,0.000000,-0.000455,0.148479,-13.935221,0.026984,-0.691895,206.594711,0.000138,0.002039,0.000000,0.000000,0.000000,0.000000
-4.410000,5.746585,0.000000,0.001589,-0.063835,0.000000,-0.000593,0.082967,6.248998,0.024945,-0.424088,-84.458344,0.000342,-0.002750,0.000000,0.000000,0.000000,0.000000
-0.170000,8.207340,0.000000,-0.002041,-0.002461,0.000000,-0.002934,0.000520,8.271677,0.039750,-0.000929,-320.095825,0.000157,-0.006058,0.000000,0.000000,0.000000,0.000000
-2.620000,-3.546381,0.000000,-0.001954,-0.037925,0.000000,-0.003092,0.036831,-3.575676,0.045808,-0.065751,138.370865,0.000032,0.002453,0.000000,0.000000,0.000000,0.000000
-11.060000,-12.216922,0.000000,-0.001671,-0.160094,0.000000,-0.003123,0.165669,-12.403985,0.043355,-0.402771,352.471252,0.000213,0.005580,0.000000,0.000000,0.000000,0.000000
-8.550000,3.633232,0.000000,-0.001796,-0.123761,0.000000,-0.003337,0.131089,3.721973,0.037775,-0.399369,-84.400681,0.000425,-0.002689,0.000000,0.000000,0.000000,0.000000
0.440000,13.013049,0.000000,-0.001820,0.006369,0.000000,-0.003761,-0.009100,13.490602,0.040464,0.032994,-257.058289,0.000230,-0.004773,0.000000,0.000000,0.000000,0.000000
5.590000,7.454638,0.000000,-0.001461,0.080915,0.000000,-0.003991,-0.095184,7.834815,0.045237,0.396369,-129.979446,-0.000110,-0.001380,0.000000,0.000000,0.000000,0.000000
-3.250000,-12.795922,0.000000,-0.000890,-0.047044,0.000000,-0.003882,0.055737,-13.672697,0.046617,-0.259728,202.702698,-0.000108,0.003138,0.000000,0.000000,0.000000,0.000000
0.050000,5.153109,0.000000,-0.000258,0.000724,0.000000,-0.000999,-0.000926,5.193277,0.031826,0.001654,-200.968475,0.000096,-0.003807,0.000000,0.000000,0.000000,0.000000
-5.230000,-7.642813,0.000000,-0.000179,-0.075704,0.000000,-0.001095,0.077330,-7.704508,0.035633,-0.138053,298.147644,0.000063,0.005279,0.000000,0.000000,0.000000,0.000000
1.030000,9.061366,0.000000,-0.000094,0.014909,0.000000,-0.001158,-0.015690,9.198031,0.030354,0.038145,-261.370972,0.000132,-0.004856,0.000000,0.000000,0.000000,0.000000
0.050000,-1.418553,0.000000,0.000282,0.000724,0.000000,-0.001290,-0.000474,-1.455343,0.035210,0.001445,33.001839,-0.000029,0.000638,0.000000,0.000000,0.000000,0.000000
-3.390000,-4.979409,0.000000,0.000615,-0.049070,0.000000,-0.001261,0.055215,-5.164753,0.034572,-0.200189,98.412399,0.000052,0.001321,0.000000,0.000000,0.000000,0.000000
-1.840000,2.243629,0.000000,0.000799,-0.026634,0.000000,-0.001313,0.031699,2.356508,0.033251,-0.132000,-39.094429,0.000130,-0.001100,0.000000,0.000000,0.000000,0.000000
-2.450000,-0.882977,0.000000,0.001056,-0.035464,0.000000,-0.001443,0.044103,-0.946002,0.034351,-0.205513,14.024827,0.000101,-0.000288,0.000000,0.000000,0.000000,0.000000
-1.340000,1.606728,0.000000,0.001292,-0.019397,0.000000,-0.001544,0.026237,1.744747,0.034639,-0.134108,-23.581137,0.000104,-0.000809,0.000000,0.000000,0.000000,0.000000
-6.640000,-7.671763,0.000000,0.001584,-0.096114,0.000000,-0.001648,0.130665,-8.520444,0.035448,-0.721177,106.649719,0.000192,0.000070,0.000000,0.000000,0.000000,0.000000
1.570000,11.883996,0.000000,0.001662,0.022726,0.000000,-0.001840,-0.029826,13.485888,0.035378,0.175509,-158.325134,0.000174,-0.002523,0.000000,0.000000,0.000000,0.000000
8.940000,10.668094,0.000000,0.002095,0.129407,0.000000,-0.002014,-0.191512,12.402142,0.037901,1.189143,-137.987534,-0.000284,0.000609,0.000000,0.000000,0.000000,0.000000
-4.810000,-1.635678,0.000000,-0.001861,-0.069625,0.000000,-0.002934,0.069494,-1.649825,0.047277,-0.124063,63.844627,0.000157,0.000872,0.000000,0.000000,0.000000,0.000000
-5.130000,-0.463201,0.000000,-0.001937,-0.074257,0.000000,-0.003091,0.074048,-0.467993,0.046405,-0.132193,18.110294,0.000191,-0.000016,0.000000,0.000000,0.000000,0.000000
-3.040000,3.025280,0.000000,-0.001724,-0.044004,0.000000,-0.003282,0.044214,3.069783,0.046421,-0.107493,-87.230843,0.000177,-0.001942,0.000000,0.000000,0.000000,0.000000
7.430000,15.155352,0.000000,-0.001426,0.107549,0.000000,-0.003459,-0.117127,15.529461,0.048364,0.356833,-352.151093,-0.000023,-0.005699,0.000000,0.000000,0.000000,0.000000
1.840000,-8.091539,0.000000,-0.000666,0.026634,0.000000,-0.003436,-0.030338,-8.392260,0.054063,0.109994,159.911331,-0.000241,0.003336,0.000000,0.000000,0.000000,0.000000
-0.230000,-2.996330,0.000000,-0.000159,-0.003329,0.000000,-0.003195,0.003663,-3.153077,0.050727,-0.015254,52.309486,-0.000049,0.000943,0.000000,0.000000,0.000000,0.000000
-1.600000,-1.983078,0.000000,0.000256,-0.023160,0.000000,-0.003146,0.028278,-2.121979,0.049784,-0.131774,31.459112,0.000036,0.000237,0.000000,0.000000,0.000000,0.000000
3.840000,7.874414,0.000000,0.000613,0.055584,0.000000,-0.003182,-0.069712,8.562471,0.049546,0.356332,-115.726112,-0.000027,-0.001228,0.000000,0.000000,0.000000,0.000000
-4.890000,-12.636698,0.000000,0.001204,-0.070783,0.000000,-0.003156,0.096279,-14.033183,0.050774,-0.531389,175.652252,-0.000005,0.001891,0.000000,0.000000,0.000000,0.000000
1.040000,8.583690,0.000000,0.001435,0.015054,0.000000,-0.003151,-0.019285,9.738565,0.048883,0.113480,-114.331352,0.000132,-0.001861,0.000000,0.000000,0.000000,0.000000
-5.630000,-9.654841,0.000000,0.001922,-0.081494,0.000000,-0.003283,0.125482,-11.235039,0.050745,-0.779145,125.002228,0.000126,0.000263,0.000000,0.000000,0.000000,0.000000
-0.140000,1.186952,0.000000,-0.002410,-0.002027,0.000000,-0.003532,-0.000277,1.195212,0.049849,0.000495,-46.252102,0.000022,-0.000875,0.000000,0.000000,0.000000,0.000000
-3.500000,-4.863609,0.000000,-0.002297,-0.050663,0.000000,-0.003554,0.049522,-4.903491,0.050724,-0.088408,189.754379,0.000041,0.003355,0.000000,0.000000,0.000000,0.000000
-2.450000,1.519878,0.000000,-0.002016,-0.035464,0.000000,-0.003595,0.034978,1.541492,0.047368,-0.085037,-43.802982,0.000124,-0.001066,0.000000,0.000000,0.000000,0.000000
-1.670000,1.129052,0.000000,-0.001701,-0.024173,0.000000,-0.003718,0.024153,1.155176,0.048434,-0.073584,-26.195150,0.000087,-0.000693,0.000000,0.000000,0.000000,0.000000
0.270000,2.808155,0.000000,-0.001364,0.003908,0.000000,-0.003805,-0.005859,2.909294,0.049127,0.021242,-55.435490,0.000039,-0.000991,0.000000,0.000000,0.000000,0.000000
4.590000,6.253211,0.000000,-0.000952,0.066440,0.000000,-0.003845,-0.077870,6.571303,0.050118,0.324268,-109.017815,-0.000086,-0.001185,0.000000,0.000000,0.000000,0.000000
2.810000,-2.576555,0.000000,-0.000360,0.040675,0.000000,-0.003758,-0.049555,-2.755859,0.051303,0.230920,40.856613,-0.000186,0.001400,0.000000,0.000000,0.000000,0.000000
1.680000,-1.635678,0.000000,0.000152,0.024318,0.000000,-0.003572,-0.030646,-1.783190,0.049903,0.156647,24.100700,-0.000116,0.000877,0.000000,0.000000,0.000000,0.000000
-3.440000,-7.411213,0.000000,0.000616,-0.049794,0.000000,-0.003456,0.067421,-8.231713,0.049025,-0.372115,103.035698,0.000027,0.000943,0.000000,0.000000,0.000000,0.000000
2.840000,9.090316,0.000000,0.000868,0.041109,0.000000,-0.003483,-0.056980,10.314132,0.048083,0.335298,-121.088524,0.000041,-0.001388,0.000000,0.000000,0.000000,0.000000
1.740000,-1.592253,0.000000,0.001388,0.025187,0.000000,-0.003524,-0.035800,-1.857448,0.049470,0.222289,20.666164,-0.000132,0.000995,0.000000,0.000000,0.000000,0.000000
-5.680000,-1.027727,0.000000,-0.001956,-0.082218,0.000000,-0.003004,0.082288,-1.037009,0.046304,-0.146904,40.129993,0.000203,0.000361,0.000000,0.000000,0.000000,0.000000
-5.990000,-0.448726,0.000000,-0.002068,-0.086705,0.000000,-0.003207,0.086660,-0.453384,0.045943,-0.154708,17.544985,0.000225,-0.000087,0.000000,0.000000,0.000000,0.000000
-3.790000,3.184505,0.000000,-0.001895,-0.054860,0.000000,-0.003432,0.055387,3.231457,0.046030,-0.134657,-91.824974,0.000211,-0.002103,0.000000,0.000000,0.000000,0.000000
-0.510000,4.747808,0.000000,-0.001634,-0.007382,0.000000,-0.003643,0.006178,4.863724,0.048133,-0.018822,-110.291405,0.000108,-0.002135,0.000000,0.000000,0.000000,0.000000
1.800000,3.343731,0.000000,-0.001237,0.026055,0.000000,-0.003751,-0.030330,3.464509,0.050268,0.109964,-66.014908,-0.000017,-0.000949,0.000000,0.000000,0.000000,0.000000
0.290000,-2.185729,0.000000,-0.000748,0.004198,0.000000,-0.003735,-0.005715,-2.300743,0.051217,0.023798,38.169296,-0.000059,0.000789,0.000000,0.000000,0.000000,0.000000
1.140000,1.230377,0.000000,-0.000331,0.016502,0.000000,-0.003676,-0.020328,1.311137,0.050428,0.094726,-19.438082,-0.000030,-0.000113,0.000000,0.000000,0.000000,0.000000
2.760000,2.344954,0.000000,0.000119,0.039951,0.000000,-0.003646,-0.050513,2.547236,0.050541,0.258198,-34.427177,-0.000088,0.000047,0.000000,0.000000,0.000000,0.000000
-3.630000,-9.249541,0.000000,0.000638,-0.052544,0.000000,-0.003557,0.071128,-10.272632,0.050495,-0.392574,128.581711,-0.000002,0.001373,0.000000,0.000000,0.000000,0.000000
-1.830000,2.605505,0.000000,0.000890,-0.026489,0.000000,-0.003555,0.038769,2.952814,0.049122,-0.228134,-34.666214,0.000161,-0.001276,0.000000,0.000000,0.000000,0.000000
0.840000,7.599388,0.000000,-0.001918,0.012159,0.000000,-0.002951,-0.014308,7.658732,0.045622,0.025542,-296.376221,0.000106,-0.005540,0.000000,0.000000,0.000000,0.000000
-6.510000,-10.639144,0.000000,-0.001777,-0.094232,0.000000,-0.003057,0.094665,-10.724995,0.051162,-0.168999,415.033844,0.000053,0.007412,0.000000,0.000000,0.000000,0.000000
-5.490000,1.476453,0.000000,-0.001642,-0.079468,0.000000,-0.003110,0.081385,1.497501,0.043750,-0.197862,-42.552952,0.000248,-0.001355,0.000000,0.000000,0.000000,0.000000
-1.990000,5.066258,0.000000,-0.001472,-0.028805,0.000000,-0.003358,0.029378,5.190186,0.045105,-0.089502,-117.694351,0.000177,-0.002468,0.000000,0.000000,0.000000,0.000000
-0.050000,2.808155,0.000000,-0.001155,-0.000724,0.000000,-0.003536,-0.000479,2.909331,0.047573,0.001736,-55.436203,0.000053,-0.001040,0.000000,0.000000,0.000000,0.000000
1.600000,2.388379,0.000000,-0.000761,0.023160,0.000000,-0.003589,-0.027641,2.508212,0.048613,0.115102,-41.611191,-0.000027,-0.000475,0.000000,0.000000,0.000000,0.000000
-0.320000,-2.779205,0.000000,-0.000303,-0.004632,0.000000,-0.003562,0.005228,-2.972222,0.049088,-0.024363,44.064274,-0.000042,0.000769,0.000000,0.000000,0.000000,0.000000
-0.950000,-0.911927,0.000000,0.000070,-0.013751,0.000000,-0.003520,0.017528,-0.995677,0.048319,-0.089593,13.457074,0.000029,0.000011,0.000000,0.000000,0.000000,0.000000
-3.850000,-4.197757,0.000000,0.000416,-0.055729,0.000000,-0.003548,0.075090,-4.664174,0.048308,-0.414444,58.381096,0.000115,-0.000016,0.000000,0.000000,0.000000,0.000000
-3.760000,0.130275,0.000000,0.000641,-0.054426,0.000000,-0.003663,0.077973,0.143310,0.048323,-0.458836,-1.682466,0.000213,-0.001273,0.000000,0.000000,0.000000,0.000000
0.190000,5.717635,0.000000,0.000874,0.002750,0.000000,-0.003877,-0.002822,6.644586,0.049596,0.017523,-73.928360,0.000118,-0.001350,0.000000,0.000000,0.000000,0.000000
-3.350000,-5.124159,0.000000,0.001276,-0.048491,0.000000,-0.003994,0.079777,-6.123757,0.050946,-0.518234,65.125168,0.000100,-0.000166,0.000000,0.000000,0.000000,0.000000
-6.270000,-4.342507,0.000000,-0.001907,-0.090758,0.000000,-0.002854,0.091071,-4.378041,0.041956,-0.162584,169.420654,0.000163,0.002769,0.000000,0.000000,0.000000,0.000000
-5.930000,0.492151,0.000000,-0.002053,-0.085837,0.000000,-0.003018,0.085786,0.495150,0.039187,-0.153148,-19.161211,0.000241,-0.000782,0.000000,0.000000,0.000000,0.000000
-0.910000,7.266463,0.000000,-0.001937,-0.013172,0.000000,-0.003259,0.011749,7.375674,0.039969,-0.028565,-209.586899,0.000171,-0.004044,0.000000,0.000000,0.000000,0.000000
1.210000,3.068705,0.000000,-0.001600,0.017515,0.000000,-0.003430,-0.020545,3.143136,0.044014,0.062590,-71.274780,0.000004,-0.001173,0.000000,0.000000,0.000000,0.000000
3.570000,3.416106,0.000000,-0.001180,0.051676,0.000000,-0.003433,-0.058739,3.539804,0.045187,0.212963,-67.449631,-0.000092,-0.000699,0.000000,0.000000,0.000000,0.000000
1.860000,-2.475229,0.000000,-0.000665,0.026924,0.000000,-0.003341,-0.031878,-2.604800,0.045885,0.132748,43.213593,-0.000135,0.001179,0.000000,0.000000,0.000000,0.000000
3.870000,2.909480,0.000000,-0.000230,0.056018,0.000000,-0.003206,-0.067928,3.105271,0.044707,0.316537,-46.036766,-0.000125,-0.000018,0.000000,0.000000,0.000000,0.000000
3.240000,-0.911927,0.000000,0.000289,0.046899,0.000000,-0.003081,-0.059109,-0.995516,0.044725,0.302136,13.454898,-0.000179,0.001072,0.000000,0.000000,0.000000,0.000000
-4.710000,-11.507646,0.000000,0.000782,-0.068177,0.000000,-0.002903,0.092229,-12.778967,0.043652,-0.509037,159.953308,0.000008,0.001650,0.000000,0.000000,0.000000,0.000000
0.210000,7.121713,0.000000,0.000944,0.003040,0.000000,-0.002911,-0.002967,8.079942,0.042003,0.017458,-94.859001,0.000145,-0.001752,0.000000,0.000000,0.000000,0.000000
-4.180000,-2.388379,0.000000,-0.001564,-0.060506,0.000000,-0.002516,0.060448,-2.408386,0.041871,-0.107914,93.199295,0.000118,0.001476,0.000000,0.000000,0.000000,0.000000
-2.530000,2.388379,0.000000,-0.001627,-0.036622,0.000000,-0.002633,0.035831,2.406407,0.040394,-0.063966,-93.122688,0.000142,-0.001939,0.000000,0.000000,0.000000,0.000000
-4.450000,-2.779205,0.000000,-0.001345,-0.064414,0.000000,-0.002776,0.065954,-2.822816,0.042334,-0.160346,80.213051,0.000125,0.001089,0.000000,0.000000,0.000000,0.000000
2.730000,10.393067,0.000000,-0.001162,0.039517,0.000000,-0.002900,-0.043722,10.649289,0.041245,0.133201,-241.486786,0.000083,-0.004214,0.000000,0.000000,0.000000,0.000000
-0.490000,-4.660958,0.000000,-0.000664,-0.007093,0.000000,-0.002983,0.007144,-4.834874,0.045459,-0.025901,92.126678,-0.000072,0.001682,0.000000,0.000000,0.000000,0.000000
2.610000,4.487258,0.000000,-0.000315,0.037780,0.000000,-0.002911,-0.044017,4.714941,0.043777,0.183298,-78.220787,-0.000030,-0.000988,0.000000,0.000000,0.000000,0.000000
-5.450000,-11.666870,0.000000,0.000167,-0.078889,0.000000,-0.002881,0.095471,-12.466805,0.044765,-0.444884,184.824951,0.000022,0.002298,0.000000,0.000000,0.000000,0.000000
-1.980000,5.022834,0.000000,0.000302,-0.028661,0.000000,-0.002904,0.036730,5.460962,0.042467,-0.187743,-73.807648,0.000203,-0.001910,0.000000,0.000000,0.000000,0.000000
-2.660000,-0.984302,0.000000,0.000587,-0.038504,0.000000,-0.003106,0.052281,-1.096598,0.044377,-0.288556,13.726027,0.000120,-0.000517,0.000000,0.000000,0.000000,0.000000
9.200000,17.167381,0.000000,0.000846,0.133170,0.000000,-0.003227,-0.187366,19.483074,0.044894,1.102558,-228.732468,-0.000138,-0.001348,0.000000,0.000000,0.000000,0.000000
-1.900000,-16.067278,0.000000,0.001606,-0.027503,0.000000,-0.003088,0.043787,-18.692221,0.046242,-0.271885,207.971603,-0.000235,0.003205,0.000000,0.000000,0.000000,0.000000
-1.000000,-5.457085,0.000000,-0.001980,-0.014475,0.000000,-0.002955,0.012893,-5.501512,0.043203,-0.023017,212.896500,-0.000069,0.003963,0.000000,0.000000,0.000000,0.000000
-1.290000,-0.419776,0.000000,-0.001917,-0.018673,0.000000,-0.002886,0.017156,-0.424038,0.039240,-0.030627,16.409332,0.000039,0.000221,0.000000,0.000000,0.000000,0.000000
3.160000,6.441386,0.000000,-0.001623,0.045741,0.000000,-0.002925,-0.049530,6.538062,0.039020,0.120417,-185.785370,-0.000010,-0.003193,0.000000,0.000000,0.000000,0.000000
0.750000,-3.488481,0.000000,-0.001132,0.010856,0.000000,-0.002915,-0.012885,-3.576735,0.042212,0.039255,81.107224,-0.000103,0.001648,0.000000,0.000000,0.000000,0.000000
1.220000,0.680326,0.000000,-0.000759,0.017660,0.000000,-0.002812,-0.020469,0.703416,0.040564,0.074212,-13.403316,-0.000042,-0.000056,0.000000,0.000000,0.000000,0.000000
3.870000,3.835881,0.000000,-0.000372,0.056018,0.000000,-0.002770,-0.065158,4.030350,0.040620,0.271331,-66.863449,-0.000100,-0.000532,0.000000,0.000000,0.000000,0.000000
-3.800000,-11.102345,0.000000,0.000127,-0.055005,0.000000,-0.002670,0.066580,-11.863464,0.041153,-0.310256,175.880173,-0.000044,0.002492,0.000000,0.000000,0.000000,0.000000
-4.630000,-1.201427,0.000000,0.000297,-0.067019,0.000000,-0.002626,0.085368,-1.310014,0.038660,-0.436358,17.705492,0.000206,-0.000850,0.000000,0.000000,0.000000,0.000000
-2.660000,2.851580,0.000000,0.000434,-0.038504,0.000000,-0.002832,0.052076,3.162221,0.039510,-0.287423,-39.581268,0.000200,-0.001525,0.000000,0.000000,0.000000,0.000000
0.620000,4.747808,0.000000,0.000655,0.008975,0.000000,-0.003033,-0.011780,5.385499,0.041036,0.069319,-63.226089,0.000070,-0.001007,0.000000,0.000000,0.000000,0.000000
6.870000,9.046891,0.000000,0.001017,0.099443,0.000000,-0.003102,-0.148060,10.517168,0.042042,0.919337,-117.015114,-0.000201,0.000273,0.000000,0.000000,0.000000,0.000000
-5.800000,-3.749032,0.000000,-0.001657,-0.083955,0.000000,-0.002567,0.084359,-3.779812,0.040184,-0.150600,146.270462,0.000157,0.002362,0.000000,0.000000,0.000000,0.000000
-2.620000,4.603058,0.000000,-0.001789,-0.037925,0.000000,-0.002724,0.037000,4.638773,0.037822,-0.066053,-179.510391,0.000188,-0.003582,0.000000,0.000000,0.000000,0.000000
-2.430000,0.275025,0.000000,-0.001521,-0.035174,0.000000,-0.002912,0.035192,0.277884,0.041405,-0.085559,-7.896349,0.000100,-0.000374,0.000000,0.000000,0.000000,0.000000
2.630000,7.324363,0.000000,-0.001257,0.038069,0.000000,-0.003012,-0.042268,7.504435,0.041779,0.128772,-170.173019,0.000028,-0.002873,0.000000,0.000000,0.000000,0.000000
1.190000,-2.084404,0.000000,-0.000774,0.017225,0.000000,-0.003040,-0.020002,-2.163355,0.044652,0.072520,41.221920,-0.000095,0.000982,0.000000,0.000000,0.000000,0.000000
1.210000,0.028950,0.000000,-0.000361,0.017515,0.000000,-0.002944,-0.020655,0.027908,0.043670,0.086011,-0.462986,-0.000055,0.000222,0.000000,0.000000,0.000000,0.000000
-2.080000,-4.762283,0.000000,0.000050,-0.030108,0.000000,-0.002889,0.036420,-5.090499,0.043448,-0.169714,75.468506,0.000002,0.000970,0.000000,0.000000,0.000000,0.000000
-3.240000,-1.679103,0.000000,0.000319,-0.046899,0.000000,-0.002891,0.059880,-1.829961,0.042478,-0.306076,24.732845,0.000127,-0.000361,0.000000,0.000000,0.000000,0.000000
-1.120000,3.068706,0.000000,0.000540,-0.016212,0.000000,-0.003019,0.022405,3.402930,0.042840,-0.123659,-42.594212,0.000125,-0.001140,0.000000,0.000000,0.000000,0.000000
-1.270000,-0.217125,0.000000,0.000853,-0.018383,0.000000,-0.003144,0.027238,-0.250821,0.043980,-0.160283,2.944652,0.000069,-0.000376,0.000000,0.000000,0.000000,0.000000
1.690000,4.284608,0.000000,0.001165,0.024463,0.000000,-0.003212,-0.035046,4.978160,0.044356,0.217611,-55.387535,-0.000001,-0.000459,0.000000,0.000000,0.000000,0.000000
-5.260000,-4.255658,0.000000,-0.001756,-0.076139,0.000000,-0.002702,0.076258,-4.290504,0.041800,-0.136138,166.033157,0.000125,0.002776,0.000000,0.000000,0.000000,0.000000
-8.620000,-4.863608,0.000000,-0.001862,-0.124775,0.000000,-0.002827,0.125850,-4.903209,0.039023,-0.224671,189.743469,0.000247,0.002980,0.000000,0.000000,0.000000,0.000000
-1.020000,11.001019,0.000000,-0.001888,-0.014765,0.000000,-0.003074,0.013465,11.167127,0.036043,-0.032736,-317.324677,0.000247,-0.006103,0.000000,0.000000,0.000000,0.000000
1.030000,2.967380,0.000000,-0.001573,0.014909,0.000000,-0.003322,-0.017715,3.039376,0.042146,0.053969,-68.921875,0.000009,-0.001148,0.000000,0.000000,0.000000,0.000000
-0.760000,-2.591029,0.000000,-0.001177,-0.011001,0.000000,-0.003331,0.010918,-2.688484,0.043294,-0.039584,51.228050,-0.000021,0.000865,0.000000,0.000000,0.000000,0.000000
-2.250000,-2.156779,0.000000,-0.000869,-0.032569,0.000000,-0.003309,0.036629,-2.269743,0.042429,-0.152530,37.654999,0.000056,0.000299,0.000000,0.000000,0.000000,0.000000
2.140000,6.354536,0.000000,-0.000633,0.030977,0.000000,-0.003366,-0.038173,6.785953,0.042130,0.177880,-100.604210,0.000025,-0.001424,0.000000,0.000000,0.000000,0.000000
-1.540000,-5.326809,0.000000,-0.000213,-0.022292,0.000000,-0.003391,0.027999,-5.798059,0.043554,-0.143115,78.363686,-0.000034,0.001099,0.000000,0.000000,0.000000,0.000000
