-0.000000,0.000000,0.951464,0.129959,-0.000000,ovf,-0.000000,ovf,0.000003,-0.061451,-0.000000,-0.000000,0.000000,ovf,-251196.359375,ovf,-0.000000,ovf
1.120000,2.069929,0.000000,0.000000,0.016212,0.000000,0.000000,-0.016309,2.074037,0.000000,0.014729,-158.648209,-0.000005,-0.002964,0.000000,0.000000,0.000000,0.000000
2.690000,2.272579,0.000000,0.000044,0.038938,0.000000,0.000005,-0.039126,2.277050,0.002964,0.035336,-174.177231,-0.000063,-0.003197,0.000000,0.000000,0.000000,0.000000
-0.890000,-5.182059,0.000000,0.000212,-0.012883,0.000000,0.000068,0.013338,-5.214174,0.006161,-0.021049,228.247681,-0.000063,0.004271,0.000000,0.000000,0.000000,0.000000
-0.870000,0.028950,0.000000,0.000198,-0.012593,0.000000,0.000130,0.013280,0.029241,0.001890,-0.029644,-0.904947,0.000037,-0.000105,0.000000,0.000000,0.000000,0.000000
-1.890000,-1.476453,0.000000,0.000187,-0.027358,0.000000,0.000093,0.029334,-1.508379,0.001995,-0.083833,36.462173,0.000051,0.000464,0.000000,0.000000,0.000000,0.000000
-1.670000,0.318451,0.000000,0.000131,-0.024173,0.000000,0.000043,0.026712,0.328799,0.001532,-0.092127,-6.586267,0.000078,-0.000375,0.000000,0.000000,0.000000,0.000000
-0.620000,1.519878,0.000000,0.000085,-0.008975,0.000000,-0.000036,0.010336,1.590444,0.001906,-0.041347,-27.465761,0.000058,-0.000631,0.000000,0.000000,0.000000,0.000000
-0.490000,0.188175,0.000000,0.000086,-0.007093,0.000000,-0.000094,0.008546,0.199781,0.002538,-0.038539,-3.060466,0.000027,-0.000161,0.000000,0.000000,0.000000,0.000000
0.420000,1.317227,0.000000,0.000092,0.006080,0.000000,-0.000120,-0.007474,1.424320,0.002699,0.037183,-19.778128,0.000007,-0.000274,0.000000,0.000000,0.000000,0.000000
2.270000,2.677880,0.000000,0.000138,0.032858,0.000000,-0.000127,-0.043021,2.953091,0.002972,0.232163,-37.804619,-0.000060,-0.000087,0.000000,0.000000,0.000000,0.000000
-1.600000,-5.601835,0.000000,0.000263,-0.023160,0.000000,-0.000067,0.032567,-6.313853,0.003060,-0.188072,75.532722,-0.000031,0.000922,0.000000,0.000000,0.000000,0.000000
-0.630000,1.404078,0.000000,0.000227,-0.009119,0.000000,-0.000035,0.013791,1.619936,0.002138,-0.084293,-18.310429,0.000068,-0.000576,0.000000,0.000000,0.000000,0.000000
-1.180000,-0.796126,0.000000,0.000233,-0.017081,0.000000,-0.000103,0.027200,-0.943022,0.002714,-0.174360,10.163024,0.000056,-0.000278,0.000000,0.000000,0.000000,0.000000
-2.950000,-2.562080,0.000000,0.000218,-0.042701,0.000000,-0.000159,0.071986,-3.118366,0.002993,-0.480350,32.284866,0.000136,-0.000688,0.000000,0.000000,0.000000,0.000000
-0.810000,3.097656,0.000000,0.000132,-0.011725,0.000000,-0.000294,0.021283,3.881223,0.003680,-0.146906,-38.845505,0.000131,-0.001132,0.000000,0.000000,0.000000,0.000000
5.760000,6.007136,0.000000,0.001097,0.083376,0.000000,0.001119,-0.084102,6.054763,0.003421,0.150142,-234.306122,-0.000113,-0.004028,0.000000,0.000000,0.000000,0.000000
0.070000,-8.236290,0.000000,0.001459,0.001013,0.000000,0.001232,0.000456,-8.302053,0.007450,-0.000815,321.271332,-0.000156,0.006089,0.000000,0.000000,0.000000,0.000000
-6.090000,-8.916615,0.000000,0.001502,-0.088153,0.000000,0.001388,0.093755,-9.052323,0.001361,-0.227936,257.230530,0.000082,0.004243,0.000000,0.000000,0.000000,0.000000
0.040000,8.873191,0.000000,0.001267,0.000579,0.000000,0.001306,0.000739,9.093297,-0.002882,-0.002252,-206.202591,0.000174,-0.003918,0.000000,0.000000,0.000000,0.000000
-4.780000,-6.976962,0.000000,0.001318,-0.069191,0.000000,0.001132,0.078356,-7.234268,0.001037,-0.284088,137.846222,0.000075,0.001849,0.000000,0.000000,0.000000,0.000000
8.730000,19.555758,0.000000,0.001165,0.126367,0.000000,0.001057,-0.144668,20.558826,-0.000812,0.602433,-341.070587,-0.000002,-0.004832,0.000000,0.000000,0.000000,0.000000
-4.330000,-18.904383,0.000000,0.001606,-0.062677,0.000000,0.001059,0.077631,-20.196444,0.004020,-0.361753,299.419617,-0.000172,0.004700,0.000000,0.000000,0.000000,0.000000
0.140000,-6.311111,0.000000,0.000170,0.002027,0.000000,-0.000186,-0.001862,-6.361702,0.015054,0.003324,246.183990,-0.000125,0.004662,0.000000,0.000000,0.000000,0.000000
-0.010000,-0.217125,0.000000,0.000213,-0.000145,0.000000,-0.000061,0.000366,-0.219131,0.010393,-0.000653,8.479881,-0.000003,0.000150,0.000000,0.000000,0.000000,0.000000
-5.100000,-7.367788,0.000000,0.000316,-0.073823,0.000000,-0.000058,0.077530,-7.480161,0.010242,-0.188489,212.556000,0.000068,0.003515,0.000000,0.000000,0.000000,0.000000
-1.870000,4.675433,0.000000,0.000183,-0.027068,0.000000,-0.000126,0.029290,4.791117,0.006728,-0.089234,-108.644943,0.000170,-0.002305,0.000000,0.000000,0.000000,0.000000
-1.120000,1.085627,0.000000,0.000198,-0.016212,0.000000,-0.000296,0.018236,1.125096,0.009033,-0.066118,-21.438284,0.000070,-0.000581,0.000000,0.000000,0.000000,0.000000
3.240000,6.311111,0.000000,0.000246,0.046899,0.000000,-0.000366,-0.053906,6.634268,0.009613,0.224478,-110.062401,-0.000020,-0.001476,0.000000,0.000000,0.000000,0.000000
-1.880000,-7.411213,0.000000,0.000486,-0.027213,0.000000,-0.000346,0.033450,-7.918335,0.011089,-0.155873,117.392197,-0.000059,0.001804,0.000000,0.000000,0.000000,0.000000
11.580000,19.483385,0.000000,0.000508,0.167621,0.000000,-0.000286,-0.211925,21.194689,0.009285,1.083257,-286.456879,-0.000172,-0.002497,0.000000,0.000000,0.000000,0.000000
-0.610000,-17.254230,0.000000,0.000722,-0.008830,0.000000,0.000224,0.009835,-17.392023,0.020668,-0.017558,673.033386,-0.000302,0.012701,0.000000,0.000000,0.000000,0.000000
2.030000,3.821407,0.000000,0.000750,0.029384,0.000000,0.000526,-0.029319,3.851557,0.007967,0.052341,-149.046829,-0.000006,-0.002704,0.000000,0.000000,0.000000,0.000000
-0.380000,-3.488481,0.000000,0.000949,-0.005501,0.000000,0.000532,0.006745,-3.541964,0.010671,-0.016397,100.648323,-0.000049,0.001866,0.000000,0.000000,0.000000,0.000000
-3.250000,-4.154332,0.000000,0.001042,-0.047044,0.000000,0.000581,0.051682,-4.257948,0.008805,-0.157453,96.554626,0.000059,0.001399,0.000000,0.000000,0.000000,0.000000
-0.430000,4.081957,0.000000,0.001012,-0.006224,0.000000,0.000522,0.008041,4.231700,0.007406,-0.029154,-80.633430,0.000102,-0.001608,0.000000,0.000000,0.000000,0.000000
-4.310000,-5.616310,0.000000,0.001113,-0.062387,0.000000,0.000420,0.073373,-5.905335,0.009014,-0.305543,97.969414,0.000086,0.001032,0.000000,0.000000,0.000000,0.000000
-4.360000,-0.072375,0.000000,0.001053,-0.063111,0.000000,0.000333,0.077487,-0.078257,0.007983,-0.361081,1.160185,0.000208,-0.000957,0.000000,0.000000,0.000000,0.000000
-5.800000,-2.084404,0.000000,0.000998,-0.083955,0.000000,0.000125,0.107734,-2.268724,0.008939,-0.550681,30.662952,0.000248,-0.000907,0.000000,0.000000,0.000000,0.000000
-3.490000,3.343731,0.000000,0.000888,-0.050518,0.000000,-0.000123,0.068752,3.710676,0.009847,-0.379463,-46.446239,0.000256,-0.001904,0.000000,0.000000,0.000000,0.000000
-1.420000,2.996330,0.000000,0.000881,-0.020555,0.000000,-0.000378,0.030352,3.399649,0.011751,-0.178609,-39.912079,0.000146,-0.001235,0.000000,0.000000,0.000000,0.000000
13.390000,21.437515,0.000000,0.000967,0.193821,0.000000,-0.000524,-0.290105,24.930483,0.012986,1.801326,-277.379150,-0.000313,-0.000377,0.000000,0.000000,0.000000,0.000000
-8.330000,-6.687462,0.000000,0.000113,-0.120577,0.000000,-0.000414,0.123631,-6.741232,0.022361,-0.220709,260.870972,0.000207,0.004343,0.000000,0.000000,0.000000,0.000000
-2.650000,8.221814,0.000000,-0.000159,-0.038359,0.000000,-0.000621,0.039113,8.286743,0.018018,-0.069825,-320.678894,0.000262,-0.006269,0.000000,0.000000,0.000000,0.000000
-1.590000,1.534353,0.000000,-0.000030,-0.023015,0.000000,-0.000883,0.024037,1.556822,0.024287,-0.058438,-44.238594,0.000094,-0.000984,0.000000,0.000000,0.000000,0.000000
1.350000,4.255658,0.000000,0.000147,0.019541,0.000000,-0.000977,-0.020845,4.360113,0.025271,0.063504,-98.871361,0.000026,-0.001699,0.000000,0.000000,0.000000,0.000000
2.550000,1.737003,0.000000,0.000458,0.036911,0.000000,-0.001003,-0.040511,1.799467,0.026970,0.146875,-34.288162,-0.000076,-0.000249,0.000000,0.000000,0.000000,0.000000
-4.260000,-9.857492,0.000000,0.000824,-0.061664,0.000000,-0.000928,0.072203,-10.365136,0.027219,-0.300669,171.957428,-0.000001,0.002443,0.000000,0.000000,0.000000,0.000000
-7.430000,-4.588583,0.000000,0.000899,-0.107549,0.000000,-0.000927,0.130967,-4.903998,0.024775,-0.610290,72.703552,0.000261,-0.000279,0.000000,0.000000,0.000000,0.000000
-5.850000,2.287054,0.000000,0.000844,-0.084679,0.000000,-0.001188,0.108456,2.485786,0.025054,-0.554374,-33.596642,0.000340,-0.002135,0.000000,0.000000,0.000000,0.000000
-4.060000,2.591030,0.000000,0.000861,-0.058769,0.000000,-0.001528,0.079751,2.873708,0.027189,-0.440169,-35.969967,0.000270,-0.001868,0.000000,0.000000,0.000000,0.000000
-2.510000,2.243629,0.000000,0.000959,-0.036332,0.000000,-0.001798,0.052803,2.543693,0.029057,-0.310720,-29.863106,0.000190,-0.001402,0.000000,0.000000,0.000000,0.000000
4.690000,7.223039,0.000000,0.000000,0.067888,0.000000,0.000000,-0.068292,7.237374,0.000000,0.061678,-553.604675,-0.000048,-0.010313,0.000000,0.000000,0.000000,0.000000
-4.550000,-13.374924,0.000000,0.000184,-0.065861,0.000000,0.000048,0.066439,-13.401608,0.010313,-0.060004,1025.121948,-0.000074,0.019267,0.000000,0.000000,0.000000,0.000000
-2.870000,2.431805,0.000000,-0.000084,-0.041543,0.000000,0.000122,0.042227,2.447013,-0.008954,-0.066643,-107.116692,0.000161,-0.002244,0.000000,0.000000,0.000000,0.000000
1.950000,6.976962,0.000000,-0.000265,0.028226,0.000000,-0.000039,-0.029578,7.065680,-0.006710,0.066028,-218.666275,0.000053,-0.003958,0.000000,0.000000,0.000000,0.000000
0.240000,-2.475230,0.000000,-0.000219,0.003474,0.000000,-0.000092,-0.003933,-2.528433,-0.002753,0.011241,61.120041,-0.000059,0.001195,0.000000,0.000000,0.000000,0.000000
0.480000,0.347401,0.000000,-0.000253,0.006948,0.000000,-0.000034,-0.007915,0.359045,-0.003948,0.027298,-7.192139,-0.000015,-0.000065,0.000000,0.000000,0.000000,0.000000
0.230000,-0.361876,0.000000,-0.000278,0.003329,0.000000,-0.000019,-0.004116,-0.378410,-0.003883,0.016464,6.534861,-0.000018,0.000168,0.000000,0.000000,0.000000,0.000000
-1.040000,-1.838328,0.000000,-0.000316,-0.015054,0.000000,-0.000001,0.017545,-1.953246,-0.004051,-0.079124,29.921938,0.000011,0.000352,0.000000,0.000000,0.000000,0.000000
-1.510000,-0.680326,0.000000,-0.000410,-0.021857,0.000000,-0.000011,0.026773,-0.735259,-0.004404,-0.133200,10.209818,0.000058,-0.000168,0.000000,0.000000,0.000000,0.000000
-1.270000,0.347401,0.000000,-0.000527,-0.018383,0.000000,-0.000070,0.023478,0.383767,-0.004236,-0.126699,-4.912870,0.000071,-0.000435,0.000000,0.000000,0.000000,0.000000
-0.090000,1.708053,0.000000,-0.000637,-0.001303,0.000000,-0.000140,0.000926,1.925767,-0.003801,-0.005346,-23.037985,0.000039,-0.000450,0.000000,0.000000,0.000000,0.000000
-0.690000,-0.868502,0.000000,-0.000702,-0.009988,0.000000,-0.000179,0.013702,-1.001395,-0.003351,-0.083746,11.318946,0.000018,-0.000011,0.000000,0.000000,0.000000,0.000000
-0.220000,0.680326,0.000000,-0.000797,-0.003185,0.000000,-0.000197,0.003751,0.806508,-0.003339,-0.024046,-8.691802,0.000025,-0.000230,0.000000,0.000000,0.000000,0.000000
-0.280000,-0.086850,0.000000,-0.000877,-0.004053,0.000000,-0.000223,0.005326,-0.104441,-0.003110,-0.035542,1.081290,0.000012,-0.000075,0.000000,0.000000,0.000000,0.000000
2.520000,4.053007,0.000000,-0.000966,0.036477,0.000000,-0.000235,-0.067214,5.080429,-0.003034,0.463943,-50.847851,-0.000086,0.000292,0.000000,0.000000,0.000000,0.000000
2.040000,-4.776759,0.000000,0.002426,0.029529,0.000000,0.002374,-0.027969,-4.814639,-0.008247,0.049932,186.316040,-0.000167,0.003662,0.000000,0.000000,0.000000,0.000000
3.750000,2.475230,0.000000,0.002286,0.054281,0.000000,0.002541,-0.053238,2.495114,-0.011910,0.095041,-96.555489,-0.000096,-0.001578,0.000000,0.000000,0.000000,0.000000
-2.300000,-8.757390,0.000000,0.002377,-0.033293,0.000000,0.002637,0.037301,-8.890345,-0.010332,-0.090687,252.627731,-0.000067,0.004541,0.000000,0.000000,0.000000,0.000000
-1.780000,0.752701,0.000000,0.002202,-0.025766,0.000000,0.002704,0.030059,0.771715,-0.014873,-0.091577,-17.499672,0.000096,-0.000587,0.000000,0.000000,0.000000,0.000000
-0.940000,1.215902,0.000000,0.002065,-0.013607,0.000000,0.002608,0.017416,1.260999,-0.014285,-0.063144,-24.027851,0.000071,-0.000625,0.000000,0.000000,0.000000,0.000000
0.220000,1.679103,0.000000,0.001981,0.003185,0.000000,0.002537,-0.001391,1.765503,-0.013661,0.005793,-29.289658,0.000030,-0.000538,0.000000,0.000000,0.000000,0.000000
3.990000,5.457085,0.000000,0.001960,0.057755,0.000000,0.002508,-0.067381,5.829947,-0.013123,0.313989,-86.431099,-0.000072,-0.000786,0.000000,0.000000,0.000000,0.000000
-7.690000,-16.906830,0.000000,0.002114,-0.111313,0.000000,0.002580,0.143843,-18.392733,-0.012337,-0.735255,248.587051,0.000041,0.002720,0.000000,0.000000,0.000000,0.000000
-5.820000,2.706830,0.000000,0.001787,-0.084245,0.000000,0.002539,0.115062,3.005090,-0.015056,-0.635059,-37.614479,0.000368,-0.002435,0.000000,0.000000,0.000000,0.000000
-0.020000,8.395514,0.000000,0.001552,-0.000290,0.000000,0.002171,0.002607,9.530116,-0.012621,-0.015340,-111.884125,0.000187,-0.002156,0.000000,0.000000,0.000000,0.000000
0.620000,0.926402,0.000000,0.001569,0.008975,0.000000,0.001984,-0.011139,1.077055,-0.010466,0.069166,-11.983431,-0.000010,-0.000036,0.000000,0.000000,0.000000,0.000000
-11.360000,-14.301324,0.000000,0.000784,-0.164436,0.000000,0.000609,0.169189,-14.415274,0.006807,-0.302041,557.839661,0.000185,0.009746,0.000000,0.000000,0.000000,0.000000
-0.150000,16.226503,0.000000,0.000357,-0.002171,0.000000,0.000424,0.002588,16.355610,-0.002938,-0.004621,-632.926392,0.000316,-0.012015,0.000000,0.000000,0.000000,0.000000
2.790000,4.255658,0.000000,0.000447,0.040385,0.000000,0.000108,-0.041765,4.319981,0.009077,0.101538,-122.756432,-0.000032,-0.002028,0.000000,0.000000,0.000000,0.000000
-6.720000,-13.765748,0.000000,0.000676,-0.097272,0.000000,0.000140,0.105275,-14.107891,0.011104,-0.320727,319.915161,0.000018,0.005194,0.000000,0.000000,0.000000,0.000000
3.190000,14.344750,0.000000,0.000480,0.046175,0.000000,0.000122,-0.050781,14.872679,0.005910,0.184111,-283.393250,0.000144,-0.004878,0.000000,0.000000,0.000000,0.000000
10.150000,10.074617,0.000000,0.000726,0.146922,0.000000,-0.000022,-0.168926,10.590661,0.010788,0.703447,-175.698883,-0.000257,-0.001415,0.000000,0.000000,0.000000,0.000000
-1.390000,-16.704180,0.000000,0.001277,-0.020120,0.000000,0.000234,0.025841,-17.846392,0.012203,-0.120414,264.579254,-0.000268,0.004687,0.000000,0.000000,0.000000,0.000000
-2.010000,-0.897452,0.000000,0.001342,-0.029095,0.000000,0.000502,0.038599,-0.977521,0.007516,-0.197296,13.211685,0.000086,-0.000292,0.000000,0.000000,0.000000,0.000000
-1.470000,0.781651,0.000000,0.001390,-0.021278,0.000000,0.000416,0.030318,0.866293,0.007808,-0.167332,-10.843323,0.000098,-0.000657,0.000000,0.000000,0.000000,0.000000
-0.130000,1.939654,0.000000,0.001470,-0.001882,0.000000,0.000317,0.004747,2.200027,0.008466,-0.027931,-25.828447,0.000054,-0.000563,0.000000,0.000000,0.000000,0.000000
0.080000,0.303976,0.000000,0.001616,0.001158,0.000000,0.000263,0.000690,0.351364,0.009029,-0.004283,-3.909312,0.000008,-0.000085,0.000000,0.000000,0.000000,0.000000
0.300000,0.318451,0.000000,0.001782,0.004343,0.000000,0.000255,-0.004105,0.377595,0.009114,0.026664,-4.015666,-0.000004,-0.000004,0.000000,0.000000,0.000000,0.000000
-2.240000,-5.428134,0.000000,-0.000069,-0.032424,0.000000,-0.000550,0.033180,-5.471835,0.020601,-0.059234,211.748077,-0.000014,0.003849,0.000000,0.000000,0.000000,0.000000
-4.380000,-3.097656,0.000000,-0.000106,-0.063401,0.000000,-0.000536,0.064807,-3.122719,0.016752,-0.115696,120.842400,0.000116,0.001968,0.000000,0.000000,0.000000,0.000000
-3.060000,1.910704,0.000000,-0.000138,-0.044294,0.000000,-0.000653,0.046175,1.939237,0.014783,-0.112259,-55.105293,0.000161,-0.001351,0.000000,0.000000,0.000000,0.000000
4.130000,10.407543,0.000000,-0.000110,0.059782,0.000000,-0.000814,-0.064372,10.665080,0.016134,0.196113,-241.844849,0.000028,-0.004046,0.000000,0.000000,0.000000,0.000000
5.950000,2.634454,0.000000,0.000242,0.086126,0.000000,-0.000842,-0.095444,2.730375,0.020181,0.346041,-52.026257,-0.000207,-0.000042,0.000000,0.000000,0.000000,0.000000
0.940000,-7.251988,0.000000,0.000675,0.013607,0.000000,-0.000635,-0.014942,-7.625485,0.020222,0.062224,126.506668,-0.000184,0.002564,0.000000,0.000000,0.000000,0.000000
0.760000,-0.260550,0.000000,0.000894,0.011001,0.000000,-0.000451,-0.012205,-0.279877,0.017658,0.056876,4.149275,-0.000038,0.000228,0.000000,0.000000,0.000000,0.000000
-1.270000,-2.938430,0.000000,0.001112,-0.018383,0.000000,-0.000413,0.024723,-3.198488,0.017431,-0.126374,43.229164,0.000006,0.000476,0.000000,0.000000,0.000000,0.000000
-7.860000,-9.539042,0.000000,0.001251,-0.113774,0.000000,-0.000419,0.153838,-10.591699,0.016954,-0.849079,132.575439,0.000216,0.000213,0.000000,0.000000,0.000000,0.000000
-2.820000,7.295413,0.000000,0.001121,-0.040820,0.000000,-0.000635,0.059386,8.279144,0.016742,-0.349456,-97.197655,0.000317,-0.002786,0.000000,0.000000,0.000000,0.000000
-0.540000,3.300306,0.000000,0.001209,-0.007817,0.000000,-0.000952,0.013576,3.835582,0.019528,-0.084299,-42.675098,0.000109,-0.001031,0.000000,0.000000,0.000000,0.000000
-4.790000,-6.151886,0.000000,0.001399,-0.069335,0.000000,-0.001060,0.113386,-7.348020,0.020559,-0.736563,78.145020,0.000167,-0.000511,0.000000,0.000000,0.000000,0.000000
-3.440000,-13.838124,0.000000,-0.000627,-0.049794,0.000000,-0.001164,0.050398,-13.948755,0.023395,-0.089972,539.786316,-0.000128,0.009978,0.000000,0.000000,0.000000,0.000000
-2.860000,0.839552,0.000000,-0.000705,-0.041399,0.000000,-0.001036,0.041666,0.845915,0.013416,-0.074383,-32.735073,0.000129,-0.000839,0.000000,0.000000,0.000000,0.000000
-0.090000,4.009582,0.000000,-0.000693,-0.001303,0.000000,-0.001164,0.000637,4.070085,0.014256,-0.001550,-115.655388,0.000079,-0.002193,0.000000,0.000000,0.000000,0.000000
-2.050000,-2.837105,0.000000,-0.000556,-0.029674,0.000000,-0.001243,0.031295,-2.908144,0.016448,-0.095343,65.946037,0.000029,0.000995,0.000000,0.000000,0.000000,0.000000
-3.850000,-2.605505,0.000000,-0.000513,-0.055729,0.000000,-0.001272,0.061361,-2.702172,0.015453,-0.222472,51.488857,0.000115,0.000371,0.000000,0.000000,0.000000,0.000000
-2.920000,1.346177,0.000000,-0.000552,-0.042267,0.000000,-0.001387,0.048200,1.414498,0.015082,-0.200717,-23.466490,0.000157,-0.000988,0.000000,0.000000,0.000000,0.000000
-0.730000,3.170031,0.000000,-0.000556,-0.010567,0.000000,-0.001544,0.012090,3.385673,0.016070,-0.056336,-50.193821,0.000097,-0.001101,0.000000,0.000000,0.000000,0.000000
-1.020000,-0.419776,0.000000,-0.000470,-0.014765,0.000000,-0.001641,0.018128,-0.457712,0.017171,-0.092663,6.186203,0.000040,-0.000131,0.000000,0.000000,0.000000,0.000000
1.860000,4.168808,0.000000,-0.000399,0.026924,0.000000,-0.001681,-0.036543,4.626784,0.017303,0.201689,-57.913090,-0.000011,-0.000551,0.000000,0.000000,0.000000,0.000000
2.550000,0.998776,0.000000,-0.000211,0.036911,0.000000,-0.001670,-0.052563,1.132387,0.017853,0.309310,-13.294290,-0.000121,0.000586,0.000000,0.000000,0.000000,0.000000
5.940000,4.907034,0.000000,0.000005,0.085982,0.000000,-0.001549,-0.129333,5.705469,0.017267,0.803058,-63.479641,-0.000242,0.000969,0.000000,0.000000,0.000000,0.000000
-1.900000,-2.764730,0.000000,0.000904,-0.027503,0.000000,0.000574,0.029123,-2.787107,0.013353,-0.051992,107.854950,0.000026,0.001900,0.000000,0.000000,0.000000,0.000000
-9.920000,-11.608972,0.000000,0.000864,-0.143592,0.000000,0.000548,0.147908,-11.701634,0.011454,-0.264050,452.827606,0.000178,0.007857,0.000000,0.000000,0.000000,0.000000
3.570000,19.526810,0.000000,0.000518,0.051676,0.000000,0.000369,-0.053497,19.823429,0.003597,0.130062,-563.301880,0.000230,-0.010329,0.000000,0.000000,0.000000,0.000000
-0.770000,-6.282161,0.000000,0.000809,-0.011146,0.000000,0.000139,0.012849,-6.438765,0.013926,-0.039146,146.007553,-0.000088,0.002678,0.000000,0.000000,0.000000,0.000000
-0.580000,0.275025,0.000000,0.000908,-0.008396,0.000000,0.000226,0.010339,0.284373,0.011248,-0.037484,-5.418618,0.000034,-0.000209,0.000000,0.000000,0.000000,0.000000
0.220000,1.158002,0.000000,0.001021,0.003185,0.000000,0.000193,-0.002500,1.216429,0.011457,0.010411,-20.180546,0.000016,-0.000354,0.000000,0.000000,0.000000,0.000000
-1.850000,-2.996330,0.000000,0.001175,-0.026779,0.000000,0.000177,0.033759,-3.202224,0.011811,-0.157312,47.474140,0.000031,0.000474,0.000000,0.000000,0.000000,0.000000
-1.290000,0.810601,0.000000,0.001249,-0.018673,0.000000,0.000146,0.025264,0.880401,0.011337,-0.129136,-11.899059,0.000085,-0.000575,0.000000,0.000000,0.000000,0.000000
-3.710000,-3.502956,0.000000,0.001355,-0.053702,0.000000,0.000061,0.073635,-3.890498,0.011912,-0.406413,48.697052,0.000125,-0.000176,0.000000,0.000000,0.000000,0.000000
3.140000,9.915393,0.000000,0.001367,0.045452,0.000000,-0.000064,-0.062422,11.253428,0.012088,0.367324,-132.115906,0.000044,-0.001508,0.000000,0.000000,0.000000,0.000000
-4.380000,-26.807747,0.000000,-0.000353,-0.063401,0.000000,-0.000913,0.064613,-27.021557,0.024168,-0.115349,1045.675293,-0.000337,0.019491,0.000000,0.000000,0.000000,0.000000
-8.510000,-5.978186,0.000000,-0.000466,-0.123182,0.000000,-0.000576,0.125649,-6.025828,0.004678,-0.224312,233.186401,0.000226,0.003773,0.000000,0.000000,0.000000,0.000000
-5.510000,4.342508,0.000000,-0.000806,-0.079757,0.000000,-0.000803,0.082562,4.408551,0.000905,-0.200724,-125.273232,0.000306,-0.002922,0.000000,0.000000,0.000000,0.000000
6.550000,17.456881,0.000000,-0.001010,0.094811,0.000000,-0.001109,-0.102990,17.889999,0.003827,0.313763,-405.679443,0.000060,-0.006827,0.000000,0.000000,0.000000,0.000000
-1.500000,-11.652396,0.000000,-0.000677,-0.021713,0.000000,-0.001168,0.023377,-12.081988,0.010655,-0.084754,230.217697,-0.000166,0.004143,0.000000,0.000000,0.000000,0.000000
-0.170000,1.925179,0.000000,-0.000705,-0.002461,0.000000,-0.001003,0.002028,2.023767,0.006512,-0.008447,-33.574257,0.000044,-0.000666,0.000000,0.000000,0.000000,0.000000
2.180000,3.401631,0.000000,-0.000680,0.031556,0.000000,-0.001047,-0.038929,3.633738,0.007178,0.181403,-53.871490,-0.000037,-0.000528,0.000000,0.000000,0.000000,0.000000
4.180000,2.895005,0.000000,-0.000558,0.060506,0.000000,-0.001010,-0.077439,3.149121,0.007706,0.395827,-42.561943,-0.000150,0.000266,0.000000,0.000000,0.000000,0.000000
-5.460000,-13.953924,0.000000,-0.000356,-0.079034,0.000000,-0.000861,0.105226,-15.491096,0.007441,-0.580775,193.900833,-0.000008,0.002100,0.000000,0.000000,0.000000,0.000000
-4.670000,1.143527,0.000000,-0.000563,-0.067598,0.000000,-0.000852,0.094920,1.298016,0.005341,-0.558558,-15.238784,0.000281,-0.001803,0.000000,0.000000,0.000000,0.000000
-5.730000,-7.251988,0.000000,0.001551,-0.082942,0.000000,0.001558,0.086515,-7.309695,-0.001582,-0.154449,282.869202,0.000095,0.004942,0.000000,0.000000,0.000000,0.000000
-4.920000,1.172477,0.000000,0.001326,-0.071217,0.000000,0.001463,0.074276,1.181907,-0.006523,-0.132600,-45.737228,0.000223,-0.001234,0.000000,0.000000,0.000000,0.000000
-5.240000,-0.463201,0.000000,0.001102,-0.075849,0.000000,0.001240,0.080471,-0.470153,-0.005289,-0.195639,13.359860,0.000208,-0.000274,0.000000,0.000000,0.000000,0.000000
0.020000,7.613863,0.000000,0.000871,0.000290,0.000000,0.001032,0.000625,7.802874,-0.005015,-0.001904,-176.940521,0.000149,-0.003355,0.000000,0.000000,0.000000,0.000000
-0.770000,-1.143527,0.000000,0.000884,-0.011146,0.000000,0.000883,0.013369,-1.185745,-0.001660,-0.048470,22.593914,0.000013,0.000303,0.000000,0.000000,0.000000,0.000000
5.100000,8.496840,0.000000,0.000868,0.073823,0.000000,0.000869,-0.084298,8.932658,-0.001963,0.351036,-148.192657,-0.000059,-0.001857,0.000000,0.000000,0.000000,0.000000
-0.540000,-8.163915,0.000000,0.001112,-0.007817,0.000000,0.000928,0.010783,-8.721930,-0.000106,-0.050246,129.305771,-0.000136,0.002316,0.000000,0.000000,0.000000,0.000000
-3.300000,-3.995107,0.000000,0.001122,-0.047768,0.000000,0.001064,0.062000,-4.346563,-0.002422,-0.316911,58.745983,0.000086,0.000251,0.000000,0.000000,0.000000,0.000000
-0.690000,3.777982,0.000000,0.001023,-0.009988,0.000000,0.000978,0.014726,4.193673,-0.002673,-0.081277,-52.491867,0.000119,-0.001214,0.000000,0.000000,0.000000,0.000000
-5.690000,-11.232620,0.000000,0.000860,-0.082363,0.000000,0.000641,0.085237,-11.322217,0.008649,-0.152168,438.145081,0.000016,0.007887,0.000000,0.000000,0.000000,0.000000
-7.900000,-3.198981,0.000000,0.000660,-0.114353,0.000000,0.000625,0.117761,-3.224473,0.000762,-0.210230,124.780067,0.000257,0.001779,0.000000,0.000000,0.000000,0.000000
-1.220000,9.669317,0.000000,0.000347,-0.017660,0.000000,0.000367,0.018830,9.816288,-0.001017,-0.045778,-278.939301,0.000236,-0.005409,0.000000,0.000000,0.000000,0.000000
-2.620000,-2.026503,0.000000,0.000349,-0.037925,0.000000,0.000131,0.041136,-2.077029,0.004392,-0.125324,47.099388,0.000072,0.000563,0.000000,0.000000,0.000000,0.000000
6.520000,13.230173,0.000000,0.000289,0.094377,0.000000,0.000059,-0.104560,13.717199,0.003829,0.379093,-261.376038,-0.000023,-0.003925,0.000000,0.000000,0.000000,0.000000
3.820000,-3.908257,0.000000,0.000635,0.055295,0.000000,0.000083,-0.063157,-4.109432,0.007754,0.263002,68.175400,-0.000249,0.002010,0.000000,0.000000,0.000000,0.000000
4.050000,0.332926,0.000000,0.000868,0.058624,0.000000,0.000331,-0.069749,0.354948,0.005744,0.325021,-5.262234,-0.000181,0.000776,0.000000,0.000000,0.000000,0.000000
6.350000,3.329256,0.000000,0.001116,0.091916,0.000000,0.000513,-0.115149,3.620934,0.004968,0.588583,-48.938736,-0.000243,0.000664,0.000000,0.000000,0.000000,0.000000
-1.170000,-10.885219,0.000000,0.001470,-0.016936,0.000000,0.000755,0.024617,-12.085252,0.004304,-0.135866,151.270142,-0.000162,0.002496,0.000000,0.000000,0.000000,0.000000
1.840000,-2.243629,0.000000,0.000375,0.026634,0.000000,0.000003,-0.026846,-2.261895,0.015569,0.047926,87.530380,-0.000115,0.001782,0.000000,0.000000,0.000000,0.000000
-6.730000,-12.405097,0.000000,0.000485,-0.097417,0.000000,0.000118,0.100242,-12.504132,0.013787,-0.178954,483.882629,0.000035,0.008675,0.000000,0.000000,0.000000,0.000000
-11.230000,-6.513761,0.000000,0.000275,-0.162555,0.000000,0.000083,0.170277,-6.612969,0.005112,-0.413974,187.913925,0.000335,0.002422,0.000000,0.000000,0.000000,0.000000
7.820000,27.574924,0.000000,-0.000144,0.113195,0.000000,-0.000252,-0.121816,28.259018,0.002690,0.371119,-640.810669,0.000205,-0.011134,0.000000,0.000000,0.000000,0.000000
-3.150000,-15.879104,0.000000,0.000298,-0.045596,0.000000,-0.000457,0.051002,-16.464745,0.013824,-0.184915,313.729462,-0.000174,0.005461,0.000000,0.000000,0.000000,0.000000
2.240000,7.802039,0.000000,0.000255,0.032424,0.000000,-0.000283,-0.037170,8.201763,0.008363,0.154785,-136.067139,0.000055,-0.002168,0.000000,0.000000,0.000000,0.000000
-6.590000,-12.781447,0.000000,0.000449,-0.095390,0.000000,-0.000338,0.115740,-13.655309,0.010531,-0.539337,202.444916,0.000054,0.002378,0.000000,0.000000,0.000000,0.000000
-1.190000,7.816514,0.000000,0.000267,-0.017225,0.000000,-0.000393,0.022183,8.502711,0.008152,-0.113389,-114.918419,0.000221,-0.002487,0.000000,0.000000,0.000000,0.000000
5.490000,9.669317,0.000000,0.000316,0.079468,0.000000,-0.000613,-0.105860,10.733193,0.010640,0.584273,-134.346512,-0.000084,-0.000959,0.000000,0.000000,0.000000,0.000000
-7.300000,-13.374924,0.000000,0.000691,-0.105668,0.000000,0.000330,0.108941,-13.481709,0.014814,-0.194484,521.712769,0.000040,0.009354,0.000000,0.000000,0.000000,0.000000
0.060000,10.653619,0.000000,0.000442,0.000869,0.000000,0.000291,-0.000436,10.738184,0.005460,0.000779,-415.544281,0.000202,-0.007884,0.000000,0.000000,0.000000,0.000000
-0.630000,-0.998777,0.000000,0.000584,-0.009119,0.000000,0.000089,0.010147,-1.014479,0.013343,-0.024669,28.827404,0.000008,0.000494,0.000000,0.000000,0.000000,0.000000
2.120000,3.980632,0.000000,0.000696,0.030687,0.000000,0.000081,-0.032234,4.078732,0.012849,0.098204,-92.490669,-0.000010,-0.001487,0.000000,0.000000,0.000000,0.000000
0.630000,-2.156779,0.000000,0.000937,0.009119,0.000000,0.000091,-0.009093,-2.237167,0.014336,0.032967,42.628361,-0.000067,0.000899,0.000000,0.000000,0.000000,0.000000
3.220000,3.749032,0.000000,0.001118,0.046610,0.000000,0.000158,-0.052564,3.940251,0.013437,0.218889,-65.368690,-0.000067,-0.000647,0.000000,0.000000,0.000000,0.000000
-0.580000,-5.500510,0.000000,0.001419,-0.008396,0.000000,0.000225,0.011853,-5.877686,0.014084,-0.055233,87.138840,-0.000079,0.001502,0.000000,0.000000,0.000000,0.000000
3.190000,5.457085,0.000000,0.001567,0.046175,0.000000,0.000304,-0.056571,5.934980,0.012582,0.289162,-80.214249,-0.000040,-0.000739,0.000000,0.000000,0.000000,0.000000
-5.530000,-12.622223,0.000000,0.001885,-0.080047,0.000000,0.000345,0.109578,-14.014522,0.013322,-0.604795,175.418671,0.000031,0.001687,0.000000,0.000000,0.000000,0.000000
1.110000,9.611418,0.000000,0.001848,0.016067,0.000000,0.000314,-0.020134,10.908069,0.011635,0.118481,-128.061371,0.000152,-0.002107,0.000000,0.000000,0.000000,0.000000
-3.380000,-6.499287,0.000000,0.002101,-0.048926,0.000000,0.000162,0.076759,-7.561861,0.013742,-0.476611,84.134056,0.000064,0.000308,0.000000,0.000000,0.000000,0.000000
-2.610000,-0.361876,0.000000,-0.000612,-0.037780,0.000000,-0.001224,0.038120,-0.365415,0.026596,-0.068052,14.140763,0.000096,0.000083,0.000000,0.000000,0.000000,0.000000
-3.570000,-1.389602,0.000000,-0.000650,-0.051676,0.000000,-0.001320,0.052245,-1.401308,0.026513,-0.093269,54.227562,0.000115,0.000774,0.000000,0.000000,0.000000,0.000000
-3.970000,-0.579001,0.000000,-0.000553,-0.057466,0.000000,-0.001435,0.059515,-0.588658,0.025738,-0.144693,16.727278,0.000150,-0.000076,0.000000,0.000000,0.000000,0.000000
-1.110000,4.139857,0.000000,-0.000480,-0.016067,0.000000,-0.001585,0.016754,4.241507,0.025814,-0.051041,-96.181778,0.000125,-0.001959,0.000000,0.000000,0.000000,0.000000
1.830000,4.255658,0.000000,-0.000280,0.026489,0.000000,-0.001710,-0.029749,4.411002,0.027773,0.107859,-84.049965,0.000003,-0.001296,0.000000,0.000000,0.000000,0.000000
2.280000,0.651376,0.000000,0.000046,0.033003,0.000000,-0.001713,-0.038082,0.683031,0.029069,0.158580,-11.331476,-0.000090,0.000217,0.000000,0.000000,0.000000,0.000000
1.150000,-1.635678,0.000000,0.000391,0.016646,0.000000,-0.001623,-0.019631,-1.749490,0.028853,0.091478,25.936825,-0.000086,0.000738,0.000000,0.000000,0.000000,0.000000
-1.340000,-3.604281,0.000000,0.000689,-0.019397,0.000000,-0.001537,0.025472,-3.923443,0.028115,-0.130200,53.027298,-0.000005,0.000651,0.000000,0.000000,0.000000,0.000000
-3.390000,-2.967380,0.000000,0.000886,-0.049070,0.000000,-0.001531,0.066814,-3.296904,0.027464,-0.368766,41.267086,0.000118,-0.000217,0.000000,0.000000,0.000000,0.000000
0.100000,5.051784,0.000000,0.001003,0.001448,0.000000,-0.001650,-0.000630,5.731447,0.027681,0.003706,-67.287537,0.000107,-0.001264,0.000000,0.000000,0.000000,0.000000
-1.230000,-12.173496,0.000000,-0.000968,-0.017804,0.000000,-0.001681,0.017313,-12.271075,0.031215,-0.030907,474.863831,-0.000186,0.008910,0.000000,0.000000,0.000000,0.000000
-4.730000,-5.066259,0.000000,-0.000941,-0.068467,0.000000,-0.001496,0.069139,-5.107083,0.022305,-0.123430,197.632950,0.000091,0.003392,0.000000,0.000000,0.000000,0.000000
-5.970000,-1.794902,0.000000,-0.000963,-0.086416,0.000000,-0.001586,0.089361,-1.822763,0.018913,-0.217254,51.795574,0.000207,0.000387,0.000000,0.000000,0.000000,0.000000
1.390000,10.653618,0.000000,-0.001049,0.020120,0.000000,-0.001793,-0.022753,10.917291,0.018526,0.069319,-247.564041,0.000145,-0.004501,0.000000,0.000000,0.000000,0.000000
9.150000,11.232620,0.000000,-0.000811,0.132446,0.000000,-0.001938,-0.148089,11.645299,0.023027,0.536911,-221.896744,-0.000180,-0.002741,0.000000,0.000000,0.000000,0.000000
-3.370000,-18.122732,0.000000,-0.000236,-0.048781,0.000000,-0.001758,0.056092,-19.054050,0.025768,-0.233580,316.106354,-0.000209,0.005359,0.000000,0.000000,0.000000,0.000000
5.000000,12.115597,0.000000,-0.000208,0.072375,0.000000,-0.001549,-0.087655,12.941801,0.020409,0.408461,-191.866913,0.000008,-0.002538,0.000000,0.000000,0.000000,0.000000
3.340000,-2.402854,0.000000,0.000178,0.048347,0.000000,-0.001557,-0.061085,-2.615805,0.022947,0.312237,35.353920,-0.000215,0.001519,0.000000,0.000000,0.000000,0.000000
-1.990000,-7.715189,0.000000,0.000494,-0.028805,0.000000,-0.001343,0.039186,-8.566890,0.021429,-0.216279,107.231079,-0.000056,0.001443,0.000000,0.000000,0.000000,0.000000
3.980000,8.641590,0.000000,0.000588,0.057611,0.000000,-0.001287,-0.080741,9.807354,0.019986,0.475122,-115.138916,-0.000033,-0.000898,0.000000,0.000000,0.000000,0.000000
-1.470000,-16.863405,0.000000,-0.000409,-0.021278,0.000000,-0.000934,0.021423,-16.998087,0.022694,-0.038245,657.788879,-0.000264,0.012353,0.000000,0.000000,0.000000,0.000000
-5.050000,-5.182060,0.000000,-0.000412,-0.073099,0.000000,-0.000670,0.074424,-5.223520,0.010340,-0.132863,202.138824,0.000103,0.003445,0.000000,0.000000,0.000000,0.000000
-1.630000,4.950459,0.000000,-0.000554,-0.023594,0.000000,-0.000773,0.024094,5.025509,0.006895,-0.058576,-142.804687,0.000160,-0.002869,0.000000,0.000000,0.000000,0.000000
3.190000,6.976962,0.000000,-0.000540,0.046175,0.000000,-0.000933,-0.050210,7.149722,0.009764,0.152966,-162.129425,-0.000001,-0.002651,0.000000,0.000000,0.000000,0.000000
-2.000000,-7.512538,0.000000,-0.000312,-0.028950,0.000000,-0.000932,0.031826,-7.789823,0.012415,-0.115387,148.432129,-0.000061,0.002503,0.000000,0.000000,0.000000,0.000000
-1.090000,1.317227,0.000000,-0.000316,-0.015778,0.000000,-0.000871,0.017866,1.384305,0.009911,-0.074398,-22.965597,0.000075,-0.000641,0.000000,0.000000,0.000000,0.000000
-0.660000,0.622426,0.000000,-0.000282,-0.009554,0.000000,-0.000945,0.011197,0.664333,0.010552,-0.052175,-9.848986,0.000043,-0.000326,0.000000,0.000000,0.000000,0.000000
-5.550000,-7.078288,0.000000,-0.000232,-0.080336,0.000000,-0.000988,0.101585,-7.701034,0.010878,-0.519250,104.083344,0.000129,0.000567,0.000000,0.000000,0.000000,0.000000
-4.230000,1.910704,0.000000,-0.000392,-0.061229,0.000000,-0.001117,0.081366,2.120543,0.010311,-0.449083,-26.542665,0.000260,-0.001718,0.000000,0.000000,0.000000,0.000000
-0.420000,-6.253211,0.000000,0.000922,-0.006080,0.000000,0.000801,0.007184,-6.303101,0.004392,-0.012825,243.916214,-0.000100,0.004587,0.000000,0.000000,0.000000,0.000000
-3.690000,-4.733334,0.000000,0.000918,-0.053413,0.000000,0.000902,0.055629,-4.771016,-0.000195,-0.099311,184.627869,0.000060,0.003219,0.000000,0.000000,0.000000,0.000000
-5.040000,-1.954128,0.000000,0.000754,-0.072954,0.000000,0.000841,0.077079,-1.983777,-0.003414,-0.187394,56.370941,0.000171,0.000555,0.000000,0.000000,0.000000,0.000000
-1.150000,5.630785,0.000000,0.000533,-0.016646,0.000000,0.000671,0.018464,5.770595,-0.003968,-0.056251,-130.855881,0.000159,-0.002631,0.000000,0.000000,0.000000,0.000000
-12.460000,-16.371254,0.000000,0.000491,-0.180359,0.000000,0.000512,0.200978,-16.974266,-0.001338,-0.728666,323.438202,0.000222,0.004158,0.000000,0.000000,0.000000,0.000000
0.480000,18.730682,0.000000,-0.000048,0.006948,0.000000,0.000290,-0.008084,19.692053,-0.005496,0.033663,-326.690826,0.000351,-0.006103,0.000000,0.000000,0.000000,0.000000
4.360000,5.616310,0.000000,-0.000024,0.063111,0.000000,-0.000061,-0.076245,5.999875,0.000607,0.355292,-88.950333,-0.000093,-0.000712,0.000000,0.000000,0.000000,0.000000
0.330000,-5.833436,0.000000,0.000165,0.004777,0.000000,0.000032,-0.005849,-6.346265,0.001319,0.029895,85.772957,-0.000136,0.001706,0.000000,0.000000,0.000000,0.000000
3.130000,9.423242,0.000000,0.001273,0.045307,0.000000,0.001214,-0.045076,9.498084,0.001502,0.080472,-367.555084,0.000058,-0.006745,0.000000,0.000000,0.000000,0.000000
-3.340000,-9.365341,0.000000,0.001401,-0.048347,0.000000,0.001156,0.050937,-9.440102,0.008247,-0.090934,365.311371,-0.000041,0.006684,0.000000,0.000000,0.000000,0.000000
-6.760000,-4.950459,0.000000,0.001309,-0.097851,0.000000,0.001197,0.103695,-5.025874,0.001563,-0.252102,142.815063,0.000185,0.002010,0.000000,0.000000,0.000000,0.000000
-1.740000,7.266463,0.000000,0.001066,-0.025187,0.000000,0.001011,0.028216,7.446624,-0.000447,-0.085962,-168.862091,0.000217,-0.003434,0.000000,0.000000,0.000000,0.000000
4.060000,8.395514,0.000000,0.001057,0.058769,0.000000,0.000794,-0.064135,8.704354,0.002987,0.232528,-165.858170,-0.000009,-0.002505,0.000000,0.000000,0.000000,0.000000
0.380000,-5.326809,0.000000,0.001311,0.005501,0.000000,0.000803,-0.004841,-5.600826,0.005492,0.020160,92.917610,-0.000119,0.001819,0.000000,0.000000,0.000000,0.000000
-5.880000,-9.061366,0.000000,0.001413,-0.085113,0.000000,0.000923,0.104493,-9.681046,0.003673,-0.486926,143.525055,0.000100,0.001397,0.000000,0.000000,0.000000,0.000000
-7.540000,-2.402854,0.000000,0.001257,-0.109142,0.000000,0.000823,0.140003,-2.614793,0.002276,-0.715626,35.340240,0.000329,-0.001269,0.000000,0.000000,0.000000,0.000000
-2.130000,7.830989,0.000000,0.001039,-0.030832,0.000000,0.000494,0.042626,8.692543,0.003546,-0.235264,-108.803879,0.000279,-0.002694,0.000000,0.000000,0.000000,0.000000
1.970000,8.004689,0.000000,-0.000237,0.028516,0.000000,-0.000575,-0.029404,8.067982,0.014598,0.052494,-312.213257,0.000073,-0.005765,0.000000,0.000000,0.000000,0.000000
-2.260000,-6.122936,0.000000,-0.000124,-0.032714,0.000000,-0.000647,0.033368,-6.172152,0.020363,-0.059570,238.848785,-0.000027,0.004372,0.000000,0.000000,0.000000,0.000000
-8.520000,-9.061366,0.000000,-0.000061,-0.123327,0.000000,-0.000621,0.128904,-9.199649,0.015991,-0.313390,261.416931,0.000175,0.004094,0.000000,0.000000,0.000000,0.000000
-5.790000,3.951683,0.000000,-0.000291,-0.083810,0.000000,-0.000795,0.089767,4.049249,0.011896,-0.273479,-91.822090,0.000319,-0.002486,0.000000,0.000000,0.000000,0.000000
4.210000,14.475025,0.000000,-0.000400,0.060940,0.000000,-0.001114,-0.068167,15.007492,0.014382,0.247145,-285.962067,0.000099,-0.004742,0.000000,0.000000,0.000000,0.000000
5.960000,2.533130,0.000000,-0.000070,0.086271,0.000000,-0.001214,-0.099766,2.661966,0.019124,0.415447,-44.161972,-0.000220,0.000296,0.000000,0.000000,0.000000,0.000000
-2.800000,-12.680122,0.000000,0.000333,-0.040530,0.000000,-0.000994,0.049348,-13.547579,0.018828,-0.229958,200.847778,-0.000123,0.003180,0.000000,0.000000,0.000000,0.000000
5.920000,12.622223,0.000000,0.000363,0.085692,0.000000,-0.000871,-0.108211,13.730154,0.015647,0.553119,-185.569946,-0.000033,-0.002023,0.000000,0.000000,0.000000,0.000000
-0.600000,-9.437717,0.000000,0.000766,-0.008685,0.000000,-0.000839,0.012640,-10.478987,0.017671,-0.069766,131.164642,-0.000164,0.002299,0.000000,0.000000,0.000000,0.000000
-2.510000,-15.560653,0.000000,0.000044,-0.036332,0.000000,-0.000426,0.037296,-15.684926,0.020000,-0.066581,606.972412,-0.000196,0.011309,0.000000,0.000000,0.000000,0.000000
-4.170000,-2.402854,0.000000,-0.000006,-0.060361,0.000000,-0.000230,0.061797,-2.422188,0.008691,-0.110322,93.733398,0.000122,0.001456,0.000000,0.000000,0.000000,0.000000
-0.500000,5.312335,0.000000,-0.000102,-0.007238,0.000000,-0.000352,0.007462,5.392832,0.007236,-0.018141,-153.242554,0.000122,-0.002953,0.000000,0.000000,0.000000,0.000000
-2.630000,-3.083181,0.000000,-0.000027,-0.038069,0.000000,-0.000474,0.040888,-3.160126,0.010189,-0.124568,71.660057,0.000051,0.001025,0.000000,0.000000,0.000000,0.000000
4.880000,10.870745,0.000000,-0.000049,0.070638,0.000000,-0.000525,-0.078554,11.270661,0.009164,0.284806,-214.758148,0.000001,-0.003298,0.000000,0.000000,0.000000,0.000000
2.640000,-3.242406,0.000000,0.000261,0.038214,0.000000,-0.000526,-0.043854,-3.409592,0.012462,0.182619,56.565079,-0.000183,0.001571,0.000000,0.000000,0.000000,0.000000
-9.320000,-17.312130,0.000000,0.000474,-0.134907,0.000000,-0.000342,0.163492,-18.495472,0.010891,-0.761854,274.202118,0.000092,0.003128,0.000000,0.000000,0.000000,0.000000
-4.260000,7.324363,0.000000,0.000177,-0.061664,0.000000,-0.000435,0.078424,7.967381,0.007762,-0.400863,-107.683167,0.000363,-0.003129,0.000000,0.000000,0.000000,0.000000
4.010000,11.970846,0.000000,0.000097,0.058045,0.000000,-0.000798,-0.077501,13.288305,0.010892,0.427753,-166.328644,0.000041,-0.001987,0.000000,0.000000,0.000000,0.000000
8.200000,6.065035,0.000000,0.000365,0.118695,0.000000,-0.000839,-0.167550,6.883349,0.012878,0.985951,-80.810936,-0.000323,0.001141,0.000000,0.000000,0.000000,0.000000
-7.450000,-6.557186,0.000000,0.000876,-0.107839,0.000000,0.000502,0.111355,-6.609773,0.015263,-0.198795,255.783737,0.000177,0.004303,0.000000,0.000000,0.000000,0.000000
-3.290000,6.021610,0.000000,0.000623,-0.047623,0.000000,0.000325,0.049399,6.069187,0.010959,-0.088188,-234.864273,0.000248,-0.004694,0.000000,0.000000,0.000000,0.000000
-2.810000,0.694801,0.000000,0.000657,-0.040675,0.000000,0.000077,0.043222,0.704752,0.015653,-0.105080,-20.026211,0.000130,-0.000655,0.000000,0.000000,0.000000,0.000000
6.990000,14.185524,0.000000,0.000716,0.101180,0.000000,-0.000053,-0.107979,14.536674,0.016308,0.328964,-329.638367,-0.000017,-0.005351,0.000000,0.000000,0.000000,0.000000
5.210000,-2.576554,0.000000,0.001223,0.075415,0.000000,-0.000036,-0.082449,-2.672848,0.021658,0.298927,50.930111,-0.000274,0.001783,0.000000,0.000000,0.000000,0.000000
-0.470000,-8.221814,0.000000,0.001659,-0.006803,0.000000,0.000238,0.009778,-8.645335,0.019875,-0.040718,143.425964,-0.000137,0.002602,0.000000,0.000000,0.000000,0.000000
-5.340000,-7.049338,0.000000,0.001859,-0.077297,0.000000,0.000375,0.095592,-7.532682,0.017273,-0.445449,111.674767,0.000116,0.000905,0.000000,0.000000,0.000000,0.000000
2.090000,10.754944,0.000000,0.001864,0.030253,0.000000,0.000258,-0.036002,11.698003,0.016368,0.184025,-158.104385,0.000124,-0.002498,0.000000,0.000000,0.000000,0.000000
-2.660000,-6.875638,0.000000,0.002196,-0.038504,0.000000,0.000134,0.054433,-7.635674,0.018866,-0.300430,95.575142,0.000002,0.001002,0.000000,0.000000,0.000000,0.000000
-0.760000,2.750255,0.000000,0.002342,-0.011001,0.000000,0.000132,0.018893,3.118760,0.017864,-0.111174,-36.614426,0.000110,-0.000996,0.000000,0.000000,0.000000,0.000000
-6.350000,-17.587156,0.000000,-0.001369,-0.091916,0.000000,-0.002183,0.092795,-17.727888,0.035808,-0.165660,686.030701,-0.000085,0.012544,0.000000,0.000000,0.000000,0.000000
0.190000,9.466667,0.000000,-0.001532,0.002750,0.000000,-0.002098,-0.004385,9.541426,0.023265,0.007828,-369.232330,0.000169,-0.006993,0.000000,0.000000,0.000000,0.000000
-4.920000,-7.396739,0.000000,-0.001257,-0.071217,0.000000,-0.002267,0.073160,-7.510116,0.030258,-0.177866,213.407181,0.000055,0.003573,0.000000,0.000000,0.000000,0.000000
-8.600000,-5.326810,0.000000,-0.001231,-0.124485,0.000000,-0.002322,0.132474,-5.459979,0.026685,-0.403589,123.812248,0.000255,0.001246,0.000000,0.000000,0.000000,0.000000
-2.390000,8.988992,0.000000,-0.001380,-0.034595,0.000000,-0.002577,0.036912,9.319027,0.025439,-0.133829,-177.570526,0.000276,-0.003727,0.000000,0.000000,0.000000,0.000000
-1.900000,0.709276,0.000000,-0.001265,-0.027503,0.000000,-0.002853,0.030317,0.744276,0.029166,-0.126247,-12.347534,0.000096,-0.000568,0.000000,0.000000,0.000000,0.000000
-3.240000,-1.939653,0.000000,-0.001138,-0.046899,0.000000,-0.002948,0.055263,-2.073706,0.029734,-0.257517,30.743446,0.000110,-0.000113,0.000000,0.000000,0.000000,0.000000
-4.670000,-2.069928,0.000000,-0.001078,-0.067598,0.000000,-0.003058,0.084358,-2.253529,0.029848,-0.431198,30.457575,0.000185,-0.000589,0.000000,0.000000,0.000000,0.000000
-4.160000,0.738227,0.000000,-0.001086,-0.060216,0.000000,-0.003244,0.079083,0.817739,0.030437,-0.436481,-10.235568,0.000229,-0.001373,0.000000,0.000000,0.000000,0.000000
-4.130000,0.043425,0.000000,-0.001081,-0.059782,0.000000,-0.003473,0.083119,0.047351,0.031811,-0.489113,-0.555899,0.000225,-0.001331,0.000000,0.000000,0.000000,0.000000
-2.620000,2.185729,0.000000,-0.001082,-0.037925,0.000000,-0.003698,0.055421,2.539997,0.033142,-0.344123,-28.260271,0.000198,-0.001463,0.000000,0.000000,0.000000,0.000000
0.490000,-5.847910,0.000000,0.000228,0.007093,0.000000,-0.000093,-0.006994,-5.894780,0.013499,0.012486,228.115097,-0.000131,0.004356,0.000000,0.000000,0.000000,0.000000
3.490000,4.342508,0.000000,0.000281,0.050518,0.000000,0.000038,-0.051438,4.376794,0.009143,0.091828,-169.372375,-0.000056,-0.002967,0.000000,0.000000,0.000000,0.000000
-10.770000,-20.641386,0.000000,0.000544,-0.155896,0.000000,0.000094,0.163595,-20.955593,0.012110,-0.397729,595.473389,0.000046,0.010205,0.000000,0.000000,0.000000,0.000000
0.200000,15.879104,0.000000,0.000142,0.002895,0.000000,0.000048,-0.002959,16.272991,0.001905,0.009015,-369.011688,0.000300,-0.006982,0.000000,0.000000,0.000000,0.000000
-1.120000,-1.910703,0.000000,0.000238,-0.016212,0.000000,-0.000252,0.018281,-1.981594,0.008886,-0.066281,37.758530,0.000011,0.000549,0.000000,0.000000,0.000000,0.000000
-0.920000,0.289500,0.000000,0.000277,-0.013317,0.000000,-0.000263,0.015707,0.303771,0.008338,-0.065408,-5.039560,0.000048,-0.000273,0.000000,0.000000,0.000000,0.000000
0.520000,2.084404,0.000000,0.000325,0.007527,0.000000,-0.000312,-0.008697,2.226065,0.008611,0.040528,-33.002232,0.000019,-0.000515,0.000000,0.000000,0.000000,0.000000
0.830000,0.448726,0.000000,0.000438,0.012014,0.000000,-0.000330,-0.014681,0.487275,0.009126,0.075041,-6.585772,-0.000031,0.000079,0.000000,0.000000,0.000000,0.000000
-3.150000,-5.761060,0.000000,0.000566,-0.045596,0.000000,-0.000300,0.061739,-6.396600,0.009047,-0.340757,80.065735,0.000046,0.000594,0.000000,0.000000,0.000000,0.000000
-4.600000,-2.098879,0.000000,0.000530,-0.066585,0.000000,-0.000345,0.095033,-2.383632,0.008453,-0.559222,27.983980,0.000212,-0.000984,0.000000,0.000000,0.000000,0.000000
2.660000,24.506220,0.000000,0.000577,0.038504,0.000000,0.000322,-0.038805,24.700819,0.010379,0.069275,-955.867798,0.000362,-0.017910,0.000000,0.000000,0.000000,0.000000
-2.250000,-7.107237,0.000000,0.000707,-0.032569,0.000000,-0.000040,0.034071,-7.164525,0.028289,-0.060825,277.251465,-0.000044,0.005118,0.000000,0.000000,0.000000,0.000000
-6.290000,-5.847910,0.000000,0.000857,-0.091048,0.000000,0.000004,0.096108,-5.937685,0.023171,-0.233657,168.725098,0.000148,0.002553,0.000000,0.000000,0.000000,0.000000
-4.230000,2.981855,0.000000,0.000823,-0.061229,0.000000,-0.000144,0.066694,3.054813,0.020618,-0.203186,-69.271942,0.000238,-0.001866,0.000000,0.000000,0.000000,0.000000
2.200000,9.307442,0.000000,0.000887,0.031845,0.000000,-0.000382,-0.034403,9.648882,0.022484,0.124733,-183.855789,0.000089,-0.003140,0.000000,0.000000,0.000000,0.000000
-2.060000,-6.166361,0.000000,0.001241,-0.029819,0.000000,-0.000471,0.035888,-6.484646,0.025624,-0.149448,107.580170,-0.000026,0.001639,0.000000,0.000000,0.000000,0.000000
-3.770000,-2.475230,0.000000,0.001417,-0.054571,0.000000,-0.000445,0.067613,-2.646445,0.023985,-0.315068,39.234505,0.000133,-0.000112,0.000000,0.000000,0.000000,0.000000
0.900000,6.759837,0.000000,0.001529,0.013028,0.000000,-0.000578,-0.014583,7.351387,0.024098,0.074539,-99.357681,0.000100,-0.001680,0.000000,0.000000,0.000000,0.000000
-0.160000,-1.534353,0.000000,0.001849,-0.002316,0.000000,-0.000677,0.005570,-1.706485,0.025777,-0.030742,21.359940,-0.000017,0.000324,0.000000,0.000000,0.000000,0.000000
-6.770000,-0.361876,0.000000,-0.001251,-0.097996,0.000000,-0.002145,0.099150,-0.365711,0.039183,-0.177006,14.152236,0.000261,-0.000211,0.000000,0.000000,0.000000,0.000000
-6.950000,-0.260550,0.000000,-0.001422,-0.100601,0.000000,-0.002407,0.101550,-0.263573,0.039395,-0.181289,10.199696,0.000269,-0.000297,0.000000,0.000000,0.000000,0.000000
-6.620000,0.477676,0.000000,-0.001338,-0.095825,0.000000,-0.002676,0.098808,0.483659,0.039691,-0.240222,-13.743632,0.000276,-0.000909,0.000000,0.000000,0.000000,0.000000
-2.870000,5.428135,0.000000,-0.001248,-0.041543,0.000000,-0.002952,0.043309,5.561208,0.040601,-0.131943,-126.107750,0.000222,-0.002743,0.000000,0.000000,0.000000,0.000000
-2.900000,-0.043425,0.000000,-0.000999,-0.041978,0.000000,-0.003174,0.045539,-0.047088,0.043344,-0.165107,0.897246,0.000122,-0.000425,0.000000,0.000000,0.000000,0.000000
7.800000,15.488277,0.000000,-0.000760,0.112905,0.000000,-0.003296,-0.131337,16.280525,0.043769,0.546918,-270.093658,-0.000047,-0.003634,0.000000,0.000000,0.000000,0.000000
2.210000,-8.091539,0.000000,-0.000062,0.031990,0.000000,-0.003248,-0.038707,-8.647369,0.047403,0.180369,128.200409,-0.000268,0.002922,0.000000,0.000000,0.000000,0.000000
-2.390000,-6.658512,0.000000,0.000394,-0.034595,0.000000,-0.002980,0.044372,-7.247153,0.044481,-0.226809,97.948914,-0.000017,0.001236,0.000000,0.000000,0.000000,0.000000
-2.850000,-0.665851,0.000000,0.000657,-0.041254,0.000000,-0.002963,0.056053,-0.743026,0.043245,-0.309375,9.300392,0.000138,-0.000663,0.000000,0.000000,0.000000,0.000000
3.930000,6.151886,0.000000,-0.002022,0.056887,0.000000,-0.002957,-0.060221,6.199828,0.041557,0.107508,-239.919815,-0.000046,-0.004251,0.000000,0.000000,0.000000,0.000000
-4.800000,-12.636698,0.000000,-0.001769,-0.069480,0.000000,-0.002911,0.069329,-12.738297,0.045808,-0.123769,492.944244,-0.000054,0.009007,0.000000,0.000000,0.000000,0.000000
-2.550000,3.256881,0.000000,-0.001634,-0.036911,0.000000,-0.002858,0.036891,3.305234,0.036801,-0.089688,-93.921425,0.000162,-0.002038,0.000000,0.000000,0.000000,0.000000
-1.480000,1.548828,0.000000,-0.001405,-0.021423,0.000000,-0.003020,0.021515,1.585747,0.038839,-0.065547,-35.958923,0.000088,-0.000854,0.000000,0.000000,0.000000,0.000000
-3.630000,-3.112131,0.000000,-0.001139,-0.052544,0.000000,-0.003108,0.057127,-3.228598,0.039693,-0.207118,61.519699,0.000093,0.000606,0.000000,0.000000,0.000000,0.000000
-6.950000,-4.805707,0.000000,-0.000977,-0.100601,0.000000,-0.003201,0.115114,-5.054349,0.039087,-0.479361,83.851570,0.000216,0.000290,0.000000,0.000000,0.000000,0.000000
-18.760000,-17.095007,0.000000,-0.000966,-0.271551,0.000000,-0.003417,0.326771,-18.264854,0.038797,-1.522714,270.783112,0.000538,0.001008,0.000000,0.000000,0.000000,0.000000
-5.960000,18.528032,0.000000,-0.001469,-0.086271,0.000000,-0.003955,0.107542,20.154217,0.037789,-0.549701,-272.394379,0.000672,-0.006647,0.000000,0.000000,0.000000,0.000000
11.830000,0.796127,0.000000,-0.001220,0.171240,0.000000,-0.001720,-0.176530,0.801937,0.022323,0.315146,-31.033226,-0.000464,0.000277,0.000000,0.000000,0.000000,0.000000
-11.080000,-33.162285,0.000000,-0.000703,-0.160383,0.000000,-0.001256,0.163496,-33.426556,0.022046,-0.291878,1293.534790,-0.000190,0.023703,0.000000,0.000000,0.000000,0.000000
-6.110000,7.194087,0.000000,-0.001176,-0.088442,0.000000,-0.001066,0.091257,7.303595,-0.001657,-0.221864,-207.538712,0.000385,-0.004574,0.000000,0.000000,0.000000,0.000000
-8.940000,-4.096431,0.000000,-0.001422,-0.129407,0.000000,-0.001452,0.137558,-4.197996,0.002917,-0.419077,95.195107,0.000292,0.000677,0.000000,0.000000,0.000000,0.000000
-7.170000,2.562079,0.000000,-0.001807,-0.103786,0.000000,-0.001744,0.113329,2.656709,0.002239,-0.410886,-50.622581,0.000356,-0.002071,0.000000,0.000000,0.000000,0.000000
-5.070000,3.039755,0.000000,-0.002126,-0.073388,0.000000,-0.002100,0.082342,3.196074,0.004311,-0.342890,-53.022820,0.000283,-0.001928,0.000000,0.000000,0.000000,0.000000
-0.740000,6.267686,0.000000,-0.002369,-0.010712,0.000000,-0.002383,0.010075,6.696251,0.006238,-0.046946,-99.274361,0.000154,-0.002003,0.000000,0.000000,0.000000,0.000000
-10.050000,-13.476249,0.000000,-0.002443,-0.145474,0.000000,-0.002536,0.181386,-14.660004,0.008242,-0.927154,198.137314,0.000213,0.001247,0.000000,0.000000,0.000000,0.000000
-3.840000,8.988992,0.000000,-0.002929,-0.055584,0.000000,-0.002749,0.070423,9.980146,0.006994,-0.388683,-124.920685,0.000379,-0.003419,0.000000,0.000000,0.000000,0.000000
0.210000,5.862385,0.000000,-0.003173,0.003040,0.000000,-0.003128,-0.008797,6.656033,0.010413,0.051768,-78.142227,0.000102,-0.001333,0.000000,0.000000,0.000000,0.000000
10.790000,16.110704,0.000000,0.000000,0.156186,0.000000,0.000000,-0.157116,16.142679,0.000000,0.141900,-1234.793579,-0.000120,-0.022995,0.000000,0.000000,0.000000,0.000000
-7.440000,-26.387972,0.000000,0.000423,-0.107694,0.000000,0.000120,0.108761,-26.440651,0.022995,-0.098228,2022.510864,-0.000206,0.038073,0.000000,0.000000,0.000000,0.000000
-5.480000,2.837105,0.000000,-0.000019,-0.079323,0.000000,0.000326,0.080774,2.854952,-0.015079,-0.127476,-124.973969,0.000273,-0.002782,0.000000,0.000000,0.000000,0.000000
3.970000,13.678900,0.000000,-0.000358,0.057466,0.000000,0.000053,-0.060029,13.852798,-0.012297,0.134003,-428.711731,0.000099,-0.007750,0.000000,0.000000,0.000000,0.000000
0.010000,-5.732111,0.000000,-0.000250,0.000145,0.000000,-0.000047,-0.000420,-5.855427,-0.004547,0.001201,141.543762,-0.000112,0.002698,0.000000,0.000000,0.000000,0.000000
0.610000,0.868502,0.000000,-0.000325,0.008830,0.000000,0.000066,-0.010062,0.897424,-0.007245,0.034703,-17.976555,-0.000010,-0.000251,0.000000,0.000000,0.000000,0.000000
1.560000,1.375127,0.000000,-0.000376,0.022581,0.000000,0.000076,-0.026190,1.439598,-0.006993,0.104770,-24.860758,-0.000044,-0.000187,0.000000,0.000000,0.000000,0.000000
-1.340000,-4.197757,0.000000,-0.000387,-0.019397,0.000000,0.000119,0.022630,-4.460444,-0.006806,-0.102055,68.329918,-0.000023,0.001018,0.000000,0.000000,0.000000,0.000000
1.390000,3.951682,0.000000,-0.000526,0.020120,0.000000,0.000142,-0.025773,4.274466,-0.007824,0.128223,-59.355297,0.000011,-0.000779,0.000000,0.000000,0.000000,0.000000
4.740000,4.849133,0.000000,-0.000551,0.068612,0.000000,0.000131,-0.090937,5.348904,-0.007045,0.490740,-68.475113,-0.000145,0.000032,0.000000,0.000000,0.000000,0.000000
0.290000,-6.441386,0.000000,-0.000439,0.004198,0.000000,0.000276,-0.006447,-7.258732,-0.007078,0.037231,86.836319,-0.000155,0.001745,0.000000,0.000000,0.000000,0.000000
-0.760000,-1.519878,0.000000,-0.000517,-0.011001,0.000000,0.000430,0.015471,-1.752747,-0.008823,-0.094556,19.811613,0.000009,0.000116,0.000000,0.000000,0.000000,0.000000
-0.200000,0.810601,0.000000,-0.000641,-0.002895,0.000000,0.000421,0.003541,0.961118,-0.008939,-0.022700,-10.358044,0.000028,-0.000258,0.000000,0.000000,0.000000,0.000000
-1.860000,-2.402854,0.000000,-0.000746,-0.026924,0.000000,0.000394,0.043906,-2.922432,-0.008681,-0.292975,30.256334,0.000063,-0.000219,0.000000,0.000000,0.000000,0.000000
0.360000,3.213456,0.000000,-0.000925,0.005211,0.000000,0.000330,-0.011014,4.028856,-0.008462,0.076025,-40.323101,0.000046,-0.000557,0.000000,0.000000,0.000000,0.000000
1.490000,2.417329,0.000000,0.002697,0.021568,0.000000,0.002627,-0.019630,2.436728,-0.011119,0.035045,-94.296059,-0.000007,-0.001690,0.000000,0.000000,0.000000,0.000000
-6.800000,-11.999796,0.000000,0.002448,-0.098430,0.000000,0.002634,0.103288,-12.095100,-0.009430,-0.184394,468.053986,0.000050,0.008367,0.000000,0.000000,0.000000,0.000000
-5.890000,1.317228,0.000000,0.002047,-0.085258,0.000000,0.002584,0.091298,1.337692,-0.017797,-0.221962,-38.011806,0.000272,-0.001336,0.000000,0.000000,0.000000,0.000000
-1.580000,6.238736,0.000000,0.001704,-0.022871,0.000000,0.002312,0.026413,6.394011,-0.016461,-0.080469,-144.992691,0.000192,-0.002961,0.000000,0.000000,0.000000,0.000000
-10.070000,-12.289296,0.000000,0.001568,-0.145764,0.000000,0.002120,0.163729,-12.741553,-0.013500,-0.593618,242.785477,0.000201,0.002997,0.000000,0.000000,0.000000,0.000000
6.090000,23.391642,0.000000,0.001067,0.088153,0.000000,0.001918,-0.100625,24.592497,-0.016497,0.419027,-407.989075,0.000193,-0.006597,0.000000,0.000000,0.000000,0.000000
0.980000,-7.396739,0.000000,0.001277,0.014186,0.000000,0.001725,-0.015589,-7.901757,-0.009900,0.072643,117.146416,-0.000192,0.002427,0.000000,0.000000,0.000000,0.000000
-8.010000,-13.013047,0.000000,0.001275,-0.115945,0.000000,0.001917,0.148653,-14.156356,-0.012327,-0.759840,191.330276,0.000134,0.001563,0.000000,0.000000,0.000000,0.000000
1.740000,14.113151,0.000000,0.000900,0.025187,0.000000,0.001783,-0.032481,15.668055,-0.013890,0.179273,-196.115784,0.000209,-0.003231,0.000000,0.000000,0.000000,0.000000
-6.100000,-11.348420,0.000000,0.000944,-0.088298,0.000000,0.001574,0.126362,-12.881885,-0.010658,-0.743580,151.234100,0.000098,0.000858,0.000000,0.000000,0.000000,0.000000
-5.450000,0.940877,0.000000,0.000664,-0.078889,0.000000,0.001477,0.119670,1.094745,-0.011517,-0.743058,-12.180243,0.000344,-0.002242,0.000000,0.000000,0.000000,0.000000
-9.520000,-11.261570,0.000000,0.001010,-0.137802,0.000000,0.001048,0.142128,-11.351117,-0.002444,-0.253731,439.263458,0.000169,0.007635,0.000000,0.000000,0.000000,0.000000
-3.030000,9.394292,0.000000,0.000634,-0.043859,0.000000,0.000879,0.045556,9.469234,-0.010079,-0.081328,-366.438690,0.000302,-0.007173,0.000000,0.000000,0.000000,0.000000
-4.540000,-2.185729,0.000000,0.000497,-0.065717,0.000000,0.000577,0.069241,-2.218893,-0.002906,-0.168339,63.051983,0.000145,0.000752,0.000000,0.000000,0.000000,0.000000
-0.420000,5.963710,0.000000,0.000291,-0.006080,0.000000,0.000432,0.006847,6.111802,-0.003658,-0.020861,-138.593201,0.000134,-0.002682,0.000000,0.000000,0.000000,0.000000
4.950000,7.773088,0.000000,0.000275,0.071651,0.000000,0.000298,-0.079321,8.059376,-0.000976,0.287586,-153.568359,-0.000062,-0.002125,0.000000,0.000000,0.000000,0.000000
0.050000,-7.092762,0.000000,0.000497,0.000724,0.000000,0.000361,-0.000262,-7.456888,0.001149,0.001093,123.709648,-0.000142,0.002349,0.000000,0.000000,0.000000,0.000000
0.280000,0.332926,0.000000,0.000509,0.004053,0.000000,0.000502,-0.004280,0.355552,-0.001200,0.019944,-5.271193,-0.000005,-0.000050,0.000000,0.000000,0.000000,0.000000
-4.720000,-7.237512,0.000000,0.000535,-0.068322,0.000000,0.000507,0.087322,-7.873729,-0.001150,-0.446345,106.417412,0.000087,0.000808,0.000000,0.000000,0.000000,0.000000
-6.720000,-2.895005,0.000000,0.000352,-0.097272,0.000000,0.000420,0.130567,-3.213892,-0.001958,-0.720635,40.228031,0.000292,-0.001189,0.000000,0.000000,0.000000,0.000000
5.130000,17.152906,0.000000,0.000088,0.074257,0.000000,0.000128,-0.105020,19.471071,-0.000769,0.617992,-228.591537,0.000084,-0.002655,0.000000,0.000000,0.000000,0.000000
-6.220000,-0.188175,0.000000,0.001177,-0.090035,0.000000,0.001058,0.093407,-0.189835,0.004130,-0.166753,7.346185,0.000249,-0.000307,0.000000,0.000000,0.000000,0.000000
-0.410000,8.409989,0.000000,0.000946,-0.005935,0.000000,0.000809,0.007045,8.476713,0.004437,-0.012577,-328.030304,0.000179,-0.006245,0.000000,0.000000,0.000000,0.000000
-6.170000,-8.337615,0.000000,0.001052,-0.089311,0.000000,0.000630,0.094495,-8.464810,0.010681,-0.229736,240.535767,0.000095,0.003945,0.000000,0.000000,0.000000,0.000000
-2.880000,4.762283,0.000000,0.000894,-0.041688,0.000000,0.000535,0.045768,4.880019,0.006737,-0.139433,-110.660904,0.000216,-0.002480,0.000000,0.000000,0.000000,0.000000
-1.910000,1.404078,0.000000,0.000892,-0.027647,0.000000,0.000319,0.031716,1.455120,0.009217,-0.114988,-27.726753,0.000113,-0.000831,0.000000,0.000000,0.000000,0.000000
5.240000,10.349643,0.000000,0.000938,0.075849,0.000000,0.000206,-0.086558,10.879781,0.010048,0.360449,-180.495361,-0.000028,-0.002441,0.000000,0.000000,0.000000,0.000000
2.760000,-3.589806,0.000000,0.001300,0.039951,0.000000,0.000234,-0.046676,-3.836328,0.012489,0.217507,56.874954,-0.000199,0.001670,0.000000,0.000000,0.000000,0.000000
-1.170000,-5.688685,0.000000,0.001564,-0.016936,0.000000,0.000433,0.023461,-6.190167,0.010819,-0.119922,83.663223,-0.000053,0.001257,0.000000,0.000000,0.000000,0.000000
-0.500000,0.969827,0.000000,0.001672,-0.007238,0.000000,0.000486,0.011916,1.074886,0.009563,-0.065770,-13.454267,0.000053,-0.000435,0.000000,0.000000,0.000000,0.000000
-2.600000,-3.039755,0.000000,0.001820,-0.037635,0.000000,0.000434,0.055867,-3.452712,0.009998,-0.328750,40.535046,0.000086,-0.000121,0.000000,0.000000,0.000000,0.000000
-2.130000,-1.042202,0.000000,-0.000570,-0.030832,0.000000,-0.001114,0.031042,-1.051078,0.023674,-0.055417,40.674423,0.000064,0.000620,0.000000,0.000000,0.000000,0.000000
-3.720000,-2.301529,0.000000,-0.000596,-0.053847,0.000000,-0.001178,0.054523,-2.320400,0.023053,-0.097336,89.794426,0.000103,0.001436,0.000000,0.000000,0.000000,0.000000
0.740000,6.455861,0.000000,-0.000545,0.010712,0.000000,-0.001282,-0.011771,6.553273,0.021617,0.028618,-186.217575,0.000092,-0.003451,0.000000,0.000000,0.000000,0.000000
-2.800000,-5.124159,0.000000,-0.000288,-0.040530,0.000000,-0.001374,0.043252,-5.252364,0.025069,-0.131769,119.104309,0.000017,0.001905,0.000000,0.000000,0.000000,0.000000
-2.510000,0.419776,0.000000,-0.000195,-0.036332,0.000000,-0.001391,0.040159,0.434062,0.023163,-0.145602,-8.270893,0.000117,-0.000554,0.000000,0.000000,0.000000,0.000000
1.160000,5.312335,0.000000,-0.000090,0.016791,0.000000,-0.001508,-0.019506,5.583494,0.023717,0.081228,-92.630066,0.000053,-0.001533,0.000000,0.000000,0.000000,0.000000
-2.640000,-5.500510,0.000000,0.000172,-0.038214,0.000000,-0.001561,0.046357,-5.877966,0.025251,-0.216018,87.142990,0.000014,0.001069,0.000000,0.000000,0.000000,0.000000
-13.130000,-15.184301,0.000000,0.000272,-0.190057,0.000000,-0.001575,0.241367,-16.520645,0.024182,-1.233749,223.284821,0.000340,0.000889,0.000000,0.000000,0.000000,0.000000
6.030000,27.734150,0.000000,-0.000072,0.087284,0.000000,-0.001915,-0.116834,30.786777,0.023293,0.644838,-385.355652,0.000266,-0.005554,0.000000,0.000000,0.000000,0.000000
6.260000,0.332926,0.000000,0.000391,0.090614,0.000000,-0.002181,-0.127752,0.375185,0.028848,0.751756,-4.404694,-0.000339,0.001960,0.000000,0.000000,0.000000,0.000000
-4.610000,-15.734352,0.000000,0.000864,-0.066730,0.000000,-0.001842,0.101680,-18.302658,0.026887,-0.631355,203.637283,-0.000071,0.002144,0.000000,0.000000,0.000000,0.000000
3.730000,7.092762,0.000000,-0.000568,0.053992,0.000000,-0.001098,-0.055808,7.148597,0.023104,0.099630,-276.635101,-0.000015,-0.004973,0.000000,0.000000,0.000000,0.000000
-1.210000,-7.150663,0.000000,-0.000366,-0.017515,0.000000,-0.001083,0.017559,-7.208240,0.028077,-0.031346,278.943115,-0.000089,0.005206,0.000000,0.000000,0.000000,0.000000
-1.310000,-0.144750,0.000000,-0.000198,-0.018962,0.000000,-0.000994,0.019623,-0.147737,0.022870,-0.047706,4.198101,0.000050,-0.000059,0.000000,0.000000,0.000000,0.000000
-1.650000,-0.492151,0.000000,-0.000036,-0.023884,0.000000,-0.001045,0.025632,-0.505368,0.022930,-0.078089,11.459895,0.000060,0.000006,0.000000,0.000000,0.000000,0.000000
-3.700000,-2.967380,0.000000,0.000110,-0.053558,0.000000,-0.001104,0.059641,-3.077900,0.022924,-0.216233,58.648209,0.000103,0.000526,0.000000,0.000000,0.000000,0.000000
-0.560000,4.545158,0.000000,0.000165,-0.008106,0.000000,-0.001207,0.009557,4.776961,0.022398,-0.039799,-79.249710,0.000116,-0.001609,0.000000,0.000000,0.000000,0.000000
-0.890000,-0.477676,0.000000,0.000358,-0.012883,0.000000,-0.001323,0.015990,-0.512056,0.024007,-0.074510,7.591422,0.000033,-0.000055,0.000000,0.000000,0.000000,0.000000
-4.270000,-4.892559,0.000000,0.000537,-0.061808,0.000000,-0.001357,0.079064,-5.324564,0.024062,-0.404137,71.964149,0.000113,0.000270,0.000000,0.000000,0.000000,0.000000
-3.890000,0.550051,0.000000,0.000577,-0.056308,0.000000,-0.001470,0.076080,0.608389,0.023793,-0.419906,-7.615153,0.000217,-0.001281,0.000000,0.000000,0.000000,0.000000
-0.980000,4.212233,0.000000,0.000636,-0.014186,0.000000,-0.001687,0.020986,4.778916,0.025073,-0.123495,-56.104759,0.000147,-0.001394,0.000000,0.000000,0.000000,0.000000
0.680000,7.830989,0.000000,-0.000596,0.009843,0.000000,-0.001183,-0.010627,7.892634,0.025525,0.018971,-305.427704,0.000120,-0.005729,0.000000,0.000000,0.000000,0.000000
-2.690000,-4.878084,0.000000,-0.000507,-0.038938,0.000000,-0.001303,0.039349,-4.917663,0.031254,-0.070247,190.302795,0.000013,0.003424,0.000000,0.000000,0.000000,0.000000
-6.580000,-5.630785,0.000000,-0.000352,-0.095246,0.000000,-0.001316,0.099233,-5.717316,0.027830,-0.241255,162.463058,0.000160,0.002417,0.000000,0.000000,0.000000,0.000000
0.470000,10.204893,0.000000,-0.000382,0.006803,0.000000,-0.001476,-0.007723,10.457032,0.025413,0.023529,-237.127075,0.000177,-0.004431,0.000000,0.000000,0.000000,0.000000
-1.250000,-2.489704,0.000000,-0.000097,-0.018094,0.000000,-0.001653,0.020000,-2.582950,0.029844,-0.072513,49.217125,0.000005,0.000744,0.000000,0.000000,0.000000,0.000000
-0.940000,0.448726,0.000000,0.000111,-0.013607,0.000000,-0.001658,0.015850,0.469963,0.029100,-0.066004,-7.796671,0.000052,-0.000328,0.000000,0.000000,0.000000,0.000000
-2.480000,-2.229154,0.000000,0.000332,-0.035898,0.000000,-0.001710,0.043753,-2.383517,0.029427,-0.203885,35.336510,0.000073,0.000118,0.000000,0.000000,0.000000,0.000000
-7.580000,-7.382263,0.000000,0.000489,-0.109721,0.000000,-0.001783,0.139763,-8.033433,0.029309,-0.714400,108.575890,0.000226,0.000123,0.000000,0.000000,0.000000,0.000000
1.480000,13.114373,0.000000,0.000432,0.021423,0.000000,-0.002009,-0.028074,14.556112,0.029186,0.154950,-182.197708,0.000199,-0.003031,0.000000,0.000000,0.000000,0.000000
0.010000,-2.127829,0.000000,0.000759,0.000145,0.000000,-0.002208,0.000870,-2.418681,0.032217,-0.005120,28.395462,-0.000044,0.000529,0.000000,0.000000,0.000000,0.000000
0.590000,0.839551,0.000000,0.001029,0.008540,0.000000,-0.002164,-0.011300,0.972712,0.031687,0.070161,-10.822490,-0.000012,-0.000016,0.000000,0.000000,0.000000,0.000000
-2.880000,-9.785117,0.000000,-0.000968,-0.041688,0.000000,-0.001680,0.041767,-9.863701,0.031160,-0.074564,381.703644,-0.000074,0.007026,0.000000,0.000000,0.000000,0.000000
-3.780000,-1.302752,0.000000,-0.001006,-0.054716,0.000000,-0.001606,0.054993,-1.313689,0.024134,-0.098175,50.836899,0.000124,0.000684,0.000000,0.000000,0.000000,0.000000
2.740000,9.437716,0.000000,-0.000947,0.039662,0.000000,-0.001730,-0.042465,9.580422,0.023450,0.103241,-272.236938,0.000066,-0.004877,0.000000,0.000000,0.000000,0.000000
4.140000,2.026503,0.000000,-0.000589,0.059927,0.000000,-0.001797,-0.065042,2.075621,0.028326,0.198153,-47.067455,-0.000137,-0.000346,0.000000,0.000000,0.000000,0.000000
0.350000,-5.486034,0.000000,-0.000172,0.005066,0.000000,-0.001660,-0.005822,-5.689562,0.028673,0.021108,108.412445,-0.000123,0.002111,0.000000,0.000000,0.000000,0.000000
-0.100000,-0.651376,0.000000,0.000074,-0.001448,0.000000,-0.001537,0.001758,-0.686419,0.026562,-0.007323,11.387685,-0.000008,0.000192,0.000000,0.000000,0.000000,0.000000
3.660000,5.442610,0.000000,0.000302,0.052979,0.000000,-0.001529,-0.063615,5.812450,0.026370,0.296437,-86.171684,-0.000062,-0.000830,0.000000,0.000000,0.000000,0.000000
-1.430000,-7.367788,0.000000,0.000692,-0.020699,0.000000,-0.001467,0.027128,-8.017627,0.027200,-0.138663,108.362251,-0.000078,0.001678,0.000000,0.000000,0.000000,0.000000
-3.940000,-3.633232,0.000000,0.000870,-0.057032,0.000000,-0.001388,0.077440,-4.035923,0.025522,-0.427413,50.517319,0.000133,-0.000203,0.000000,0.000000,0.000000,0.000000
2.520000,9.350866,0.000000,0.000948,0.036477,0.000000,-0.001522,-0.050308,10.611741,0.025725,0.296036,-124.582489,0.000065,-0.001558,0.000000,0.000000,0.000000,0.000000
-4.980000,-12.984097,0.000000,-0.000648,-0.072086,0.000000,-0.001347,0.073218,-13.088116,0.030340,-0.130710,506.481476,-0.000050,0.009240,0.000000,0.000000,0.000000,0.000000
-1.340000,5.268909,0.000000,-0.000770,-0.019397,0.000000,-0.001297,0.019072,5.310303,0.021101,-0.034047,-205.497116,0.000152,-0.004000,0.000000,0.000000,0.000000,0.000000
-2.680000,-1.939654,0.000000,-0.000592,-0.038793,0.000000,-0.001450,0.039948,-1.969965,0.025101,-0.097121,55.978458,0.000070,0.000805,0.000000,0.000000,0.000000,0.000000
-1.370000,1.896229,0.000000,-0.000482,-0.019831,0.000000,-0.001520,0.020796,1.942276,0.024296,-0.063356,-44.043682,0.000093,-0.001007,0.000000,0.000000,0.000000,0.000000
-0.400000,1.404078,0.000000,-0.000317,-0.005790,0.000000,-0.001613,0.006082,1.454531,0.025303,-0.022052,-27.715534,0.000044,-0.000583,0.000000,0.000000,0.000000,0.000000
-3.580000,-4.603058,0.000000,-0.000111,-0.051821,0.000000,-0.001657,0.059749,-4.840758,0.025886,-0.248807,80.308090,0.000070,0.000849,0.000000,0.000000,0.000000,0.000000
-0.500000,4.458308,0.000000,-0.000046,-0.007238,0.000000,-0.001727,0.008685,4.761141,0.025037,-0.040471,-70.585648,0.000114,-0.001448,0.000000,0.000000,0.000000,0.000000
1.530000,2.938430,0.000000,0.000151,0.022147,0.000000,-0.001840,-0.027894,3.194633,0.026485,0.142578,-43.177059,-0.000015,-0.000429,0.000000,0.000000,0.000000,0.000000
-1.760000,-4.762283,0.000000,0.000435,-0.025476,0.000000,-0.001825,0.034654,-5.289175,0.026914,-0.191267,66.204185,-0.000006,0.000737,0.000000,0.000000,0.000000,0.000000
0.530000,3.314781,0.000000,0.000582,0.007672,0.000000,-0.001819,-0.010039,3.760120,0.026177,0.059073,-44.144039,0.000044,-0.000677,0.000000,0.000000,0.000000,0.000000
1.810000,1.852803,0.000000,0.000829,0.026200,0.000000,-0.001863,-0.038165,2.151755,0.026854,0.236975,-23.940657,-0.000063,0.000189,0.000000,0.000000,0.000000,0.000000
-8.020000,-4.559634,0.000000,-0.000227,-0.116090,0.000000,-0.000840,0.118697,-4.596570,0.026340,-0.211902,177.877213,0.000234,0.002795,0.000000,0.000000,0.000000,0.000000
0.030000,11.652396,0.000000,-0.000477,0.000434,0.000000,-0.001074,-0.000933,11.744480,0.023546,0.001665,-454.485748,0.000219,-0.008606,0.000000,0.000000,0.000000,0.000000
-2.050000,-3.010805,0.000000,-0.000169,-0.029674,0.000000,-0.001293,0.030854,-3.057684,0.032152,-0.075012,86.887032,0.000025,0.001458,0.000000,0.000000,0.000000,0.000000
1.420000,5.022834,0.000000,0.000038,0.020555,0.000000,-0.001318,-0.022052,5.146101,0.030694,0.067181,-116.694679,0.000038,-0.002031,0.000000,0.000000,0.000000,0.000000
2.250000,1.201427,0.000000,0.000401,0.032569,0.000000,-0.001356,-0.035748,1.243875,0.032725,0.129607,-23.701569,-0.000073,-0.000094,0.000000,0.000000,0.000000,0.000000
-2.100000,-6.296636,0.000000,0.000803,-0.030398,0.000000,-0.001283,0.036052,-6.621912,0.032819,-0.150128,109.857414,-0.000028,0.001674,0.000000,0.000000,0.000000,0.000000
-2.730000,-0.911927,0.000000,0.001021,-0.039517,0.000000,-0.001255,0.048955,-0.976700,0.031145,-0.228126,14.479932,0.000114,-0.000346,0.000000,0.000000,0.000000,0.000000
-1.930000,1.158002,0.000000,0.001218,-0.027937,0.000000,-0.001369,0.036973,1.256855,0.031491,-0.188989,-16.987028,0.000124,-0.000832,0.000000,0.000000,0.000000,0.000000
-0.780000,1.664628,0.000000,0.001457,-0.011291,0.000000,-0.001493,0.017049,1.844517,0.032323,-0.094099,-23.087669,0.000081,-0.000690,0.000000,0.000000,0.000000,0.000000
3.110000,5.630785,0.000000,0.001753,0.045017,0.000000,-0.001574,-0.061260,6.387712,0.033013,0.360485,-74.992119,-0.000045,-0.000444,0.000000,0.000000,0.000000,0.000000
-5.480000,-27.053822,0.000000,-0.001619,-0.079323,0.000000,-0.002590,0.079661,-27.270010,0.042729,-0.142214,1055.289795,-0.000301,0.019598,0.000000,0.000000,0.000000,0.000000
-6.560000,-1.563303,0.000000,-0.001732,-0.094956,0.000000,-0.002289,0.095452,-1.576252,0.023131,-0.170404,60.997498,0.000229,0.000658,0.000000,0.000000,0.000000,0.000000
-4.670000,2.735780,0.000000,-0.001806,-0.067598,0.000000,-0.002518,0.068802,2.776732,0.022474,-0.167269,-78.903526,0.000238,-0.001948,0.000000,0.000000,0.000000,0.000000
-3.850000,1.186952,0.000000,-0.001805,-0.055729,0.000000,-0.002756,0.057958,1.215587,0.024421,-0.176571,-27.565041,0.000179,-0.000996,0.000000,0.000000,0.000000,0.000000
4.130000,11.551070,0.000000,-0.001780,0.059782,0.000000,-0.002935,-0.068413,11.975556,0.025417,0.248040,-228.189682,0.000041,-0.003648,0.000000,0.000000,0.000000,0.000000
1.850000,-3.300306,0.000000,-0.001415,0.026779,0.000000,-0.002977,-0.032578,-3.470978,0.029065,0.135660,57.583466,-0.000154,0.001464,0.000000,0.000000,0.000000,0.000000
-0.160000,-2.909480,0.000000,-0.001161,-0.002316,0.000000,-0.002823,0.001395,-3.109621,0.027601,-0.006502,46.101254,-0.000055,0.000853,0.000000,0.000000,0.000000,0.000000
-0.090000,0.101325,0.000000,-0.001000,-0.001303,0.000000,-0.002768,0.000383,0.108731,0.026749,-0.001960,-1.469548,0.000003,-0.000035,0.000000,0.000000,0.000000,0.000000
1.750000,2.663405,0.000000,-0.000844,0.025331,0.000000,-0.002771,-0.035008,2.955092,0.026783,0.193222,-36.988651,-0.000039,-0.000178,0.000000,0.000000,0.000000,0.000000
10.190000,10.262793,0.000000,0.000485,0.147501,0.000000,0.000135,-0.150490,10.344011,0.014531,0.268659,-400.290649,-0.000211,-0.006852,0.000000,0.000000,0.000000,0.000000
7.070000,-4.516207,0.000000,0.000920,0.102338,0.000000,0.000346,-0.103842,-4.552720,0.021384,0.185382,176.180313,-0.000367,0.003850,0.000000,0.000000,0.000000,0.000000
-2.030000,-13.172274,0.000000,0.001391,-0.029384,0.000000,0.000713,0.032182,-13.373223,0.017534,-0.078241,380.013062,-0.000165,0.006977,0.000000,0.000000,0.000000,0.000000
-2.800000,-1.114577,0.000000,0.001444,-0.040530,0.000000,0.000878,0.045114,-1.142906,0.010557,-0.137443,25.916910,0.000101,0.000106,0.000000,0.000000,0.000000,0.000000
-3.820000,-1.476453,0.000000,0.001474,-0.055295,0.000000,0.000778,0.063086,-1.531693,0.010451,-0.228727,29.185823,0.000141,-0.000066,0.000000,0.000000,0.000000,0.000000
3.330000,10.349643,0.000000,0.001468,0.048202,0.000000,0.000636,-0.054000,10.879598,0.010517,0.224870,-180.492340,0.000060,-0.002809,0.000000,0.000000,0.000000,0.000000
-2.900000,-9.017941,0.000000,0.001782,-0.041978,0.000000,0.000576,0.052846,-9.635447,0.013326,-0.246254,142.848984,-0.000040,0.002044,0.000000,0.000000,0.000000,0.000000
-3.260000,-0.521101,0.000000,0.001840,-0.047189,0.000000,0.000616,0.062176,-0.568613,0.011282,-0.317812,7.685096,0.000157,-0.000718,0.000000,0.000000,0.000000,0.000000
-1.060000,3.184506,0.000000,0.001896,-0.015344,0.000000,0.000459,0.023056,3.533149,0.012000,-0.127253,-44.224140,0.000129,-0.001180,0.000000,0.000000,0.000000,0.000000
-1.310000,-0.361876,0.000000,0.002056,-0.018962,0.000000,0.000330,0.029762,-0.413364,0.013181,-0.175132,4.852921,0.000072,-0.000380,0.000000,0.000000,0.000000,0.000000
1.060000,-5.775536,0.000000,-0.001063,0.015344,0.000000,-0.001721,-0.016730,-5.822169,0.028948,0.029867,225.305222,-0.000156,0.004348,0.000000,0.000000,0.000000,0.000000
-0.060000,-1.621203,0.000000,-0.000952,-0.000869,0.000000,-0.001565,-0.000085,-1.634687,0.024600,0.000152,63.258808,-0.000031,0.001190,0.000000,0.000000,0.000000,0.000000
-2.480000,-3.502956,0.000000,-0.000743,-0.035898,0.000000,-0.001534,0.036763,-3.556956,0.023410,-0.089378,101.074333,0.000032,0.001670,0.000000,0.000000,0.000000,0.000000
3.750000,9.017941,0.000000,-0.000653,0.054281,0.000000,-0.001566,-0.059044,9.240829,0.021740,0.179880,-209.548065,0.000015,-0.003484,0.000000,0.000000,0.000000,0.000000
1.400000,-3.401631,0.000000,-0.000287,0.020265,0.000000,-0.001582,-0.022839,-3.528182,0.025224,0.082805,67.228165,-0.000129,0.001503,0.000000,0.000000,0.000000,0.000000
-1.700000,-4.487258,0.000000,-0.000027,-0.024608,0.000000,-0.001453,0.028403,-4.718910,0.023721,-0.118275,78.286644,-0.000012,0.001160,0.000000,0.000000,0.000000,0.000000
-3.540000,-2.663404,0.000000,0.000098,-0.051242,0.000000,-0.001441,0.062000,-2.846875,0.022561,-0.288912,42.205963,0.000114,0.000016,0.000000,0.000000,0.000000,0.000000
-2.040000,2.171254,0.000000,0.000144,-0.029529,0.000000,-0.001555,0.037630,2.360330,0.022546,-0.192346,-31.901049,0.000146,-0.001124,0.000000,0.000000,0.000000,0.000000
-0.480000,2.258104,0.000000,0.000254,-0.006948,0.000000,-0.001701,0.009633,2.504755,0.023670,-0.053166,-31.351814,0.000073,-0.000735,0.000000,0.000000,0.000000,0.000000
-3.100000,-3.792457,0.000000,0.000432,-0.044873,0.000000,-0.001774,0.064149,-4.307380,0.024406,-0.377485,50.568905,0.000092,-0.000062,0.000000,0.000000,0.000000,0.000000
-0.160000,4.255657,0.000000,0.000501,-0.002316,0.000000,-0.001866,0.004238,4.946835,0.024468,-0.026315,-55.038998,0.000105,-0.001113,0.000000,0.000000,0.000000,0.000000
-2.560000,-3.850357,0.000000,-0.000249,-0.037056,0.000000,-0.000761,0.037741,-3.881538,0.022034,-0.067377,150.207047,0.000028,0.002664,0.000000,0.000000,0.000000,0.000000
-1.020000,2.229154,0.000000,-0.000295,-0.014765,0.000000,-0.000789,0.014815,2.246396,0.019370,-0.026448,-86.930595,0.000083,-0.001722,0.000000,0.000000,0.000000,0.000000
-2.170000,-1.664628,0.000000,-0.000135,-0.031411,0.000000,-0.000872,0.032706,-1.690659,0.021093,-0.079514,48.041718,0.000056,0.000698,0.000000,0.000000,0.000000,0.000000
-1.610000,0.810602,0.000000,-0.000031,-0.023305,0.000000,-0.000928,0.025015,0.829819,0.020395,-0.076210,-18.817253,0.000083,-0.000564,0.000000,0.000000,0.000000,0.000000
-4.000000,-3.459531,0.000000,0.000099,-0.057900,0.000000,-0.001011,0.064454,-3.588072,0.020959,-0.233685,68.369347,0.000106,0.000663,0.000000,0.000000,0.000000,0.000000
-1.190000,4.067482,0.000000,0.000122,-0.017225,0.000000,-0.001117,0.020045,4.274916,0.020295,-0.083472,-70.920776,0.000135,-0.001570,0.000000,0.000000,0.000000,0.000000
5.330000,9.437717,0.000000,0.000269,0.077152,0.000000,-0.001252,-0.092847,10.080742,0.021865,0.432659,-149.450668,-0.000061,-0.001657,0.000000,0.000000,0.000000,0.000000
-4.840000,-14.721101,0.000000,0.000696,-0.070059,0.000000,-0.001192,0.089728,-16.016891,0.023522,-0.458645,216.476334,-0.000060,0.002861,0.000000,0.000000,0.000000,0.000000
-1.860000,4.313558,0.000000,0.000694,-0.026924,0.000000,-0.001131,0.036937,4.786562,0.020660,-0.203868,-59.913025,0.000191,-0.001691,0.000000,0.000000,0.000000,0.000000
1.170000,4.385932,0.000000,0.000824,0.016936,0.000000,-0.001322,-0.022814,4.976189,0.022351,0.134248,-58.420753,0.000032,-0.000740,0.000000,0.000000,0.000000,0.000000
2.490000,1.910704,0.000000,0.001085,0.036043,0.000000,-0.001354,-0.052586,2.219218,0.023091,0.326520,-24.691254,-0.000100,0.000417,0.000000,0.000000,0.000000,0.000000
4.250000,2.547604,0.000000,0.001408,0.061519,0.000000,-0.001254,-0.096357,3.038066,0.022674,0.625942,-32.309345,-0.000203,0.001081,0.000000,0.000000,0.000000,0.000000
-5.090000,-4.443833,0.000000,-0.000259,-0.073678,0.000000,-0.000881,0.075239,-4.479856,0.026726,-0.134319,173.360641,0.000119,0.002917,0.000000,0.000000,0.000000,0.000000
-2.350000,3.966157,0.000000,-0.000394,-0.034016,0.000000,-0.001000,0.034426,3.997103,0.023809,-0.061458,-154.679153,0.000169,-0.003100,0.000000,0.000000,0.000000,0.000000
-0.670000,2.431804,0.000000,-0.000232,-0.009698,0.000000,-0.001169,0.009899,2.467839,0.026909,-0.024067,-70.126045,0.000073,-0.001387,0.000000,0.000000,0.000000,0.000000
2.060000,3.951682,0.000000,0.000006,0.029819,0.000000,-0.001242,-0.032042,4.048482,0.028297,0.097618,-91.804710,-0.000010,-0.001472,0.000000,0.000000,0.000000,0.000000
1.260000,-1.158002,0.000000,0.000367,0.018239,0.000000,-0.001232,-0.019860,-1.202293,0.029768,0.072005,22.909237,-0.000076,0.000631,0.000000,0.000000,0.000000,0.000000
1.670000,0.593476,0.000000,0.000695,0.024173,0.000000,-0.001155,-0.027129,0.621968,0.029137,0.112972,-10.318439,-0.000061,0.000109,0.000000,0.000000,0.000000,0.000000
1.580000,-0.130275,0.000000,0.001044,0.022871,0.000000,-0.001094,-0.026359,-0.141527,0.029028,0.122830,2.098191,-0.000074,0.000372,0.000000,0.000000,0.000000,0.000000
0.450000,-1.635678,0.000000,0.001395,0.006514,0.000000,-0.001020,-0.006491,-1.782214,0.028656,0.033178,24.087511,-0.000051,0.000545,0.000000,0.000000,0.000000,0.000000
-2.430000,-4.168808,0.000000,0.001708,-0.035174,0.000000,-0.000969,0.049328,-4.631184,0.028111,-0.272255,57.968166,0.000046,0.000360,0.000000,0.000000,0.000000,0.000000
1.160000,5.196534,0.000000,0.001910,0.016791,0.000000,-0.001015,-0.021070,5.895110,0.027751,0.123988,-69.208939,0.000055,-0.000976,0.000000,0.000000,0.000000,0.000000
-4.090000,-0.521101,0.000000,-0.001505,-0.059203,0.000000,-0.002412,0.059170,-0.526210,0.039919,-0.105632,20.363178,0.000150,0.000102,0.000000,0.000000,0.000000,0.000000
-2.990000,1.592253,0.000000,-0.001570,-0.043280,0.000000,-0.002562,0.042707,1.603961,0.039818,-0.076242,-62.069794,0.000146,-0.001382,0.000000,0.000000,0.000000,0.000000
-3.540000,-0.796126,0.000000,-0.001316,-0.051242,0.000000,-0.002708,0.052209,-0.809559,0.041199,-0.126930,23.004398,0.000126,0.000095,0.000000,0.000000,0.000000,0.000000
-1.460000,3.010805,0.000000,-0.001097,-0.021134,0.000000,-0.002834,0.021535,3.083855,0.041104,-0.065607,-69.930511,0.000116,-0.001502,0.000000,0.000000,0.000000,0.000000
2.390000,5.572885,0.000000,-0.000794,0.034595,0.000000,-0.002950,-0.039328,5.776075,0.042606,0.142586,-110.060913,0.000003,-0.001696,0.000000,0.000000,0.000000,0.000000
3.330000,1.360652,0.000000,-0.000326,0.048202,0.000000,-0.002953,-0.056073,1.427888,0.044302,0.233502,-23.688641,-0.000125,0.000186,0.000000,0.000000,0.000000,0.000000
0.880000,-3.546381,0.000000,0.000178,0.012738,0.000000,-0.002828,-0.015168,-3.791644,0.044116,0.070681,56.212502,-0.000113,0.001255,0.000000,0.000000,0.000000,0.000000
1.650000,1.114577,0.000000,0.000578,0.023884,0.000000,-0.002716,-0.029556,1.209080,0.042860,0.151074,-16.341318,-0.000057,0.000097,0.000000,0.000000,0.000000,0.000000
-3.720000,-7.773089,0.000000,0.001013,-0.053847,0.000000,-0.002659,0.073372,-8.633177,0.042763,-0.404964,108.060791,0.000035,0.000951,0.000000,0.000000,0.000000,0.000000
4.720000,12.216922,0.000000,0.001229,0.068322,0.000000,-0.002694,-0.095002,13.863566,0.041813,0.559039,-162.759125,0.000005,-0.001571,0.000000,0.000000,0.000000,0.000000
9.350000,6.701938,0.000000,0.001805,0.135341,0.000000,-0.002699,-0.200875,7.789136,0.043384,1.247280,-86.662750,-0.000396,0.001736,0.000000,0.000000,0.000000,0.000000
-4.620000,-9.061366,0.000000,-0.001818,-0.066875,0.000000,-0.002906,0.066724,-9.134587,0.047882,-0.119117,353.488556,0.000008,0.006368,0.000000,0.000000,0.000000,0.000000
1.200000,8.424465,0.000000,-0.001885,0.017370,0.000000,-0.002914,-0.019715,8.490479,0.041514,0.035196,-328.563080,0.000107,-0.006138,0.000000,0.000000,0.000000,0.000000
-1.720000,-4.226708,0.000000,-0.001406,-0.024897,0.000000,-0.003021,0.024565,-4.292501,0.047652,-0.059723,121.975578,-0.000015,0.002159,0.000000,0.000000,0.000000,0.000000
-2.040000,-0.463201,0.000000,-0.001075,-0.029529,0.000000,-0.003006,0.030582,-0.476545,0.045492,-0.093171,10.806284,0.000074,-0.000051,0.000000,0.000000,0.000000,0.000000
-0.350000,2.446279,0.000000,-0.000767,-0.005066,0.000000,-0.003080,0.004778,2.534151,0.045544,-0.017323,-48.287296,0.000061,-0.000961,0.000000,0.000000,0.000000,0.000000
-1.100000,-1.085627,0.000000,-0.000390,-0.015923,0.000000,-0.003141,0.017947,-1.144018,0.046505,-0.074737,18.979237,0.000027,0.000159,0.000000,0.000000,0.000000,0.000000
-4.590000,-5.051784,0.000000,-0.000050,-0.066440,0.000000,-0.003168,0.080176,-5.399930,0.046346,-0.373610,80.055939,0.000115,0.000505,0.000000,0.000000,0.000000,0.000000
-2.650000,2.808155,0.000000,0.000139,-0.038359,0.000000,-0.003282,0.048821,3.051482,0.045841,-0.249549,-41.242317,0.000190,-0.001457,0.000000,0.000000,0.000000,0.000000
-2.420000,0.332926,0.000000,0.000410,-0.035030,0.000000,-0.003472,0.047399,0.365571,0.047298,-0.261607,-4.575826,0.000135,-0.000792,0.000000,0.000000,0.000000,0.000000
-2.760000,-9.712743,0.000000,-0.001904,-0.039951,0.000000,-0.002869,0.039056,-9.791005,0.042726,-0.069723,378.890533,-0.000080,0.006987,0.000000,0.000000,0.000000,0.000000
-0.140000,3.792457,0.000000,-0.001910,-0.002027,0.000000,-0.002789,0.000119,3.821784,0.035739,-0.000213,-147.894699,0.000073,-0.002814,0.000000,0.000000,0.000000,0.000000
0.050000,0.275025,0.000000,-0.001574,0.000724,0.000000,-0.002862,-0.002403,0.277990,0.038553,0.005841,-7.899347,-0.000001,-0.000129,0.000000,0.000000,0.000000,0.000000
-2.400000,-3.546381,0.000000,-0.001241,-0.034740,0.000000,-0.002860,0.036005,-3.635901,0.038681,-0.109691,82.448883,0.000029,0.001265,0.000000,0.000000,0.000000,0.000000
-1.590000,1.172477,0.000000,-0.001028,-0.023015,0.000000,-0.002889,0.024434,1.213915,0.037416,-0.088589,-23.130692,0.000089,-0.000680,0.000000,0.000000,0.000000,0.000000
-4.270000,-3.879307,0.000000,-0.000788,-0.061808,0.000000,-0.002978,0.070508,-4.080412,0.038096,-0.293612,67.693970,0.000113,0.000489,0.000000,0.000000,0.000000,0.000000
-2.550000,2.489705,0.000000,-0.000670,-0.036911,0.000000,-0.003091,0.043767,2.657470,0.037608,-0.203949,-39.397961,0.000168,-0.001299,0.000000,0.000000,0.000000,0.000000
-5.560000,-4.356983,0.000000,-0.000483,-0.080481,0.000000,-0.003260,0.101450,-4.742529,0.038906,-0.518561,64.097664,0.000184,-0.000187,0.000000,0.000000,0.000000,0.000000
-4.810000,1.085627,0.000000,-0.000429,-0.069625,0.000000,-0.003444,0.092545,1.202320,0.039093,-0.510782,-15.049348,0.000273,-0.001666,0.000000,0.000000,0.000000,0.000000
-0.830000,5.761060,0.000000,-0.000347,-0.012014,0.000000,-0.003717,0.016520,6.536424,0.040759,-0.097215,-76.738014,0.000168,-0.001713,0.000000,0.000000,0.000000,0.000000
0.500000,1.925178,0.000000,-0.000101,0.007238,0.000000,-0.003885,-0.011040,2.235307,0.042472,0.068549,-24.870256,0.000012,-0.000282,0.000000,0.000000,0.000000,0.000000
-3.660000,-2.909480,0.000000,-0.000695,-0.052979,0.000000,-0.001357,0.053603,-2.933334,0.028828,-0.095693,113.513641,0.000089,0.001891,0.000000,0.000000,0.000000,0.000000
-7.910000,-6.151886,0.000000,-0.000768,-0.114497,0.000000,-0.001447,0.116447,-6.201471,0.026937,-0.207884,239.983368,0.000197,0.003978,0.000000,0.000000,0.000000,0.000000
-7.400000,0.738226,0.000000,-0.000874,-0.107115,0.000000,-0.001644,0.111100,0.748717,0.022959,-0.270104,-21.275511,0.000314,-0.001141,0.000000,0.000000,0.000000,0.000000
-2.880000,6.542712,0.000000,-0.000963,-0.041688,0.000000,-0.001958,0.043772,6.704126,0.024100,-0.133353,-152.024948,0.000245,-0.003237,0.000000,0.000000,0.000000,0.000000
11.780000,21.220387,0.000000,-0.000854,0.170516,0.000000,-0.002203,-0.190443,22.000713,0.027337,0.690471,-419.215210,-0.000099,-0.006064,0.000000,0.000000,0.000000,0.000000
9.070000,-3.922733,0.000000,-0.000105,0.131288,0.000000,-0.002104,-0.151822,-4.125982,0.033401,0.632222,68.449966,-0.000489,0.003017,0.000000,0.000000,0.000000,0.000000
-5.190000,-20.641386,0.000000,0.000524,-0.075125,0.000000,-0.001615,0.091358,-22.053452,0.030384,-0.425716,326.950470,-0.000170,0.005034,0.000000,0.000000,0.000000,0.000000
1.730000,10.016718,0.000000,0.000545,0.025042,0.000000,-0.001446,-0.031066,10.894868,0.025350,0.158793,-147.249619,0.000123,-0.002368,0.000000,0.000000,0.000000,0.000000
9.410000,-4.328033,0.000000,-0.001262,0.136210,0.000000,-0.001973,-0.140683,-4.363209,0.031396,0.251152,168.846634,-0.000463,0.003881,0.000000,0.000000,0.000000,0.000000
-6.260000,-22.682365,0.000000,-0.000818,-0.090614,0.000000,-0.001510,0.091941,-22.863428,0.027515,-0.164136,884.764709,-0.000183,0.016302,0.000000,0.000000,0.000000,0.000000
-2.360000,5.645260,0.000000,-0.000975,-0.034161,0.000000,-0.001327,0.034704,5.730756,0.011213,-0.084372,-162.844971,0.000203,-0.003342,0.000000,0.000000,0.000000,0.000000
-8.040000,-8.221814,0.000000,-0.000954,-0.116379,0.000000,-0.001529,0.124059,-8.426319,0.014555,-0.377953,191.077957,0.000176,0.002602,0.000000,0.000000,0.000000,0.000000
-0.940000,10.277267,0.000000,-0.001198,-0.013607,0.000000,-0.001705,0.013790,10.655421,0.011953,-0.049997,-203.035019,0.000239,-0.003985,0.000000,0.000000,0.000000,0.000000
-7.350000,-9.278491,0.000000,-0.001136,-0.106391,0.000000,-0.001944,0.121620,-9.755178,0.015937,-0.506455,161.838242,0.000144,0.001702,0.000000,0.000000,0.000000,0.000000
-15.560000,-11.883996,0.000000,-0.001362,-0.225231,0.000000,-0.002088,0.270355,-12.696123,0.014236,-1.259823,188.224625,0.000491,0.000153,0.000000,0.000000,0.000000,0.000000
-2.390000,19.063608,0.000000,-0.001948,-0.034595,0.000000,-0.002578,0.041402,20.738844,0.014083,-0.211624,-280.295929,0.000504,-0.005880,0.000000,0.000000,0.000000,0.000000
-6.960000,-6.615087,0.000000,-0.001989,-0.100746,0.000000,-0.003082,0.132081,-7.344049,0.019963,-0.728996,91.924873,0.000217,-0.000220,0.000000,0.000000,0.000000,0.000000
2.420000,13.577574,0.000000,-0.002237,0.035030,0.000000,-0.003299,-0.052769,15.412409,0.020183,0.310518,-180.942612,0.000149,-0.002586,0.000000,0.000000,0.000000,0.000000
-7.510000,-18.108257,0.000000,0.001594,-0.108707,0.000000,0.001630,0.112937,-18.252272,-0.002855,-0.201619,706.322998,-0.000040,0.012834,0.000000,0.000000,0.000000,0.000000
-2.030000,7.932314,0.000000,0.001296,-0.029384,0.000000,0.001671,0.031413,7.995743,-0.015688,-0.056080,-309.417786,0.000236,-0.006034,0.000000,0.000000,0.000000,0.000000
-7.680000,-8.178390,0.000000,0.001145,-0.111168,0.000000,0.001434,0.117450,-8.302457,-0.009654,-0.285542,235.922348,0.000160,0.003706,0.000000,0.000000,0.000000,0.000000
-3.530000,6.007135,0.000000,0.000736,-0.051097,0.000000,0.001274,0.055711,6.156667,-0.013360,-0.169725,-139.610611,0.000267,-0.003109,0.000000,0.000000,0.000000,0.000000
-4.350000,-1.186952,0.000000,0.000522,-0.062966,0.000000,0.001007,0.070554,-1.230242,-0.010251,-0.255801,23.441795,0.000167,-0.000242,0.000000,0.000000,0.000000,0.000000
-0.300000,5.862385,0.000000,0.000274,-0.004343,0.000000,0.000840,0.005334,6.163694,-0.010008,-0.022212,-102.255577,0.000131,-0.001996,0.000000,0.000000,0.000000,0.000000
-1.920000,-2.344954,0.000000,0.000204,-0.027792,0.000000,0.000709,0.033809,-2.504653,-0.008012,-0.157548,37.132389,0.000044,0.000281,0.000000,0.000000,0.000000,0.000000
-7.800000,-8.511314,0.000000,0.000066,-0.112905,0.000000,0.000666,0.143265,-9.258721,-0.008293,-0.732301,125.136276,0.000212,0.000388,0.000000,0.000000,0.000000,0.000000
-2.730000,7.338839,0.000000,-0.000321,-0.039517,0.000000,0.000454,0.052422,8.147970,-0.008681,-0.289332,-101.987503,0.000296,-0.002714,0.000000,0.000000,0.000000,0.000000
4.180000,10.002242,0.000000,-0.000496,0.060506,0.000000,0.000158,-0.086376,11.354875,-0.005967,0.508281,-133.306900,-0.000019,-0.001144,0.000000,0.000000,0.000000,0.000000
-1.690000,-8.902141,0.000000,0.001921,-0.024463,0.000000,0.002042,0.027005,-8.972855,-0.006734,-0.048211,347.229858,-0.000097,0.006447,0.000000,0.000000,0.000000,0.000000
-1.440000,0.361876,0.000000,0.001841,-0.020844,0.000000,0.002138,0.023227,0.365007,-0.013180,-0.041465,-14.124984,0.000070,-0.000392,0.000000,0.000000,0.000000,0.000000
-9.800000,-12.101122,0.000000,0.001692,-0.141855,0.000000,0.002068,0.150113,-12.284750,-0.012789,-0.364952,349.083069,0.000173,0.005623,0.000000,0.000000,0.000000,0.000000
-3.950000,8.467890,0.000000,0.001164,-0.057176,0.000000,0.001895,0.062705,8.678639,-0.018412,-0.191033,-196.799652,0.000334,-0.004254,0.000000,0.000000,0.000000,0.000000
-4.570000,-0.897452,0.000000,0.000910,-0.066151,0.000000,0.001562,0.074524,-0.929955,-0.014158,-0.270195,17.719948,0.000183,-0.000388,0.000000,0.000000,0.000000,0.000000
-1.200000,4.878084,0.000000,0.000633,-0.017370,0.000000,0.001378,0.020802,5.129013,-0.013771,-0.086626,-85.090240,0.000153,-0.001845,0.000000,0.000000,0.000000,0.000000
3.080000,6.195311,0.000000,0.000508,0.044583,0.000000,0.001225,-0.053227,6.619065,-0.011926,0.248032,-98.130058,-0.000019,-0.001184,0.000000,0.000000,0.000000,0.000000
-1.630000,-6.817738,0.000000,0.000570,-0.023594,0.000000,0.001244,0.030644,-7.416371,-0.010742,-0.156635,100.235985,-0.000058,0.001476,0.000000,0.000000,0.000000,0.000000
6.430000,11.666870,0.000000,0.000435,0.093074,0.000000,0.001302,-0.123899,12.952497,-0.012219,0.683835,-162.125381,-0.000090,-0.001223,0.000000,0.000000,0.000000,0.000000
1.650000,-6.919062,0.000000,0.000644,0.023884,0.000000,0.001391,-0.032907,-7.853672,-0.010996,0.193641,92.202583,-0.000238,0.002272,0.000000,0.000000,0.000000,0.000000
7.780000,8.873191,0.000000,0.000656,0.112616,0.000000,0.001629,-0.168417,10.320423,-0.013268,1.045742,-114.826111,-0.000260,0.000650,0.000000,0.000000,0.000000,0.000000
-2.370000,-6.991437,0.000000,0.002096,-0.034306,0.000000,0.002083,0.037278,-7.047109,-0.001161,-0.066549,272.707733,-0.000032,0.004982,0.000000,0.000000,0.000000,0.000000
1.370000,5.413660,0.000000,0.002003,0.019831,0.000000,0.002115,-0.018254,5.456778,-0.006144,0.032588,-211.165375,0.000054,-0.003919,0.000000,0.000000,0.000000,0.000000
-1.770000,-4.545158,0.000000,0.002073,-0.025621,0.000000,0.002061,0.028961,-4.614348,-0.002224,-0.070409,131.121155,-0.000009,0.002300,0.000000,0.000000,0.000000,0.000000
-0.010000,2.547605,0.000000,0.002010,-0.000145,0.000000,0.002070,0.002316,2.610725,-0.004524,-0.007057,-59.201656,0.000056,-0.001144,0.000000,0.000000,0.000000,0.000000
1.940000,2.822630,0.000000,0.002041,0.028082,0.000000,0.002014,-0.028939,2.926337,-0.003380,0.104920,-55.760254,-0.000023,-0.000770,0.000000,0.000000,0.000000,0.000000
-0.250000,-3.170031,0.000000,0.002172,-0.003619,0.000000,0.002037,0.006691,-3.333150,-0.002610,-0.027864,55.296898,-0.000045,0.000973,0.000000,0.000000,0.000000,0.000000
-3.770000,-5.095209,0.000000,0.002223,-0.054571,0.000000,0.002082,0.068586,-5.443817,-0.003583,-0.319604,80.706558,0.000083,0.000662,0.000000,0.000000,0.000000,0.000000
-1.330000,3.531906,0.000000,0.002138,-0.019252,0.000000,0.002000,0.027125,3.841585,-0.004245,-0.138650,-51.920956,0.000146,-0.001359,0.000000,0.000000,0.000000,0.000000
-5.280000,-5.717636,0.000000,0.002171,-0.076428,0.000000,0.001854,0.105121,-6.348386,-0.002885,-0.580194,79.462250,0.000164,-0.000062,0.000000,0.000000,0.000000,0.000000
-1.090000,6.065036,0.000000,0.002052,-0.015778,0.000000,0.001690,0.025247,6.883491,-0.002823,-0.148564,-80.812592,0.000198,-0.001932,0.000000,0.000000,0.000000,0.000000
0.140000,1.780428,0.000000,0.002123,0.002027,0.000000,0.001491,0.000145,2.068988,-0.000891,-0.000902,-23.019779,0.000039,-0.000435,0.000000,0.000000,0.000000,0.000000
-6.310000,-3.893781,0.000000,-0.000161,-0.091337,0.000000,-0.000589,0.093401,-3.925218,0.018403,-0.166742,151.897385,0.000178,0.002426,0.000000,0.000000,0.000000,0.000000
-0.210000,8.829765,0.000000,-0.000363,-0.003040,0.000000,-0.000767,0.002741,8.899591,0.015977,-0.004893,-344.394775,0.000176,-0.006539,0.000000,0.000000,0.000000,0.000000
-4.160000,-5.717635,0.000000,-0.000158,-0.060216,0.000000,-0.000943,0.062805,-5.805316,0.022516,-0.152691,164.963684,0.000060,0.002723,0.000000,0.000000,0.000000,0.000000
0.020000,6.050560,0.000000,-0.000140,0.000290,0.000000,-0.001003,-0.000461,6.199834,0.019793,0.001405,-140.589478,0.000116,-0.002663,0.000000,0.000000,0.000000,0.000000
3.390000,4.878084,0.000000,0.000066,0.049070,0.000000,-0.001119,-0.054458,5.056559,0.022457,0.197443,-96.350807,-0.000052,-0.001285,0.000000,0.000000,0.000000,0.000000
3.490000,0.144750,0.000000,0.000421,0.050518,0.000000,-0.001067,-0.057886,0.150624,0.023742,0.241051,-2.498845,-0.000154,0.000607,0.000000,0.000000,0.000000,0.000000
-1.370000,-7.034862,0.000000,0.000782,-0.019831,0.000000,-0.000913,0.024892,-7.517204,0.023135,-0.115996,111.445290,-0.000075,0.001795,0.000000,0.000000,0.000000,0.000000
-3.700000,-3.372681,0.000000,0.000939,-0.053558,0.000000,-0.000839,0.069110,-3.671107,0.021340,-0.353256,49.616859,0.000118,-0.000019,0.000000,0.000000,0.000000,0.000000
-6.040000,-3.387156,0.000000,0.001003,-0.087429,0.000000,-0.000956,0.118273,-3.762492,0.021359,-0.652783,47.094810,0.000248,-0.000874,0.000000,0.000000,0.000000,0.000000
-4.490000,2.243629,0.000000,0.000976,-0.064993,0.000000,-0.001205,0.093409,2.544262,0.022233,-0.549667,-29.869791,0.000300,-0.002051,0.000000,0.000000,0.000000,0.000000
-4.050000,0.636901,0.000000,0.001019,-0.058624,0.000000,-0.001505,0.089720,0.737696,0.024284,-0.557089,-8.207681,0.000256,-0.001659,0.000000,0.000000,0.000000,0.000000
4.340000,19.396536,0.000000,-0.000984,0.062822,0.000000,-0.001563,-0.065271,19.550179,0.025497,0.116524,-756.549255,0.000193,-0.014007,0.000000,0.000000,0.000000,0.000000
-1.180000,-7.990214,0.000000,-0.000753,-0.017081,0.000000,-0.001756,0.016718,-8.054746,0.039504,-0.029845,311.701019,-0.000108,0.005847,0.000000,0.000000,0.000000,0.000000
-6.350000,-7.483588,0.000000,-0.000485,-0.091916,0.000000,-0.001649,0.095613,-7.598474,0.033656,-0.232452,215.917969,0.000115,0.003449,0.000000,0.000000,0.000000,0.000000
-6.440000,-0.130275,0.000000,-0.000464,-0.093219,0.000000,-0.001764,0.099694,-0.134773,0.030207,-0.303722,3.056151,0.000267,-0.000770,0.000000,0.000000,0.000000,0.000000
1.060000,10.856270,0.000000,-0.000450,0.015344,0.000000,-0.002031,-0.017551,11.254593,0.030978,0.063634,-214.451996,0.000165,-0.003887,0.000000,0.000000,0.000000,0.000000
-2.770000,-5.543935,0.000000,-0.000109,-0.040096,0.000000,-0.002196,0.046204,-5.830451,0.034865,-0.192405,96.727081,0.000014,0.001318,0.000000,0.000000,0.000000,0.000000
4.120000,9.973292,0.000000,0.000064,0.059637,0.000000,-0.002210,-0.071943,10.652187,0.033546,0.335248,-157.922546,0.000007,-0.002086,0.000000,0.000000,0.000000,0.000000
1.420000,-3.908257,0.000000,0.000532,0.020555,0.000000,-0.002217,-0.025392,-4.254613,0.035632,0.129791,57.503235,-0.000149,0.001444,0.000000,0.000000,0.000000,0.000000
-1.860000,-4.747808,0.000000,0.000888,-0.026924,0.000000,-0.002068,0.037196,-5.273954,0.034189,-0.205293,66.013657,0.000001,0.000692,0.000000,0.000000,0.000000,0.000000
-8.640000,-9.814068,0.000000,0.001111,-0.125064,0.000000,-0.002069,0.178659,-11.144049,0.033497,-1.051319,130.831818,0.000272,-0.000368,0.000000,0.000000,0.000000,0.000000
4.030000,18.339857,0.000000,0.001057,0.058334,0.000000,-0.002341,-0.086161,21.325863,0.033864,0.534992,-237.273773,0.000170,-0.003045,0.000000,0.000000,0.000000,0.000000
-2.810000,-1.867278,0.000000,-0.000941,-0.040675,0.000000,-0.001772,0.040770,-1.883024,0.036200,-0.072784,72.868904,0.000074,0.001189,0.000000,0.000000,0.000000,0.000000
-4.040000,-1.780428,0.000000,-0.000964,-0.058479,0.000000,-0.001846,0.058890,-1.795447,0.035011,-0.105131,69.479866,0.000125,0.001029,0.000000,0.000000,0.000000,0.000000
-0.570000,5.022834,0.000000,-0.000811,-0.008251,0.000000,-0.001971,0.007780,5.098053,0.033982,-0.018915,-144.866135,0.000117,-0.002796,0.000000,0.000000,0.000000,0.000000
-5.250000,-6.774312,0.000000,-0.000502,-0.075994,0.000000,-0.002089,0.081139,-6.943945,0.036778,-0.247194,157.463181,0.000088,0.002318,0.000000,0.000000,0.000000,0.000000
-0.510000,6.861162,0.000000,-0.000409,-0.007382,0.000000,-0.002176,0.007750,7.112147,0.034460,-0.028097,-135.519272,0.000155,-0.002646,0.000000,0.000000,0.000000,0.000000
1.400000,2.764730,0.000000,-0.000110,0.020265,0.000000,-0.002332,-0.023543,2.904377,0.037107,0.098038,-48.183559,-0.000009,-0.000642,0.000000,0.000000,0.000000,0.000000
-1.830000,-4.675433,0.000000,0.000270,-0.026489,0.000000,-0.002323,0.032315,-4.997416,0.037749,-0.150586,74.088516,-0.000007,0.000997,0.000000,0.000000,0.000000,0.000000
-3.130000,-1.881754,0.000000,0.000512,-0.045307,0.000000,-0.002316,0.058105,-2.050090,0.036752,-0.297005,27.707998,0.000118,-0.000281,0.000000,0.000000,0.000000,0.000000
-6.310000,-4.603057,0.000000,0.000702,-0.091337,0.000000,-0.002434,0.123096,-5.113379,0.037033,-0.679404,64.003746,0.000236,-0.000625,0.000000,0.000000,0.000000,0.000000
-0.770000,8.019164,0.000000,0.000761,-0.011146,0.000000,-0.002670,0.016860,9.099181,0.037658,-0.099212,-106.824928,0.000217,-0.002290,0.000000,0.000000,0.000000,0.000000
-0.930000,-0.231600,0.000000,0.001057,-0.013462,0.000000,-0.002887,0.021841,-0.273836,0.039948,-0.135615,3.046732,0.000053,-0.000305,0.000000,0.000000,0.000000,0.000000
0.130000,1.534353,0.000000,0.001353,0.001882,0.000000,-0.002941,-0.000848,1.826749,0.040253,0.005506,-19.427181,0.000032,-0.000352,0.000000,0.000000,0.000000,0.000000
-2.700000,1.635678,0.000000,-0.001560,-0.039083,0.000000,-0.002398,0.038506,1.647799,0.037034,-0.068741,-63.766220,0.000135,-0.001393,0.000000,0.000000,0.000000,0.000000
-5.050000,-3.401632,0.000000,-0.001577,-0.073099,0.000000,-0.002533,0.073231,-3.429603,0.038427,-0.130734,132.718140,0.000133,0.002162,0.000000,0.000000,0.000000,0.000000
-1.200000,5.572885,0.000000,-0.001454,-0.017370,0.000000,-0.002666,0.016644,5.656442,0.036265,-0.040465,-160.733276,0.000152,-0.003157,0.000000,0.000000,0.000000,0.000000
5.540000,9.756167,0.000000,-0.001161,0.080192,0.000000,-0.002818,-0.087438,9.996667,0.039422,0.266383,-226.687668,-0.000048,-0.003566,0.000000,0.000000,0.000000,0.000000
-1.470000,-10.146993,0.000000,-0.000572,-0.021278,0.000000,-0.002771,0.023011,-10.522857,0.042987,-0.083428,200.509048,-0.000137,0.003578,0.000000,0.000000,0.000000,0.000000
4.090000,8.048115,0.000000,-0.000298,0.059203,0.000000,-0.002634,-0.068752,8.458755,0.039410,0.286301,-140.330597,-0.000026,-0.001889,0.000000,0.000000,0.000000,0.000000
1.810000,-3.300306,0.000000,0.000214,0.026200,0.000000,-0.002608,-0.031381,-3.528585,0.041299,0.146233,52.312565,-0.000152,0.001390,0.000000,0.000000,0.000000,0.000000
-1.060000,-4.154332,0.000000,0.000629,-0.015344,0.000000,-0.002457,0.020256,-4.522677,0.039910,-0.103539,61.126251,-0.000031,0.000875,0.000000,0.000000,0.000000,0.000000
0.580000,2.373904,0.000000,0.000926,0.008396,0.000000,-0.002426,-0.009990,2.631685,0.039035,0.055136,-32.940586,0.000023,-0.000476,0.000000,0.000000,0.000000,0.000000
-0.560000,-1.650153,0.000000,0.001298,-0.008106,0.000000,-0.002449,0.013315,-1.877452,0.039511,-0.078355,22.041401,0.000000,0.000206,0.000000,0.000000,0.000000,0.000000
-6.580000,-26.416922,0.000000,-0.001736,-0.095246,0.000000,-0.002676,0.095841,-26.628008,0.041533,-0.171098,1030.445801,-0.000245,0.019048,0.000000,0.000000,0.000000,0.000000
-3.900000,3.879307,0.000000,-0.001895,-0.056453,0.000000,-0.002432,0.055862,3.909667,0.022484,-0.099726,-151.295578,0.000226,-0.003170,0.000000,0.000000,0.000000,0.000000
-4.790000,-1.288277,0.000000,-0.001835,-0.069335,0.000000,-0.002657,0.070588,-1.308597,0.025654,-0.171613,37.185043,0.000166,0.000246,0.000000,0.000000,0.000000,0.000000
-7.620000,-4.096432,0.000000,-0.001830,-0.110300,0.000000,-0.002823,0.116584,-4.198929,0.025408,-0.355178,95.216293,0.000236,0.000842,0.000000,0.000000,0.000000,0.000000
-4.830000,4.038532,0.000000,-0.001966,-0.069914,0.000000,-0.003058,0.075511,4.186404,0.024567,-0.273773,-79.770340,0.000283,-0.002253,0.000000,0.000000,0.000000,0.000000
2.250000,10.248318,0.000000,-0.001993,0.032569,0.000000,-0.003341,-0.039935,10.773095,0.026819,0.166301,-178.725464,0.000095,-0.002930,0.000000,0.000000,0.000000,0.000000
-5.160000,-10.725994,0.000000,-0.001727,-0.074691,0.000000,-0.003437,0.088114,-11.459937,0.029749,-0.410603,169.897736,0.000021,0.002112,0.000000,0.000000,0.000000,0.000000
-3.910000,1.809378,0.000000,-0.001792,-0.056597,0.000000,-0.003458,0.069502,1.967204,0.027638,-0.355257,-26.587753,0.000225,-0.001468,0.000000,0.000000,0.000000,0.000000
-1.950000,2.837105,0.000000,-0.001816,-0.028226,0.000000,-0.003683,0.035322,3.148310,0.029106,-0.194951,-39.407146,0.000155,-0.001271,0.000000,0.000000,0.000000,0.000000
21.280001,33.625484,0.000000,-0.001771,0.308029,0.000000,-0.003838,-0.438664,38.168533,0.030377,2.581322,-448.100891,-0.000464,-0.001500,0.000000,0.000000,0.000000,0.000000
-12.370000,-9.871967,0.000000,0.001349,-0.179056,0.000000,0.000964,0.184760,-9.950939,0.015281,-0.329839,385.079590,0.000312,0.006402,0.000000,0.000000,0.000000,0.000000
