-0.000000,0.000000,0.475725,0.000508,-0.000000,ovf,-0.000000,ovf,-0.000003,-0.000000,-0.000000,-198.329514,0.000000,0.000000,-251198.343750,ovf,-0.000001,ovf
0.400000,0.738226,0.000000,0.000000,0.005790,0.000000,0.000000,-0.005824,0.739691,0.000000,0.005260,-56.580830,-0.000002,-0.001057,0.000000,0.000000,0.000000,0.000000
3.490000,4.472783,0.000000,0.000016,0.050518,0.000000,0.000002,-0.050803,4.481647,0.001057,0.045883,-342.812225,-0.000053,-0.006365,0.000000,0.000000,0.000000,0.000000
0.240000,-4.704383,0.000000,0.000228,0.003474,0.000000,0.000054,-0.003306,-4.733581,0.007422,0.005218,207.209976,-0.000098,0.003949,0.000000,0.000000,0.000000,0.000000
-0.750000,-1.433028,0.000000,0.000275,-0.010856,0.000000,0.000153,0.011556,-1.451334,0.003473,-0.025796,44.915390,0.000004,0.000773,0.000000,0.000000,0.000000,0.000000
-1.310000,-0.810601,0.000000,0.000277,-0.018962,0.000000,0.000149,0.020489,-0.828218,0.002699,-0.058556,20.020582,0.000040,0.000219,0.000000,0.000000,0.000000,0.000000
-1.990000,-0.984302,0.000000,0.000256,-0.028805,0.000000,0.000109,0.031941,-1.016773,0.002480,-0.110158,20.367270,0.000067,0.000087,0.000000,0.000000,0.000000,0.000000
-1.720000,0.390826,0.000000,0.000206,-0.024897,0.000000,0.000042,0.028638,0.408812,0.002393,-0.114566,-7.059880,0.000085,-0.000444,0.000000,0.000000,0.000000,0.000000
-1.280000,0.636901,0.000000,0.000169,-0.018528,0.000000,-0.000043,0.022258,0.676601,0.002837,-0.100378,-10.364904,0.000073,-0.000467,0.000000,0.000000,0.000000,0.000000
-0.010000,1.838328,0.000000,0.000152,-0.000145,0.000000,-0.000116,0.000371,1.987810,0.003304,-0.001845,-27.602758,0.000039,-0.000527,0.000000,0.000000,0.000000,0.000000
3.270000,4.747808,0.000000,0.000190,0.047333,0.000000,-0.000154,-0.061984,5.235893,0.003830,0.334499,-67.028389,-0.000069,-0.000363,0.000000,0.000000,0.000000,0.000000
-0.090000,-4.863609,0.000000,0.000368,-0.001303,0.000000,-0.000086,0.002323,-5.482017,0.004194,-0.013416,65.581459,-0.000097,0.001206,0.000000,0.000000,0.000000,0.000000
-0.470000,-0.550051,0.000000,0.000407,-0.006803,0.000000,0.000012,0.010639,-0.635348,0.002988,-0.065028,7.181456,0.000017,-0.000042,0.000000,0.000000,0.000000,0.000000
0.360000,1.201427,0.000000,0.000433,0.005211,0.000000,-0.000005,-0.007506,1.421711,0.003030,0.048115,-15.321893,0.000007,-0.000160,0.000000,0.000000,0.000000,0.000000
-0.470000,-1.201427,0.000000,0.000497,-0.006803,0.000000,-0.000012,0.012244,-1.462883,0.003190,-0.081700,15.145432,0.000005,0.000066,0.000000,0.000000,0.000000,0.000000
0.060000,0.767176,0.000000,0.000529,0.000869,0.000000,-0.000017,-0.000609,0.960402,0.003124,0.004206,-9.612253,0.000017,-0.000171,0.000000,0.000000,0.000000,0.000000
2.150000,0.882977,0.000000,0.000960,0.031121,0.000000,0.000997,-0.030664,0.889795,0.005754,0.054742,-34.433125,-0.000066,-0.000504,0.000000,0.000000,0.000000,0.000000
-4.120000,-9.075841,0.000000,0.001254,-0.059637,0.000000,0.001063,0.062346,-9.148241,0.006258,-0.111303,354.016937,-0.000004,0.006403,0.000000,0.000000,0.000000,0.000000
2.320000,9.321917,0.000000,0.001111,0.033582,0.000000,0.001068,-0.033956,9.463508,-0.000145,0.082553,-268.914734,0.000087,-0.004880,0.000000,0.000000,0.000000,0.000000
2.460000,0.202651,0.000000,0.001278,0.035609,0.000000,0.000980,-0.036898,0.207285,0.004735,0.112413,-4.700472,-0.000096,0.000224,0.000000,0.000000,0.000000,0.000000
-12.050000,-21.003262,0.000000,0.001459,-0.174424,0.000000,0.001076,0.195459,-21.777390,0.004511,-0.708657,414.959900,0.000117,0.005940,0.000000,0.000000,0.000000,0.000000
7.410000,28.168398,0.000000,0.001010,0.107260,0.000000,0.000960,-0.122770,29.613443,-0.001429,0.511242,-491.286560,0.000228,-0.007931,0.000000,0.000000,0.000000,0.000000
0.650000,-9.785117,0.000000,0.001413,0.009409,0.000000,0.000731,-0.009656,-10.454421,0.006502,0.044997,154.990601,-0.000224,0.003071,0.000000,0.000000,0.000000,0.000000
-5.450000,-8.829765,0.000000,0.001534,-0.078889,0.000000,0.000956,0.101989,-9.606730,0.003431,-0.521317,129.839783,0.000094,0.001043,0.000000,0.000000,0.000000,0.000000
1.350000,9.843018,0.000000,0.001407,0.019541,0.000000,0.000862,-0.024253,10.926038,0.002388,0.133859,-136.760361,0.000141,-0.002229,0.000000,0.000000,0.000000,0.000000
-3.800000,-7.454638,0.000000,0.001577,-0.055005,0.000000,0.000720,0.080118,-8.463622,0.004617,-0.471455,99.363426,0.000056,0.000610,0.000000,0.000000,0.000000,0.000000
-3.860000,-8.887665,0.000000,0.000896,-0.055874,0.000000,0.000496,0.058172,-8.958815,0.016356,-0.103850,346.686523,-0.000012,0.006282,0.000000,0.000000,0.000000,0.000000
-9.500000,-8.163915,0.000000,0.000787,-0.137513,0.000000,0.000508,0.141604,-8.229138,0.010074,-0.252797,318.449707,0.000227,0.005334,0.000000,0.000000,0.000000,0.000000
0.430000,14.373701,0.000000,0.000468,0.006224,0.000000,0.000281,-0.006019,14.591961,0.004739,0.014634,-414.644684,0.000260,-0.007822,0.000000,0.000000,0.000000,0.000000
-0.510000,-1.360652,0.000000,0.000618,-0.007382,0.000000,0.000021,0.008599,-1.395056,0.012561,-0.026197,31.634750,-0.000004,0.000543,0.000000,0.000000,0.000000,0.000000
-12.020000,-16.660755,0.000000,0.000729,-0.173990,0.000000,0.000025,0.194165,-17.275183,0.012019,-0.703964,329.172058,0.000198,0.004328,0.000000,0.000000,0.000000,0.000000
17.850000,43.236900,0.000000,0.000336,0.258379,0.000000,-0.000173,-0.298164,45.454723,0.007691,1.241622,-754.093018,0.000054,-0.010928,0.000000,0.000000,0.000000,0.000000
-6.860000,-35.767788,0.000000,0.001243,-0.099299,0.000000,-0.000227,0.121418,-38.212471,0.018619,-0.565794,566.513855,-0.000395,0.009217,0.000000,0.000000,0.000000,0.000000
-1.500000,7.758614,0.000000,0.001096,-0.021713,0.000000,0.000168,0.028924,8.439233,0.009402,-0.147847,-114.060493,0.000239,-0.002577,0.000000,0.000000,0.000000,0.000000
0.750000,3.256881,0.000000,0.001186,0.010856,0.000000,-0.000070,-0.012934,3.613914,0.011979,0.071385,-45.235081,0.000033,-0.000659,0.000000,0.000000,0.000000,0.000000
1.520000,1.114577,0.000000,0.001378,0.022002,0.000000,-0.000103,-0.029203,1.263154,0.012638,0.171847,-14.829506,-0.000055,0.000185,0.000000,0.000000,0.000000,0.000000
3.730000,3.198981,0.000000,0.001611,0.053992,0.000000,-0.000048,-0.078795,3.718037,0.012452,0.489258,-41.367271,-0.000143,0.000540,0.000000,0.000000,0.000000,0.000000
-2.090000,-8.424465,0.000000,0.001947,-0.030253,0.000000,0.000094,0.051615,-10.060968,0.011913,-0.335296,106.996773,-0.000051,0.001118,0.000000,0.000000,0.000000,0.000000
-5.250000,-3.112130,0.000000,-0.001137,-0.075994,0.000000,-0.001636,0.076697,-3.137405,0.022251,-0.136922,121.410698,0.000148,0.001926,0.000000,0.000000,0.000000,0.000000
-4.110000,1.650153,0.000000,-0.001289,-0.059492,0.000000,-0.001785,0.059594,1.662812,0.020324,-0.106389,-64.347183,0.000192,-0.001510,0.000000,0.000000,0.000000,0.000000
-2.210000,2.750255,0.000000,-0.001264,-0.031990,0.000000,-0.001977,0.032131,2.791401,0.021834,-0.078117,-79.320374,0.000139,-0.001710,0.000000,0.000000,0.000000,0.000000
3.650000,8.482366,0.000000,-0.001159,0.052834,0.000000,-0.002116,-0.058031,8.691959,0.023545,0.176795,-197.101715,0.000007,-0.003251,0.000000,0.000000,0.000000,0.000000
1.980000,-2.417329,0.000000,-0.000797,0.028661,0.000000,-0.002124,-0.032737,-2.507601,0.026795,0.118690,47.781384,-0.000136,0.001232,0.000000,0.000000,0.000000,0.000000
1.460000,-0.752701,0.000000,-0.000516,0.021134,0.000000,-0.001988,-0.025016,-0.792712,0.025564,0.104172,13.151075,-0.000082,0.000529,0.000000,0.000000,0.000000,0.000000
5.230000,5.457084,0.000000,-0.000262,0.075704,0.000000,-0.001905,-0.091740,5.828216,0.025035,0.427497,-86.405434,-0.000138,-0.000481,0.000000,0.000000,0.000000,0.000000
3.640000,-2.301529,0.000000,0.000153,0.052689,0.000000,-0.001768,-0.066625,-2.505752,0.025516,0.340552,33.866505,-0.000227,0.001563,0.000000,0.000000,0.000000,0.000000
-1.930000,-8.062590,0.000000,0.000499,-0.027937,0.000000,-0.001540,0.038032,-8.952756,0.023952,-0.209908,112.060928,-0.000066,0.001551,0.000000,0.000000,0.000000,0.000000
-2.510000,-0.839552,0.000000,0.000615,-0.036332,0.000000,-0.001474,0.052316,-0.955359,0.022401,-0.307851,11.215968,0.000124,-0.000623,0.000000,0.000000,0.000000,0.000000
0.330000,-13.838124,0.000000,-0.000085,0.004777,0.000000,-0.000604,-0.004923,-13.948750,0.022171,0.008789,539.786133,-0.000278,0.010246,0.000000,0.000000,0.000000,0.000000
-4.550000,-7.063813,0.000000,-0.000018,-0.065861,0.000000,-0.000326,0.067417,-7.120298,0.011925,-0.120354,275.539978,0.000048,0.004873,0.000000,0.000000,0.000000,0.000000
-2.920000,2.359429,0.000000,-0.000131,-0.042267,0.000000,-0.000374,0.044063,2.395055,0.007053,-0.107125,-68.057785,0.000164,-0.001587,0.000000,0.000000,0.000000,0.000000
-6.400000,-5.037309,0.000000,-0.000169,-0.092640,0.000000,-0.000538,0.099388,-5.162652,0.008640,-0.302791,117.069969,0.000171,0.001401,0.000000,0.000000,0.000000,0.000000
-3.450000,4.270133,0.000000,-0.000366,-0.049939,0.000000,-0.000709,0.055090,4.427106,0.007240,-0.199736,-84.356819,0.000233,-0.002140,0.000000,0.000000,0.000000,0.000000
6.490000,14.388176,0.000000,-0.000435,0.093943,0.000000,-0.000942,-0.109051,15.125959,0.009380,0.454115,-250.939407,-0.000009,-0.003519,0.000000,0.000000,0.000000,0.000000
7.740000,1.809378,0.000000,-0.000076,0.112037,0.000000,-0.000933,-0.135392,1.932118,0.012899,0.630910,-28.644354,-0.000330,0.001171,0.000000,0.000000,0.000000,0.000000
-0.540000,-11.985321,0.000000,0.000336,-0.007817,0.000000,-0.000603,0.010338,-13.039641,0.011728,-0.052844,176.237320,-0.000218,0.003192,0.000000,0.000000,0.000000,0.000000
7.610000,11.797146,0.000000,0.000398,0.110155,0.000000,-0.000385,-0.146794,13.095485,0.008536,0.810196,-163.915161,-0.000149,-0.000918,0.000000,0.000000,0.000000,0.000000
1.190000,5.862385,0.000000,0.001383,0.017225,0.000000,0.001013,-0.016178,5.908562,0.014674,0.028881,-228.648437,0.000068,-0.004250,0.000000,0.000000,0.000000,0.000000
-0.640000,-2.648930,0.000000,0.001468,-0.009264,0.000000,0.000944,0.010988,-2.670555,0.018924,-0.019616,103.344635,-0.000021,0.001912,0.000000,0.000000,0.000000,0.000000
-0.320000,0.463201,0.000000,0.001636,-0.004632,0.000000,0.000965,0.006554,0.469496,0.017012,-0.015935,-13.341185,0.000027,-0.000299,0.000000,0.000000,0.000000,0.000000
3.700000,5.818960,0.000000,0.001830,0.053558,0.000000,0.000939,-0.055597,5.962313,0.017312,0.169380,-135.203354,-0.000038,-0.002101,0.000000,0.000000,0.000000,0.000000
-1.260000,-7.179613,0.000000,0.002217,-0.018239,0.000000,0.000976,0.022732,-7.445536,0.019413,-0.082419,141.871872,-0.000079,0.002467,0.000000,0.000000,0.000000,0.000000
1.060000,3.358206,0.000000,0.002400,0.015344,0.000000,0.001056,-0.014956,3.528790,0.016946,0.062279,-58.542561,0.000027,-0.000945,0.000000,0.000000,0.000000,0.000000
-0.910000,-2.851580,0.000000,0.002700,-0.013172,0.000000,0.001029,0.019168,-3.048576,0.017890,-0.089322,45.196251,-0.000006,0.000616,0.000000,0.000000,0.000000,0.000000
-2.420000,-2.185729,0.000000,0.002934,-0.035030,0.000000,0.001035,0.048143,-2.380500,0.017274,-0.246084,32.173645,0.000085,-0.000058,0.000000,0.000000,0.000000,0.000000
-1.710000,1.027727,0.000000,0.003122,-0.024752,0.000000,0.000950,0.037281,1.137688,0.017332,-0.205763,-14.240346,0.000122,-0.000826,0.000000,0.000000,0.000000,0.000000
2.100000,5.514985,0.000000,0.003362,0.030398,0.000000,0.000828,-0.038281,6.256384,0.018158,0.225266,-73.450333,0.000015,-0.000780,0.000000,0.000000,0.000000,0.000000
-4.400000,-6.412436,0.000000,-0.001971,-0.063690,0.000000,-0.003022,0.063302,-6.464545,0.046449,-0.113009,250.163788,0.000049,0.004433,0.000000,0.000000,0.000000,0.000000
-0.750000,5.283384,0.000000,-0.002032,-0.010856,0.000000,-0.003071,0.009035,5.324413,0.042017,-0.016129,-206.043152,0.000125,-0.003953,0.000000,0.000000,0.000000,0.000000
-4.110000,-4.863609,0.000000,-0.001650,-0.059492,0.000000,-0.003196,0.060487,-4.939002,0.045970,-0.147056,140.346512,0.000070,0.002267,0.000000,0.000000,0.000000,0.000000
-12.960000,-12.810397,0.000000,-0.001439,-0.187596,0.000000,-0.003266,0.200083,-13.129969,0.043703,-0.609562,297.739471,0.000292,0.003985,0.000000,0.000000,0.000000,0.000000
1.860000,21.451988,0.000000,-0.001638,0.026924,0.000000,-0.003558,-0.031740,22.240358,0.039718,0.115078,-423.781647,0.000335,-0.007720,0.000000,0.000000,0.000000,0.000000
3.410000,2.243629,0.000000,-0.001194,0.049360,0.000000,-0.003893,-0.058414,2.356231,0.047439,0.243250,-39.089832,-0.000114,-0.000068,0.000000,0.000000,0.000000,0.000000
-1.120000,-6.557187,0.000000,-0.000694,-0.016212,0.000000,-0.003779,0.018740,-7.007987,0.047507,-0.087328,103.895966,-0.000082,0.001731,0.000000,0.000000,0.000000,0.000000
-0.770000,0.506626,0.000000,-0.000393,-0.011146,0.000000,-0.003697,0.013636,0.547951,0.045776,-0.069698,-7.405832,0.000047,-0.000332,0.000000,0.000000,0.000000,0.000000
-6.230000,-7.903364,0.000000,-0.000082,-0.090179,0.000000,-0.003745,0.120500,-8.777421,0.046107,-0.665075,109.866280,0.000160,0.000282,0.000000,0.000000,0.000000,0.000000
3.050000,3.387156,0.000000,-0.001329,0.044149,0.000000,-0.002112,-0.046483,3.413260,0.034515,0.082984,-132.085739,-0.000061,-0.002277,0.000000,0.000000,0.000000,0.000000
-5.730000,-12.709072,0.000000,-0.001127,-0.082942,0.000000,-0.002051,0.083770,-12.811044,0.036792,-0.149549,495.759430,-0.000016,0.008987,0.000000,0.000000,0.000000,0.000000
-4.180000,2.243629,0.000000,-0.001105,-0.060506,0.000000,-0.002035,0.062117,2.276851,0.027805,-0.151019,-64.698914,0.000211,-0.001650,0.000000,0.000000,0.000000,0.000000
-1.410000,4.009582,0.000000,-0.001018,-0.020410,0.000000,-0.002246,0.020842,4.107916,0.029456,-0.063496,-93.152435,0.000134,-0.001933,0.000000,0.000000,0.000000,0.000000
5.160000,9.510092,0.000000,-0.000814,0.074691,0.000000,-0.002380,-0.083909,9.858888,0.031388,0.304222,-187.857376,-0.000041,-0.002731,0.000000,0.000000,0.000000,0.000000
2.070000,-4.472783,0.000000,-0.000327,0.029963,0.000000,-0.002340,-0.035000,-4.704233,0.034119,0.145747,78.043137,-0.000184,0.001877,0.000000,0.000000,0.000000,0.000000
-3.400000,-7.917839,0.000000,0.000023,-0.049215,0.000000,-0.002156,0.059462,-8.460814,0.032242,-0.277085,125.434647,0.000001,0.001622,0.000000,0.000000,0.000000,0.000000
-1.840000,2.258104,0.000000,0.000138,-0.026634,0.000000,-0.002157,0.033951,2.454219,0.030620,-0.173540,-33.169998,0.000138,-0.001101,0.000000,0.000000,0.000000,0.000000
10.550000,17.934559,0.000000,0.000320,0.152712,0.000000,-0.002295,-0.203815,19.907024,0.031720,1.124912,-249.174652,-0.000175,-0.001673,0.000000,0.000000,0.000000,0.000000
3.890000,-9.640368,0.000000,0.001025,0.056308,0.000000,-0.002121,-0.078279,-10.946805,0.033393,0.460631,128.516129,-0.000419,0.003683,0.000000,0.000000,0.000000,0.000000
-5.050000,-6.571662,0.000000,-0.000942,-0.073099,0.000000,-0.001706,0.073961,-6.624747,0.033379,-0.132038,256.363281,0.000075,0.004490,0.000000,0.000000,0.000000,0.000000
-2.820000,3.227931,0.000000,-0.001060,-0.040820,0.000000,-0.001782,0.040710,3.252906,0.028888,-0.072677,-125.880363,0.000172,-0.002588,0.000000,0.000000,0.000000,0.000000
-1.520000,1.881753,0.000000,-0.000884,-0.022002,0.000000,-0.001953,0.022084,1.909326,0.031477,-0.053690,-54.255337,0.000096,-0.001168,0.000000,0.000000,0.000000,0.000000
2.390000,5.659735,0.000000,-0.000655,0.034595,0.000000,-0.002049,-0.037887,5.798820,0.032645,0.115424,-131.495926,0.000007,-0.002175,0.000000,0.000000,0.000000,0.000000
-1.260000,-5.283384,0.000000,-0.000254,-0.018239,0.000000,-0.002056,0.019986,-5.479753,0.034820,-0.072462,104.414619,-0.000050,0.001785,0.000000,0.000000,0.000000,0.000000
4.930000,8.960040,0.000000,-0.000017,0.071362,0.000000,-0.002006,-0.082477,9.417771,0.033035,0.343453,-156.240677,-0.000045,-0.002033,0.000000,0.000000,0.000000,0.000000
-3.670000,-12.448522,0.000000,0.000488,-0.053123,0.000000,-0.001961,0.064743,-13.301313,0.035068,-0.301696,197.196793,-0.000077,0.002922,0.000000,0.000000,0.000000,0.000000
0.640000,6.238736,0.000000,0.000626,0.009264,0.000000,-0.001885,-0.010954,6.784328,0.032146,0.055993,-91.693611,0.000099,-0.001590,0.000000,0.000000,0.000000,0.000000
-1.760000,-3.474006,0.000000,0.000952,-0.025476,0.000000,-0.001984,0.035345,-3.859866,0.033736,-0.195081,48.313629,0.000022,0.000390,0.000000,0.000000,0.000000,0.000000
3.030000,6.933537,0.000000,0.001181,0.043859,0.000000,-0.002006,-0.060430,7.866905,0.033346,0.355604,-92.357925,-0.000015,-0.000788,0.000000,0.000000,0.000000,0.000000
-0.690000,-5.384709,0.000000,0.001619,-0.009988,0.000000,-0.001992,0.017460,-6.267003,0.034134,-0.108413,69.727325,-0.000071,0.001028,0.000000,0.000000,0.000000,0.000000
-5.250000,-6.817737,0.000000,-0.001546,-0.075994,0.000000,-0.002381,0.076313,-6.872841,0.036876,-0.136236,265.963928,0.000076,0.004666,0.000000,0.000000,0.000000,0.000000
-2.710000,3.676657,0.000000,-0.001664,-0.039227,0.000000,-0.002457,0.038461,3.705143,0.032211,-0.068662,-143.380951,0.000174,-0.002909,0.000000,0.000000,0.000000,0.000000
-3.240000,-0.767176,0.000000,-0.001459,-0.046899,0.000000,-0.002631,0.047518,-0.779942,0.035120,-0.115525,22.162806,0.000113,0.000113,0.000000,0.000000,0.000000,0.000000
8.070000,16.371254,0.000000,-0.001291,0.116813,0.000000,-0.002745,-0.126939,16.776100,0.035008,0.386725,-380.420319,-0.000026,-0.006157,0.000000,0.000000,0.000000,0.000000
0.700000,-10.668094,0.000000,-0.000621,0.010133,0.000000,-0.002719,-0.011950,-11.063046,0.041165,0.043326,210.802139,-0.000242,0.004120,0.000000,0.000000,0.000000,0.000000
-2.070000,-4.009582,0.000000,-0.000282,-0.029963,0.000000,-0.002477,0.034296,-4.217455,0.037045,-0.142817,69.967506,0.000013,0.000931,0.000000,0.000000,0.000000,0.000000
-2.500000,-0.622426,0.000000,-0.000066,-0.036188,0.000000,-0.002490,0.043622,-0.667349,0.036114,-0.203275,9.893694,0.000105,-0.000364,0.000000,0.000000,0.000000,0.000000
-2.470000,0.043425,0.000000,0.000131,-0.035753,0.000000,-0.002596,0.045507,0.044479,0.036478,-0.232608,-0.601162,0.000124,-0.000640,0.000000,0.000000,0.000000,0.000000
-1.650000,1.186952,0.000000,0.000329,-0.023884,0.000000,-0.002720,0.032383,1.314515,0.037118,-0.178731,-16.453684,0.000112,-0.000794,0.000000,0.000000,0.000000,0.000000
0.660000,3.343731,0.000000,0.000563,0.009554,0.000000,-0.002832,-0.012730,3.791997,0.037912,0.074912,-44.518272,0.000037,-0.000639,0.000000,0.000000,0.000000,0.000000
-1.160000,-2.634454,0.000000,0.000897,-0.016791,0.000000,-0.002869,0.026607,-3.068166,0.038551,-0.165208,34.136734,0.000014,0.000201,0.000000,0.000000,0.000000,0.000000
-3.770000,0.882977,0.000000,-0.001099,-0.054571,0.000000,-0.001875,0.054830,0.889169,0.033986,-0.097884,-34.408894,0.000165,-0.000917,0.000000,0.000000,0.000000,0.000000
-2.400000,1.983078,0.000000,-0.001166,-0.034740,0.000000,-0.002040,0.034377,1.998003,0.034903,-0.061371,-77.318352,0.000131,-0.001628,0.000000,0.000000,0.000000,0.000000
-10.160000,-11.232619,0.000000,-0.000926,-0.147066,0.000000,-0.002171,0.152824,-11.404549,0.036531,-0.371544,324.071289,0.000197,0.005134,0.000000,0.000000,0.000000,0.000000
5.260000,22.320490,0.000000,-0.001057,0.076139,0.000000,-0.002368,-0.082970,22.873074,0.031397,0.252772,-518.677368,0.000208,-0.009147,0.000000,0.000000,0.000000,0.000000
0.340000,-7.121713,0.000000,-0.000498,0.004922,0.000000,-0.002576,-0.006023,-7.386039,0.040544,0.021838,140.738174,-0.000157,0.002741,0.000000,0.000000,0.000000,0.000000
-4.080000,-6.397961,0.000000,-0.000163,-0.059058,0.000000,-0.002420,0.068052,-6.728456,0.037803,-0.283384,111.624977,0.000057,0.001342,0.000000,0.000000,0.000000,0.000000
-0.040000,5.847910,0.000000,-0.000021,-0.000579,0.000000,-0.002477,0.000674,6.244874,0.036461,-0.003140,-92.582535,0.000120,-0.001764,0.000000,0.000000,0.000000,0.000000
-2.360000,-3.358206,0.000000,0.000294,-0.034161,0.000000,-0.002597,0.043694,-3.656300,0.038225,-0.223342,49.416729,0.000049,0.000335,0.000000,0.000000,0.000000,0.000000
-3.660000,-1.881754,0.000000,0.000510,-0.052979,0.000000,-0.002645,0.071538,-2.092325,0.037890,-0.394840,26.189468,0.000154,-0.000573,0.000000,0.000000,0.000000,0.000000
0.990000,6.730887,0.000000,0.000675,0.014330,0.000000,-0.002799,-0.019335,7.636789,0.038463,0.113776,-89.656364,0.000092,-0.001389,0.000000,0.000000,0.000000,0.000000
-4.670000,-14.677675,0.000000,-0.001118,-0.067598,0.000000,-0.001957,0.068156,-14.795304,0.036701,-0.121674,572.545959,-0.000096,0.010515,0.000000,0.000000,0.000000,0.000000
-4.730000,-0.086850,0.000000,-0.001213,-0.068467,0.000000,-0.001861,0.068861,-0.088160,0.026187,-0.122933,3.411615,0.000185,-0.000287,0.000000,0.000000,0.000000,0.000000
-1.520000,4.646483,0.000000,-0.001165,-0.022002,0.000000,-0.002046,0.021790,4.716278,0.026474,-0.052975,-134.017593,0.000148,-0.002680,0.000000,0.000000,0.000000,0.000000
-6.720000,-7.527012,0.000000,-0.000976,-0.097272,0.000000,-0.002194,0.103499,-7.714918,0.029154,-0.315315,174.945984,0.000134,0.002465,0.000000,0.000000,0.000000,0.000000
9.660000,23.710093,0.000000,-0.001030,0.139829,0.000000,-0.002328,-0.156536,24.582190,0.026690,0.567539,-468.404266,0.000042,-0.007339,0.000000,0.000000,0.000000,0.000000
6.590000,-4.443832,0.000000,-0.000368,0.095390,0.000000,-0.002369,-0.110646,-4.673779,0.034028,0.460757,77.537910,-0.000388,0.002728,0.000000,0.000000,0.000000,0.000000
1.170000,-7.845464,0.000000,0.000157,0.016936,0.000000,-0.001982,-0.020263,-8.383484,0.031300,0.094424,124.288200,-0.000213,0.002604,0.000000,0.000000,0.000000,0.000000
3.960000,4.038532,0.000000,0.000450,0.057321,0.000000,-0.001769,-0.072122,4.391107,0.028697,0.368652,-59.348011,-0.000112,-0.000131,0.000000,0.000000,0.000000,0.000000
-4.250000,-11.883996,0.000000,0.000864,-0.061519,0.000000,-0.001657,0.083433,-13.195630,0.028828,-0.460491,165.168655,-0.000024,0.001882,0.000000,0.000000,0.000000,0.000000
3.100000,10.639144,0.000000,0.000937,0.044873,0.000000,-0.001633,-0.062211,12.074030,0.026946,0.366079,-141.749832,0.000060,-0.001697,0.000000,0.000000,0.000000,0.000000
0.060000,-4.400408,0.000000,0.001325,0.000869,0.000000,-0.001694,0.000687,-5.121490,0.028643,-0.004264,56.982243,-0.000095,0.001071,0.000000,0.000000,0.000000,0.000000
-4.340000,-8.352090,0.000000,-0.000957,-0.062822,0.000000,-0.001659,0.063416,-8.419266,0.030725,-0.113212,325.807159,0.000012,0.005861,0.000000,0.000000,0.000000,0.000000
-5.100000,-1.100101,0.000000,-0.001053,-0.073823,0.000000,-0.001671,0.074508,-1.109443,0.024864,-0.133014,42.933025,0.000181,0.000442,0.000000,0.000000,0.000000,0.000000
2.460000,10.943119,0.000000,-0.001038,0.035609,0.000000,-0.001852,-0.038322,11.108679,0.024422,0.093169,-315.663849,0.000106,-0.005726,0.000000,0.000000,0.000000,0.000000
1.220000,-1.794903,0.000000,-0.000676,0.017660,0.000000,-0.001958,-0.019707,-1.840670,0.030148,0.060038,41.739639,-0.000088,0.000963,0.000000,0.000000,0.000000,0.000000
1.740000,0.752701,0.000000,-0.000376,0.025187,0.000000,-0.001870,-0.028407,0.778972,0.029185,0.102994,-14.843022,-0.000062,-0.000004,0.000000,0.000000,0.000000,0.000000
3.310000,2.272579,0.000000,-0.000056,0.047912,0.000000,-0.001808,-0.055426,2.387436,0.029189,0.230808,-39.607529,-0.000105,-0.000126,0.000000,0.000000,0.000000,0.000000
-3.280000,-9.539042,0.000000,0.000331,-0.047478,0.000000,-0.001703,0.057736,-10.192666,0.029315,-0.269044,151.109985,-0.000037,0.002134,0.000000,0.000000,0.000000,0.000000
3.980000,10.508868,0.000000,0.000437,0.057611,0.000000,-0.001667,-0.072505,11.430185,0.027181,0.370611,-154.484711,0.000020,-0.001927,0.000000,0.000000,0.000000,0.000000
1.040000,-4.255658,0.000000,0.000854,0.015054,0.000000,-0.001687,-0.018992,-4.727175,0.029107,0.104821,59.169678,-0.000141,0.001407,0.000000,0.000000,0.000000,0.000000
3.060000,2.923955,0.000000,0.001152,0.044294,0.000000,-0.001546,-0.061087,3.315942,0.027700,0.359469,-38.929352,-0.000102,0.000233,0.000000,0.000000,0.000000,0.000000
-1.120000,-19.208359,0.000000,-0.000914,-0.016212,0.000000,-0.001660,0.015742,-19.361923,0.032576,-0.028102,749.264160,-0.000324,0.014111,0.000000,0.000000,0.000000,0.000000
-4.050000,-4.241183,0.000000,-0.000880,-0.058624,0.000000,-0.001336,0.059124,-4.275348,0.018465,-0.105550,165.446625,0.000080,0.002821,0.000000,0.000000,0.000000,0.000000
-5.240000,-1.722528,0.000000,-0.000905,-0.075849,0.000000,-0.001416,0.078372,-1.749178,0.015644,-0.190537,49.704594,0.000179,0.000420,0.000000,0.000000,0.000000,0.000000
0.770000,8.699491,0.000000,-0.000992,0.011146,0.000000,-0.001595,-0.013046,8.914815,0.015223,0.039745,-202.155243,0.000133,-0.003721,0.000000,0.000000,0.000000,0.000000
8.070000,10.566769,0.000000,-0.000815,0.116813,0.000000,-0.001728,-0.130721,10.955137,0.018944,0.473941,-208.745987,-0.000146,-0.002664,0.000000,0.000000,0.000000,0.000000
-0.870000,-12.940672,0.000000,-0.000322,-0.012593,0.000000,-0.001581,0.014179,-13.605835,0.021608,-0.059044,225.720581,-0.000219,0.004119,0.000000,0.000000,0.000000,0.000000
-3.660000,-4.038532,0.000000,-0.000221,-0.052979,0.000000,-0.001362,0.063713,-4.315462,0.017489,-0.296894,63.978294,0.000091,0.000401,0.000000,0.000000,0.000000,0.000000
1.710000,7.773089,0.000000,-0.000240,0.024752,0.000000,-0.001453,-0.031694,8.455052,0.017088,0.162003,-114.274284,0.000074,-0.001726,0.000000,0.000000,0.000000,0.000000
-7.830000,-13.809175,0.000000,-0.000033,-0.113339,0.000000,-0.001528,0.151541,-15.331506,0.018814,-0.836396,191.903244,0.000119,0.001374,0.000000,0.000000,0.000000,0.000000
-0.760000,10.233843,0.000000,-0.000229,-0.011001,0.000000,-0.001647,0.015253,11.615591,0.017440,-0.089757,-136.367737,0.000261,-0.002827,0.000000,0.000000,0.000000,0.000000
0.710000,2.127829,0.000000,-0.000130,0.010277,0.000000,-0.001908,-0.015655,2.473015,0.020267,0.097208,-27.515020,0.000004,-0.000253,0.000000,0.000000,0.000000,0.000000
-3.650000,0.072375,0.000000,0.000391,-0.052834,0.000000,0.000072,0.054532,0.072587,0.013284,-0.097352,-2.808968,0.000149,-0.000316,0.000000,0.000000,0.000000,0.000000
-4.060000,-0.593476,0.000000,0.000281,-0.058769,0.000000,-0.000077,0.060461,-0.598560,0.013600,-0.107936,23.162975,0.000152,0.000147,0.000000,0.000000,0.000000,0.000000
-3.740000,0.463201,0.000000,0.000256,-0.054137,0.000000,-0.000229,0.056880,0.469745,0.013453,-0.138286,-13.348255,0.000162,-0.000627,0.000000,0.000000,0.000000,0.000000
-3.220000,0.752701,0.000000,0.000247,-0.046610,0.000000,-0.000391,0.050361,0.770721,0.014080,-0.153428,-17.477119,0.000151,-0.000745,0.000000,0.000000,0.000000,0.000000
4.410000,11.044444,0.000000,0.000262,0.063835,0.000000,-0.000542,-0.070648,11.450395,0.014824,0.256142,-218.182922,0.000025,-0.003437,0.000000,0.000000,0.000000,0.000000
0.610000,-5.500509,0.000000,0.000616,0.008830,0.000000,-0.000567,-0.009490,-5.784007,0.018262,0.039520,95.956573,-0.000135,0.001930,0.000000,0.000000,0.000000,0.000000
5.260000,6.730887,0.000000,0.000809,0.076139,0.000000,-0.000432,-0.090972,7.189202,0.016331,0.423918,-106.582535,-0.000110,-0.000875,0.000000,0.000000,0.000000,0.000000
1.140000,-5.963711,0.000000,0.001206,0.016502,0.000000,-0.000322,-0.019397,-6.489663,0.017206,0.099150,87.711060,-0.000175,0.001931,0.000000,0.000000,0.000000,0.000000
-6.540000,-11.116820,0.000000,0.001435,-0.094667,0.000000,-0.000147,0.128530,-12.343217,0.015276,-0.709397,154.499054,0.000114,0.001003,0.000000,0.000000,0.000000,0.000000
10.400000,26.387972,0.000000,-0.000402,0.150540,0.000000,-0.000943,-0.154492,26.597242,0.023411,0.275804,-1029.255249,0.000086,-0.018745,0.000000,0.000000,0.000000,0.000000
-2.780000,-19.078083,0.000000,0.000062,-0.040241,0.000000,-0.001029,0.041266,-19.230900,0.042156,-0.073669,744.193970,-0.000253,0.013927,0.000000,0.000000,0.000000,0.000000
-3.980000,-1.737003,0.000000,0.000227,-0.057611,0.000000,-0.000776,0.060483,-1.764418,0.028229,-0.147046,50.137642,0.000131,0.000526,0.000000,0.000000,0.000000,0.000000
-5.690000,-2.475230,0.000000,0.000338,-0.082363,0.000000,-0.000907,0.088888,-2.537916,0.027703,-0.270800,57.550602,0.000192,0.000356,0.000000,0.000000,0.000000,0.000000
2.020000,11.160245,0.000000,0.000374,0.029240,0.000000,-0.001099,-0.032079,11.569780,0.027347,0.116304,-220.457779,0.000132,-0.003860,0.000000,0.000000,0.000000,0.000000
3.350000,1.925178,0.000000,0.000751,0.048491,0.000000,-0.001231,-0.055163,2.021855,0.031208,0.229710,-33.542545,-0.000111,-0.000007,0.000000,0.000000,0.000000,0.000000
-12.430000,-22.841589,0.000000,0.001190,-0.179925,0.000000,-0.001120,0.218722,-24.404240,0.031214,-1.019221,361.801727,0.000130,0.004094,0.000000,0.000000,0.000000,0.000000
-3.990000,12.216922,0.000000,0.000960,-0.057755,0.000000,-0.001249,0.074461,13.288099,0.027121,-0.380605,-179.595352,0.000453,-0.004438,0.000000,0.000000,0.000000,0.000000
1.050000,7.295413,0.000000,0.001095,0.015199,0.000000,-0.001702,-0.018862,8.095711,0.031558,0.104107,-101.333382,0.000101,-0.001629,0.000000,0.000000,0.000000,0.000000
3.050000,2.895005,0.000000,0.001449,0.044149,0.000000,-0.001804,-0.060462,3.282401,0.033187,0.355787,-38.535580,-0.000102,0.000236,0.000000,0.000000,0.000000,0.000000
-3.700000,-5.037309,0.000000,-0.001193,-0.053558,0.000000,-0.002095,0.053710,-5.078339,0.039479,-0.095885,196.520599,0.000049,0.003461,0.000000,0.000000,0.000000,0.000000
-5.860000,-3.126606,0.000000,-0.001243,-0.084824,0.000000,-0.002145,0.085578,-3.152344,0.036018,-0.152776,121.988815,0.000172,0.001890,0.000000,0.000000,0.000000,0.000000
-6.200000,-0.492151,0.000000,-0.001166,-0.089745,0.000000,-0.002316,0.092630,-0.500728,0.034127,-0.225201,14.228659,0.000241,-0.000343,0.000000,0.000000,0.000000,0.000000
4.880000,16.038328,0.000000,-0.001115,0.070638,0.000000,-0.002557,-0.077120,16.434912,0.034471,0.234950,-372.683411,0.000102,-0.006421,0.000000,0.000000,0.000000,0.000000
4.870000,-0.014475,0.000000,-0.000570,0.070493,0.000000,-0.002659,-0.078973,-0.017034,0.040891,0.286325,0.324576,-0.000214,0.000793,0.000000,0.000000,0.000000,0.000000
1.740000,-4.530683,0.000000,-0.000032,0.025187,0.000000,-0.002445,-0.029140,-4.765549,0.040099,0.121346,79.060379,-0.000169,0.001824,0.000000,0.000000,0.000000,0.000000
2.900000,1.679103,0.000000,0.000369,0.041978,0.000000,-0.002276,-0.050249,1.791065,0.038275,0.234153,-26.553186,-0.000102,0.000127,0.000000,0.000000,0.000000,0.000000
-2.900000,-8.395514,0.000000,0.000821,-0.041978,0.000000,-0.002175,0.054276,-9.136543,0.038148,-0.277431,123.484978,-0.000026,0.001587,0.000000,0.000000,0.000000,0.000000
-2.670000,0.332926,0.000000,0.001033,-0.038648,0.000000,-0.002149,0.053071,0.366062,0.036560,-0.292913,-4.581968,0.000151,-0.000882,0.000000,0.000000,0.000000,0.000000
5.310000,11.551069,0.000000,0.001260,0.076862,0.000000,-0.002299,-0.107050,13.108076,0.037442,0.629936,-153.889603,-0.000042,-0.001208,0.000000,0.000000,0.000000,0.000000
1.520000,-5.486035,0.000000,0.001830,0.022002,0.000000,-0.002258,-0.030345,-6.385430,0.038651,0.188419,71.044960,-0.000203,0.001857,0.000000,0.000000,0.000000,0.000000
-5.010000,-3.618756,0.000000,-0.001602,-0.072520,0.000000,-0.002557,0.072711,-3.648551,0.042037,-0.129807,141.190964,0.000128,0.002319,0.000000,0.000000,0.000000,0.000000
-7.470000,-3.560856,0.000000,-0.001698,-0.108128,0.000000,-0.002685,0.108974,-3.590121,0.039718,-0.194543,138.929840,0.000227,0.002100,0.000000,0.000000,0.000000,0.000000
-9.000000,-2.214679,0.000000,-0.001660,-0.130275,0.000000,-0.002911,0.134498,-2.249515,0.037618,-0.326989,63.922142,0.000321,0.000322,0.000000,0.000000,0.000000,0.000000
-5.060000,5.703160,0.000000,-0.001706,-0.073244,0.000000,-0.003232,0.076889,5.843269,0.037296,-0.234245,-132.503876,0.000318,-0.003143,0.000000,0.000000,0.000000,0.000000
-5.040000,0.028950,0.000000,-0.001587,-0.072954,0.000000,-0.003550,0.079311,0.028230,0.040439,-0.287549,-0.537904,0.000214,-0.000782,0.000000,0.000000,0.000000,0.000000
2.230000,10.523343,0.000000,-0.001479,0.032279,0.000000,-0.003764,-0.039007,11.061214,0.041222,0.162433,-183.505371,0.000104,-0.003034,0.000000,0.000000,0.000000,0.000000
-0.040000,-3.285831,0.000000,-0.001066,-0.000579,0.000000,-0.003868,-0.000588,-3.512836,0.044255,0.002742,52.079060,-0.000068,0.000999,0.000000,0.000000,0.000000,0.000000
-2.280000,-3.242406,0.000000,-0.000760,-0.033003,0.000000,-0.003800,0.040889,-3.530190,0.043256,-0.209006,47.712292,0.000044,0.000336,0.000000,0.000000,0.000000,0.000000
4.230000,9.423242,0.000000,-0.000555,0.061229,0.000000,-0.003844,-0.082632,10.457951,0.042920,0.456070,-130.901337,-0.000026,-0.001246,0.000000,0.000000,0.000000,0.000000
2.990000,-1.794903,0.000000,-0.000079,0.043280,0.000000,-0.003818,-0.061396,-2.041184,0.044166,0.361284,23.963625,-0.000205,0.001433,0.000000,0.000000,0.000000,0.000000
1.130000,-2.692355,0.000000,0.000342,0.016357,0.000000,-0.003613,-0.024091,-3.135415,0.042732,0.149584,34.884964,-0.000124,0.001063,0.000000,0.000000,0.000000,0.000000
-6.530000,-10.306218,0.000000,-0.000819,-0.094522,0.000000,-0.001558,0.096020,-10.388979,0.032194,-0.171417,402.030823,0.000063,0.007147,0.000000,0.000000,0.000000,0.000000
-2.400000,5.978186,0.000000,-0.000997,-0.034740,0.000000,-0.001621,0.034549,6.025129,0.025047,-0.061678,-233.159348,0.000207,-0.004595,0.000000,0.000000,0.000000,0.000000
-2.350000,0.072375,0.000000,-0.000821,-0.034016,0.000000,-0.001829,0.034713,0.072506,0.029642,-0.084394,-2.060324,0.000095,-0.000259,0.000000,0.000000,0.000000,0.000000
0.560000,4.212233,0.000000,-0.000650,0.008106,0.000000,-0.001924,-0.009411,4.315522,0.029901,0.028672,-97.860176,0.000056,-0.001775,0.000000,0.000000,0.000000,0.000000
3.910000,4.849133,0.000000,-0.000353,0.056597,0.000000,-0.001980,-0.063288,5.026147,0.031676,0.229459,-95.771324,-0.000076,-0.001189,0.000000,0.000000,0.000000,0.000000
-0.060000,-5.746585,0.000000,0.000090,-0.000869,0.000000,-0.001903,0.001107,-6.043436,0.032865,-0.004610,100.260498,-0.000111,0.001888,0.000000,0.000000,0.000000,0.000000
0.590000,0.940877,0.000000,0.000359,0.008540,0.000000,-0.001792,-0.009880,1.002913,0.030977,0.046040,-14.868553,-0.000008,-0.000160,0.000000,0.000000,0.000000,0.000000
1.040000,0.651376,0.000000,0.000658,0.015054,0.000000,-0.001785,-0.018256,0.706001,0.031138,0.093315,-9.541953,-0.000036,0.000072,0.000000,0.000000,0.000000,0.000000
-6.150000,-10.407543,0.000000,0.000981,-0.089021,0.000000,-0.001749,0.120372,-11.556819,0.031066,-0.664368,144.655777,0.000107,0.000942,0.000000,0.000000,0.000000,0.000000
1.870000,11.608971,0.000000,0.001006,0.027068,0.000000,-0.001855,-0.036903,13.174606,0.030124,0.217158,-154.670670,0.000149,-0.002343,0.000000,0.000000,0.000000,0.000000
-1.410000,-4.747808,0.000000,0.001374,-0.020410,0.000000,-0.002005,0.032768,-5.525912,0.032467,-0.203465,61.481876,-0.000016,0.000618,0.000000,0.000000,0.000000,0.000000
-2.310000,3.879307,0.000000,-0.001082,-0.033437,0.000000,-0.001850,0.033208,3.909337,0.033601,-0.059283,-151.282822,0.000164,-0.003026,0.000000,0.000000,0.000000,0.000000
1.920000,6.122936,0.000000,-0.001092,0.027792,0.000000,-0.002013,-0.029575,6.170736,0.036627,0.052798,-238.794006,0.000037,-0.004373,0.000000,0.000000,0.000000,0.000000
-3.120000,-7.295413,0.000000,-0.000635,-0.045162,0.000000,-0.002050,0.046564,-7.407683,0.041000,-0.113205,210.496475,-0.000014,0.003688,0.000000,0.000000,0.000000,0.000000
-0.490000,3.806931,0.000000,-0.000419,-0.007093,0.000000,-0.002036,0.007173,3.899804,0.037313,-0.021852,-88.433235,0.000093,-0.001740,0.000000,0.000000,0.000000,0.000000
-1.460000,-1.404077,0.000000,-0.000088,-0.021134,0.000000,-0.002129,0.023388,-1.457823,0.039053,-0.084795,27.778259,0.000035,0.000300,0.000000,0.000000,0.000000,0.000000
-0.150000,1.896228,0.000000,0.000198,-0.002171,0.000000,-0.002164,0.002738,1.991126,0.038753,-0.011402,-33.032742,0.000045,-0.000657,0.000000,0.000000,0.000000,0.000000
-0.300000,-0.217125,0.000000,0.000542,-0.004343,0.000000,-0.002209,0.005899,-0.234819,0.039410,-0.027488,3.481281,0.000011,-0.000007,0.000000,0.000000,0.000000,0.000000
-4.990000,-6.788787,0.000000,0.000882,-0.072230,0.000000,-0.002221,0.092718,-7.388737,0.039418,-0.473930,99.862495,0.000111,0.000609,0.000000,0.000000,0.000000,0.000000
-3.160000,2.648929,0.000000,0.001028,-0.045741,0.000000,-0.002332,0.062551,2.936957,0.038809,-0.345237,-36.761658,0.000225,-0.001631,0.000000,0.000000,0.000000,0.000000
15.920000,18.774109,0.000000,-0.001901,0.230442,0.000000,-0.002855,-0.237797,18.922411,0.042252,0.424523,-732.255981,-0.000285,-0.012714,0.000000,0.000000,0.000000,0.000000
-1.670000,-25.461571,0.000000,-0.001177,-0.024173,0.000000,-0.002569,0.023546,-25.665428,0.054966,-0.042036,993.196045,-0.000422,0.018716,0.000000,0.000000,0.000000,0.000000
-12.420000,-15.560653,0.000000,-0.000912,-0.179780,0.000000,-0.002148,0.187048,-15.798356,0.036250,-0.454750,448.925598,0.000208,0.007236,0.000000,0.000000,0.000000,0.000000
5.780000,26.344547,0.000000,-0.001156,0.083666,0.000000,-0.002355,-0.091167,26.997097,0.029014,0.277744,-612.195007,0.000264,-0.010854,0.000000,0.000000,0.000000,0.000000
-8.050000,-20.018961,0.000000,-0.000586,-0.116524,0.000000,-0.002619,0.128842,-20.758259,0.039868,-0.467130,395.540741,-0.000045,0.006246,0.000000,0.000000,0.000000,0.000000
2.400000,15.126402,0.000000,-0.000633,0.034740,0.000000,-0.002574,-0.040873,15.900658,0.033622,0.170204,-263.791626,0.000191,-0.004546,0.000000,0.000000,0.000000,0.000000
5.970000,5.167583,0.000000,-0.000230,0.086416,0.000000,-0.002765,-0.104637,5.518045,0.038168,0.487599,-81.807022,-0.000179,-0.000222,0.000000,0.000000,0.000000,0.000000
-9.030000,-21.712538,0.000000,0.000322,-0.130709,0.000000,-0.002586,0.166169,-23.623669,0.038390,-0.849373,319.285767,0.000003,0.003749,0.000000,0.000000,0.000000,0.000000
3.660000,18.368809,0.000000,0.000239,0.052979,0.000000,-0.002589,-0.070536,20.388914,0.034641,0.389306,-255.206406,0.000195,-0.003786,0.000000,0.000000,0.000000,0.000000
4.640000,1.418552,0.000000,0.000693,0.067164,0.000000,-0.002784,-0.094121,1.606500,0.038427,0.553855,-18.860411,-0.000225,0.001148,0.000000,0.000000,0.000000,0.000000
-0.760000,-7.816514,0.000000,0.001190,-0.011001,0.000000,-0.002559,0.018339,-9.095186,0.037279,-0.113871,101.193985,-0.000122,0.001606,0.000000,0.000000,0.000000,0.000000
-3.760000,2.272579,0.000000,-0.001095,-0.054426,0.000000,-0.001891,0.054688,2.289800,0.034855,-0.097631,-88.610245,0.000192,-0.001945,0.000000,0.000000,0.000000,0.000000
-1.150000,3.777982,0.000000,-0.001159,-0.016646,0.000000,-0.002083,0.015857,3.807131,0.036800,-0.028309,-147.327652,0.000115,-0.002863,0.000000,0.000000,0.000000,0.000000
-8.730000,-10.972068,0.000000,-0.000838,-0.126367,0.000000,-0.002198,0.131270,-11.140155,0.039662,-0.319141,316.558289,0.000144,0.005136,0.000000,0.000000,0.000000,0.000000
-5.240000,5.051784,0.000000,-0.000880,-0.075849,0.000000,-0.002342,0.080577,5.175733,0.034526,-0.245481,-117.366615,0.000316,-0.002896,0.000000,0.000000,0.000000,0.000000
11.360000,24.028542,0.000000,-0.000770,0.164436,0.000000,-0.002657,-0.183594,24.911751,0.037422,0.665640,-474.683929,-0.000026,-0.007182,0.000000,0.000000,0.000000,0.000000
-2.950000,-20.713762,0.000000,0.000066,-0.042701,0.000000,-0.002632,0.049416,-21.779242,0.044604,-0.205781,361.317261,-0.000279,0.006298,0.000000,0.000000,0.000000,0.000000
-8.560000,-8.120490,0.000000,0.000279,-0.123906,0.000000,-0.002353,0.149971,-8.677814,0.038306,-0.698848,128.651733,0.000242,0.000534,0.000000,0.000000,0.000000,0.000000
2.810000,16.458105,0.000000,0.000253,0.040675,0.000000,-0.002595,-0.051261,17.901558,0.037772,0.262019,-241.948547,0.000200,-0.003874,0.000000,0.000000,0.000000,0.000000
-1.130000,-5.703160,0.000000,0.000712,-0.016357,0.000000,-0.002795,0.022828,-6.335013,0.041646,-0.125997,79.294861,-0.000059,0.001168,0.000000,0.000000,0.000000,0.000000
3.140000,6.180836,0.000000,0.001008,0.045452,0.000000,-0.002736,-0.062931,7.011994,0.040478,0.370317,-82.321220,-0.000037,-0.000559,0.000000,0.000000,0.000000,0.000000
1.020000,-3.068706,0.000000,0.001488,0.014765,0.000000,-0.002699,-0.019971,-3.573933,0.041037,0.124003,39.763954,-0.000122,0.001089,0.000000,0.000000,0.000000,0.000000
-7.850000,-14.909277,0.000000,-0.001528,-0.113629,0.000000,-0.002461,0.114876,-15.028842,0.041047,-0.205080,581.583435,0.000026,0.010456,0.000000,0.000000,0.000000,0.000000
-5.260000,3.749031,0.000000,-0.001738,-0.076139,0.000000,-0.002488,0.076179,3.778138,0.030591,-0.135997,-146.205688,0.000278,-0.003156,0.000000,0.000000,0.000000,0.000000
-2.940000,3.358206,0.000000,-0.001650,-0.042557,0.000000,-0.002765,0.042778,3.408208,0.033747,-0.104001,-96.847527,0.000180,-0.002109,0.000000,0.000000,0.000000,0.000000
-3.890000,-1.375127,0.000000,-0.001466,-0.056308,0.000000,-0.002945,0.058945,-1.410617,0.035856,-0.179577,31.987606,0.000132,0.000124,0.000000,0.000000,0.000000,0.000000
7.650000,16.704180,0.000000,-0.001336,0.110734,0.000000,-0.003077,-0.124543,17.317829,0.035733,0.451544,-329.984650,-0.000009,-0.005027,0.000000,0.000000,0.000000,0.000000
1.260000,-9.249541,0.000000,-0.000706,0.018239,0.000000,-0.003068,-0.021890,-9.726364,0.040760,0.091156,161.360214,-0.000243,0.003311,0.000000,0.000000,0.000000,0.000000
0.950000,-0.448726,0.000000,-0.000361,0.013751,0.000000,-0.002825,-0.017042,-0.481763,0.037448,0.079415,7.142312,-0.000055,0.000344,0.000000,0.000000,0.000000,0.000000
-2.370000,-4.805708,0.000000,-0.000031,-0.034306,0.000000,-0.002770,0.043466,-5.230772,0.037104,-0.222174,70.696510,0.000019,0.000737,0.000000,0.000000,0.000000,0.000000
-4.850000,-3.589806,0.000000,0.000156,-0.070204,0.000000,-0.002789,0.094102,-3.988160,0.036367,-0.519378,49.919487,0.000179,-0.000461,0.000000,0.000000,0.000000,0.000000
-5.470000,-32.684608,0.000000,-0.000996,-0.079178,0.000000,-0.001680,0.080122,-32.945274,0.029995,-0.143036,1274.910278,-0.000407,0.023754,0.000000,0.000000,0.000000,0.000000
4.280000,14.113150,0.000000,-0.001138,0.061953,0.000000,-0.001272,-0.064598,14.225283,0.006241,0.115323,-550.487366,0.000095,-0.010155,0.000000,0.000000,0.000000,0.000000
-3.070000,-10.639144,0.000000,-0.000827,-0.044438,0.000000,-0.001368,0.045606,-10.801353,0.016397,-0.110877,306.930878,-0.000081,0.005531,0.000000,0.000000,0.000000,0.000000
-5.880000,-4.067483,0.000000,-0.000868,-0.085113,0.000000,-0.001286,0.090547,-4.168759,0.010866,-0.275856,94.532143,0.000166,0.001034,0.000000,0.000000,0.000000,0.000000
-5.140000,1.071153,0.000000,-0.001041,-0.074402,0.000000,-0.001453,0.081526,1.110309,0.009832,-0.295580,-21.156513,0.000241,-0.001202,0.000000,0.000000,0.000000,0.000000
-6.450000,-1.896228,0.000000,-0.001189,-0.093364,0.000000,-0.001694,0.106506,-1.993840,0.011035,-0.443517,33.077766,0.000250,-0.000571,0.000000,0.000000,0.000000,0.000000
-3.110000,4.834659,0.000000,-0.001402,-0.045017,0.000000,-0.001944,0.052672,5.164618,0.011606,-0.245444,-76.567345,0.000240,-0.002113,0.000000,0.000000,0.000000,0.000000
-0.440000,3.864831,0.000000,-0.001482,-0.006369,0.000000,-0.002184,0.006198,4.204175,0.013718,-0.031679,-56.821548,0.000096,-0.001158,0.000000,0.000000,0.000000,0.000000
-3.110000,-3.864832,0.000000,-0.001459,-0.045017,0.000000,-0.002280,0.058256,-4.290805,0.014876,-0.321533,53.707680,0.000076,0.000149,0.000000,0.000000,0.000000,0.000000
-0.430000,3.879307,0.000000,-0.001559,-0.006224,0.000000,-0.002356,0.006605,4.403435,0.014727,-0.038869,-51.696590,0.000101,-0.001084,0.000000,0.000000,0.000000,0.000000
-10.120000,-6.846687,0.000000,0.001667,-0.146487,0.000000,0.001701,0.151695,-6.901144,-0.002810,-0.270810,267.059204,0.000279,0.004326,0.000000,0.000000,0.000000,0.000000
-2.320000,11.290520,0.000000,0.001267,-0.033582,0.000000,0.001422,0.035682,11.380437,-0.007137,-0.063700,-440.398041,0.000311,-0.008519,0.000000,0.000000,0.000000,0.000000
-4.070000,-2.533130,0.000000,0.001212,-0.058913,0.000000,0.001110,0.062875,-2.571788,0.001383,-0.152861,73.079849,0.000121,0.000986,0.000000,0.000000,0.000000,0.000000
1.130000,7.527013,0.000000,0.001082,0.016357,0.000000,0.000989,-0.016417,7.713600,0.000397,0.050016,-174.916107,0.000101,-0.003179,0.000000,0.000000,0.000000,0.000000
3.490000,3.416106,0.000000,0.001195,0.050518,0.000000,0.000888,-0.054812,3.541487,0.003575,0.198727,-67.481674,-0.000081,-0.000734,0.000000,0.000000,0.000000,0.000000
1.750000,-2.518655,0.000000,0.001420,0.025331,0.000000,0.000969,-0.027629,-2.648552,0.004309,0.115053,43.939438,-0.000125,0.001145,0.000000,0.000000,0.000000,0.000000
0.770000,-1.418553,0.000000,0.001579,0.011146,0.000000,0.001094,-0.011553,-1.516253,0.003165,0.053837,22.479006,-0.000060,0.000569,0.000000,0.000000,0.000000,0.000000
-0.050000,-1.186952,0.000000,0.001707,-0.000724,0.000000,0.001154,0.003082,-1.292274,0.002596,-0.015755,17.465734,-0.000016,0.000287,0.000000,0.000000,0.000000,0.000000
3.770000,5.558410,0.000000,-0.000065,0.054571,0.000000,-0.000529,-0.055892,5.602103,0.019864,0.099779,-216.789169,-0.000045,-0.003836,0.000000,0.000000,0.000000,0.000000
0.730000,-4.400408,0.000000,0.000131,0.010567,0.000000,-0.000484,-0.010685,-4.436022,0.023699,0.019075,171.664368,-0.000113,0.003309,0.000000,0.000000,0.000000,0.000000
-3.490000,-6.108461,0.000000,0.000362,-0.050518,0.000000,-0.000371,0.053207,-6.202055,0.020390,-0.129356,176.237366,0.000027,0.002981,0.000000,0.000000,0.000000,0.000000
-7.010000,-5.095209,0.000000,0.000397,-0.101470,0.000000,-0.000398,0.109487,-5.222457,0.017409,-0.333558,118.426140,0.000197,0.001335,0.000000,0.000000,0.000000,0.000000
-5.700000,1.896229,0.000000,0.000276,-0.082508,0.000000,-0.000595,0.091997,1.965168,0.016074,-0.333546,-37.445534,0.000286,-0.001614,0.000000,0.000000,0.000000,0.000000
-1.400000,6.224261,0.000000,0.000214,-0.020265,0.000000,-0.000881,0.023663,6.542484,0.017688,-0.098539,-108.539703,0.000187,-0.002319,0.000000,0.000000,0.000000,0.000000
-0.410000,1.433028,0.000000,0.000340,-0.005935,0.000000,-0.001068,0.007577,1.529426,0.020007,-0.035309,-22.674292,0.000049,-0.000521,0.000000,0.000000,0.000000,0.000000
-4.310000,-5.645260,0.000000,0.000509,-0.062387,0.000000,-0.001117,0.079762,-6.143137,0.020527,-0.407706,83.027603,0.000099,0.000470,0.000000,0.000000,0.000000,0.000000
-0.440000,5.601835,0.000000,0.000516,-0.006369,0.000000,-0.001217,0.009208,6.216875,0.020057,-0.050821,-77.816139,0.000142,-0.001612,0.000000,0.000000,0.000000,0.000000
5.950000,9.249540,0.000000,0.000689,0.086126,0.000000,-0.001359,-0.120976,10.497252,0.021669,0.711886,-123.238373,-0.000129,-0.000405,0.000000,0.000000,0.000000,0.000000
2.780000,-4.588583,0.000000,0.001133,0.040241,0.000000,-0.001230,-0.058828,-5.339592,0.022074,0.365275,59.408867,-0.000260,0.002114,0.000000,0.000000,0.000000,0.000000
-1.960000,1.302752,0.000000,-0.000206,-0.028371,0.000000,-0.000781,0.028900,1.312481,0.024717,-0.051593,-50.790157,0.000104,-0.001105,0.000000,0.000000,0.000000,0.000000
-1.830000,0.188175,0.000000,-0.000223,-0.026489,0.000000,-0.000885,0.026894,0.189015,0.025822,-0.048013,-7.314470,0.000076,-0.000266,0.000000,0.000000,0.000000,0.000000
-0.680000,1.664628,0.000000,-0.000045,-0.009843,0.000000,-0.000961,0.010247,1.689015,0.026089,-0.024911,-47.994987,0.000060,-0.000976,0.000000,0.000000,0.000000,0.000000
-1.820000,-1.650153,0.000000,0.000186,-0.026345,0.000000,-0.001020,0.028515,-1.692317,0.027064,-0.086873,38.375534,0.000045,0.000493,0.000000,0.000000,0.000000,0.000000
2.040000,5.587360,0.000000,0.000366,0.029529,0.000000,-0.001065,-0.032409,5.791679,0.026571,0.117502,-110.358246,0.000022,-0.001773,0.000000,0.000000,0.000000,0.000000
-0.590000,-3.806931,0.000000,0.000718,-0.008540,0.000000,-0.001087,0.010698,-4.004173,0.028344,-0.044547,66.429153,-0.000047,0.001141,0.000000,0.000000,0.000000,0.000000
1.310000,2.750255,0.000000,0.000960,0.018962,0.000000,-0.001040,-0.021741,2.935900,0.027203,0.101310,-43.525780,-0.000003,-0.000552,0.000000,0.000000,0.000000,0.000000
-5.890000,-10.422018,0.000000,0.001289,-0.085258,0.000000,-0.001037,0.109755,-11.340595,0.027755,-0.561013,153.273849,0.000082,0.001386,0.000000,0.000000,0.000000,0.000000
-2.040000,5.572885,0.000000,0.001321,-0.029529,0.000000,-0.001119,0.041259,6.183758,0.026370,-0.227723,-77.401604,0.000229,-0.002084,0.000000,0.000000,0.000000,0.000000
-1.360000,0.984302,0.000000,0.001523,-0.019686,0.000000,-0.001348,0.030032,1.113822,0.028454,-0.176721,-13.076340,0.000102,-0.000722,0.000000,0.000000,0.000000,0.000000
-1.980000,-0.897452,0.000000,0.001764,-0.028661,0.000000,-0.001450,0.045767,-1.047866,0.029176,-0.284175,11.658662,0.000104,-0.000547,0.000000,0.000000,0.000000,0.000000
-5.180000,-7.599388,0.000000,-0.001451,-0.074981,0.000000,-0.002252,0.075369,-7.660675,0.035368,-0.134552,296.451385,0.000059,0.005250,0.000000,0.000000,0.000000,0.000000
1.050000,9.017941,0.000000,-0.001569,0.015199,0.000000,-0.002311,-0.017169,9.088955,0.030118,0.030650,-351.722717,0.000126,-0.006587,0.000000,0.000000,0.000000,0.000000
-4.220000,-7.628338,0.000000,-0.001197,-0.061085,0.000000,-0.002436,0.062626,-7.745468,0.036705,-0.152257,220.094940,0.000023,0.003768,0.000000,0.000000,0.000000,0.000000
-0.820000,4.921508,0.000000,-0.001082,-0.011870,0.000000,-0.002459,0.011595,5.042325,0.032937,-0.035324,-114.341408,0.000127,-0.002268,0.000000,0.000000,0.000000,0.000000
-0.200000,0.897452,0.000000,-0.000820,-0.002895,0.000000,-0.002586,0.002306,0.928832,0.035204,-0.008359,-17.698542,0.000024,-0.000354,0.000000,0.000000,0.000000,0.000000
-0.790000,-0.854027,0.000000,-0.000538,-0.011435,0.000000,-0.002609,0.012591,-0.899832,0.035558,-0.052432,14.928192,0.000017,0.000141,0.000000,0.000000,0.000000,0.000000
-7.250000,-9.350866,0.000000,-0.000287,-0.104944,0.000000,-0.002626,0.126389,-9.991816,0.035416,-0.588956,148.132294,0.000153,0.001211,0.000000,0.000000,0.000000,0.000000
1.730000,12.998572,0.000000,-0.000315,0.025042,0.000000,-0.002779,-0.032156,14.138530,0.034205,0.164366,-191.089325,0.000180,-0.003176,0.000000,0.000000,0.000000,0.000000
1.210000,-0.752701,0.000000,0.000036,0.017515,0.000000,-0.002959,-0.023377,-0.838606,0.037381,0.129022,10.496771,-0.000079,0.000554,0.000000,0.000000,0.000000,0.000000
-0.900000,-3.054230,0.000000,0.000364,-0.013028,0.000000,-0.002880,0.018962,-3.470395,0.036827,-0.111579,40.742645,-0.000014,0.000469,0.000000,0.000000,0.000000,0.000000
-0.430000,0.680326,0.000000,0.000605,-0.006224,0.000000,-0.002866,0.010273,0.787464,0.036359,-0.063787,-8.761402,0.000043,-0.000339,0.000000,0.000000,0.000000,0.000000
-4.160000,-0.506626,0.000000,-0.000868,-0.060216,0.000000,-0.001567,0.060840,-0.511406,0.030534,-0.108613,19.790306,0.000155,0.000082,0.000000,0.000000,0.000000,0.000000
-3.160000,1.447502,0.000000,-0.000957,-0.045741,0.000000,-0.001722,0.045854,1.458272,0.030452,-0.081860,-56.431950,0.000151,-0.001290,0.000000,0.000000,0.000000,0.000000
2.860000,8.713965,0.000000,-0.000791,0.041399,0.000000,-0.001873,-0.044119,8.845365,0.031742,0.107261,-251.349564,0.000048,-0.004467,0.000000,0.000000,0.000000,0.000000
2.270000,-0.854026,0.000000,-0.000348,0.032858,0.000000,-0.001921,-0.035691,-0.876763,0.036209,0.108733,19.881760,-0.000113,0.000679,0.000000,0.000000,0.000000,0.000000
4.330000,2.981856,0.000000,0.000063,0.062677,0.000000,-0.001808,-0.069582,3.089804,0.035530,0.252278,-58.875046,-0.000130,-0.000434,0.000000,0.000000,0.000000,0.000000
0.590000,-5.413660,0.000000,0.000566,0.008540,0.000000,-0.001678,-0.009214,-5.693753,0.035964,0.038371,94.459267,-0.000132,0.001893,0.000000,0.000000,0.000000,0.000000
2.760000,3.141081,0.000000,0.000909,0.039951,0.000000,-0.001546,-0.047149,3.352975,0.034071,0.219710,-49.709080,-0.000064,-0.000350,0.000000,0.000000,0.000000,0.000000
-3.980000,-9.756167,0.000000,0.001350,-0.057611,0.000000,-0.001482,0.074772,-10.616752,0.034421,-0.382196,143.490738,0.000001,0.001684,0.000000,0.000000,0.000000,0.000000
-1.100000,4.168808,0.000000,0.001514,-0.015923,0.000000,-0.001483,0.023321,4.624423,0.032737,-0.128713,-57.883533,0.000151,-0.001447,0.000000,0.000000,0.000000,0.000000
0.110000,1.751478,0.000000,0.001809,0.001592,0.000000,-0.001634,0.000308,1.983989,0.034185,-0.001810,-23.292147,0.000038,-0.000443,0.000000,0.000000,0.000000,0.000000
-4.910000,-2.981855,0.000000,-0.001771,-0.071072,0.000000,-0.002746,0.071058,-3.006603,0.043035,-0.126855,116.348953,0.000135,0.001861,0.000000,0.000000,0.000000,0.000000
-2.350000,3.705607,0.000000,-0.001861,-0.034016,0.000000,-0.002881,0.032924,3.734101,0.041174,-0.058777,-144.501541,0.000160,-0.002899,0.000000,0.000000,0.000000,0.000000
2.660000,7.251988,0.000000,-0.001558,0.038504,0.000000,-0.003041,-0.041894,7.360801,0.044073,0.101851,-209.164276,0.000026,-0.003680,0.000000,0.000000,0.000000,0.000000
-0.500000,-4.574108,0.000000,-0.001033,-0.007238,0.000000,-0.003066,0.006669,-4.689558,0.047753,-0.020318,106.341934,-0.000071,0.001965,0.000000,0.000000,0.000000,0.000000
2.270000,4.009582,0.000000,-0.000659,0.032858,0.000000,-0.002996,-0.037247,4.154998,0.045787,0.135044,-79.171906,-0.000022,-0.001137,0.000000,0.000000,0.000000,0.000000
-1.740000,-5.804485,0.000000,-0.000168,-0.025187,0.000000,-0.002974,0.028909,-6.105079,0.046925,-0.120382,101.283165,-0.000037,0.001594,0.000000,0.000000,0.000000,0.000000
2.390000,5.978186,0.000000,0.000146,0.034595,0.000000,-0.002936,-0.041602,6.383386,0.045330,0.193860,-94.636017,0.000008,-0.001270,0.000000,0.000000,0.000000,0.000000
11.140000,10.103568,0.000000,-0.001881,0.161252,0.000000,-0.002987,-0.166917,10.182746,0.048702,0.297986,-394.050018,-0.000259,-0.006653,0.000000,0.000000,0.000000,0.000000
-2.400000,-19.599184,0.000000,-0.001329,-0.034740,0.000000,-0.002728,0.034210,-19.756420,0.055354,-0.061072,764.530457,-0.000281,0.014323,0.000000,0.000000,0.000000,0.000000
3.500000,8.540265,0.000000,-0.001049,0.050663,0.000000,-0.002447,-0.054077,8.668720,0.041031,0.131471,-246.330048,0.000018,-0.004335,0.000000,0.000000,0.000000,0.000000
-5.590000,-13.157799,0.000000,-0.000500,-0.080915,0.000000,-0.002466,0.086431,-13.486199,0.045366,-0.263316,305.817474,-0.000022,0.005086,0.000000,0.000000,0.000000,0.000000
-5.230000,0.521101,0.000000,-0.000367,-0.075704,0.000000,-0.002444,0.083723,0.538258,0.040280,-0.303545,-10.256300,0.000237,-0.001025,0.000000,0.000000,0.000000,0.000000
-4.810000,0.607951,0.000000,-0.000221,-0.069625,0.000000,-0.002681,0.080195,0.636718,0.041304,-0.333950,-10.563139,0.000229,-0.001101,0.000000,0.000000,0.000000,0.000000
0.720000,8.004689,0.000000,-0.000059,0.010422,0.000000,-0.002909,-0.012657,8.548575,0.042406,0.058982,-126.735756,0.000127,-0.002238,0.000000,0.000000,0.000000,0.000000
-2.390000,-4.501733,0.000000,0.000338,-0.034595,0.000000,-0.003036,0.044301,-4.900818,0.044644,-0.226446,66.237030,0.000027,0.000646,0.000000,0.000000,0.000000,0.000000
-3.230000,-1.215902,0.000000,0.000604,-0.046754,0.000000,-0.003063,0.063339,-1.353684,0.043998,-0.349587,16.943960,0.000146,-0.000626,0.000000,0.000000,0.000000,0.000000
3.560000,9.828543,0.000000,0.000838,0.051531,0.000000,-0.003209,-0.071779,11.152443,0.044624,0.422384,-130.930359,0.000017,-0.001335,0.000000,0.000000,0.000000,0.000000
-2.440000,2.113354,0.000000,-0.001485,-0.035319,0.000000,-0.002483,0.034746,2.129095,0.043768,-0.062029,-82.391342,0.000134,-0.001725,0.000000,0.000000,0.000000,0.000000
-2.380000,0.086850,0.000000,-0.001476,-0.034451,0.000000,-0.002617,0.033762,0.086435,0.045494,-0.060274,-3.344846,0.000093,-0.000223,0.000000,0.000000,0.000000,0.000000
-5.960000,-5.182059,0.000000,-0.001152,-0.086271,0.000000,-0.002710,0.089013,-5.262328,0.045717,-0.216406,149.534134,0.000141,0.002246,0.000000,0.000000,0.000000,0.000000
0.540000,9.408767,0.000000,-0.001004,0.007817,0.000000,-0.002851,-0.009480,9.640445,0.043471,0.028882,-218.609879,0.000157,-0.004065,0.000000,0.000000,0.000000,0.000000
1.830000,1.867278,0.000000,-0.000570,0.026489,0.000000,-0.003008,-0.030071,1.933679,0.047536,0.109026,-36.845516,-0.000045,-0.000395,0.000000,0.000000,0.000000,0.000000
0.910000,-1.331702,0.000000,-0.000085,0.013172,0.000000,-0.002963,-0.015318,-1.402893,0.047931,0.063789,23.273975,-0.000068,0.000614,0.000000,0.000000,0.000000,0.000000
-1.880000,-4.038532,0.000000,0.000359,-0.027213,0.000000,-0.002895,0.033297,-4.317694,0.047317,-0.155159,64.011383,0.000008,0.000791,0.000000,0.000000,0.000000,0.000000
0.480000,3.416106,0.000000,0.000684,0.006948,0.000000,-0.002903,-0.007944,3.712549,0.046526,0.040606,-50.176968,0.000049,-0.000842,0.000000,0.000000,0.000000,0.000000
-0.170000,-0.940877,0.000000,0.001113,-0.002461,0.000000,-0.002952,0.004780,-1.048939,0.047368,-0.026382,13.129487,-0.000007,0.000179,0.000000,0.000000,0.000000,0.000000
0.720000,15.502752,0.000000,-0.002285,0.010422,0.000000,-0.003409,-0.012895,15.624860,0.049806,0.023021,-604.647949,0.000261,-0.011387,0.000000,0.000000,0.000000,0.000000
-4.840000,-8.048115,0.000000,-0.002138,-0.070059,0.000000,-0.003670,0.069544,-8.113601,0.061194,-0.124152,313.978638,0.000034,0.005630,0.000000,0.000000,0.000000,0.000000
-5.130000,-0.419776,0.000000,-0.001828,-0.074257,0.000000,-0.003704,0.075741,-0.427948,0.055563,-0.184141,12.160551,0.000197,-0.000278,0.000000,0.000000,0.000000,0.000000
-2.390000,3.966157,0.000000,-0.001545,-0.034595,0.000000,-0.003900,0.035522,4.062326,0.055841,-0.108220,-92.118645,0.000173,-0.002037,0.000000,0.000000,0.000000,0.000000
1.210000,5.211009,0.000000,-0.001151,0.017515,0.000000,-0.004073,-0.020743,5.400145,0.057878,0.075206,-102.897705,0.000046,-0.001741,0.000000,0.000000,0.000000,0.000000
10.610000,13.606524,0.000000,-0.000607,0.153580,0.000000,-0.004119,-0.178159,14.301224,0.059619,0.741897,-237.257065,-0.000211,-0.002482,0.000000,0.000000,0.000000,0.000000
-7.250000,-25.852394,0.000000,0.000340,-0.104944,0.000000,-0.003908,0.127145,-27.622446,0.062101,-0.592481,409.512787,-0.000179,0.006156,0.000000,0.000000,0.000000,0.000000
-7.730000,-0.694802,0.000000,0.000521,-0.111892,0.000000,-0.003729,0.142557,-0.760251,0.055945,-0.728678,10.275172,0.000372,-0.001788,0.000000,0.000000,0.000000,0.000000
2.410000,14.677675,0.000000,0.000685,0.034885,0.000000,-0.004100,-0.045740,16.289156,0.057733,0.252455,-203.890060,0.000184,-0.003174,0.000000,0.000000,0.000000,0.000000
5.980000,5.167584,0.000000,0.001279,0.086561,0.000000,-0.004284,-0.120755,5.859871,0.060908,0.710584,-68.795242,-0.000216,0.000625,0.000000,0.000000,0.000000,0.000000
0.180000,-5.630785,0.000000,-0.002718,0.002606,0.000000,-0.004062,-0.005313,-5.676984,0.059563,0.009484,219.686890,-0.000121,0.004184,0.000000,0.000000,0.000000,0.000000
-2.920000,-4.487258,0.000000,-0.002569,-0.042267,0.000000,-0.003941,0.040646,-4.524254,0.055379,-0.072563,175.078766,0.000025,0.003111,0.000000,0.000000,0.000000,0.000000
-1.570000,1.954129,0.000000,-0.002223,-0.022726,0.000000,-0.003965,0.021441,1.982189,0.052267,-0.052126,-56.325821,0.000095,-0.001213,0.000000,0.000000,0.000000,0.000000
-2.440000,-1.259327,0.000000,-0.001829,-0.035319,0.000000,-0.004061,0.035995,-1.292668,0.053481,-0.109660,29.312963,0.000073,0.000261,0.000000,0.000000,0.000000,0.000000
-1.090000,1.954129,0.000000,-0.001489,-0.015778,0.000000,-0.004133,0.015879,2.023624,0.053220,-0.057570,-38.559391,0.000081,-0.000886,0.000000,0.000000,0.000000,0.000000
0.820000,2.764730,0.000000,-0.001101,0.011870,0.000000,-0.004214,-0.014987,2.903640,0.054106,0.062411,-48.171329,0.000014,-0.000742,0.000000,0.000000,0.000000,0.000000
-1.620000,-3.531906,0.000000,-0.000639,-0.023450,0.000000,-0.004229,0.027547,-3.776594,0.054848,-0.128366,55.989388,0.000003,0.000714,0.000000,0.000000,0.000000,0.000000
-4.100000,-3.589806,0.000000,-0.000287,-0.059348,0.000000,-0.004232,0.074898,-3.909153,0.054134,-0.382841,52.834156,0.000129,-0.000036,0.000000,0.000000,0.000000,0.000000
-3.470000,0.911926,0.000000,-0.000043,-0.050228,0.000000,-0.004360,0.067119,1.008058,0.054170,-0.370450,-12.617776,0.000200,-0.001241,0.000000,0.000000,0.000000,0.000000
6.650000,14.648726,0.000000,0.000225,0.096259,0.000000,-0.004561,-0.135980,16.623575,0.055411,0.800174,-195.161758,-0.000053,-0.001529,0.000000,0.000000,0.000000,0.000000
8.780000,3.083180,0.000000,0.000918,0.127091,0.000000,-0.004507,-0.189798,3.579941,0.056940,1.178498,-39.830799,-0.000446,0.002436,0.000000,0.000000,0.000000,0.000000
-1.460000,-18.687258,0.000000,-0.001930,-0.021134,0.000000,-0.003036,0.019776,-18.837049,0.048769,-0.035306,728.952637,-0.000302,0.013703,0.000000,0.000000,0.000000,0.000000
-5.640000,-6.050560,0.000000,-0.001872,-0.081639,0.000000,-0.002734,0.081674,-6.099498,0.035066,-0.145806,236.037247,0.000106,0.004050,0.000000,0.000000,0.000000,0.000000
-0.730000,7.107237,0.000000,-0.001829,-0.010567,0.000000,-0.002840,0.009138,7.214334,0.031017,-0.022216,-205.002258,0.000161,-0.003949,0.000000,0.000000,0.000000,0.000000
3.350000,5.905810,0.000000,-0.001568,0.048491,0.000000,-0.003001,-0.053804,6.051030,0.034966,0.163917,-137.215118,-0.000031,-0.002147,0.000000,0.000000,0.000000,0.000000
0.560000,-4.038532,0.000000,-0.001136,0.008106,0.000000,-0.002970,-0.010271,-4.188985,0.037113,0.037237,79.819527,-0.000107,0.001616,0.000000,0.000000,0.000000,0.000000
-2.070000,-3.806931,0.000000,-0.000836,-0.029963,0.000000,-0.002863,0.033656,-4.004153,0.035497,-0.140153,66.428833,0.000015,0.000876,0.000000,0.000000,0.000000,0.000000
-0.200000,2.706830,0.000000,-0.000656,-0.002895,0.000000,-0.002878,0.002704,2.889621,0.034622,-0.012601,-42.839687,0.000062,-0.000847,0.000000,0.000000,0.000000,0.000000
-6.370000,-8.931091,0.000000,-0.000401,-0.092206,0.000000,-0.002940,0.116423,-9.718404,0.035468,-0.595098,131.349091,0.000131,0.000879,0.000000,0.000000,0.000000,0.000000
-2.040000,6.267685,0.000000,-0.000411,-0.029529,0.000000,-0.003071,0.038943,6.955444,0.034590,-0.214937,-87.060745,0.000237,-0.002232,0.000000,0.000000,0.000000,0.000000
-0.990000,1.519878,0.000000,-0.000243,-0.014330,0.000000,-0.003308,0.019947,1.722320,0.036821,-0.117380,-20.220142,0.000086,-0.000696,0.000000,0.000000,0.000000,0.000000
-0.700000,0.419776,0.000000,-0.000033,-0.010133,0.000000,-0.003394,0.015192,0.484867,0.037517,-0.094332,-5.394684,0.000050,-0.000356,0.000000,0.000000,0.000000,0.000000
-0.580000,3.966157,0.000000,-0.000496,-0.008396,0.000000,-0.001087,0.008151,3.997057,0.025642,-0.014551,-154.677399,0.000098,-0.002968,0.000000,0.000000,0.000000,0.000000
-2.370000,-2.591029,0.000000,-0.000456,-0.034306,0.000000,-0.001185,0.034658,-2.612353,0.028610,-0.061873,101.092369,0.000044,0.001752,0.000000,0.000000,0.000000,0.000000
-3.610000,-1.794903,0.000000,-0.000297,-0.052255,0.000000,-0.001229,0.054334,-1.823103,0.026857,-0.132096,51.805225,0.000112,0.000620,0.000000,0.000000,0.000000,0.000000
-2.070000,2.229154,0.000000,-0.000198,-0.029963,0.000000,-0.001342,0.031992,2.283335,0.026237,-0.097464,-51.777660,0.000130,-0.001245,0.000000,0.000000,0.000000,0.000000
1.790000,5.587359,0.000000,-0.000032,0.025910,0.000000,-0.001471,-0.028830,5.791716,0.027482,0.104525,-110.358932,0.000031,-0.001805,0.000000,0.000000,0.000000,0.000000
0.290000,-2.171254,0.000000,0.000304,0.004198,0.000000,-0.001503,-0.004500,-2.284509,0.029287,0.018737,37.899963,-0.000055,0.000772,0.000000,0.000000,0.000000,0.000000
-2.020000,-3.343731,0.000000,0.000575,-0.029240,0.000000,-0.001447,0.036006,-3.574251,0.028515,-0.167782,52.989578,0.000030,0.000548,0.000000,0.000000,0.000000,0.000000
-0.490000,2.214679,0.000000,0.000751,-0.007093,0.000000,-0.001477,0.009947,2.406879,0.027967,-0.050846,-32.530186,0.000072,-0.000755,0.000000,0.000000,0.000000,0.000000
-4.880000,-6.354537,0.000000,0.000997,-0.070638,0.000000,-0.001549,0.095807,-7.057264,0.028721,-0.528788,88.335220,0.000125,0.000244,0.000000,0.000000,0.000000,0.000000
-3.060000,2.634455,0.000000,0.001063,-0.044294,0.000000,-0.001675,0.064224,2.987313,0.028478,-0.377925,-35.071232,0.000230,-0.001687,0.000000,0.000000,0.000000,0.000000
3.240000,9.119266,0.000000,0.001213,0.046899,0.000000,-0.001905,-0.068724,10.602244,0.030165,0.426724,-117.961685,0.000014,-0.001076,0.000000,0.000000,0.000000,0.000000
-5.610000,-2.431804,0.000000,-0.001089,-0.081205,0.000000,-0.001851,0.082109,-2.451959,0.033378,-0.146584,94.885445,0.000176,0.001402,0.000000,0.000000,0.000000,0.000000
-5.160000,0.651376,0.000000,-0.001229,-0.074691,0.000000,-0.002027,0.075218,0.655788,0.031976,-0.134281,-25.377573,0.000216,-0.000846,0.000000,0.000000,0.000000,0.000000
-4.440000,1.042202,0.000000,-0.001137,-0.064269,0.000000,-0.002242,0.066020,1.056989,0.032823,-0.160506,-30.035364,0.000198,-0.001001,0.000000,0.000000,0.000000,0.000000
4.310000,12.665648,0.000000,-0.001020,0.062387,0.000000,-0.002440,-0.068150,12.978564,0.033824,0.207623,-294.306152,0.000061,-0.005009,0.000000,0.000000,0.000000,0.000000
1.150000,-4.574108,0.000000,-0.000515,0.016646,0.000000,-0.002501,-0.019071,-4.744508,0.038833,0.069145,90.404800,-0.000142,0.001908,0.000000,0.000000,0.000000,0.000000
-0.260000,-2.040979,0.000000,-0.000155,-0.003764,0.000000,-0.002360,0.004169,-2.147877,0.036925,-0.017363,35.633247,-0.000029,0.000624,0.000000,0.000000,0.000000,0.000000
0.420000,0.984302,0.000000,0.000142,0.006080,0.000000,-0.002331,-0.007170,1.049028,0.036301,0.033412,-15.552216,0.000001,-0.000205,0.000000,0.000000,0.000000,0.000000
1.810000,2.012029,0.000000,0.000469,0.026200,0.000000,-0.002331,-0.032631,2.185924,0.036506,0.166793,-29.543854,-0.000047,-0.000108,0.000000,0.000000,0.000000,0.000000
-5.200000,-10.146993,0.000000,0.000857,-0.075270,0.000000,-0.002284,0.101815,-11.267942,0.036614,-0.561947,141.039948,0.000062,0.001151,0.000000,0.000000,0.000000,0.000000
0.280000,7.932314,0.000000,0.000955,0.004053,0.000000,-0.002347,-0.004387,9.000643,0.035463,0.025817,-105.668091,0.000158,-0.001933,0.000000,0.000000,0.000000,0.000000
-4.080000,-2.909480,0.000000,-0.001273,-0.059058,0.000000,-0.002120,0.059254,-2.933524,0.037200,-0.105782,113.520988,0.000104,0.001867,0.000000,0.000000,0.000000,0.000000
-4.000000,0.115800,0.000000,-0.001343,-0.057900,0.000000,-0.002225,0.057908,0.115871,0.035333,-0.103380,-4.483972,0.000159,-0.000368,0.000000,0.000000,0.000000,0.000000
-3.900000,0.144750,0.000000,-0.001179,-0.056453,0.000000,-0.002384,0.057802,0.145799,0.035701,-0.140527,-4.143032,0.000159,-0.000458,0.000000,0.000000,0.000000,0.000000
0.960000,7.034862,0.000000,-0.001019,0.013896,0.000000,-0.002542,-0.016030,7.207964,0.036159,0.048837,-163.450150,0.000093,-0.002962,0.000000,0.000000,0.000000,0.000000
-2.740000,-5.355760,0.000000,-0.000647,-0.039662,0.000000,-0.002635,0.043357,-5.554936,0.039121,-0.157195,105.847221,0.000012,0.001584,0.000000,0.000000,0.000000,0.000000
2.190000,7.136188,0.000000,-0.000444,0.031700,0.000000,-0.002647,-0.037142,7.500195,0.037536,0.154670,-124.428108,0.000042,-0.001941,0.000000,0.000000,0.000000,0.000000
-1.020000,-4.646483,0.000000,-0.000031,-0.014765,0.000000,-0.002689,0.017793,-4.966491,0.039477,-0.082911,73.630035,-0.000046,0.001173,0.000000,0.000000,0.000000,0.000000
-2.640000,-2.344954,0.000000,0.000243,-0.038214,0.000000,-0.002643,0.048769,-2.553983,0.038303,-0.249284,34.518372,0.000084,-0.000023,0.000000,0.000000,0.000000,0.000000
-1.330000,1.896229,0.000000,0.000449,-0.019252,0.000000,-0.002726,0.026348,2.101739,0.038326,-0.145424,-26.307304,0.000111,-0.000891,0.000000,0.000000,0.000000,0.000000
-1.210000,0.173700,0.000000,0.000713,-0.017515,0.000000,-0.002837,0.025809,0.193329,0.039218,-0.151875,-2.269697,0.000073,-0.000452,0.000000,0.000000,0.000000,0.000000
-0.970000,0.347401,0.000000,0.000985,-0.014041,0.000000,-0.002911,0.022603,0.399645,0.039670,-0.140348,-4.446488,0.000069,-0.000463,0.000000,0.000000,0.000000,0.000000
-4.230000,0.911927,0.000000,-0.001415,-0.061229,0.000000,-0.002234,0.061328,0.918310,0.036065,-0.109484,-35.536606,0.000183,-0.000968,0.000000,0.000000,0.000000,0.000000
-3.950000,0.405301,0.000000,-0.001495,-0.057176,0.000000,-0.002417,0.057012,0.407637,0.037034,-0.101780,-15.774681,0.000162,-0.000572,0.000000,0.000000,0.000000,0.000000
-1.650000,3.329256,0.000000,-0.001313,-0.023884,0.000000,-0.002579,0.023603,3.378652,0.037606,-0.057384,-96.007652,0.000128,-0.001972,0.000000,0.000000,0.000000,0.000000
5.040000,9.683792,0.000000,-0.001033,0.072954,0.000000,-0.002706,-0.079521,9.922470,0.039578,0.242265,-225.005173,-0.000027,-0.003601,0.000000,0.000000,0.000000,0.000000
-0.850000,-8.525789,0.000000,-0.000459,-0.012304,0.000000,-0.002679,0.013164,-8.841977,0.043179,-0.047726,168.480515,-0.000132,0.003068,0.000000,0.000000,0.000000,0.000000
12.420000,19.208359,0.000000,-0.000149,0.179780,0.000000,-0.002547,-0.207904,20.191519,0.040112,0.865760,-334.976959,-0.000180,-0.004007,0.000000,0.000000,0.000000,0.000000
-0.620000,-18.875435,0.000000,0.000735,-0.008975,0.000000,-0.002367,0.011726,-20.167892,0.044118,-0.054641,298.996338,-0.000350,0.005521,0.000000,0.000000,0.000000,0.000000
-0.780000,-0.231600,0.000000,0.001063,-0.011291,0.000000,-0.002017,0.015667,-0.255320,0.038597,-0.080080,3.450772,0.000038,-0.000161,0.000000,0.000000,0.000000,0.000000
-4.940000,-6.021611,0.000000,0.001392,-0.071507,0.000000,-0.002056,0.097498,-6.688707,0.038758,-0.538118,83.722008,0.000137,0.000130,0.000000,0.000000,0.000000,0.000000
3.430000,8.149440,0.000000,-0.002540,0.049649,0.000000,-0.003515,-0.053338,8.213239,0.043666,0.095221,-317.834412,0.000011,-0.005761,0.000000,0.000000,0.000000,0.000000
0.490000,-4.255658,0.000000,-0.002303,0.007093,0.000000,-0.003526,-0.009620,-4.290671,0.049426,0.017174,166.039581,-0.000107,0.003201,0.000000,0.000000,0.000000,0.000000
-10.000000,-15.184301,0.000000,-0.001874,-0.144750,0.000000,-0.003419,0.149411,-15.416549,0.046225,-0.363245,438.076172,0.000112,0.007306,0.000000,0.000000,0.000000,0.000000
-3.540000,9.350866,0.000000,-0.001951,-0.051242,0.000000,-0.003531,0.052978,9.581446,0.038919,-0.161399,-217.272003,0.000325,-0.004564,0.000000,0.000000,0.000000,0.000000
-1.330000,3.198981,0.000000,-0.001749,-0.019252,0.000000,-0.003856,0.019451,3.314892,0.043483,-0.070521,-63.164009,0.000115,-0.001378,0.000000,0.000000,0.000000,0.000000
-1.290000,0.057900,0.000000,-0.001463,-0.018673,0.000000,-0.003971,0.019885,0.058591,0.044861,-0.082806,-0.972026,0.000055,-0.000240,0.000000,0.000000,0.000000,0.000000
5.990000,10.537818,0.000000,-0.001187,0.086705,0.000000,-0.004025,-0.106143,11.254965,0.045101,0.494615,-166.858948,-0.000074,-0.001821,0.000000,0.000000,0.000000,0.000000
-0.710000,-9.698267,0.000000,-0.000608,-0.010277,0.000000,-0.003951,0.012262,-10.553748,0.046922,-0.062678,142.639206,-0.000167,0.002535,0.000000,0.000000,0.000000,0.000000
-2.250000,-2.229154,0.000000,-0.000319,-0.032569,0.000000,-0.003785,0.043132,-2.478015,0.044388,-0.238059,31.017124,0.000070,-0.000061,0.000000,0.000000,0.000000,0.000000
8.380000,15.386952,0.000000,-0.000097,0.121301,0.000000,-0.003855,-0.171895,17.462734,0.044449,1.011516,-205.013535,-0.000134,-0.001146,0.000000,0.000000,0.000000,0.000000
3.470000,-7.107238,0.000000,0.000568,0.050228,0.000000,-0.003720,-0.074703,-8.270501,0.045595,0.463845,92.018471,-0.000358,0.002999,0.000000,0.000000,0.000000,0.000000
-5.910000,-11.551069,0.000000,-0.000684,-0.085547,0.000000,-0.001506,0.086978,-11.643826,0.035626,-0.155275,450.590637,0.000015,0.008106,0.000000,0.000000,0.000000,0.000000
-0.850000,7.324363,0.000000,-0.000830,-0.012304,0.000000,-0.001522,0.011748,7.381941,0.027519,-0.020973,-285.664978,0.000172,-0.005481,0.000000,0.000000,0.000000,0.000000
-3.280000,-3.517431,0.000000,-0.000556,-0.047478,0.000000,-0.001693,0.049068,-3.572005,0.033000,-0.119293,101.501961,0.000065,0.001609,0.000000,0.000000,0.000000,0.000000
6.000000,13.432823,0.000000,-0.000402,0.086850,0.000000,-0.001758,-0.093778,13.764793,0.031391,0.285701,-312.134918,0.000007,-0.005140,0.000000,0.000000,0.000000,0.000000
-0.580000,-9.524567,0.000000,0.000169,-0.008396,0.000000,-0.001765,0.009518,-9.877325,0.036531,-0.034509,188.208664,-0.000161,0.003480,0.000000,0.000000,0.000000,0.000000
1.320000,2.750255,0.000000,0.000449,0.019107,0.000000,-0.001604,-0.021559,2.889241,0.033051,0.089776,-47.932465,-0.000003,-0.000671,0.000000,0.000000,0.000000,0.000000
6.730000,7.830989,0.000000,0.000814,0.097417,0.000000,-0.001600,-0.116661,8.363266,0.033723,0.543629,-123.988464,-0.000157,-0.000876,0.000000,0.000000,0.000000,0.000000
-5.430000,-17.601631,0.000000,0.001416,-0.078599,0.000000,-0.001443,0.101473,-19.151733,0.034599,-0.518677,258.845306,-0.000088,0.003500,0.000000,0.000000,0.000000,0.000000
0.920000,9.191641,0.000000,0.001510,0.013317,0.000000,-0.001355,-0.015791,10.200569,0.031099,0.087153,-127.679718,0.000151,-0.002188,0.000000,0.000000,0.000000,0.000000
3.330000,3.488481,0.000000,0.001883,0.048202,0.000000,-0.001506,-0.065586,3.955767,0.033287,0.385943,-46.440941,-0.000103,0.000169,0.000000,0.000000,0.000000,0.000000
-0.690000,-8.062590,0.000000,-0.001615,-0.009988,0.000000,-0.002610,0.008676,-8.127769,0.043761,-0.015489,314.526947,-0.000130,0.005913,0.000000,0.000000,0.000000,0.000000
-1.810000,-1.621203,0.000000,-0.001537,-0.026200,0.000000,-0.002479,0.025252,-1.635001,0.037847,-0.045080,63.270981,0.000038,0.001065,0.000000,0.000000,0.000000,0.000000
-6.310000,-6.513761,0.000000,-0.001279,-0.091337,0.000000,-0.002517,0.094178,-6.613945,0.036782,-0.228964,187.941650,0.000129,0.002937,0.000000,0.000000,0.000000,0.000000
-0.840000,7.917839,0.000000,-0.001240,-0.012159,0.000000,-0.002646,0.011735,8.112983,0.033845,-0.035753,-183.972641,0.000185,-0.003586,0.000000,0.000000,0.000000,0.000000
1.950000,4.038532,0.000000,-0.000964,0.028226,0.000000,-0.002832,-0.032439,4.185517,0.037430,0.117611,-79.753441,-0.000009,-0.001185,0.000000,0.000000,0.000000,0.000000
2.360000,0.593476,0.000000,-0.000572,0.034161,0.000000,-0.002823,-0.040133,0.621764,0.038616,0.167125,-10.315051,-0.000097,0.000259,0.000000,0.000000,0.000000,0.000000
-4.100000,-9.350866,0.000000,-0.000168,-0.059348,0.000000,-0.002726,0.071468,-9.992059,0.038357,-0.333034,148.135910,0.000004,0.001904,0.000000,0.000000,0.000000,0.000000
1.200000,7.671763,0.000000,-0.000042,0.017370,0.000000,-0.002730,-0.022081,8.343294,0.036453,0.112868,-112.763817,0.000098,-0.001833,0.000000,0.000000,0.000000,0.000000
-3.500000,-6.803262,0.000000,0.000308,-0.050663,0.000000,-0.002829,0.068170,-7.555767,0.038287,-0.376249,94.574921,0.000041,0.000776,0.000000,0.000000,0.000000,0.000000
-4.710000,-1.751478,0.000000,0.000461,-0.068177,0.000000,-0.002870,0.097189,-1.991707,0.037510,-0.571909,23.382763,0.000225,-0.001106,0.000000,0.000000,0.000000,0.000000
0.080000,6.933537,0.000000,0.000566,0.001158,0.000000,-0.003095,-0.000891,8.059962,0.038616,0.005534,-89.675995,0.000150,-0.001681,0.000000,0.000000,0.000000,0.000000
-2.200000,0.955352,0.000000,-0.001231,-0.031845,0.000000,-0.001978,0.031422,0.962155,0.032853,-0.056096,-37.233299,0.000103,-0.000854,0.000000,0.000000,0.000000,0.000000
-7.610000,-7.830989,0.000000,-0.001239,-0.110155,0.000000,-0.002081,0.111519,-7.894081,0.033706,-0.199087,305.483673,0.000152,0.005247,0.000000,0.000000,0.000000,0.000000
-2.050000,8.048115,0.000000,-0.001288,-0.029674,0.000000,-0.002233,0.029684,8.169554,0.028459,-0.072168,-232.145737,0.000235,-0.004601,0.000000,0.000000,0.000000,0.000000
-0.880000,1.693578,0.000000,-0.001085,-0.012738,0.000000,-0.002468,0.012525,1.734298,0.033060,-0.038157,-39.327507,0.000066,-0.000839,0.000000,0.000000,0.000000,0.000000
-1.110000,-0.332926,0.000000,-0.000839,-0.016067,0.000000,-0.002534,0.016923,-0.346789,0.033899,-0.061358,6.607941,0.000039,-0.000039,0.000000,0.000000,0.000000,0.000000
1.050000,3.126605,0.000000,-0.000609,0.015199,0.000000,-0.002573,-0.018266,3.285155,0.033938,0.076063,-54.500660,0.000013,-0.000826,0.000000,0.000000,0.000000,0.000000
0.980000,-0.101325,0.000000,-0.000291,0.014186,0.000000,-0.002586,-0.017482,-0.110480,0.034765,0.081465,1.637910,-0.000049,0.000253,0.000000,0.000000,0.000000,0.000000
-0.590000,-2.272579,0.000000,0.000022,-0.008540,0.000000,-0.002536,0.010858,-2.474861,0.034512,-0.055501,33.448994,-0.000017,0.000483,0.000000,0.000000,0.000000,0.000000
-5.720000,-7.425688,0.000000,0.000267,-0.082797,0.000000,-0.002519,0.111093,-8.246378,0.034029,-0.613156,103.219254,0.000144,0.000295,0.000000,0.000000,0.000000,0.000000
5.480000,25.649744,0.000000,-0.000856,0.079323,0.000000,-0.001500,-0.082028,25.853043,0.028204,0.146438,-1000.456238,0.000267,-0.018548,0.000000,0.000000,0.000000,0.000000
-3.090000,-12.405097,0.000000,-0.000573,-0.044728,0.000000,-0.001768,0.045210,-12.504935,0.046752,-0.080710,483.913635,-0.000115,0.008979,0.000000,0.000000,0.000000,0.000000
-5.280000,-3.170031,0.000000,-0.000338,-0.076428,0.000000,-0.001653,0.079570,-3.219512,0.037773,-0.193449,91.485550,0.000154,0.001192,0.000000,0.000000,0.000000,0.000000
-7.990000,-3.922731,0.000000,-0.000209,-0.115655,0.000000,-0.001807,0.124083,-4.021646,0.036581,-0.378024,91.196152,0.000259,0.000702,0.000000,0.000000,0.000000,0.000000
-1.660000,9.162691,0.000000,-0.000204,-0.024029,0.000000,-0.002066,0.026476,9.498327,0.035879,-0.095993,-180.987030,0.000251,-0.003688,0.000000,0.000000,0.000000,0.000000
2.570000,6.122935,0.000000,0.000078,0.037201,0.000000,-0.002317,-0.042895,6.434680,0.039567,0.178623,-106.751244,0.000005,-0.001531,0.000000,0.000000,0.000000,0.000000
3.020000,0.651376,0.000000,0.000543,0.043715,0.000000,-0.002323,-0.052136,0.692887,0.041098,0.242949,-10.272306,-0.000128,0.000466,0.000000,0.000000,0.000000,0.000000
12.000000,13.418348,0.000000,-0.001787,0.173700,0.000000,-0.002864,-0.179569,13.523917,0.047409,0.320572,-523.346008,-0.000229,-0.009043,0.000000,0.000000,0.000000,0.000000
-4.390000,-23.724567,0.000000,-0.001204,-0.063545,0.000000,-0.002634,0.063831,-23.914646,0.056452,-0.113954,925.444702,-0.000280,0.017232,0.000000,0.000000,0.000000,0.000000
-8.290000,-5.645260,0.000000,-0.001019,-0.119998,0.000000,-0.002355,0.124420,-5.732352,0.039220,-0.302489,162.890335,0.000229,0.002234,0.000000,0.000000,0.000000,0.000000
-6.610000,2.431804,0.000000,-0.001023,-0.095680,0.000000,-0.002583,0.101737,2.490659,0.036986,-0.309947,-56.479000,0.000322,-0.001912,0.000000,0.000000,0.000000,0.000000
-2.130000,6.484812,0.000000,-0.000960,-0.030832,0.000000,-0.002905,0.033197,6.721819,0.038898,-0.120358,-128.081711,0.000216,-0.002747,0.000000,0.000000,0.000000,0.000000
-3.290000,-1.679103,0.000000,-0.000706,-0.047623,0.000000,-0.003122,0.054211,-1.767559,0.041645,-0.225747,29.323772,0.000113,-0.000050,0.000000,0.000000,0.000000,0.000000
2.560000,8.467890,0.000000,-0.000510,0.037056,0.000000,-0.003234,-0.045366,9.043633,0.041696,0.211400,-134.075134,0.000048,-0.001967,0.000000,0.000000,0.000000,0.000000
-5.670000,-11.912946,0.000000,-0.000066,-0.082073,0.000000,-0.003283,0.103998,-12.963075,0.043662,-0.531586,175.202469,0.000036,0.001883,0.000000,0.000000,0.000000,0.000000
2.360000,11.623446,0.000000,0.000026,0.034161,0.000000,-0.003318,-0.045654,12.900218,0.041779,0.251976,-161.471008,0.000121,-0.002379,0.000000,0.000000,0.000000,0.000000
-0.100000,-3.560856,0.000000,0.000456,-0.001448,0.000000,-0.003439,0.002696,-4.046180,0.044159,-0.015862,47.502392,-0.000070,0.000861,0.000000,0.000000,0.000000,0.000000
4.580000,6.774312,0.000000,0.000785,0.066296,0.000000,-0.003370,-0.098546,7.874174,0.043298,0.611893,-87.608887,-0.000117,-0.000005,0.000000,0.000000,0.000000,0.000000
-2.700000,-1.983078,0.000000,-0.001042,-0.039083,0.000000,-0.001923,0.039042,-1.999797,0.038412,-0.069698,77.387787,0.000068,0.001277,0.000000,0.000000,0.000000,0.000000
-2.070000,0.911927,0.000000,-0.001056,-0.029963,0.000000,-0.001991,0.029599,0.918270,0.037135,-0.052840,-35.535023,0.000097,-0.000818,0.000000,0.000000,0.000000,0.000000
-1.470000,0.868501,0.000000,-0.000787,-0.021278,0.000000,-0.002088,0.021429,0.880437,0.037953,-0.052098,-25.018456,0.000074,-0.000613,0.000000,0.000000,0.000000,0.000000
-4.190000,-3.937207,0.000000,-0.000496,-0.060650,0.000000,-0.002162,0.064654,-4.036526,0.038567,-0.196971,91.533585,0.000098,0.001202,0.000000,0.000000,0.000000,0.000000
0.300000,6.499287,0.000000,-0.000333,0.004343,0.000000,-0.002261,-0.005196,6.736775,0.037365,0.018838,-128.366684,0.000113,-0.002382,0.000000,0.000000,0.000000,0.000000
-0.920000,-1.765953,0.000000,0.000025,-0.013317,0.000000,-0.002374,0.015417,-1.858963,0.039747,-0.064199,30.840170,0.000006,0.000415,0.000000,0.000000,0.000000,0.000000
0.040000,1.389603,0.000000,0.000329,0.000579,0.000000,-0.002380,-0.000301,1.481735,0.039332,0.001404,-21.967262,0.000027,-0.000413,0.000000,0.000000,0.000000,0.000000
-2.140000,-3.155556,0.000000,0.000676,-0.030977,0.000000,-0.002407,0.040141,-3.436137,0.039745,-0.205179,46.441113,0.000043,0.000325,0.000000,0.000000,0.000000,0.000000
0.090000,3.227931,0.000000,0.000934,0.001303,0.000000,-0.002451,-0.000493,3.579733,0.039420,0.002722,-44.807228,0.000066,-0.000842,0.000000,0.000000,0.000000,0.000000
4.300000,6.093986,0.000000,0.001292,0.062243,0.000000,-0.002517,-0.086304,6.913223,0.040262,0.507859,-81.161652,-0.000103,-0.000161,0.000000,0.000000,0.000000,0.000000
4.630000,0.477675,0.000000,0.001833,0.067019,0.000000,-0.002415,-0.098058,0.550379,0.040423,0.608865,-6.123570,-0.000255,0.001531,0.000000,0.000000,0.000000,0.000000
-3.330000,2.938431,0.000000,-0.001600,-0.048202,0.000000,-0.002615,0.047821,2.960718,0.044593,-0.085371,-114.573311,0.000186,-0.002403,0.000000,0.000000,0.000000,0.000000
-4.350000,-1.476453,0.000000,-0.001624,-0.062966,0.000000,-0.002801,0.062808,-1.489333,0.046996,-0.112127,57.633923,0.000141,0.000792,0.000000,0.000000,0.000000,0.000000
-2.700000,2.388379,0.000000,-0.001376,-0.039083,0.000000,-0.002942,0.039431,2.423178,0.046203,-0.095864,-68.856941,0.000152,-0.001565,0.000000,0.000000,0.000000,0.000000
0.350000,4.414883,0.000000,-0.001062,0.005066,0.000000,-0.003094,-0.006586,4.522472,0.047768,0.020065,-102.553062,0.000068,-0.001885,0.000000,0.000000,0.000000,0.000000
-0.480000,-1.201427,0.000000,-0.000618,-0.006948,0.000000,-0.003162,0.007035,-1.248153,0.049653,-0.025505,23.783077,-0.000005,0.000385,0.000000,0.000000,0.000000,0.000000
0.730000,1.751478,0.000000,-0.000216,0.010567,0.000000,-0.003157,-0.012460,1.838435,0.049268,0.051885,-30.499605,0.000001,-0.000438,0.000000,0.000000,0.000000,0.000000
0.850000,0.173700,0.000000,0.000235,0.012304,0.000000,-0.003158,-0.014575,0.182122,0.049706,0.067916,-2.700027,-0.000036,0.000133,0.000000,0.000000,0.000000,0.000000
-0.760000,-2.330479,0.000000,0.000692,-0.011001,0.000000,-0.003122,0.014829,-2.539285,0.049572,-0.075797,34.319721,-0.000008,0.000445,0.000000,0.000000,0.000000,0.000000
-1.290000,-0.767176,0.000000,0.001084,-0.018673,0.000000,-0.003114,0.026424,-0.856232,0.049128,-0.145841,10.717390,0.000055,-0.000192,0.000000,0.000000,0.000000,0.000000
0.630000,2.779205,0.000000,0.001461,0.009119,0.000000,-0.003169,-0.010844,3.149568,0.049320,0.063814,-36.976116,0.000030,-0.000527,0.000000,0.000000,0.000000,0.000000
-2.910000,-22.190214,0.000000,-0.002341,-0.042122,0.000000,-0.003502,0.040851,-22.367914,0.051434,-0.072929,865.589417,-0.000313,0.016194,0.000000,0.000000,0.000000,0.000000
-1.030000,2.721305,0.000000,-0.002332,-0.014909,0.000000,-0.003189,0.012878,2.742147,0.035241,-0.022989,-106.115082,0.000087,-0.002101,0.000000,0.000000,0.000000,0.000000
-1.350000,-0.463201,0.000000,-0.002051,-0.019541,0.000000,-0.003276,0.018290,-0.471372,0.037342,-0.044466,13.394482,0.000040,0.000137,0.000000,0.000000,0.000000,0.000000
-8.380000,-10.175942,0.000000,-0.001801,-0.121301,0.000000,-0.003316,0.128439,-10.429809,0.037205,-0.391295,236.509750,0.000150,0.003420,0.000000,0.000000,0.000000,0.000000
4.080000,18.035881,0.000000,-0.001881,0.059058,0.000000,-0.003466,-0.067722,18.698795,0.033785,0.245533,-356.298492,0.000171,-0.006089,0.000000,0.000000,0.000000,0.000000
-0.820000,-7.092762,0.000000,-0.001425,-0.011870,0.000000,-0.003637,0.012068,-7.458664,0.039874,-0.050256,123.739120,-0.000109,0.002218,0.000000,0.000000,0.000000,0.000000
-0.260000,0.810601,0.000000,-0.001193,-0.003764,0.000000,-0.003528,0.003104,0.863879,0.037656,-0.014466,-12.807317,0.000025,-0.000286,0.000000,0.000000,0.000000,0.000000
1.360000,2.344954,0.000000,-0.000945,0.019686,0.000000,-0.003553,-0.026164,2.548679,0.037941,0.133737,-34.446674,-0.000023,-0.000290,0.000000,0.000000,0.000000,0.000000
-2.310000,-7.628338,0.000000,-0.000474,-0.033437,0.000000,-0.001055,0.033812,-7.689636,0.025175,-0.060363,297.572144,-0.000054,0.005472,0.000000,0.000000,0.000000,0.000000
-2.640000,-0.477676,0.000000,-0.000503,-0.038214,0.000000,-0.001001,0.038612,-0.481960,0.019703,-0.068931,18.650816,0.000095,0.000157,0.000000,0.000000,0.000000,0.000000
-4.970000,-3.372680,0.000000,-0.000427,-0.071941,0.000000,-0.001096,0.074785,-3.424592,0.019546,-0.181815,97.313087,0.000137,0.001351,0.000000,0.000000,0.000000,0.000000
-2.230000,3.966157,0.000000,-0.000463,-0.032279,0.000000,-0.001233,0.034196,4.063830,0.018196,-0.104179,-92.152733,0.000169,-0.002029,0.000000,0.000000,0.000000,0.000000
-1.680000,0.796126,0.000000,-0.000379,-0.024318,0.000000,-0.001403,0.026603,0.824468,0.020225,-0.096453,-15.709923,0.000087,-0.000555,0.000000,0.000000,0.000000,0.000000
-2.530000,-1.230377,0.000000,-0.000274,-0.036622,0.000000,-0.001490,0.041999,-1.294678,0.020780,-0.174892,21.478683,0.000089,-0.000065,0.000000,0.000000,0.000000,0.000000
-4.020000,-2.156779,0.000000,-0.000209,-0.058190,0.000000,-0.001579,0.070020,-2.305415,0.020845,-0.326286,34.178612,0.000146,-0.000235,0.000000,0.000000,0.000000,0.000000
5.060000,13.143324,0.000000,-0.000209,0.073244,0.000000,-0.001724,-0.093149,14.296923,0.021080,0.476133,-193.230072,0.000018,-0.002370,0.000000,0.000000,0.000000,0.000000
-0.090000,-7.454638,0.000000,0.000175,-0.001303,0.000000,-0.001743,0.001976,-8.277617,0.023451,-0.010906,103.610283,-0.000151,0.001937,0.000000,0.000000,0.000000,0.000000
1.480000,2.272579,0.000000,0.000341,0.021423,0.000000,-0.001592,-0.029851,2.577636,0.021514,0.175658,-30.261604,-0.000032,-0.000101,0.000000,0.000000,0.000000,0.000000
-0.880000,-3.416106,0.000000,0.000576,-0.012738,0.000000,-0.001560,0.020028,-3.975459,0.021615,-0.124358,44.231365,-0.000021,0.000501,0.000000,0.000000,0.000000,0.000000
-1.970000,-0.289501,0.000000,0.000196,-0.028516,0.000000,-0.000261,0.029448,-0.292315,0.019352,-0.052571,11.311939,0.000074,0.000071,0.000000,0.000000,0.000000,0.000000
-3.510000,-2.229154,0.000000,0.000167,-0.050807,0.000000,-0.000336,0.052192,-2.247388,0.019281,-0.093175,86.969025,0.000098,0.001395,0.000000,0.000000,0.000000,0.000000
1.230000,6.861162,0.000000,0.000204,0.017804,0.000000,-0.000434,-0.018405,6.964799,0.017887,0.044746,-197.911484,0.000082,-0.003629,0.000000,0.000000,0.000000,0.000000
0.960000,-0.390826,0.000000,0.000465,0.013896,0.000000,-0.000516,-0.014435,-0.401539,0.021516,0.043978,9.105428,-0.000047,0.000298,0.000000,0.000000,0.000000,0.000000
0.270000,-0.998777,0.000000,0.000716,0.003908,0.000000,-0.000469,-0.003547,-1.036828,0.021217,0.012862,19.756365,-0.000029,0.000408,0.000000,0.000000,0.000000,0.000000
-0.430000,-1.013252,0.000000,0.000941,-0.006224,0.000000,-0.000440,0.008279,-1.066767,0.020809,-0.034477,17.697638,0.000002,0.000241,0.000000,0.000000,0.000000,0.000000
0.040000,0.680326,0.000000,0.001141,0.000579,0.000000,-0.000442,0.000679,0.724972,0.020568,-0.003165,-10.747978,0.000016,-0.000213,0.000000,0.000000,0.000000,0.000000
0.030000,-0.014475,0.000000,0.001369,0.000434,0.000000,-0.000458,0.001186,-0.017941,0.020781,-0.006061,0.242487,0.000003,-0.000011,0.000000,0.000000,0.000000,0.000000
-2.050000,-3.010805,0.000000,0.001606,-0.029674,0.000000,-0.000461,0.041834,-3.345003,0.020792,-0.230895,41.869129,0.000050,0.000168,0.000000,0.000000,0.000000,0.000000
7.770000,14.214476,0.000000,0.001765,0.112471,0.000000,-0.000510,-0.156756,16.132507,0.020624,0.922431,-189.396606,-0.000119,-0.001091,0.000000,0.000000,0.000000,0.000000
-5.830000,-11.304995,0.000000,-0.000892,-0.084389,0.000000,-0.001712,0.085579,-11.395786,0.035698,-0.152777,440.992065,0.000016,0.007939,0.000000,0.000000,0.000000,0.000000
-5.620000,0.303975,0.000000,-0.001034,-0.081350,0.000000,-0.001728,0.082234,0.305725,0.027759,-0.146807,-11.830870,0.000228,-0.000636,0.000000,0.000000,0.000000,0.000000
-1.910000,5.370234,0.000000,-0.001000,-0.027647,0.000000,-0.001956,0.027866,5.450948,0.028395,-0.067747,-154.893951,0.000178,-0.003115,0.000000,0.000000,0.000000,0.000000
0.750000,3.850357,0.000000,-0.000800,0.010856,0.000000,-0.002134,-0.012528,3.944618,0.031510,0.038168,-89.449440,0.000040,-0.001585,0.000000,0.000000,0.000000,0.000000
-3.670000,-6.397961,0.000000,-0.000486,-0.053123,0.000000,-0.002174,0.058495,-6.635242,0.033095,-0.212081,126.432022,0.000033,0.001823,0.000000,0.000000,0.000000,0.000000
9.270000,18.730684,0.000000,-0.000372,0.134183,0.000000,-0.002207,-0.155476,19.689934,0.031271,0.647438,-326.655640,-0.000048,-0.004437,0.000000,0.000000,0.000000,0.000000
-1.440000,-15.502752,0.000000,0.000301,-0.020844,0.000000,-0.002159,0.025536,-16.564121,0.035709,-0.118994,245.569138,-0.000244,0.004336,0.000000,0.000000,0.000000,0.000000
6.140000,10.972069,0.000000,0.000515,0.088877,0.000000,-0.001915,-0.112056,11.933744,0.031373,0.572774,-161.290558,-0.000077,-0.001513,0.000000,0.000000,0.000000,0.000000
3.180000,-4.284607,0.000000,0.001056,0.046031,0.000000,-0.001838,-0.060151,-4.759734,0.032885,0.331992,59.577217,-0.000253,0.002029,0.000000,0.000000,0.000000,0.000000
-4.480000,-11.087870,0.000000,0.001477,-0.064848,0.000000,-0.001585,0.093913,-12.590036,0.030856,-0.552635,147.807785,0.000016,0.001300,0.000000,0.000000,0.000000,0.000000
6.420000,2.547605,0.000000,-0.001459,0.092930,0.000000,-0.002238,-0.096564,2.567041,0.034420,0.172389,-99.338898,-0.000213,-0.001417,0.000000,0.000000,0.000000,0.000000
-2.420000,-12.795922,0.000000,-0.001125,-0.035030,0.000000,-0.002025,0.034714,-12.898561,0.035837,-0.061973,499.146088,-0.000150,0.009286,0.000000,0.000000,0.000000,0.000000
-5.650000,-4.675433,0.000000,-0.000984,-0.081784,0.000000,-0.001875,0.084495,-4.747343,0.026551,-0.205424,134.900314,0.000139,0.001982,0.000000,0.000000,0.000000,0.000000
-5.060000,0.854027,0.000000,-0.001000,-0.073244,0.000000,-0.002014,0.077647,0.874278,0.024569,-0.236556,-19.825413,0.000226,-0.001019,0.000000,0.000000,0.000000,0.000000
-0.740000,6.253211,0.000000,-0.000998,-0.010712,0.000000,-0.002241,0.010795,6.482394,0.025588,-0.039138,-123.519554,0.000152,-0.002443,0.000000,0.000000,0.000000,0.000000
-1.560000,-1.186952,0.000000,-0.000812,-0.022581,0.000000,-0.002392,0.025154,-1.249306,0.028031,-0.104747,20.725962,0.000044,0.000114,0.000000,0.000000,0.000000,0.000000
1.910000,5.022834,0.000000,-0.000668,0.027647,0.000000,-0.002436,-0.034195,5.364266,0.027917,0.159344,-79.527206,0.000009,-0.001075,0.000000,0.000000,0.000000,0.000000
3.300000,2.012029,0.000000,-0.000381,0.047768,0.000000,-0.002445,-0.061059,2.186887,0.028992,0.312105,-29.556871,-0.000124,0.000287,0.000000,0.000000,0.000000,0.000000
-1.400000,-6.803262,0.000000,-0.000038,-0.020265,0.000000,-0.002321,0.027053,-7.554797,0.028706,-0.149313,94.562805,-0.000070,0.001386,0.000000,0.000000,0.000000,0.000000
1.800000,4.632008,0.000000,0.000107,0.026055,0.000000,-0.002252,-0.036742,5.255607,0.027320,0.216209,-61.701134,0.000000,-0.000586,0.000000,0.000000,0.000000,0.000000
3.240000,2.084404,0.000000,0.000385,0.046899,0.000000,-0.002252,-0.069970,2.421391,0.027906,0.434457,-26.940651,-0.000143,0.000666,0.000000,0.000000,0.000000,0.000000
-4.960000,-22.682365,0.000000,0.000115,-0.071796,0.000000,-0.000434,0.073689,-22.863367,0.023330,-0.131551,884.762329,-0.000233,0.016396,0.000000,0.000000,0.000000,0.000000
-0.700000,6.166361,0.000000,-0.000022,-0.010133,0.000000,-0.000201,0.010352,6.215223,0.006934,-0.018481,-240.515579,0.000146,-0.004634,0.000000,0.000000,0.000000,0.000000
-5.330000,-6.701938,0.000000,0.000063,-0.077152,0.000000,-0.000347,0.080746,-6.804214,0.011568,-0.196309,193.348328,0.000089,0.003139,0.000000,0.000000,0.000000,0.000000
6.270000,16.791029,0.000000,-0.000069,0.090758,0.000000,-0.000436,-0.097622,17.207287,0.008430,0.297409,-390.198059,0.000062,-0.006590,0.000000,0.000000,0.000000,0.000000
-1.710000,-11.551070,0.000000,0.000323,-0.024752,0.000000,-0.000498,0.027866,-11.977370,0.015019,-0.101031,228.224243,-0.000152,0.004060,0.000000,0.000000,0.000000,0.000000
-2.800000,-1.577778,0.000000,0.000363,-0.040530,0.000000,-0.000346,0.047251,-1.659496,0.010959,-0.196765,27.531006,0.000097,-0.000018,0.000000,0.000000,0.000000,0.000000
-1.360000,2.084404,0.000000,0.000359,-0.019686,0.000000,-0.000443,0.024208,2.225893,0.010977,-0.112805,-32.999668,0.000107,-0.000930,0.000000,0.000000,0.000000,0.000000
-2.230000,-1.259327,0.000000,0.000419,-0.032279,0.000000,-0.000550,0.041467,-1.371081,0.011907,-0.211959,18.530849,0.000086,-0.000221,0.000000,0.000000,0.000000,0.000000
1.490000,-9.524566,0.000000,0.000404,0.021568,0.000000,0.000059,-0.021631,-9.600706,0.014400,0.038616,371.526367,-0.000240,0.007140,0.000000,0.000000,0.000000,0.000000
-3.160000,-6.730887,0.000000,0.000499,-0.045741,0.000000,0.000300,0.047345,-6.784628,0.007260,-0.084522,262.550293,0.000000,0.004730,0.000000,0.000000,0.000000,0.000000
-10.240000,-10.248317,0.000000,0.000406,-0.148224,0.000000,0.000300,0.155428,-10.404209,0.002531,-0.377875,295.645630,0.000223,0.004567,0.000000,0.000000,0.000000,0.000000
2.970000,19.121510,0.000000,-0.000015,0.042991,0.000000,0.000076,-0.046222,19.596046,-0.002037,0.140819,-444.366302,0.000246,-0.008042,0.000000,0.000000,0.000000,0.000000
-3.240000,-8.988991,0.000000,0.000162,-0.046899,0.000000,-0.000170,0.052299,-9.320418,0.006005,-0.189615,177.597046,-0.000035,0.002865,0.000000,0.000000,0.000000,0.000000
-3.760000,-0.752701,0.000000,0.000064,-0.054426,0.000000,-0.000134,0.062962,-0.791529,0.003140,-0.262188,13.131445,0.000155,-0.000466,0.000000,0.000000,0.000000,0.000000
-1.170000,3.749032,0.000000,-0.000056,-0.016936,0.000000,-0.000289,0.020385,4.004870,0.003606,-0.094992,-59.373661,0.000131,-0.001380,0.000000,0.000000,0.000000,0.000000
-0.530000,0.926402,0.000000,-0.000065,-0.007672,0.000000,-0.000420,0.009647,1.007478,0.004987,-0.049309,-13.616564,0.000045,-0.000389,0.000000,0.000000,0.000000,0.000000
0.070000,0.868502,0.000000,-0.000048,0.001013,0.000000,-0.000465,-0.001419,0.963751,0.005375,0.007831,-12.063194,0.000014,-0.000207,0.000000,0.000000,0.000000,0.000000
3.640000,5.167584,0.000000,-0.000006,0.052689,0.000000,-0.000479,-0.074614,5.865496,0.005582,0.439064,-68.861267,-0.000091,-0.000116,0.000000,0.000000,0.000000,0.000000
5.860000,3.213456,0.000000,0.000186,0.084824,0.000000,-0.000389,-0.127319,3.736676,0.005698,0.790549,-41.574646,-0.000273,0.001351,0.000000,0.000000,0.000000,0.000000
-0.790000,1.490928,0.000000,0.001400,-0.011435,0.000000,0.001217,0.013165,1.502546,0.006658,-0.023502,-58.145241,0.000065,-0.001167,0.000000,0.000000,0.000000,0.000000
0.240000,1.490928,0.000000,0.001387,0.003474,0.000000,0.001152,-0.002137,1.502517,0.007825,0.003815,-58.144131,0.000023,-0.001088,0.000000,0.000000,0.000000,0.000000
-2.600000,-4.110907,0.000000,0.001509,-0.037635,0.000000,0.001130,0.040935,-4.173838,0.008914,-0.099520,118.603645,0.000032,0.001979,0.000000,0.000000,0.000000,0.000000
-1.810000,1.143527,0.000000,0.001509,-0.026200,0.000000,0.001098,0.029781,1.171376,0.006935,-0.090730,-26.562513,0.000103,-0.000752,0.000000,0.000000,0.000000,0.000000
4.180000,8.670540,0.000000,0.001554,0.060506,0.000000,0.000995,-0.065512,8.989158,0.007687,0.237522,-171.284988,-0.000007,-0.002599,0.000000,0.000000,0.000000,0.000000
-0.050000,-6.122936,0.000000,0.001875,-0.000724,0.000000,0.001003,0.003003,-6.438252,0.010287,-0.012504,106.810493,-0.000114,0.001993,0.000000,0.000000,0.000000,0.000000
-0.580000,-0.767176,0.000000,0.002024,-0.008396,0.000000,0.001116,0.012583,-0.820902,0.008293,-0.058633,12.170177,0.000019,0.000068,0.000000,0.000000,0.000000,0.000000
0.350000,1.346177,0.000000,0.002164,0.005066,0.000000,0.001098,-0.003681,1.462835,0.008225,0.018815,-19.770956,0.000018,-0.000324,0.000000,0.000000,0.000000,0.000000
-4.360000,-6.817738,0.000000,0.002358,-0.063111,0.000000,0.001080,0.087560,-7.570669,0.008548,-0.483271,94.761452,0.000093,0.000488,0.000000,0.000000,0.000000,0.000000
0.930000,7.657289,0.000000,0.002369,0.013462,0.000000,0.000986,-0.015707,8.689779,0.008061,0.092428,-102.018532,0.000122,-0.001683,0.000000,0.000000,0.000000,0.000000
3.040000,3.054230,0.000000,0.002618,0.044004,0.000000,0.000865,-0.062256,3.549086,0.009743,0.386563,-39.487507,-0.000101,0.000301,0.000000,0.000000,0.000000,0.000000
-4.660000,-18.658308,0.000000,-0.000803,-0.067454,0.000000,-0.001505,0.068317,-18.807451,0.030595,-0.121961,727.807312,-0.000171,0.013451,0.000000,0.000000,0.000000,0.000000
-1.770000,4.183282,0.000000,-0.000912,-0.025621,0.000000,-0.001334,0.025299,4.216152,0.017144,-0.045165,-163.155853,0.000149,-0.003236,0.000000,0.000000,0.000000,0.000000
-4.300000,-3.662182,0.000000,-0.000800,-0.062243,0.000000,-0.001483,0.064252,-3.718489,0.020380,-0.156210,105.664467,0.000103,0.001584,0.000000,0.000000,0.000000,0.000000
3.050000,10.639144,0.000000,-0.000813,0.044149,0.000000,-0.001586,-0.048325,10.902411,0.018796,0.147226,-247.226639,0.000076,-0.004286,0.000000,0.000000,0.000000,0.000000
5.340000,3.314781,0.000000,-0.000500,0.077297,0.000000,-0.001661,-0.086455,3.435764,0.023082,0.313452,-65.467186,-0.000169,-0.000384,0.000000,0.000000,0.000000,0.000000
1.860000,-5.037309,0.000000,-0.000090,0.026924,0.000000,-0.001492,-0.031213,-5.297149,0.023466,0.129980,87.879623,-0.000184,0.002016,0.000000,0.000000,0.000000,0.000000
-10.190000,-17.442406,0.000000,0.000168,-0.147501,0.000000,-0.001308,0.178331,-18.635242,0.021450,-0.831001,276.274261,0.000130,0.002980,0.000000,0.000000,0.000000,0.000000
0.620000,15.647503,0.000000,-0.000090,0.008975,0.000000,-0.001438,-0.011495,17.021309,0.018470,0.058759,-230.051559,0.000291,-0.004203,0.000000,0.000000,0.000000,0.000000
-3.660000,-6.195311,0.000000,0.000111,-0.052979,0.000000,-0.001729,0.071004,-6.879496,0.022673,-0.391889,86.110107,0.000061,0.000578,0.000000,0.000000,0.000000,0.000000
2.710000,9.220592,0.000000,0.000130,0.039227,0.000000,-0.001790,-0.055360,10.464751,0.022094,0.325765,-122.856804,0.000048,-0.001446,0.000000,0.000000,0.000000,0.000000
3.020000,0.448726,0.000000,0.000418,0.043715,0.000000,-0.001838,-0.065130,0.519415,0.023541,0.404410,-5.779063,-0.000166,0.000987,0.000000,0.000000,0.000000,0.000000
-4.100000,-10.957595,0.000000,-0.000260,-0.059348,0.000000,-0.000731,0.060549,-11.045255,0.020300,-0.108094,427.427185,-0.000045,0.007799,0.000000,0.000000,0.000000,0.000000
-5.310000,-1.751478,0.000000,-0.000372,-0.076862,0.000000,-0.000686,0.078319,-1.765713,0.012501,-0.139817,68.329216,0.000179,0.000901,0.000000,0.000000,0.000000,0.000000
-3.560000,2.533130,0.000000,-0.000477,-0.051531,0.000000,-0.000865,0.053389,2.571266,0.011600,-0.129798,-73.065002,0.000193,-0.001736,0.000000,0.000000,0.000000,0.000000
0.010000,5.167584,0.000000,-0.000504,0.000145,0.000000,-0.001057,-0.000698,5.295287,0.013336,0.002125,-120.077652,0.000098,-0.002265,0.000000,0.000000,0.000000,0.000000
-0.660000,-0.969827,0.000000,-0.000374,-0.009554,0.000000,-0.001155,0.010201,-1.006287,0.015601,-0.036985,19.174410,0.000008,0.000267,0.000000,0.000000,0.000000,0.000000
-1.310000,-0.940877,0.000000,-0.000277,-0.018962,0.000000,-0.001164,0.021591,-0.989995,0.015333,-0.089909,16.423994,0.000040,0.000067,0.000000,0.000000,0.000000,0.000000
2.840000,6.007135,0.000000,-0.000210,0.041109,0.000000,-0.001203,-0.049898,6.416476,0.015266,0.232520,-95.126587,-0.000014,-0.001172,0.000000,0.000000,0.000000,0.000000
-7.930000,-15.589602,0.000000,0.000034,-0.114787,0.000000,-0.001190,0.145610,-16.960876,0.016438,-0.744288,229.234772,0.000073,0.002329,0.000000,0.000000,0.000000,0.000000
-6.180000,2.533129,0.000000,-0.000181,-0.089456,0.000000,-0.001263,0.119399,2.811090,0.014109,-0.658999,-35.186188,0.000376,-0.002453,0.000000,0.000000,0.000000,0.000000
1.460000,11.058919,0.000000,-0.000323,0.021134,0.000000,-0.001639,-0.030381,12.552315,0.016562,0.178778,-147.364944,0.000155,-0.002302,0.000000,0.000000,0.000000,0.000000
-0.260000,-2.489705,0.000000,-0.000147,-0.003764,0.000000,-0.001793,0.005440,-2.897172,0.018864,-0.033777,32.234234,-0.000040,0.000523,0.000000,0.000000,0.000000,0.000000
-6.640000,-7.628338,0.000000,0.000547,-0.096114,0.000000,0.000272,0.099002,-7.689324,0.011290,-0.176742,297.560059,0.000122,0.005155,0.000000,0.000000,0.000000,0.000000
-4.360000,3.300306,0.000000,0.000316,-0.063111,0.000000,0.000150,0.064943,3.326379,0.006135,-0.115937,-128.723602,0.000238,-0.002761,0.000000,0.000000,0.000000,0.000000
-9.540000,-7.498063,0.000000,0.000235,-0.138092,0.000000,-0.000089,0.144653,-7.612362,0.008895,-0.351678,216.312607,0.000247,0.003150,0.000000,0.000000,0.000000,0.000000
1.890000,16.544954,0.000000,-0.000088,0.027358,0.000000,-0.000335,-0.029499,16.955229,0.005745,0.089870,-384.482300,0.000241,-0.007043,0.000000,0.000000,0.000000,0.000000
7.190000,7.671764,0.000000,0.000106,0.104075,0.000000,-0.000576,-0.115542,7.953633,0.012788,0.418908,-151.553467,-0.000162,-0.001724,0.000000,0.000000,0.000000,0.000000
4.010000,-4.603058,0.000000,0.000533,0.058045,0.000000,-0.000414,-0.066454,-4.840259,0.014512,0.276730,80.299805,-0.000271,0.002272,0.000000,0.000000,0.000000,0.000000
-0.990000,-7.237513,0.000000,0.000825,-0.014330,0.000000,-0.000143,0.018302,-7.732977,0.012240,-0.085285,114.644196,-0.000096,0.001936,0.000000,0.000000,0.000000,0.000000
7.740000,12.636696,0.000000,0.000908,0.112037,0.000000,-0.000046,-0.140928,13.746033,0.010304,0.720355,-185.784561,-0.000121,-0.001573,0.000000,0.000000,0.000000,0.000000
-0.370000,-11.739245,0.000000,0.001369,-0.005356,0.000000,0.000075,0.008994,-13.033880,0.011877,-0.049639,163.144043,-0.000222,0.002958,0.000000,0.000000,0.000000,0.000000
7.210000,10.972070,0.000000,0.001496,0.104365,0.000000,0.000297,-0.145658,12.453089,0.008919,0.857128,-146.200012,-0.000158,-0.000455,0.000000,0.000000,0.000000,0.000000
4.440000,-4.009582,0.000000,0.001951,0.064269,0.000000,0.000455,-0.093743,-4.665743,0.009374,0.582072,51.911537,-0.000342,0.002558,0.000000,0.000000,0.000000,0.000000
-4.150000,-2.301529,0.000000,-0.000022,-0.060071,0.000000,-0.000571,0.061543,-2.320439,0.023397,-0.109868,89.795937,0.000123,0.001398,0.000000,0.000000,0.000000,0.000000
-2.600000,2.243629,0.000000,-0.000128,-0.037635,0.000000,-0.000694,0.038403,2.260910,0.021999,-0.068558,-87.492294,0.000146,-0.001845,0.000000,0.000000,0.000000,0.000000
-9.120000,-9.437717,0.000000,-0.000001,-0.132012,0.000000,-0.000840,0.138049,-9.582002,0.023844,-0.335622,272.281830,0.000192,0.004251,0.000000,0.000000,0.000000,0.000000
-3.350000,8.352090,0.000000,-0.000180,-0.048491,0.000000,-0.001032,0.051925,8.558484,0.019592,-0.158191,-194.074997,0.000302,-0.004111,0.000000,0.000000,0.000000,0.000000
3.730000,10.248318,0.000000,-0.000100,0.053992,0.000000,-0.001334,-0.060112,10.624557,0.023703,0.217943,-202.446915,0.000038,-0.003236,0.000000,0.000000,0.000000,0.000000
