-0.000000,0.000000,0.236882,0.000508,-0.000000,-1.034209,-0.000000,ovf,0.000003,-0.061450,-0.000000,-0.000000,0.000000,0.000000,-16600599.000000,ovf,-0.000001,ovf
0.990000,1.693578,0.000000,0.000000,0.014330,0.000000,0.000000,-0.014416,1.696939,0.000000,0.013020,-129.803101,-0.000007,-0.002423,0.000000,0.000000,0.000000,0.000000
1.550000,0.810601,0.000000,0.000039,0.022436,0.000000,0.000007,-0.022531,0.812178,0.002423,0.020349,-62.125511,-0.000046,-0.001117,0.000000,0.000000,0.000000,0.000000
0.360000,-1.722528,0.000000,0.000136,0.005211,0.000000,0.000052,-0.005169,-1.733239,0.003539,0.008158,75.871628,-0.000047,0.001461,0.000000,0.000000,0.000000,0.000000
-1.640000,-2.895005,0.000000,0.000173,-0.023739,0.000000,0.000099,0.024824,-2.931799,0.002079,-0.055414,90.732330,0.000012,0.001565,0.000000,0.000000,0.000000,0.000000
-1.560000,0.115800,0.000000,0.000116,-0.022581,0.000000,0.000087,0.024170,0.118260,0.000513,-0.069077,-2.858712,0.000068,-0.000244,0.000000,0.000000,0.000000,0.000000
-1.140000,0.607951,0.000000,0.000063,-0.016502,0.000000,0.000020,0.018206,0.627850,0.000757,-0.062790,-12.576653,0.000061,-0.000408,0.000000,0.000000,0.000000,0.000000
-1.320000,-0.260551,0.000000,0.000030,-0.019107,0.000000,-0.000041,0.021832,-0.272746,0.001165,-0.087338,4.710113,0.000054,-0.000146,0.000000,0.000000,0.000000,0.000000
-0.960000,0.521101,0.000000,-0.000011,-0.013896,0.000000,-0.000095,0.016529,0.553701,0.001311,-0.074543,-8.482188,0.000055,-0.000362,0.000000,0.000000,0.000000,0.000000
0.010000,1.404077,0.000000,-0.000037,0.000145,0.000000,-0.000150,-0.000227,1.518378,0.001673,0.001128,-21.084225,0.000028,-0.000396,0.000000,0.000000,0.000000,0.000000
1.130000,1.621203,0.000000,-0.000022,0.016357,0.000000,-0.000178,-0.021535,1.787855,0.002068,0.116212,-22.887598,-0.000024,-0.000118,0.000000,0.000000,0.000000,0.000000
2.650000,2.200204,0.000000,0.000041,0.038359,0.000000,-0.000154,-0.053278,2.479480,0.002187,0.307670,-29.662054,-0.000097,0.000271,0.000000,0.000000,0.000000,0.000000
-0.430000,-4.458308,0.000000,0.000167,-0.006224,0.000000,-0.000057,0.009430,-5.145194,0.001916,-0.057638,58.157036,-0.000072,0.000945,0.000000,0.000000,0.000000,0.000000
-1.330000,-1.302752,0.000000,0.000165,-0.019252,0.000000,0.000015,0.030504,-1.542603,0.000971,-0.195541,16.624754,0.000053,-0.000216,0.000000,0.000000,0.000000,0.000000
-1.190000,0.202650,0.000000,0.000128,-0.017225,0.000000,-0.000038,0.029106,0.246356,0.001187,-0.194217,-2.550554,0.000083,-0.000573,0.000000,0.000000,0.000000,0.000000
-0.710000,0.694801,0.000000,0.000098,-0.010277,0.000000,-0.000122,0.018624,0.870377,0.001760,-0.128550,-8.711234,0.000067,-0.000512,0.000000,0.000000,0.000000,0.000000
-0.650000,1.389603,0.000000,0.001342,-0.009409,0.000000,0.001354,0.011101,1.400540,0.001782,-0.019818,-54.197849,0.000056,-0.001079,0.000000,0.000000,0.000000,0.000000
0.570000,1.765953,0.000000,0.001404,0.008251,0.000000,0.001297,-0.007011,1.779857,0.002861,0.012516,-68.876595,0.000015,-0.001268,0.000000,0.000000,0.000000,0.000000
-2.880000,-4.993884,0.000000,0.001493,-0.041688,0.000000,0.001282,0.045156,-5.070065,0.004129,-0.109783,144.070831,0.000026,0.002433,0.000000,0.000000,0.000000,0.000000
0.280000,4.574108,0.000000,0.001431,0.004053,0.000000,0.001256,-0.002818,4.687320,0.001696,0.008587,-106.291191,0.000081,-0.001994,0.000000,0.000000,0.000000,0.000000
-10.710000,-15.908053,0.000000,0.001521,-0.155028,0.000000,0.001175,0.173973,-16.494488,0.003690,-0.630756,314.296204,0.000158,0.004249,0.000000,0.000000,0.000000,0.000000
9.430000,29.152700,0.000000,0.001136,0.136499,0.000000,0.001017,-0.156409,30.648159,-0.000559,0.651324,-508.452393,0.000157,-0.007874,0.000000,0.000000,0.000000,0.000000
-6.660000,-23.290316,0.000000,0.001635,-0.096404,0.000000,0.000860,0.118395,-24.882170,0.007314,-0.551709,368.887238,-0.000151,0.005507,0.000000,0.000000,0.000000,0.000000
-11.050000,-6.354537,0.000000,0.001452,-0.159949,0.000000,0.001011,0.204682,-6.913815,0.001807,-1.046233,93.443680,0.000423,-0.001071,0.000000,0.000000,0.000000,0.000000
2.540000,3.618756,0.000000,-0.000432,0.036767,0.000000,-0.000733,-0.038056,3.647213,0.013224,0.067938,-141.139191,-0.000035,-0.002487,0.000000,0.000000,0.000000,0.000000
-0.210000,-3.980632,0.000000,-0.000300,-0.003040,0.000000,-0.000699,0.002806,-4.012681,0.015711,-0.005008,155.281998,-0.000068,0.002931,0.000000,0.000000,0.000000,0.000000
-7.540000,-10.610194,0.000000,-0.000189,-0.109142,0.000000,-0.000630,0.113936,-10.771893,0.012780,-0.276999,306.093750,0.000104,0.005041,0.000000,0.000000,0.000000,0.000000
0.730000,11.970846,0.000000,-0.000423,0.010567,0.000000,-0.000735,-0.011812,12.267588,0.007738,0.035985,-278.183777,0.000200,-0.005179,0.000000,0.000000,0.000000,0.000000
-1.170000,-2.750255,0.000000,-0.000286,-0.016936,0.000000,-0.000935,0.018503,-2.852169,0.012918,-0.067086,54.346989,-0.000004,0.000857,0.000000,0.000000,0.000000,0.000000
-10.440000,-13.418348,0.000000,-0.000235,-0.151119,0.000000,-0.000931,0.174343,-14.107470,0.012061,-0.726005,234.042664,0.000204,0.002466,0.000000,0.000000,0.000000,0.000000
8.640000,27.618349,0.000000,-0.000589,0.125064,0.000000,-0.001135,-0.151744,29.504272,0.009595,0.707112,-437.411591,0.000148,-0.006374,0.000000,0.000000,0.000000,0.000000
-3.610000,-17.731907,0.000000,-0.000129,-0.052255,0.000000,-0.001283,0.066104,-19.291340,0.015969,-0.337892,260.732117,-0.000187,0.004035,0.000000,0.000000,0.000000,0.000000
-3.200000,0.593476,0.000000,-0.000191,-0.046320,0.000000,-0.001096,0.061695,0.657996,0.011934,-0.340512,-8.236088,0.000180,-0.001084,0.000000,0.000000,0.000000,0.000000
0.090000,4.762283,0.000000,-0.000236,0.001303,0.000000,-0.001276,-0.002179,5.404950,0.013018,0.012824,-63.454433,0.000096,-0.001165,0.000000,0.000000,0.000000,0.000000
1.040000,8.033639,0.000000,0.000456,0.015054,0.000000,0.000248,-0.014924,8.097287,0.008513,0.026642,-313.347321,0.000113,-0.005859,0.000000,0.000000,0.000000,0.000000
0.160000,-1.273802,0.000000,0.000518,0.002316,0.000000,0.000135,-0.001841,-1.284329,0.014372,0.003286,49.700718,-0.000030,0.000961,0.000000,0.000000,0.000000,0.000000
2.150000,2.880530,0.000000,0.000665,0.031121,0.000000,0.000164,-0.031849,2.923781,0.013412,0.077431,-83.082047,-0.000031,-0.001365,0.000000,0.000000,0.000000,0.000000
-1.640000,-5.486035,0.000000,0.000910,-0.023739,0.000000,0.000195,0.026493,-5.622938,0.014777,-0.080712,127.507568,-0.000035,0.002199,0.000000,0.000000,0.000000,0.000000
0.440000,3.010805,0.000000,0.000989,0.006369,0.000000,0.000230,-0.005979,3.120829,0.012579,0.021677,-59.466206,0.000043,-0.001071,0.000000,0.000000,0.000000,0.000000
-3.340000,-5.471560,0.000000,0.001167,-0.048347,0.000000,0.000187,0.057211,-5.753453,0.013650,-0.238241,95.449692,0.000046,0.001165,0.000000,0.000000,0.000000,0.000000
5.830000,13.273599,0.000000,0.001187,0.084389,0.000000,0.000141,-0.100478,14.178901,0.012485,0.468218,-210.207336,-0.000003,-0.002716,0.000000,0.000000,0.000000,0.000000
-3.760000,-13.881550,0.000000,0.001609,-0.054426,0.000000,0.000144,0.071062,-15.103382,0.015201,-0.363233,204.129807,-0.000094,0.002888,0.000000,0.000000,0.000000,0.000000
-0.920000,4.110907,0.000000,0.001634,-0.013317,0.000000,0.000238,0.019996,4.561707,0.012313,-0.110366,-57.098515,0.000141,-0.001385,0.000000,0.000000,0.000000,0.000000
3.620000,6.571662,0.000000,0.001790,0.052400,0.000000,0.000098,-0.071661,7.457364,0.013698,0.421689,-87.549904,-0.000053,-0.000515,0.000000,0.000000,0.000000,0.000000
-1.220000,-4.921509,0.000000,-0.000322,-0.017660,0.000000,-0.000990,0.017822,-4.961380,0.028762,-0.031817,191.994614,-0.000046,0.003550,0.000000,0.000000,0.000000,0.000000
-3.380000,-3.126606,0.000000,-0.000300,-0.048926,0.000000,-0.000945,0.049787,-3.152109,0.025212,-0.088882,121.979729,0.000075,0.002063,0.000000,0.000000,0.000000,0.000000
0.150000,5.109684,0.000000,-0.000215,0.002171,0.000000,-0.001020,-0.002495,5.186552,0.023149,0.006066,-147.380890,0.000091,-0.002778,0.000000,0.000000,0.000000,0.000000
-1.070000,-1.765953,0.000000,0.000035,-0.015488,0.000000,-0.001111,0.016684,-1.810918,0.025927,-0.050828,41.064980,0.000011,0.000645,0.000000,0.000000,0.000000,0.000000
1.530000,3.763507,0.000000,0.000228,0.022147,0.000000,-0.001122,-0.024359,3.900747,0.025282,0.088315,-74.327263,0.000008,-0.001170,0.000000,0.000000,0.000000,0.000000
-2.030000,-5.153109,0.000000,0.000537,-0.029384,0.000000,-0.001130,0.034573,-5.419252,0.026451,-0.143971,89.905312,-0.000009,0.001315,0.000000,0.000000,0.000000,0.000000
-5.190000,-4.574108,0.000000,0.000694,-0.075125,0.000000,-0.001121,0.091563,-4.888481,0.025136,-0.426673,72.473511,0.000155,0.000216,0.000000,0.000000,0.000000,0.000000
-1.130000,5.876861,0.000000,0.000720,-0.016357,0.000000,-0.001276,0.021656,6.391140,0.024921,-0.110697,-86.379471,0.000179,-0.001935,0.000000,0.000000,0.000000,0.000000
4.220000,3.170030,0.000000,-0.000943,0.061085,0.000000,-0.001659,-0.063436,3.194474,0.031275,0.113247,-123.619171,-0.000111,-0.002031,0.000000,0.000000,0.000000,0.000000
2.860000,-1.968603,0.000000,-0.000703,0.041399,0.000000,-0.001547,-0.043107,-1.985087,0.033306,0.076957,76.818535,-0.000154,0.001666,0.000000,0.000000,0.000000,0.000000
-4.870000,-11.189195,0.000000,-0.000292,-0.070493,0.000000,-0.001393,0.073412,-11.360349,0.031640,-0.178477,322.815277,-0.000016,0.005627,0.000000,0.000000,0.000000,0.000000
-4.860000,0.014474,0.000000,-0.000247,-0.070349,0.000000,-0.001377,0.075346,0.013722,0.026013,-0.229544,-0.311164,0.000204,-0.000637,0.000000,0.000000,0.000000,0.000000
-9.310000,-6.441387,0.000000,-0.000203,-0.134762,0.000000,-0.001581,0.149536,-6.679989,0.026650,-0.542159,127.284660,0.000278,0.000945,0.000000,0.000000,0.000000,0.000000
3.250000,18.180634,0.000000,-0.000357,0.047044,0.000000,-0.001859,-0.054771,19.111994,0.025705,0.228078,-317.067627,0.000213,-0.005388,0.000000,0.000000,0.000000,0.000000
-1.830000,-7.353313,0.000000,0.000031,-0.026489,0.000000,-0.002072,0.032027,-7.857657,0.031094,-0.149242,116.492645,-0.000063,0.001812,0.000000,0.000000,0.000000,0.000000
-4.240000,-3.488481,0.000000,0.000199,-0.061374,0.000000,-0.002009,0.078085,-3.797317,0.029282,-0.399131,51.322651,0.000139,-0.000111,0.000000,0.000000,0.000000,0.000000
-0.330000,5.659735,0.000000,0.000267,-0.004777,0.000000,-0.002149,0.006746,6.280553,0.029393,-0.037231,-78.613174,0.000137,-0.001589,0.000000,0.000000,0.000000,0.000000
4.360000,6.788787,0.000000,0.000500,0.063111,0.000000,-0.002286,-0.088654,7.703277,0.030982,0.521687,-90.436928,-0.000094,-0.000298,0.000000,0.000000,0.000000,0.000000
-4.920000,-5.022834,0.000000,-0.000818,-0.071217,0.000000,-0.001502,0.072153,-5.063516,0.029842,-0.128810,195.947021,0.000099,0.003362,0.000000,0.000000,0.000000,0.000000
-5.810000,-1.288277,0.000000,-0.000939,-0.084100,0.000000,-0.001601,0.085148,-1.299163,0.026480,-0.152009,50.274754,0.000206,0.000535,0.000000,0.000000,0.000000,0.000000
-3.930000,2.721304,0.000000,-0.000935,-0.056887,0.000000,-0.001807,0.058511,2.761837,0.025945,-0.142252,-78.480255,0.000210,-0.001872,0.000000,0.000000,0.000000,0.000000
0.400000,6.267686,0.000000,-0.000849,0.005790,0.000000,-0.002017,-0.007136,6.422096,0.027817,0.021740,-145.629547,0.000102,-0.002695,0.000000,0.000000,0.000000,0.000000
0.950000,0.796126,0.000000,-0.000575,0.013751,0.000000,-0.002119,-0.015921,0.823969,0.030512,0.057723,-15.700424,-0.000028,-0.000136,0.000000,0.000000,0.000000,0.000000
-1.180000,-3.083180,0.000000,-0.000282,-0.017081,0.000000,-0.002091,0.019411,-3.243137,0.030648,-0.080831,53.803577,-0.000009,0.000800,0.000000,0.000000,0.000000,0.000000
0.130000,1.896228,0.000000,-0.000083,0.001882,0.000000,-0.002082,-0.002373,2.023760,0.029848,0.011058,-30.002979,0.000032,-0.000540,0.000000,0.000000,0.000000,0.000000
2.940000,4.067482,0.000000,0.000170,0.042557,0.000000,-0.002114,-0.053753,4.422610,0.030388,0.274757,-59.773800,-0.000062,-0.000388,0.000000,0.000000,0.000000,0.000000
-4.380000,-10.595719,0.000000,0.000543,-0.063401,0.000000,-0.002052,0.085521,-11.765437,0.030775,-0.472015,147.267044,0.000009,0.001512,0.000000,0.000000,0.000000,0.000000
-1.140000,4.689909,0.000000,0.000611,-0.016502,0.000000,-0.002061,0.024230,5.320809,0.029263,-0.142584,-62.466618,0.000166,-0.001571,0.000000,0.000000,0.000000,0.000000
-2.890000,-2.533129,0.000000,0.000818,-0.041833,0.000000,-0.002227,0.064159,-2.949562,0.030834,-0.398376,32.817139,0.000117,-0.000453,0.000000,0.000000,0.000000,0.000000
-3.440000,-3.879307,0.000000,-0.000676,-0.049794,0.000000,-0.001315,0.050359,-3.910849,0.027820,-0.089902,151.341309,0.000062,0.002623,0.000000,0.000000,0.000000,0.000000
-5.700000,-3.271355,0.000000,-0.000744,-0.082508,0.000000,-0.001377,0.083718,-3.297988,0.025197,-0.149456,127.624931,0.000164,0.002007,0.000000,0.000000,0.000000,0.000000
-5.710000,-0.014476,0.000000,-0.000758,-0.082652,0.000000,-0.001541,0.085640,-0.015444,0.023189,-0.208206,0.438853,0.000231,-0.000559,0.000000,0.000000,0.000000,0.000000
-0.180000,8.004689,0.000000,-0.000779,-0.002606,0.000000,-0.001772,0.001963,8.202367,0.023748,-0.005980,-185.999573,0.000160,-0.003537,0.000000,0.000000,0.000000,0.000000
4.570000,6.875638,0.000000,-0.000556,0.066151,0.000000,-0.001932,-0.074131,7.127563,0.027285,0.268771,-135.813019,-0.000066,-0.001838,0.000000,0.000000,0.000000,0.000000
2.730000,-2.663405,0.000000,-0.000128,0.039517,0.000000,-0.001867,-0.045809,-2.801776,0.029123,0.190760,46.481419,-0.000177,0.001400,0.000000,0.000000,0.000000,0.000000
2.530000,-0.289501,0.000000,0.000218,0.036622,0.000000,-0.001690,-0.043963,-0.311226,0.027724,0.204863,4.614045,-0.000124,0.000639,0.000000,0.000000,0.000000,0.000000
0.090000,-3.531906,0.000000,0.000556,0.001303,0.000000,-0.001565,-0.000947,-3.844567,0.027085,0.004838,51.961254,-0.000075,0.000996,0.000000,0.000000,0.000000,0.000000
-4.370000,-6.455861,0.000000,0.000795,-0.063256,0.000000,-0.001490,0.085664,-7.169418,0.026089,-0.472802,89.739029,0.000096,0.000418,0.000000,0.000000,0.000000,0.000000
4.340000,12.607748,0.000000,0.000850,0.062822,0.000000,-0.001586,-0.087749,14.308856,0.025670,0.516362,-167.986816,0.000033,-0.001785,0.000000,0.000000,0.000000,0.000000
8.590000,14.663200,0.000000,-0.000689,0.124340,0.000000,-0.001384,-0.127944,14.779063,0.030223,0.228410,-571.917480,-0.000066,-0.010208,0.000000,0.000000,0.000000,0.000000
-3.670000,-17.746382,0.000000,-0.000280,-0.053123,0.000000,-0.001318,0.054106,-17.888548,0.040431,-0.096592,692.247742,-0.000192,0.012865,0.000000,0.000000,0.000000,0.000000
-3.700000,-0.043425,0.000000,-0.000163,-0.053558,0.000000,-0.001126,0.055837,-0.045040,0.027565,-0.135749,1.279869,0.000151,-0.000367,0.000000,0.000000,0.000000,0.000000
-3.720000,-0.028950,0.000000,-0.000048,-0.053847,0.000000,-0.001276,0.057823,-0.030893,0.027932,-0.176162,0.700541,0.000156,-0.000463,0.000000,0.000000,0.000000,0.000000
-3.050000,0.969827,0.000000,0.000065,-0.044149,0.000000,-0.001432,0.049134,1.004043,0.028395,-0.178142,-19.131664,0.000152,-0.000843,0.000000,0.000000,0.000000,0.000000
-0.860000,3.170031,0.000000,0.000207,-0.012449,0.000000,-0.001584,0.014623,3.330855,0.029238,-0.060892,-55.258823,0.000102,-0.001209,0.000000,0.000000,0.000000,0.000000
3.110000,5.746585,0.000000,0.000444,0.045017,0.000000,-0.001686,-0.053828,6.136858,0.030447,0.250834,-90.981148,-0.000030,-0.001042,0.000000,0.000000,0.000000,0.000000
1.810000,-1.881753,0.000000,0.000854,0.026200,0.000000,-0.001656,-0.032142,-2.049864,0.031489,0.164295,27.704948,-0.000126,0.000971,0.000000,0.000000,0.000000,0.000000
0.030000,-2.576555,0.000000,0.001214,0.000434,0.000000,-0.001531,0.001043,-2.863472,0.030518,-0.005754,35.841858,-0.000051,0.000661,0.000000,0.000000,0.000000,0.000000
-0.380000,-0.593476,0.000000,0.001506,-0.005501,0.000000,-0.001479,0.009921,-0.677295,0.029857,-0.058382,7.951478,0.000014,-0.000009,0.000000,0.000000,0.000000,0.000000
-6.530000,-13.997350,0.000000,-0.001058,-0.094522,0.000000,-0.001892,0.095784,-14.109565,0.036434,-0.170997,546.009338,-0.000008,0.009876,0.000000,0.000000,0.000000,0.000000
-1.540000,7.223038,0.000000,-0.001226,-0.022292,0.000000,-0.001884,0.021569,7.279853,0.026558,-0.038505,-281.714417,0.000196,-0.005457,0.000000,0.000000,0.000000,0.000000
-4.700000,-4.574108,0.000000,-0.000997,-0.068033,0.000000,-0.002080,0.070101,-4.644668,0.032014,-0.170429,131.982727,0.000101,0.002048,0.000000,0.000000,0.000000,0.000000
-1.350000,4.849133,0.000000,-0.000924,-0.019541,0.000000,-0.002182,0.020009,4.968262,0.029966,-0.060960,-112.661942,0.000148,-0.002302,0.000000,0.000000,0.000000,0.000000
1.370000,3.937207,0.000000,-0.000707,0.019831,0.000000,-0.002330,-0.022823,4.080677,0.032268,0.082749,-77.755745,0.000015,-0.001244,0.000000,0.000000,0.000000,0.000000
0.980000,-0.564526,0.000000,-0.000375,0.014186,0.000000,-0.002345,-0.016825,-0.595402,0.033512,0.070062,9.877703,-0.000057,0.000379,0.000000,0.000000,0.000000,0.000000
1.390000,0.593476,0.000000,-0.000064,0.020120,0.000000,-0.002288,-0.024376,0.631800,0.033134,0.113587,-9.366668,-0.000054,0.000129,0.000000,0.000000,0.000000,0.000000
4.150000,3.995107,0.000000,0.000264,0.060071,0.000000,-0.002234,-0.075846,4.343636,0.033004,0.387685,-58.706417,-0.000123,-0.000063,0.000000,0.000000,0.000000,0.000000
3.880000,-0.390826,0.000000,0.000710,0.056163,0.000000,-0.002111,-0.074166,-0.436929,0.033068,0.409342,5.469004,-0.000209,0.001211,0.000000,0.000000,0.000000,0.000000
2.420000,-2.113354,0.000000,0.001148,0.035030,0.000000,-0.001903,-0.047975,-2.402495,0.031857,0.282308,28.205441,-0.000175,0.001295,0.000000,0.000000,0.000000,0.000000
-1.540000,-0.332926,0.000000,-0.000796,-0.022292,0.000000,-0.001593,0.022093,-0.336435,0.034637,-0.039441,13.019291,0.000054,0.000137,0.000000,0.000000,0.000000,0.000000
1.440000,4.313558,0.000000,-0.000773,0.020844,0.000000,-0.001646,-0.022133,4.347008,0.034500,0.039513,-168.219727,0.000022,-0.003079,0.000000,0.000000,0.000000,0.000000
2.650000,1.751478,0.000000,-0.000362,0.038359,0.000000,-0.001669,-0.040492,1.776809,0.037578,0.098443,-50.489754,-0.000076,-0.000684,0.000000,0.000000,0.000000,0.000000
-2.860000,-7.975739,0.000000,0.000102,-0.041399,0.000000,-0.001593,0.044605,-8.175335,0.038262,-0.135890,185.386566,-0.000034,0.003144,0.000000,0.000000,0.000000,0.000000
-6.160000,-4.776759,0.000000,0.000316,-0.089166,0.000000,-0.001559,0.099441,-4.954604,0.035118,-0.360535,94.408096,0.000175,0.000807,0.000000,0.000000,0.000000,0.000000
-0.610000,8.033639,0.000000,0.000386,-0.008830,0.000000,-0.001734,0.010649,8.443645,0.034312,-0.044345,-140.079926,0.000188,-0.002774,0.000000,0.000000,0.000000,0.000000
-3.070000,-3.560856,0.000000,0.000700,-0.044438,0.000000,-0.001922,0.054510,-3.806832,0.037086,-0.254012,56.437664,0.000075,0.000387,0.000000,0.000000,0.000000,0.000000
-5.100000,-2.938430,0.000000,0.000911,-0.073823,0.000000,-0.001997,0.094773,-3.199816,0.036699,-0.484435,43.247124,0.000196,-0.000492,0.000000,0.000000,0.000000,0.000000
-0.100000,7.237513,0.000000,0.001041,-0.001448,0.000000,-0.002193,0.003328,8.031017,0.037191,-0.018369,-100.523598,0.000161,-0.001952,0.000000,0.000000,0.000000,0.000000
-1.860000,-2.214679,0.000000,-0.001844,-0.026924,0.000000,-0.002805,0.025778,-2.233308,0.042498,-0.046019,86.424118,0.000027,0.001516,0.000000,0.000000,0.000000,0.000000
0.770000,3.806931,0.000000,-0.001815,0.011146,0.000000,-0.002832,-0.013271,3.836234,0.040983,0.023692,-148.453888,0.000037,-0.002750,0.000000,0.000000,0.000000,0.000000
-0.450000,-1.765953,0.000000,-0.001391,-0.006514,0.000000,-0.002869,0.005357,-1.794209,0.043732,-0.013025,50.984173,-0.000020,0.000935,0.000000,0.000000,0.000000,0.000000
-9.710000,-13.403873,0.000000,-0.001034,-0.140552,0.000000,-0.002849,0.149955,-13.738189,0.042797,-0.456845,311.531647,0.000146,0.004661,0.000000,0.000000,0.000000,0.000000
-2.310000,10.711519,0.000000,-0.001104,-0.033437,0.000000,-0.002995,0.035932,11.104274,0.038136,-0.130275,-211.587708,0.000307,-0.004367,0.000000,0.000000,0.000000,0.000000
5.850000,11.811621,0.000000,-0.000855,0.084679,0.000000,-0.003302,-0.098833,12.415333,0.042503,0.411562,-205.970154,-0.000033,-0.002779,0.000000,0.000000,0.000000,0.000000
-1.780000,-11.044444,0.000000,-0.000259,-0.025766,0.000000,-0.003269,0.030802,-11.801742,0.045282,-0.143535,174.965118,-0.000140,0.002930,0.000000,0.000000,0.000000,0.000000
-7.330000,-8.033639,0.000000,0.000006,-0.106102,0.000000,-0.003129,0.134561,-8.742785,0.042352,-0.687809,118.163139,0.000199,0.000371,0.000000,0.000000,0.000000,0.000000
-3.120000,6.093986,0.000000,0.000035,-0.045162,0.000000,-0.003328,0.060448,6.761760,0.041980,-0.333631,-84.636421,0.000291,-0.002506,0.000000,0.000000,0.000000,0.000000
-0.530000,3.749032,0.000000,0.000241,-0.007672,0.000000,-0.003619,0.011204,4.251741,0.044486,-0.065932,-49.915691,0.000110,-0.001119,0.000000,0.000000,0.000000,0.000000
-2.450000,-1.259327,0.000000,-0.000742,-0.035464,0.000000,-0.001582,0.035639,-1.270253,0.036421,-0.063625,49.156010,0.000072,0.000761,0.000000,0.000000,0.000000,0.000000
-0.450000,2.895005,0.000000,-0.000750,-0.006514,0.000000,-0.001654,0.005901,2.917143,0.035660,-0.010535,-112.887054,0.000071,-0.002167,0.000000,0.000000,0.000000,0.000000
-0.860000,-0.593476,0.000000,-0.000412,-0.012449,0.000000,-0.001725,0.012587,-0.603791,0.037828,-0.030601,17.157301,0.000022,0.000246,0.000000,0.000000,0.000000,0.000000
-0.670000,0.275025,0.000000,-0.000097,-0.009698,0.000000,-0.001748,0.010319,0.280206,0.037582,-0.031438,-6.354047,0.000033,-0.000206,0.000000,0.000000,0.000000,0.000000
1.260000,2.793680,0.000000,0.000225,0.018239,0.000000,-0.001781,-0.020019,2.894545,0.037787,0.072580,-55.154453,0.000001,-0.000848,0.000000,0.000000,0.000000,0.000000
2.670000,2.040979,0.000000,0.000632,0.038648,0.000000,-0.001781,-0.043926,2.143184,0.038635,0.182920,-35.555386,-0.000078,-0.000177,0.000000,0.000000,0.000000,0.000000
-3.720000,-9.249541,0.000000,0.001105,-0.053847,0.000000,-0.001703,0.066362,-9.884328,0.038812,-0.309240,146.538757,-0.000008,0.001939,0.000000,0.000000,0.000000,0.000000
3.370000,10.262793,0.000000,0.001309,0.048781,0.000000,-0.001696,-0.060201,11.161349,0.036873,0.307719,-150.851227,0.000049,-0.002028,0.000000,0.000000,0.000000,0.000000
-0.230000,-5.211009,0.000000,0.001824,-0.003329,0.000000,-0.001744,0.006892,-5.789097,0.038901,-0.038038,72.461662,-0.000091,0.001273,0.000000,0.000000,0.000000,0.000000
3.440000,5.312335,0.000000,0.002197,0.049794,0.000000,-0.001653,-0.067395,6.025515,0.037628,0.396586,-70.739906,-0.000068,-0.000269,0.000000,0.000000,0.000000,0.000000
-4.100000,-5.992661,0.000000,-0.002276,-0.059348,0.000000,-0.003413,0.058552,-6.041518,0.050344,-0.104528,233.793564,0.000044,0.004145,0.000000,0.000000,0.000000,0.000000
-3.600000,0.723751,0.000000,-0.002317,-0.052110,0.000000,-0.003457,0.050983,0.728423,0.046200,-0.091016,-28.188364,0.000152,-0.000788,0.000000,0.000000,0.000000,0.000000
-3.760000,-0.231601,0.000000,-0.002045,-0.054426,0.000000,-0.003609,0.054777,-0.236591,0.046987,-0.133174,6.722976,0.000143,-0.000231,0.000000,0.000000,0.000000,0.000000
-3.820000,-0.086850,0.000000,-0.001795,-0.055295,0.000000,-0.003752,0.057502,-0.090828,0.047219,-0.175182,2.059649,0.000154,-0.000434,0.000000,0.000000,0.000000,0.000000
0.520000,6.282161,0.000000,-0.001561,0.007527,0.000000,-0.003906,-0.010100,6.511372,0.047653,0.036617,-124.071732,0.000096,-0.002249,0.000000,0.000000,0.000000,0.000000
0.540000,0.028950,0.000000,-0.001148,0.007817,0.000000,-0.004001,-0.010358,0.027760,0.049903,0.043133,-0.460544,-0.000028,0.000112,0.000000,0.000000,0.000000,0.000000
-0.970000,-2.185729,0.000000,-0.000743,-0.014041,0.000000,-0.003974,0.016059,-2.338092,0.049791,-0.074833,34.663059,-0.000001,0.000454,0.000000,0.000000,0.000000,0.000000
2.910000,-4.241183,0.000000,-0.001510,0.042122,0.000000,-0.002424,-0.044581,-4.275885,0.040218,0.079587,165.467407,-0.000202,0.003348,0.000000,0.000000,0.000000,0.000000
-2.300000,-7.541488,0.000000,-0.001300,-0.033293,0.000000,-0.002223,0.032757,-7.602356,0.036870,-0.058479,294.194580,-0.000055,0.005406,0.000000,0.000000,0.000000,0.000000
1.090000,4.907034,0.000000,-0.001109,0.015778,0.000000,-0.002168,-0.017659,4.980608,0.031464,0.042932,-141.528809,0.000047,-0.002574,0.000000,0.000000,0.000000,0.000000
-6.930000,-11.608971,0.000000,-0.000767,-0.100312,0.000000,-0.002214,0.106992,-11.898404,0.034038,-0.325955,269.812042,0.000064,0.004232,0.000000,0.000000,0.000000,0.000000
-2.070000,7.034862,0.000000,-0.000793,-0.029963,0.000000,-0.002278,0.032416,7.292571,0.029806,-0.117529,-138.957169,0.000226,-0.002957,0.000000,0.000000,0.000000,0.000000
-0.410000,2.402854,0.000000,-0.000611,-0.005935,0.000000,-0.002504,0.006151,2.524341,0.032762,-0.025615,-41.878780,0.000064,-0.000857,0.000000,0.000000,0.000000,0.000000
-6.090000,-8.221815,0.000000,-0.000363,-0.088153,0.000000,-0.002568,0.106019,-8.785501,0.033619,-0.494038,130.248230,0.000120,0.001131,0.000000,0.000000,0.000000,0.000000
-0.490000,8.106014,0.000000,-0.000361,-0.007093,0.000000,-0.002688,0.008537,8.816154,0.032488,-0.043638,-119.154747,0.000190,-0.002376,0.000000,0.000000,0.000000,0.000000
4.390000,7.063812,0.000000,-0.000124,0.063545,0.000000,-0.002878,-0.085154,7.839059,0.034864,0.469988,-98.120880,-0.000082,-0.000582,0.000000,0.000000,0.000000,0.000000
0.670000,-5.384709,0.000000,0.000316,0.009698,0.000000,-0.002796,-0.013284,-6.115680,0.035446,0.078171,71.798447,-0.000152,0.001572,0.000000,0.000000,0.000000,0.000000
1.910000,1.794903,0.000000,0.000602,0.027647,0.000000,-0.002644,-0.040683,2.083975,0.033874,0.252610,-23.186522,-0.000070,0.000241,0.000000,0.000000,0.000000,0.000000
2.850000,1.360652,0.000000,0.000944,0.041254,0.000000,-0.002574,-0.064617,1.620392,0.033633,0.419753,-17.232607,-0.000144,0.000809,0.000000,0.000000,0.000000,0.000000
-2.530000,-7.555963,0.000000,-0.000256,-0.036622,0.000000,-0.000945,0.037308,-7.616811,0.029586,-0.066604,294.753906,-0.000043,0.005400,0.000000,0.000000,0.000000,0.000000
-1.900000,0.911927,0.000000,-0.000283,-0.027503,0.000000,-0.000902,0.027870,0.918567,0.024186,-0.049754,-35.546555,0.000093,-0.000818,0.000000,0.000000,0.000000,0.000000
2.700000,6.658512,0.000000,-0.000120,0.039083,0.000000,-0.000994,-0.040995,6.758846,0.025004,0.099667,-192.059143,0.000017,-0.003366,0.000000,0.000000,0.000000,0.000000
4.800000,3.039755,0.000000,0.000258,0.069480,0.000000,-0.001011,-0.074401,3.113889,0.028370,0.226665,-70.611580,-0.000142,-0.000718,0.000000,0.000000,0.000000,0.000000
-6.840000,-16.848930,0.000000,0.000731,-0.099009,0.000000,-0.000869,0.110841,-17.471184,0.029087,-0.401865,332.906799,-0.000031,0.005218,0.000000,0.000000,0.000000,0.000000
0.950000,11.276045,0.000000,0.000694,0.013751,0.000000,-0.000838,-0.015088,11.852951,0.023869,0.062828,-196.640259,0.000184,-0.003563,0.000000,0.000000,0.000000,0.000000
0.080000,-1.259327,0.000000,0.001000,0.001158,0.000000,-0.001022,-0.000190,-1.347570,0.027433,0.000887,19.978218,-0.000026,0.000387,0.000000,0.000000,0.000000,0.000000
-4.460000,-6.571661,0.000000,0.001275,-0.064559,0.000000,-0.000996,0.083487,-7.151803,0.027045,-0.426746,96.660202,0.000090,0.000675,0.000000,0.000000,0.000000,0.000000
-1.030000,4.964934,0.000000,0.001365,-0.014909,0.000000,-0.001086,0.021766,5.508825,0.026370,-0.120132,-68.953529,0.000163,-0.001632,0.000000,0.000000,0.000000,0.000000
-2.040000,-1.461978,0.000000,0.001609,-0.029529,0.000000,-0.001249,0.044090,-1.663086,0.028002,-0.259446,19.524731,0.000087,-0.000329,0.000000,0.000000,0.000000,0.000000
-2.400000,-7.367788,0.000000,-0.001404,-0.034740,0.000000,-0.002213,0.034216,-7.427242,0.035625,-0.061083,287.418030,-0.000048,0.005278,0.000000,0.000000,0.000000,0.000000
-1.900000,0.723751,0.000000,-0.001413,-0.027503,0.000000,-0.002164,0.026713,0.728790,0.030348,-0.047689,-28.202578,0.000086,-0.000673,0.000000,0.000000,0.000000,0.000000
-1.930000,-0.043425,0.000000,-0.001212,-0.027937,0.000000,-0.002251,0.027947,-0.045068,0.031020,-0.067945,1.280658,0.000075,-0.000158,0.000000,0.000000,0.000000,0.000000
-3.090000,-1.679103,0.000000,-0.001021,-0.044728,0.000000,-0.002325,0.046976,-1.721993,0.031179,-0.143114,39.048466,0.000094,0.000353,0.000000,0.000000,0.000000,0.000000
2.340000,7.859939,0.000000,-0.000891,0.033872,0.000000,-0.002419,-0.038632,8.148003,0.030826,0.140063,-155.257111,0.000050,-0.002562,0.000000,0.000000,0.000000,0.000000
3.660000,1.910704,0.000000,-0.000528,0.052979,0.000000,-0.002469,-0.061825,2.006878,0.033388,0.257454,-33.294067,-0.000129,0.000071,0.000000,0.000000,0.000000,0.000000
2.180000,-2.142304,0.000000,-0.000112,0.031556,0.000000,-0.002340,-0.038243,-2.290829,0.033317,0.178207,33.962379,-0.000147,0.001125,0.000000,0.000000,0.000000,0.000000
7.760000,8.077065,0.000000,0.000239,0.112326,0.000000,-0.002193,-0.142144,8.784394,0.032192,0.726568,-118.725510,-0.000218,-0.000285,0.000000,0.000000,0.000000,0.000000
-5.300000,-18.904385,0.000000,0.000828,-0.076718,0.000000,-0.001975,0.103713,-20.989466,0.032477,-0.572421,262.723480,-0.000116,0.003427,0.000000,0.000000,0.000000,0.000000
-1.070000,6.122936,0.000000,0.000872,-0.015488,0.000000,-0.001859,0.023165,6.947339,0.029050,-0.136316,-81.562172,0.000194,-0.001919,0.000000,0.000000,0.000000,0.000000
-1.600000,-0.767176,0.000000,0.001099,-0.023160,0.000000,-0.002053,0.036492,-0.895954,0.030969,-0.226584,9.968481,0.000081,-0.000421,0.000000,0.000000,0.000000,0.000000
-2.210000,-7.787564,0.000000,-0.000852,-0.031990,0.000000,-0.001558,0.031955,-7.850256,0.030802,-0.057048,303.787781,-0.000062,0.005599,0.000000,0.000000,0.000000,0.000000
-8.610000,-9.264015,0.000000,-0.000865,-0.124630,0.000000,-0.001496,0.126723,-9.338301,0.025203,-0.226230,361.371918,0.000166,0.006220,0.000000,0.000000,0.000000,0.000000
-7.650000,1.389602,0.000000,-0.001039,-0.110734,0.000000,-0.001662,0.114712,1.410148,0.018983,-0.278886,-40.070717,0.000337,-0.001525,0.000000,0.000000,0.000000,0.000000
-1.960000,8.236290,0.000000,-0.001176,-0.028371,0.000000,-0.001998,0.029229,8.439914,0.020508,-0.089049,-191.386276,0.000238,-0.003862,0.000000,0.000000,0.000000,0.000000
2.680000,6.716412,0.000000,-0.001064,0.038793,0.000000,-0.002237,-0.044294,6.962733,0.024370,0.160591,-132.672256,0.000012,-0.002071,0.000000,0.000000,0.000000,0.000000
1.210000,-2.127829,0.000000,-0.000756,0.017515,0.000000,-0.002248,-0.021112,-2.238377,0.026440,0.087914,37.134636,-0.000100,0.000945,0.000000,0.000000,0.000000,0.000000
-3.830000,-7.295413,0.000000,-0.000518,-0.055439,0.000000,-0.002149,0.066325,-7.795216,0.025496,-0.309068,115.566917,0.000032,0.001350,0.000000,0.000000,0.000000,0.000000
2.010000,8.453415,0.000000,-0.000500,0.029095,0.000000,-0.002181,-0.037531,9.194769,0.024145,0.191839,-124.271927,0.000073,-0.001837,0.000000,0.000000,0.000000,0.000000
4.840000,1.751478,0.000000,0.000411,0.070059,0.000000,-0.000043,-0.071262,1.764893,0.019043,0.127220,-68.297516,-0.000159,-0.000946,0.000000,0.000000,0.000000,0.000000
-3.080000,-11.464221,0.000000,0.000648,-0.044583,0.000000,0.000117,0.046312,-11.555942,0.019988,-0.082678,447.189728,-0.000093,0.008246,0.000000,0.000000,0.000000,0.000000
-1.340000,2.518654,0.000000,0.000652,-0.019397,0.000000,0.000210,0.020965,2.556464,0.011743,-0.050970,-72.644402,0.000105,-0.001529,0.000000,0.000000,0.000000,0.000000
1.970000,4.791234,0.000000,0.000741,0.028516,0.000000,0.000105,-0.029852,4.909422,0.013271,0.090946,-111.327652,0.000012,-0.001859,0.000000,0.000000,0.000000,0.000000
1.690000,-0.405301,0.000000,0.000985,0.024463,0.000000,0.000092,-0.026091,-0.421231,0.015131,0.094594,8.026397,-0.000079,0.000411,0.000000,0.000000,0.000000,0.000000
-4.750000,-9.321917,0.000000,0.001223,-0.068756,0.000000,0.000171,0.080859,-9.801443,0.014719,-0.336717,162.605789,0.000033,0.002167,0.000000,0.000000,0.000000,0.000000
-1.600000,4.559633,0.000000,0.001189,-0.023160,0.000000,0.000138,0.029405,4.869761,0.012552,-0.137023,-72.195976,0.000172,-0.001742,0.000000,0.000000,0.000000,0.000000
-0.960000,0.926402,0.000000,0.001298,-0.013896,0.000000,-0.000034,0.019269,1.006135,0.014294,-0.098492,-13.598425,0.000071,-0.000521,0.000000,0.000000,0.000000,0.000000
-2.450000,-2.156779,0.000000,0.001443,-0.035464,0.000000,-0.000105,0.049360,-2.396346,0.014814,-0.272434,29.994875,0.000088,-0.000168,0.000000,0.000000,0.000000,0.000000
3.080000,8.004689,0.000000,0.001534,0.044583,0.000000,-0.000193,-0.060956,9.084133,0.014982,0.358695,-106.648262,0.000007,-0.001049,0.000000,0.000000,0.000000,0.000000
1.380000,-2.460754,0.000000,0.001867,0.019976,0.000000,-0.000200,-0.027240,-2.864938,0.016031,0.169141,31.875597,-0.000128,0.001063,0.000000,0.000000,0.000000,0.000000
0.810000,-0.825076,0.000000,0.002141,0.011725,0.000000,-0.000072,-0.015363,-0.988560,0.014968,0.099796,10.513177,-0.000060,0.000467,0.000000,0.000000,0.000000,0.000000
0.440000,-0.535576,0.000000,0.002406,0.006369,0.000000,-0.000012,-0.006788,-0.661756,0.014501,0.045805,6.774938,-0.000031,0.000251,0.000000,0.000000,0.000000,0.000000
-2.650000,-3.691132,0.000000,-0.000371,-0.038359,0.000000,-0.000998,0.038963,-3.721172,0.027088,-0.069557,144.001236,0.000035,0.002538,0.000000,0.000000,0.000000,0.000000
-2.380000,0.390826,0.000000,-0.000409,-0.034451,0.000000,-0.001033,0.034855,0.393319,0.024550,-0.062225,-15.220581,0.000102,-0.000461,0.000000,0.000000,0.000000,0.000000
-0.410000,2.851580,0.000000,-0.000267,-0.005935,0.000000,-0.001135,0.005927,2.894065,0.025011,-0.014411,-82.237671,0.000071,-0.001595,0.000000,0.000000,0.000000,0.000000
0.220000,0.911927,0.000000,-0.000035,0.003185,0.000000,-0.001206,-0.003460,0.933385,0.026606,0.010542,-21.165745,0.000008,-0.000369,0.000000,0.000000,0.000000,0.000000
1.750000,2.214679,0.000000,0.000224,0.025331,0.000000,-0.001214,-0.027901,2.294786,0.026976,0.101160,-43.726276,-0.000032,-0.000554,0.000000,0.000000,0.000000,0.000000
-0.290000,-2.952905,0.000000,0.000552,-0.004198,0.000000,-0.001182,0.005488,-3.106231,0.027529,-0.022853,51.532322,-0.000044,0.000915,0.000000,0.000000,0.000000,0.000000
-2.480000,-3.170031,0.000000,0.000794,-0.035898,0.000000,-0.001138,0.044310,-3.388642,0.026614,-0.206482,50.237846,0.000056,0.000391,0.000000,0.000000,0.000000,0.000000
0.160000,3.821407,0.000000,0.000947,0.002316,0.000000,-0.001194,-0.001737,4.154844,0.026223,0.008877,-56.154812,0.000074,-0.001040,0.000000,0.000000,0.000000,0.000000
-2.140000,-3.329256,0.000000,0.001218,-0.030977,0.000000,-0.001268,0.043058,-3.698814,0.027263,-0.237648,46.297756,0.000046,0.000236,0.000000,0.000000,0.000000,0.000000
1.410000,5.138634,0.000000,0.001399,0.020410,0.000000,-0.001314,-0.026918,5.829809,0.027028,0.158400,-68.442307,0.000037,-0.000868,0.000000,0.000000,0.000000,0.000000
-0.230000,0.839551,0.000000,-0.001119,-0.003329,0.000000,-0.001908,0.002346,0.845383,0.034609,-0.004187,-32.714478,0.000022,-0.000629,0.000000,0.000000,0.000000,0.000000
-0.850000,-0.897452,0.000000,-0.001045,-0.012304,0.000000,-0.001931,0.011528,-0.905450,0.035238,-0.020581,35.038944,0.000014,0.000609,0.000000,0.000000,0.000000,0.000000
-2.620000,-2.562079,0.000000,-0.000759,-0.037925,0.000000,-0.001945,0.038865,-2.602172,0.034629,-0.094488,73.943222,0.000056,0.001143,0.000000,0.000000,0.000000,0.000000
2.440000,7.324363,0.000000,-0.000563,0.035319,0.000000,-0.002001,-0.038566,7.504700,0.033485,0.117494,-170.179016,0.000038,-0.002907,0.000000,0.000000,0.000000,0.000000
2.670000,0.332926,0.000000,-0.000143,0.038648,0.000000,-0.002038,-0.043108,0.343308,0.036392,0.156294,-6.541605,-0.000110,0.000304,0.000000,0.000000,0.000000,0.000000
-0.500000,-4.588583,0.000000,0.000286,-0.007238,0.000000,-0.001928,0.008693,-4.826271,0.036088,-0.036199,80.067741,-0.000068,0.001418,0.000000,0.000000,0.000000,0.000000
-3.450000,-4.270133,0.000000,0.000577,-0.049939,0.000000,-0.001860,0.061006,-4.564343,0.034670,-0.284279,67.668037,0.000079,0.000510,0.000000,0.000000,0.000000,0.000000
-0.470000,4.313558,0.000000,0.000746,-0.006803,0.000000,-0.001939,0.009574,4.689755,0.034161,-0.048937,-63.384396,0.000115,-0.001334,0.000000,0.000000,0.000000,0.000000
-2.270000,-2.605505,0.000000,0.001046,-0.032858,0.000000,-0.002054,0.045345,-2.895909,0.035494,-0.250270,36.247871,0.000068,0.000012,0.000000,0.000000,0.000000,0.000000
0.620000,4.183282,0.000000,0.001276,0.008975,0.000000,-0.002121,-0.010901,4.744712,0.035482,0.064148,-55.703201,0.000060,-0.000881,0.000000,0.000000,0.000000,0.000000
6.730000,8.844241,0.000000,0.001635,0.097417,0.000000,-0.002182,-0.144083,10.281471,0.036363,0.894641,-114.392738,-0.000195,0.000256,0.000000,0.000000,0.000000,0.000000
-1.480000,-11.883996,0.000000,0.002258,-0.021423,0.000000,-0.001986,0.037961,-14.193872,0.036108,-0.246597,150.949539,-0.000166,0.002191,0.000000,0.000000,0.000000,0.000000
-3.850000,-0.854026,0.000000,-0.001539,-0.055729,0.000000,-0.002441,0.055578,-0.861777,0.039725,-0.099219,33.348869,0.000134,0.000359,0.000000,0.000000,0.000000,0.000000
-2.080000,2.562079,0.000000,-0.001595,-0.030108,0.000000,-0.002575,0.029194,2.581514,0.039366,-0.052118,-99.898926,0.000128,-0.002033,0.000000,0.000000,0.000000,0.000000
-2.950000,-1.259328,0.000000,-0.001303,-0.042701,0.000000,-0.002703,0.043292,-1.279809,0.041399,-0.105250,36.367001,0.000093,0.000408,0.000000,0.000000,0.000000,0.000000
6.830000,14.156574,0.000000,-0.001062,0.098864,0.000000,-0.002795,-0.107401,14.506173,0.040992,0.327202,-328.946747,-0.000016,-0.005344,0.000000,0.000000,0.000000,0.000000
-3.590000,-15.082976,0.000000,-0.000386,-0.051965,0.000000,-0.002779,0.057320,-15.640856,0.046336,-0.207818,298.030579,-0.000141,0.005091,0.000000,0.000000,0.000000,0.000000
-1.360000,3.227931,0.000000,-0.000176,-0.019686,0.000000,-0.002638,0.022544,3.391113,0.041245,-0.093876,-56.258503,0.000125,-0.001329,0.000000,0.000000,0.000000,0.000000
4.590000,8.612640,0.000000,0.000130,0.066440,0.000000,-0.002764,-0.080079,9.197968,0.042574,0.373159,-136.363205,-0.000043,-0.001570,0.000000,0.000000,0.000000,0.000000
-2.400000,-10.118043,0.000000,0.000691,-0.034740,0.000000,-0.002721,0.044932,-11.010832,0.044144,-0.229672,148.816925,-0.000087,0.002199,0.000000,0.000000,0.000000,0.000000
-5.120000,-3.937207,0.000000,0.000959,-0.074112,0.000000,-0.002634,0.100402,-4.374740,0.041944,-0.554149,54.758263,0.000189,-0.000466,0.000000,0.000000,0.000000,0.000000
-0.580000,6.571662,0.000000,0.001118,-0.008396,0.000000,-0.002823,0.013470,7.455396,0.042411,-0.079265,-87.526794,0.000177,-0.001871,0.000000,0.000000,0.000000,0.000000
-0.230000,0.506626,0.000000,0.001473,-0.003329,0.000000,-0.003000,0.007225,0.584004,0.044281,-0.044859,-6.497688,0.000030,-0.000241,0.000000,0.000000,0.000000,0.000000
-6.720000,-4.632008,0.000000,-0.001716,-0.097272,0.000000,-0.002706,0.097942,-4.669897,0.043647,-0.174849,180.714813,0.000176,0.002949,0.000000,0.000000,0.000000,0.000000
-0.570000,8.902141,0.000000,-0.001875,-0.008251,0.000000,-0.002883,0.006528,8.971975,0.040698,-0.011655,-347.195831,0.000187,-0.006611,0.000000,0.000000,0.000000,0.000000
-1.310000,-1.071152,0.000000,-0.001469,-0.018962,0.000000,-0.003070,0.018293,-1.088966,0.047309,-0.044474,30.944019,0.000029,0.000478,0.000000,0.000000,0.000000,0.000000
0.730000,2.952905,0.000000,-0.001110,0.010567,0.000000,-0.003098,-0.012551,3.024268,0.046831,0.038236,-68.579285,0.000023,-0.001196,0.000000,0.000000,0.000000,0.000000
1.930000,1.737003,0.000000,-0.000668,0.027937,0.000000,-0.003122,-0.031789,1.798600,0.048027,0.115253,-34.271645,-0.000052,-0.000335,0.000000,0.000000,0.000000,0.000000
1.700000,-0.332926,0.000000,-0.000179,0.024608,0.000000,-0.003070,-0.028640,-0.352870,0.048362,0.119262,5.854115,-0.000084,0.000434,0.000000,0.000000,0.000000,0.000000
0.340000,-1.968604,0.000000,0.000299,0.004922,0.000000,-0.002986,-0.005583,-2.106406,0.047928,0.026015,31.228241,-0.000055,0.000661,0.000000,0.000000,0.000000,0.000000
1.540000,1.737003,0.000000,0.000718,0.022292,0.000000,-0.002931,-0.027358,1.885812,0.047267,0.139841,-25.487698,-0.000038,-0.000106,0.000000,0.000000,0.000000,0.000000
-1.310000,-4.125382,0.000000,0.001193,-0.018962,0.000000,-0.002893,0.026957,-4.584211,0.047373,-0.148782,57.380207,-0.000014,0.000684,0.000000,0.000000,0.000000,0.000000
-4.690000,-4.892559,0.000000,0.001555,-0.067888,0.000000,-0.002879,0.098328,-5.558853,0.046688,-0.578614,65.261276,0.000161,-0.000331,0.000000,0.000000,0.000000,0.000000
-0.670000,5.818960,0.000000,0.001785,-0.009698,0.000000,-0.003039,0.017274,6.761898,0.047019,-0.107257,-75.233574,0.000174,-0.001714,0.000000,0.000000,0.000000,0.000000
-1.890000,-1.765953,0.000000,0.002194,-0.027358,0.000000,-0.003214,0.047370,-2.115096,0.048733,-0.307721,22.493704,0.000088,-0.000403,0.000000,0.000000,0.000000,0.000000
-0.240000,0.709276,0.000000,-0.002252,-0.003474,0.000000,-0.003352,0.001364,0.713759,0.048742,-0.002434,-27.620907,0.000017,-0.000529,0.000000,0.000000,0.000000,0.000000
-3.880000,-5.268909,0.000000,-0.002146,-0.056163,0.000000,-0.003369,0.055308,-5.311985,0.049271,-0.098738,205.562180,0.000049,0.003626,0.000000,0.000000,0.000000,0.000000
-5.180000,-1.881753,0.000000,-0.001894,-0.074981,0.000000,-0.003418,0.076429,-1.911791,0.045645,-0.185813,54.325397,0.000170,0.000519,0.000000,0.000000,0.000000,0.000000
3.440000,12.477472,0.000000,-0.001718,0.049794,0.000000,-0.003588,-0.055365,12.785321,0.045126,0.168673,-289.924133,0.000092,-0.005034,0.000000,0.000000,0.000000,0.000000
1.480000,-2.837105,0.000000,-0.001165,0.021423,0.000000,-0.003680,-0.025102,-2.943986,0.050160,0.091008,56.096542,-0.000124,0.001318,0.000000,0.000000,0.000000,0.000000
-3.720000,-7.527013,0.000000,-0.000708,-0.053847,0.000000,-0.003557,0.061401,-7.915945,0.048842,-0.255690,131.325378,0.000016,0.001793,0.000000,0.000000,0.000000,0.000000
4.490000,11.883996,0.000000,-0.000482,0.064993,0.000000,-0.003573,-0.079071,12.692688,0.047050,0.368460,-188.173737,0.000026,-0.002570,0.000000,0.000000,0.000000,0.000000
-5.720000,-14.779000,0.000000,0.000091,-0.082797,0.000000,-0.003599,0.105115,-16.081520,0.049619,-0.537298,217.349823,-0.000020,0.002667,0.000000,0.000000,0.000000,0.000000
-4.190000,2.214679,0.000000,0.000230,-0.060650,0.000000,-0.003579,0.081424,2.454701,0.046953,-0.449400,-30.725298,0.000267,-0.001802,0.000000,0.000000,0.000000,0.000000
5.610000,14.185526,0.000000,0.000435,0.081205,0.000000,-0.003846,-0.114368,16.098194,0.048755,0.672997,-188.993759,-0.000005,-0.001755,0.000000,0.000000,0.000000,0.000000
-3.330000,-12.940672,0.000000,0.001051,-0.048202,0.000000,-0.003841,0.074090,-15.055804,0.050510,-0.460042,167.512451,-0.000085,0.001931,0.000000,0.000000,0.000000,0.000000
-2.780000,-9.350867,0.000000,-0.001516,-0.040241,0.000000,-0.002463,0.039748,-9.426243,0.041664,-0.070960,364.775055,-0.000071,0.006712,0.000000,0.000000,0.000000,0.000000
-1.270000,2.185729,0.000000,-0.001525,-0.018383,0.000000,-0.002393,0.017261,2.202281,0.034952,-0.030815,-85.223442,0.000089,-0.001709,0.000000,0.000000,0.000000,0.000000
-0.130000,1.650153,0.000000,-0.001245,-0.001882,0.000000,-0.002481,0.000665,1.674055,0.036662,-0.001618,-47.569897,0.000033,-0.000902,0.000000,0.000000,0.000000,0.000000
-0.970000,-1.215902,0.000000,-0.000922,-0.014041,0.000000,-0.002514,0.014100,-1.247595,0.037564,-0.042956,28.290863,0.000014,0.000421,0.000000,0.000000,0.000000,0.000000
0.620000,2.301529,0.000000,-0.000644,0.008975,0.000000,-0.002529,-0.010689,2.384485,0.037142,0.038755,-45.435455,0.000016,-0.000756,0.000000,0.000000,0.000000,0.000000
-2.330000,-4.270133,0.000000,-0.000301,-0.033727,0.000000,-0.002545,0.038623,-4.491419,0.037899,-0.160833,74.512581,0.000019,0.000977,0.000000,0.000000,0.000000,0.000000
0.650000,4.313558,0.000000,-0.000089,0.009409,0.000000,-0.002565,-0.011470,4.605720,0.036921,0.053451,-68.281471,0.000056,-0.001150,0.000000,0.000000,0.000000,0.000000
-5.430000,-8.800816,0.000000,0.000249,-0.078599,0.000000,-0.002621,0.099992,-9.577183,0.038072,-0.511109,129.440445,0.000089,0.001071,0.000000,0.000000,0.000000,0.000000
-0.200000,7.570438,0.000000,0.000330,-0.002895,0.000000,-0.002710,0.004313,8.401044,0.037001,-0.023803,-105.155190,0.000171,-0.002057,0.000000,0.000000,0.000000,0.000000
6.490000,9.683792,0.000000,0.000632,0.093943,0.000000,-0.002880,-0.132124,10.988750,0.039058,0.777485,-129.008591,-0.000150,-0.000336,0.000000,0.000000,0.000000,0.000000
-0.940000,-10.754944,0.000000,0.001219,-0.013607,0.000000,-0.002731,0.022301,-12.512879,0.039394,-0.138472,139.219620,-0.000176,0.002262,0.000000,0.000000,0.000000,0.000000
-6.000000,0.188175,0.000000,-0.001312,-0.086850,0.000000,-0.002132,0.087667,0.188799,0.036049,-0.156505,-7.306092,0.000241,-0.000566,0.000000,0.000000,0.000000,0.000000
-9.610000,-5.225484,0.000000,-0.001461,-0.139105,0.000000,-0.002373,0.140933,-5.267919,0.036615,-0.251598,203.856979,0.000281,0.003180,0.000000,0.000000,0.000000,0.000000
-5.760000,5.572884,0.000000,-0.001545,-0.083376,0.000000,-0.002654,0.085573,5.656549,0.033434,-0.208045,-160.736313,0.000338,-0.003612,0.000000,0.000000,0.000000,0.000000
-1.260000,6.513762,0.000000,-0.001460,-0.018239,0.000000,-0.002992,0.018033,6.673959,0.037047,-0.054939,-151.340866,0.000175,-0.003008,0.000000,0.000000,0.000000,0.000000
3.280000,6.571662,0.000000,-0.001183,0.047478,0.000000,-0.003167,-0.054077,6.811854,0.040054,0.196064,-129.797302,-0.000018,-0.001922,0.000000,0.000000,0.000000,0.000000
5.010000,2.504179,0.000000,-0.000715,0.072520,0.000000,-0.003149,-0.084622,2.630340,0.041976,0.352384,-43.637299,-0.000179,0.000130,0.000000,0.000000,0.000000,0.000000
-2.810000,-11.319469,0.000000,-0.000178,-0.040675,0.000000,-0.002970,0.048905,-12.095350,0.041845,-0.227893,179.317963,-0.000096,0.002779,0.000000,0.000000,0.000000,0.000000
-0.370000,3.531906,0.000000,0.000021,-0.005356,0.000000,-0.002874,0.006819,3.839396,0.039067,-0.034854,-51.891361,0.000091,-0.001082,0.000000,0.000000,0.000000,0.000000
3.260000,5.254435,0.000000,0.000324,0.047189,0.000000,-0.002965,-0.062678,5.829723,0.040149,0.345939,-72.970177,-0.000059,-0.000444,0.000000,0.000000,0.000000,0.000000
-1.660000,-7.121713,0.000000,0.000781,-0.024029,0.000000,-0.002906,0.035130,-8.088202,0.040593,-0.206721,94.955971,-0.000058,0.001240,0.000000,0.000000,0.000000,0.000000
-5.450000,-24.723345,0.000000,-0.001475,-0.078889,0.000000,-0.002299,0.079348,-24.920839,0.036338,-0.141655,964.382080,-0.000257,0.017875,0.000000,0.000000,0.000000,0.000000
-7.020000,-2.272579,0.000000,-0.001602,-0.101615,0.000000,-0.002042,0.102402,-2.291054,0.018463,-0.182812,88.658798,0.000234,0.001151,0.000000,0.000000,0.000000,0.000000
-8.820000,-2.605505,0.000000,-0.001743,-0.127670,0.000000,-0.002276,0.131686,-2.645559,0.017311,-0.320153,75.176125,0.000306,0.000555,0.000000,0.000000,0.000000,0.000000
-6.030000,4.038531,0.000000,-0.001981,-0.087284,0.000000,-0.002582,0.091685,4.138282,0.016756,-0.279322,-93.841034,0.000326,-0.002533,0.000000,0.000000,0.000000,0.000000
-3.120000,4.212233,0.000000,-0.002106,-0.045162,0.000000,-0.002908,0.047848,4.366808,0.019290,-0.173478,-83.207893,0.000212,-0.002040,0.000000,0.000000,0.000000,0.000000
-1.290000,2.648930,0.000000,-0.002118,-0.018673,0.000000,-0.003119,0.019128,2.784168,0.021330,-0.079654,-46.189308,0.000104,-0.001086,0.000000,0.000000,0.000000,0.000000
-6.290000,-7.237513,0.000000,-0.002066,-0.091048,0.000000,-0.003223,0.107458,-7.732566,0.022416,-0.500742,114.638100,0.000144,0.000818,0.000000,0.000000,0.000000,0.000000
-10.550000,-6.166362,0.000000,-0.002244,-0.152712,0.000000,-0.003367,0.190817,-6.708795,0.021598,-0.975361,90.672722,0.000389,-0.000923,0.000000,0.000000,0.000000,0.000000
-2.280000,11.970846,0.000000,-0.002617,-0.033003,0.000000,-0.003756,0.040639,13.288977,0.022521,-0.224300,-166.337051,0.000361,-0.003755,0.000000,0.000000,0.000000,0.000000
-6.330000,-5.862386,0.000000,-0.002660,-0.091627,0.000000,-0.004117,0.125973,-6.655019,0.026275,-0.741291,78.130310,0.000214,-0.000519,0.000000,0.000000,0.000000,0.000000
-0.380000,-10.697044,0.000000,0.000000,-0.005501,0.000000,0.000000,0.005533,-10.718276,0.000000,-0.004997,819.867432,-0.000188,0.015512,0.000000,0.000000,0.000000,0.000000
4.800000,7.498063,0.000000,-0.000014,0.069480,0.000000,0.000188,-0.069909,7.513148,-0.015512,0.063138,-574.699219,-0.000046,-0.010740,0.000000,0.000000,0.000000,0.000000
1.240000,-5.153109,0.000000,0.000128,0.017949,0.000000,0.000235,-0.018151,-5.184793,-0.004772,0.028646,226.961517,-0.000147,0.004395,0.000000,0.000000,0.000000,0.000000
3.190000,2.822630,0.000000,0.000089,0.046175,0.000000,0.000382,-0.047844,2.858716,-0.009167,0.106802,-88.470566,-0.000075,-0.001394,0.000000,0.000000,0.000000,0.000000
-1.950000,-7.440163,0.000000,0.000144,-0.028226,0.000000,0.000457,0.030213,-7.600206,-0.007772,-0.086345,183.720505,-0.000062,0.003248,0.000000,0.000000,0.000000,0.000000
-0.840000,1.606728,0.000000,-0.000034,-0.012159,0.000000,0.000519,0.013326,1.660008,-0.011020,-0.045960,-33.252094,0.000068,-0.000760,0.000000,0.000000,0.000000,0.000000
1.430000,3.285830,0.000000,-0.000163,0.020699,0.000000,0.000452,-0.023800,3.439313,-0.010260,0.095210,-59.394329,0.000001,-0.000866,0.000000,0.000000,0.000000,0.000000
-0.540000,-2.851580,0.000000,-0.000193,-0.007817,0.000000,0.000451,0.009075,-3.029739,-0.009394,-0.040926,46.412827,-0.000033,0.000770,0.000000,0.000000,0.000000,0.000000
0.070000,0.882977,0.000000,-0.000310,0.001013,0.000000,0.000484,-0.001652,0.955792,-0.010164,0.008217,-13.272149,0.000014,-0.000230,0.000000,0.000000,0.000000,0.000000
-0.980000,-1.519878,0.000000,-0.000402,-0.014186,0.000000,0.000470,0.018123,-1.675255,-0.009934,-0.097798,21.446129,0.000017,0.000142,0.000000,0.000000,0.000000,0.000000
0.260000,1.794903,0.000000,-0.000542,0.003764,0.000000,0.000453,-0.005986,2.024110,-0.010076,0.034566,-24.214464,0.000022,-0.000365,0.000000,0.000000,0.000000,0.000000
-0.220000,-0.694801,0.000000,-0.000632,-0.003185,0.000000,0.000431,0.003766,-0.800438,-0.009710,-0.023019,9.047490,-0.000005,0.000110,0.000000,0.000000,0.000000,0.000000
-1.000000,-1.129052,0.000000,-0.000747,-0.014475,0.000000,0.000436,0.021566,-1.335101,-0.009820,-0.138247,14.388492,0.000033,-0.000102,0.000000,0.000000,0.000000,0.000000
1.070000,2.996330,0.000000,-0.000899,0.015488,0.000000,0.000403,-0.027485,3.648199,-0.009718,0.183405,-37.770306,-0.000005,-0.000219,0.000000,0.000000,0.000000,0.000000
0.080000,-1.433028,0.000000,-0.000971,0.001158,0.000000,0.000408,-0.003823,-1.793613,-0.009499,0.026386,17.951508,-0.000044,0.000412,0.000000,0.000000,0.000000,0.000000
-2.170000,-5.847910,0.000000,0.002792,-0.031411,0.000000,0.002712,0.034662,-5.894207,-0.012667,-0.061879,228.092926,-0.000018,0.004151,0.000000,0.000000,0.000000,0.000000
0.510000,3.879307,0.000000,0.002350,0.007382,0.000000,0.002730,-0.005152,3.910482,-0.016818,0.009198,-151.327118,0.000060,-0.002848,0.000000,0.000000,0.000000,0.000000
-1.880000,-3.459531,0.000000,0.002278,-0.027213,0.000000,0.002670,0.030840,-3.511825,-0.013969,-0.074977,99.791908,0.000017,0.001692,0.000000,0.000000,0.000000,0.000000
-0.600000,1.852803,0.000000,0.002109,-0.008685,0.000000,0.002653,0.011602,1.899161,-0.015661,-0.035345,-43.066002,0.000067,-0.000914,0.000000,0.000000,0.000000,0.000000
-2.950000,-3.401631,0.000000,0.002014,-0.042701,0.000000,0.002586,0.049692,-3.526570,-0.014747,-0.180162,67.197464,0.000068,0.000787,0.000000,0.000000,0.000000,0.000000
9.470000,17.977982,0.000000,0.001828,0.137078,0.000000,0.002518,-0.156279,18.900793,-0.015534,0.650782,-313.563843,-0.000065,-0.004178,0.000000,0.000000,0.000000,0.000000
-8.660000,-26.243223,0.000000,0.002195,-0.125354,0.000000,0.002583,0.154033,-28.035719,-0.011355,-0.717776,415.639709,-0.000114,0.005936,0.000000,0.000000,0.000000,0.000000
-8.660000,-0.000001,0.000000,0.001798,-0.125354,0.000000,0.002697,0.161249,0.000416,-0.017292,-0.824223,-0.005624,0.000436,-0.002241,0.000000,0.000000,0.000000,0.000000
-6.220000,3.531906,0.000000,0.001416,-0.090035,0.000000,0.002261,0.122309,3.921253,-0.015051,-0.675059,-49.082024,0.000404,-0.002751,0.000000,0.000000,0.000000,0.000000
0.400000,9.582467,0.000000,0.001146,0.005790,0.000000,0.001857,-0.006576,10.877742,-0.012300,0.038699,-127.705345,0.000187,-0.002308,0.000000,0.000000,0.000000,0.000000
0.140000,-0.376351,0.000000,0.001160,0.002027,0.000000,0.001669,-0.001303,-0.437783,-0.009992,0.008092,4.870818,-0.000012,0.000118,0.000000,0.000000,0.000000,0.000000
-7.180000,-8.815290,0.000000,0.000265,-0.103931,0.000000,0.000183,0.106695,-8.885495,0.003263,-0.190475,343.849274,0.000120,0.005995,0.000000,0.000000,0.000000,0.000000
-2.290000,7.078287,0.000000,-0.000008,-0.033148,0.000000,0.000063,0.033932,7.134651,-0.002732,-0.060576,-276.095428,0.000227,-0.005403,0.000000,0.000000,0.000000,0.000000
-1.330000,1.389602,0.000000,-0.000073,-0.019252,0.000000,-0.000164,0.020056,1.410636,0.002670,-0.048760,-40.084572,0.000081,-0.000881,0.000000,0.000000,0.000000,0.000000
6.700000,11.623446,0.000000,-0.000094,0.096983,0.000000,-0.000244,-0.104339,11.911704,0.003551,0.317872,-270.113708,-0.000057,-0.004253,0.000000,0.000000,0.000000,0.000000
4.220000,-3.589806,0.000000,0.000247,0.061085,0.000000,-0.000187,-0.067609,-3.722486,0.007804,0.245123,70.930565,-0.000253,0.002014,0.000000,0.000000,0.000000,0.000000
-2.920000,-10.335168,0.000000,0.000479,-0.042267,0.000000,0.000066,0.049392,-10.865928,0.005790,-0.205682,180.265549,-0.000072,0.002853,0.000000,0.000000,0.000000,0.000000
-2.610000,0.448726,0.000000,0.000405,-0.037780,0.000000,0.000137,0.046114,0.479022,0.002937,-0.214886,-7.101678,0.000134,-0.000721,0.000000,0.000000,0.000000,0.000000
-5.600000,-4.328032,0.000000,0.000348,-0.081060,0.000000,0.000003,0.103238,-4.708825,0.003658,-0.527701,63.642136,0.000190,-0.000221,0.000000,0.000000,0.000000,0.000000
-8.160000,-3.705607,0.000000,0.000165,-0.118116,0.000000,-0.000186,0.158194,-4.114124,0.003879,-0.873118,51.496159,0.000350,-0.001386,0.000000,0.000000,0.000000,0.000000
-0.600000,10.943119,0.000000,-0.000124,-0.008685,0.000000,-0.000536,0.012122,12.421687,0.005266,-0.071333,-145.831345,0.000267,-0.002952,0.000000,0.000000,0.000000,0.000000
3.500000,5.934761,0.000000,-0.000097,0.050663,0.000000,-0.000803,-0.076357,6.901644,0.008217,0.474118,-76.788422,-0.000076,-0.000166,0.000000,0.000000,0.000000,0.000000
-11.440000,-18.774107,0.000000,0.000938,-0.165594,0.000000,0.000776,0.170532,-18.923620,0.006145,-0.304439,732.302795,0.000103,0.013043,0.000000,0.000000,0.000000,0.000000
-5.270000,8.931090,0.000000,0.000507,-0.076283,0.000000,0.000673,0.078625,9.002273,-0.006898,-0.140364,-348.368256,0.000383,-0.007000,0.000000,0.000000,0.000000,0.000000
-5.010000,0.376351,0.000000,0.000307,-0.072520,0.000000,0.000290,0.076158,0.382040,0.000102,-0.185154,-10.856030,0.000213,-0.000694,0.000000,0.000000,0.000000,0.000000
-4.280000,1.056677,0.000000,0.000121,-0.061953,0.000000,0.000078,0.066718,1.082842,0.000796,-0.203259,-24.554890,0.000201,-0.001013,0.000000,0.000000,0.000000,0.000000
9.520000,19.975536,0.000000,-0.000031,0.137802,0.000000,-0.000123,-0.153174,20.711180,0.001809,0.555348,-394.643677,-0.000023,-0.005968,0.000000,0.000000,0.000000,0.000000
10.560000,1.505403,0.000000,0.000426,0.152856,0.000000,-0.000100,-0.176130,1.582049,0.007777,0.733446,-26.246166,-0.000446,0.001498,0.000000,0.000000,0.000000,0.000000
-2.560000,-18.991234,0.000000,0.000930,-0.037056,0.000000,0.000346,0.045873,-20.289120,0.006279,-0.213763,300.793610,-0.000259,0.005115,0.000000,0.000000,0.000000,0.000000
5.830000,12.144547,0.000000,0.000877,0.084389,0.000000,0.000605,-0.105907,13.211325,0.001165,0.541342,-178.557693,-0.000036,-0.001926,0.000000,0.000000,0.000000,0.000000
-2.810000,-12.506423,0.000000,0.001188,-0.040675,0.000000,0.000641,0.055989,-13.884742,0.003091,-0.309019,173.794220,-0.000111,0.002458,0.000000,0.000000,0.000000,0.000000
2.980000,8.381040,0.000000,0.001142,0.043136,0.000000,0.000753,-0.059461,9.512847,0.000633,0.349900,-111.681389,0.000019,-0.001173,0.000000,0.000000,0.000000,0.000000
-3.090000,-14.127625,0.000000,0.000195,-0.044728,0.000000,-0.000116,0.046030,-14.240331,0.013125,-0.082175,551.069641,-0.000145,0.010214,0.000000,0.000000,0.000000,0.000000
-1.720000,1.983078,0.000000,0.000107,-0.024897,0.000000,0.000029,0.025601,1.998769,0.002910,-0.045704,-77.348015,0.000107,-0.001607,0.000000,0.000000,0.000000,0.000000
-0.580000,1.650153,0.000000,0.000084,-0.008396,0.000000,-0.000078,0.008868,1.675067,0.004518,-0.021559,-47.598660,0.000056,-0.000957,0.000000,0.000000,0.000000,0.000000
-0.870000,-0.419776,0.000000,0.000116,-0.012593,0.000000,-0.000134,0.013659,-0.430449,0.005474,-0.041614,9.761010,0.000029,0.000074,0.000000,0.000000,0.000000,0.000000
-2.440000,-2.272579,0.000000,0.000134,-0.035319,0.000000,-0.000163,0.039399,-2.356594,0.005400,-0.142846,44.903999,0.000062,0.000464,0.000000,0.000000,0.000000,0.000000
-0.540000,2.750255,0.000000,0.000084,-0.007817,0.000000,-0.000224,0.009129,2.891042,0.004936,-0.038017,-47.962330,0.000079,-0.001012,0.000000,0.000000,0.000000,0.000000
2.790000,4.820183,0.000000,0.000118,0.040385,0.000000,-0.000304,-0.048629,5.148959,0.005948,0.226606,-76.335175,-0.000034,-0.000831,0.000000,0.000000,0.000000,0.000000
-4.730000,-10.885220,0.000000,0.000294,-0.068467,0.000000,-0.000270,0.087200,-11.842475,0.006779,-0.445722,160.056976,0.000012,0.001827,0.000000,0.000000,0.000000,0.000000
3.750000,12.274822,0.000000,0.000153,0.054281,0.000000,-0.000281,-0.072393,13.626200,0.004952,0.399560,-170.558060,0.000062,-0.002152,0.000000,0.000000,0.000000,0.000000
6.010000,3.271356,0.000000,0.000371,0.086995,0.000000,-0.000343,-0.122657,3.712601,0.007104,0.721775,-43.586159,-0.000262,0.001131,0.000000,0.000000,0.000000,0.000000
9.420000,4.935984,0.000000,0.000684,0.136355,0.000000,-0.000082,-0.204085,5.739583,0.005973,1.267212,-63.859203,-0.000443,0.002217,0.000000,0.000000,0.000000,0.000000
-4.810000,-6.007135,0.000000,0.001186,-0.069625,0.000000,0.000886,0.072538,-6.055274,0.011863,-0.129498,234.325867,0.000082,0.004083,0.000000,0.000000,0.000000,0.000000
-1.690000,4.516208,0.000000,0.001028,-0.024463,0.000000,0.000803,0.026100,4.551875,0.007781,-0.046595,-176.147629,0.000157,-0.003469,0.000000,0.000000,0.000000,0.000000
12.120000,19.990009,0.000000,0.001090,0.175437,0.000000,0.000646,-0.182321,20.293348,0.011250,0.443256,-576.655090,-0.000109,-0.009714,0.000000,0.000000,0.000000,0.000000
-7.940000,-29.036901,0.000000,0.001806,-0.114932,0.000000,0.000756,0.125470,-29.758553,0.020963,-0.382250,674.814575,-0.000224,0.011762,0.000000,0.000000,0.000000,0.000000
-1.990000,8.612640,0.000000,0.001625,-0.028805,0.000000,0.000980,0.033817,8.929030,0.009202,-0.122609,-170.139313,0.000261,-0.003575,0.000000,0.000000,0.000000,0.000000
-2.120000,-0.188175,0.000000,0.001720,-0.030687,0.000000,0.000719,0.037446,-0.199099,0.012777,-0.155933,3.303051,0.000097,-0.000353,0.000000,0.000000,0.000000,0.000000
-1.030000,1.577778,0.000000,0.001820,-0.014909,0.000000,0.000622,0.020203,1.683964,0.013129,-0.094144,-24.965380,0.000086,-0.000727,0.000000,0.000000,0.000000,0.000000
-6.820000,-8.381040,0.000000,0.001979,-0.098720,0.000000,0.000535,0.127702,-9.119555,0.013856,-0.652747,123.255356,0.000173,0.000570,0.000000,0.000000,0.000000,0.000000
-3.760000,4.429358,0.000000,0.001905,-0.054426,0.000000,0.000363,0.075339,4.914992,0.013287,-0.415817,-61.520565,0.000297,-0.002291,0.000000,0.000000,0.000000,0.000000
2.110000,8.496840,0.000000,0.001972,0.030542,0.000000,0.000066,-0.040454,9.642434,0.015577,0.238052,-113.202751,0.000073,-0.001495,0.000000,0.000000,0.000000,0.000000
1.040000,-3.908257,0.000000,-0.001012,0.015054,0.000000,-0.001744,-0.016374,-3.940123,0.032065,0.029231,152.474167,-0.000119,0.002969,0.000000,0.000000,0.000000,0.000000
-10.170000,-16.226503,0.000000,-0.000894,-0.147211,0.000000,-0.001625,0.149813,-16.356260,0.029096,-0.267451,632.951660,0.000096,0.011256,0.000000,0.000000,0.000000,0.000000
2.090000,17.746382,0.000000,-0.001143,0.030253,0.000000,-0.001721,-0.032832,18.015587,0.017840,0.079820,-511.930267,0.000252,-0.009498,0.000000,0.000000,0.000000,0.000000
-15.800000,-25.895823,0.000000,-0.000825,-0.228705,0.000000,-0.001973,0.244927,-26.539436,0.027339,-0.746181,601.816956,0.000160,0.009395,0.000000,0.000000,0.000000,0.000000
1.910000,25.635269,0.000000,-0.001323,0.027647,0.000000,-0.002133,-0.032195,26.578794,0.017944,0.116726,-506.448853,0.000416,-0.009291,0.000000,0.000000,0.000000,0.000000
1.720000,-0.275025,0.000000,-0.001048,0.024897,0.000000,-0.002548,-0.029979,-0.290474,0.027235,0.124838,4.818959,-0.000087,0.000446,0.000000,0.000000,0.000000,0.000000
-1.480000,-4.632008,0.000000,-0.000790,-0.021423,0.000000,-0.002461,0.024918,-4.949884,0.026789,-0.116113,73.383827,-0.000026,0.001075,0.000000,0.000000,0.000000,0.000000
0.870000,3.401631,0.000000,-0.000675,0.012593,0.000000,-0.002435,-0.016826,3.698993,0.025715,0.086007,-49.993755,0.000025,-0.000716,0.000000,0.000000,0.000000,0.000000
-2.930000,-5.500510,0.000000,-0.000465,-0.042412,0.000000,-0.002459,0.056101,-6.108136,0.026431,-0.309637,76.455048,0.000036,0.000611,0.000000,0.000000,0.000000,0.000000
0.680000,5.225484,0.000000,-0.000419,0.009843,0.000000,-0.002495,-0.014531,5.929791,0.025819,0.085510,-69.616104,0.000073,-0.001088,0.000000,0.000000,0.000000,0.000000
0.420000,-0.376351,0.000000,-0.000226,0.006080,0.000000,-0.002568,-0.009485,-0.439936,0.026907,0.058893,4.894773,-0.000034,0.000254,0.000000,0.000000,0.000000,0.000000
-2.320000,-3.966157,0.000000,-0.000045,-0.033582,0.000000,-0.002534,0.053759,-4.737644,0.026653,-0.349224,50.384087,0.000056,0.000009,0.000000,0.000000,0.000000,0.000000
0.740000,-0.882977,0.000000,0.000348,0.010712,0.000000,-0.000029,-0.010570,-0.890426,0.015824,0.018869,34.457542,-0.000046,0.000703,0.000000,0.000000,0.000000,0.000000
-1.310000,-2.967380,0.000000,0.000417,-0.018962,0.000000,0.000016,0.019842,-2.991390,0.015120,-0.035423,115.760262,-0.000003,0.002095,0.000000,0.000000,0.000000,0.000000
2.350000,5.297859,0.000000,0.000499,0.034016,0.000000,0.000019,-0.035050,5.377879,0.013025,0.085213,-152.817627,0.000007,-0.002667,0.000000,0.000000,0.000000,0.000000
-1.620000,-5.746585,0.000000,0.000757,-0.023450,0.000000,0.000012,0.026017,-5.889971,0.015692,-0.079262,133.562881,-0.000041,0.002320,0.000000,0.000000,0.000000,0.000000
6.280000,11.435270,0.000000,0.000839,0.090903,0.000000,0.000053,-0.100088,11.855570,0.013373,0.362880,-225.903412,-0.000046,-0.003300,0.000000,0.000000,0.000000,0.000000
2.430000,-5.572885,0.000000,0.001276,0.035174,0.000000,0.000099,-0.039169,-5.860191,0.016673,0.163107,97.220467,-0.000217,0.002288,0.000000,0.000000,0.000000,0.000000
0.430000,-2.895005,0.000000,0.001554,0.006224,0.000000,0.000316,-0.005640,-3.094296,0.014385,0.026284,45.874058,-0.000073,0.000936,0.000000,0.000000,0.000000,0.000000
-4.550000,-7.208563,0.000000,0.001756,-0.065861,0.000000,0.000390,0.085750,-7.843902,0.013449,-0.438309,106.014275,0.000084,0.000820,0.000000,0.000000,0.000000,0.000000
-2.360000,3.170031,0.000000,0.001759,-0.034161,0.000000,0.000306,0.048041,3.517110,0.012629,-0.265150,-44.023388,0.000196,-0.001552,0.000000,0.000000,0.000000,0.000000
0.700000,4.429358,0.000000,0.001866,0.010133,0.000000,0.000110,-0.011705,5.025439,0.014182,0.068880,-58.998955,0.000063,-0.000928,0.000000,0.000000,0.000000,0.000000
-1.330000,1.664628,0.000000,-0.000908,-0.019252,0.000000,-0.001572,0.018851,1.677155,0.029073,-0.033653,-64.902229,0.000083,-0.001318,0.000000,0.000000,0.000000,0.000000
-3.280000,-2.822630,0.000000,-0.000891,-0.047478,0.000000,-0.001655,0.047701,-2.845821,0.030391,-0.085157,110.127068,0.000075,0.001857,0.000000,0.000000,0.000000,0.000000
-1.510000,2.562079,0.000000,-0.000759,-0.021857,0.000000,-0.001730,0.022063,2.600085,0.028534,-0.053639,-73.883919,0.000109,-0.001548,0.000000,0.000000,0.000000,0.000000
-0.550000,1.389602,0.000000,-0.000551,-0.007961,0.000000,-0.001839,0.007965,1.422834,0.030081,-0.024266,-32.264656,0.000048,-0.000674,0.000000,0.000000,0.000000,0.000000
3.120000,5.312335,0.000000,-0.000303,0.045162,0.000000,-0.001887,-0.050526,5.506446,0.030755,0.183187,-104.923241,-0.000032,-0.001490,0.000000,0.000000,0.000000,0.000000
4.340000,1.765953,0.000000,0.000103,0.062822,0.000000,-0.001855,-0.072470,1.854587,0.032245,0.301782,-30.767565,-0.000161,0.000236,0.000000,0.000000,0.000000,0.000000
-5.240000,-13.867075,0.000000,0.000562,-0.075849,0.000000,-0.001694,0.092277,-14.816576,0.032008,-0.430001,219.661133,-0.000031,0.002996,0.000000,0.000000,0.000000,0.000000
1.600000,9.900917,0.000000,0.000613,0.023160,0.000000,-0.001663,-0.028593,10.768586,0.029013,0.146153,-145.542862,0.000127,-0.002366,0.000000,0.000000,0.000000,0.000000
-3.470000,-7.338839,0.000000,0.000959,-0.050228,0.000000,-0.001790,0.068460,-8.150160,0.031379,-0.377851,102.014915,0.000031,0.000914,0.000000,0.000000,0.000000,0.000000
4.550000,11.608971,0.000000,0.001097,0.065861,0.000000,-0.001820,-0.091704,13.174513,0.030465,0.539634,-154.669571,0.000001,-0.001471,0.000000,0.000000,0.000000,0.000000
-3.950000,-6.542712,0.000000,-0.001352,-0.057176,0.000000,-0.002170,0.057243,-6.595614,0.035979,-0.102191,255.235886,0.000030,0.004559,0.000000,0.000000,0.000000,0.000000
-4.090000,-0.202650,0.000000,-0.001421,-0.059203,0.000000,-0.002200,0.059163,-0.205007,0.031420,-0.105619,7.933314,0.000156,-0.000144,0.000000,0.000000,0.000000,0.000000
-12.500000,-12.173495,0.000000,-0.001302,-0.180938,0.000000,-0.002356,0.187851,-12.359517,0.031564,-0.456702,351.207611,0.000274,0.005415,0.000000,0.000000,0.000000,0.000000
-8.660000,5.558409,0.000000,-0.001587,-0.125354,0.000000,-0.002630,0.133025,5.695401,0.026149,-0.405266,-129.150757,0.000467,-0.003552,0.000000,0.000000,0.000000,0.000000
-5.600000,4.429358,0.000000,-0.001709,-0.081060,0.000000,-0.003097,0.088183,4.591300,0.029700,-0.319715,-87.485481,0.000325,-0.002515,0.000000,0.000000,0.000000,0.000000
0.230000,8.438940,0.000000,-0.001710,0.003329,0.000000,-0.003421,-0.005822,8.870475,0.032215,0.024246,-147.161041,0.000152,-0.002716,0.000000,0.000000,0.000000,0.000000
6.950000,9.727217,0.000000,-0.001470,0.100601,0.000000,-0.003573,-0.123265,10.389792,0.034931,0.574402,-154.032455,-0.000137,-0.001358,0.000000,0.000000,0.000000,0.000000
-1.060000,-11.594496,0.000000,-0.000952,-0.015344,0.000000,-0.003436,0.018250,-12.615669,0.036289,-0.093286,170.507095,-0.000189,0.002979,0.000000,0.000000,0.000000,0.000000
0.850000,2.764730,0.000000,-0.000783,0.012304,0.000000,-0.003247,-0.017503,3.067019,0.033311,0.096604,-38.389629,0.000011,-0.000471,0.000000,0.000000,0.000000,0.000000
1.760000,1.317227,0.000000,-0.000539,0.025476,0.000000,-0.003258,-0.036836,1.492751,0.033782,0.216761,-17.524988,-0.000071,0.000255,0.000000,0.000000,0.000000,0.000000
-2.910000,-28.124973,0.000000,0.000268,-0.042122,0.000000,-0.000227,0.043457,-28.349203,0.020873,-0.077580,1097.052246,-0.000419,0.020562,0.000000,0.000000,0.000000,0.000000
-9.830000,-10.016718,0.000000,0.000205,-0.142290,0.000000,0.000192,0.145900,-10.096397,0.000310,-0.260465,390.708527,0.000204,0.006656,0.000000,0.000000,0.000000,0.000000
-4.000000,8.438940,0.000000,-0.000246,-0.057900,0.000000,-0.000012,0.060291,8.567451,-0.006345,-0.146578,-243.452393,0.000325,-0.005019,0.000000,0.000000,0.000000,0.000000
-3.910000,0.130275,0.000000,-0.000425,-0.056597,0.000000,-0.000337,0.060374,0.133628,-0.001326,-0.183933,-3.030181,0.000165,-0.000546,0.000000,0.000000,0.000000,0.000000
-0.160000,5.428135,0.000000,-0.000604,-0.002316,0.000000,-0.000502,0.001903,5.628230,-0.000781,-0.006900,-107.243790,0.000111,-0.002048,0.000000,0.000000,0.000000,0.000000
-1.010000,-1.230377,0.000000,-0.000621,-0.014620,0.000000,-0.000614,0.016176,-1.293401,0.001268,-0.067359,21.457504,0.000019,0.000228,0.000000,0.000000,0.000000,0.000000
3.700000,6.817738,0.000000,-0.000679,0.053558,0.000000,-0.000633,-0.065499,7.283580,0.001040,0.305217,-107.981743,-0.000039,-0.001219,0.000000,0.000000,0.000000,0.000000
-2.660000,-9.206117,0.000000,-0.000540,-0.038504,0.000000,-0.000593,0.048143,-10.015074,0.002259,-0.246084,135.358765,-0.000059,0.001900,0.000000,0.000000,0.000000,0.000000
-1.340000,1.910704,0.000000,-0.000676,-0.019397,0.000000,-0.000534,0.025038,2.121505,0.000359,-0.138191,-26.554710,0.000108,-0.000880,0.000000,0.000000,0.000000,0.000000
3.640000,7.208563,0.000000,-0.000760,0.052689,0.000000,-0.000642,-0.075681,8.183210,0.001240,0.445347,-96.071388,-0.000050,-0.000613,0.000000,0.000000,0.000000,0.000000
-1.340000,-0.810601,0.000000,0.002013,-0.019397,0.000000,0.002077,0.021919,-0.817030,-0.004364,-0.039130,31.617289,0.000044,0.000494,0.000000,0.000000,0.000000,0.000000
-3.440000,-3.039756,0.000000,0.001953,-0.049794,0.000000,0.002033,0.052983,-3.063897,-0.004858,-0.094587,118.566124,0.000085,0.001988,0.000000,0.000000,0.000000,0.000000
-3.140000,0.434251,0.000000,0.001785,-0.045452,0.000000,0.001947,0.049396,0.440932,-0.006847,-0.120092,-12.529513,0.000142,-0.000566,0.000000,0.000000,0.000000,0.000000
-2.320000,1.186952,0.000000,0.001643,-0.033582,0.000000,0.001806,0.037860,1.216443,-0.006281,-0.115342,-27.584454,0.000125,-0.000833,0.000000,0.000000,0.000000,0.000000
-2.560000,-0.347400,0.000000,0.001550,-0.037056,0.000000,0.001680,0.042903,-0.360238,-0.005447,-0.155548,6.864191,0.000109,-0.000289,0.000000,0.000000,0.000000,0.000000
-2.190000,0.535576,0.000000,0.001457,-0.031700,0.000000,0.001571,0.038312,0.562943,-0.005158,-0.159540,-9.339221,0.000114,-0.000608,0.000000,0.000000,0.000000,0.000000
-5.500000,-4.791234,0.000000,0.001389,-0.079613,0.000000,0.001457,0.097821,-5.118699,-0.004550,-0.455837,75.886566,0.000167,0.000205,0.000000,0.000000,0.000000,0.000000
1.740000,10.479918,0.000000,0.001190,0.025187,0.000000,0.001290,-0.030432,11.400694,-0.004755,0.155553,-154.086121,0.000133,-0.002497,0.000000,0.000000,0.000000,0.000000
-1.550000,-4.762283,0.000000,0.001306,-0.022436,0.000000,0.001157,0.031753,-5.287357,-0.002258,-0.175256,66.181435,-0.000014,0.000784,0.000000,0.000000,0.000000,0.000000
6.600000,11.797146,0.000000,0.001291,0.095535,0.000000,0.001171,-0.133446,13.390836,-0.003042,0.785262,-157.209213,-0.000107,-0.000854,0.000000,0.000000,0.000000,0.000000
-3.980000,-5.587360,0.000000,0.000730,-0.057611,0.000000,0.000415,0.059770,-5.632164,0.012838,-0.106703,217.952423,0.000055,0.003840,0.000000,0.000000,0.000000,0.000000
-5.610000,-2.359429,0.000000,0.000606,-0.081205,0.000000,0.000359,0.083766,-2.378454,0.008998,-0.149542,92.040993,0.000181,0.001331,0.000000,0.000000,0.000000,0.000000
-3.530000,3.010806,0.000000,0.000468,-0.051097,0.000000,0.000178,0.053923,3.056256,0.007667,-0.131098,-86.846458,0.000203,-0.002002,0.000000,0.000000,0.000000,0.000000
-2.740000,1.143527,0.000000,0.000431,-0.039662,0.000000,-0.000025,0.043092,1.171412,0.009668,-0.131280,-26.563318,0.000138,-0.000854,0.000000,0.000000,0.000000,0.000000
-0.320000,3.502956,0.000000,0.000432,-0.004632,0.000000,-0.000164,0.005627,3.631332,0.010523,-0.020402,-69.193657,0.000084,-0.001364,0.000000,0.000000,0.000000,0.000000
4.840000,7.469113,0.000000,0.000542,0.070059,0.000000,-0.000247,-0.080326,7.851461,0.011886,0.334494,-130.255615,-0.000069,-0.001559,0.000000,0.000000,0.000000,0.000000
-1.180000,-8.713965,0.000000,0.000879,-0.017081,0.000000,-0.000179,0.021689,-9.310374,0.013446,-0.101069,138.029694,-0.000117,0.002343,0.000000,0.000000,0.000000,0.000000
-1.360000,-0.260550,0.000000,0.000964,-0.019686,0.000000,-0.000061,0.026188,-0.284732,0.011102,-0.133858,3.848296,0.000066,-0.000294,0.000000,0.000000,0.000000,0.000000
5.540000,9.987768,0.000000,0.001048,0.080192,0.000000,-0.000127,-0.105850,11.086223,0.011396,0.584215,-138.765366,-0.000077,-0.001047,0.000000,0.000000,0.000000,0.000000
3.290000,-3.256881,0.000000,0.001429,0.047623,0.000000,-0.000050,-0.065408,-3.699112,0.012443,0.384895,43.427799,-0.000247,0.001865,0.000000,0.000000,0.000000,0.000000
-5.800000,-26.055044,0.000000,-0.000221,-0.083955,0.000000,-0.000745,0.085790,-26.262833,0.022525,-0.153155,1016.314209,-0.000265,0.018826,0.000000,0.000000,0.000000,0.000000
-4.300000,2.171254,0.000000,-0.000394,-0.062243,0.000000,-0.000481,0.063326,2.188444,0.003699,-0.113052,-84.688011,0.000213,-0.001944,0.000000,0.000000,0.000000,0.000000
-2.510000,2.591030,0.000000,-0.000518,-0.036332,0.000000,-0.000694,0.037452,2.630259,0.005643,-0.091054,-74.741348,0.000151,-0.001658,0.000000,0.000000,0.000000,0.000000
-1.000000,2.185729,0.000000,-0.000562,-0.014475,0.000000,-0.000844,0.014954,2.239720,0.007301,-0.045559,-50.788628,0.000083,-0.001082,0.000000,0.000000,0.000000,0.000000
2.010000,4.356983,0.000000,-0.000541,0.029095,0.000000,-0.000927,-0.032935,4.517132,0.008383,0.119408,-86.072227,-0.000004,-0.001305,0.000000,0.000000,0.000000,0.000000
-2.610000,-6.687462,0.000000,-0.000392,-0.037780,0.000000,-0.000923,0.043201,-7.031049,0.009688,-0.179897,116.644997,-0.000016,0.001724,0.000000,0.000000,0.000000,0.000000
0.830000,4.979409,0.000000,-0.000447,0.012014,0.000000,-0.000907,-0.015048,5.319138,0.007964,0.070124,-78.858147,0.000060,-0.001307,0.000000,0.000000,0.000000,0.000000
-4.350000,-7.498063,0.000000,-0.000357,-0.062966,0.000000,-0.000967,0.079399,-8.157521,0.009270,-0.405848,110.252998,0.000060,0.000992,0.000000,0.000000,0.000000,0.000000
-4.850000,-0.723751,0.000000,-0.000489,-0.070204,0.000000,-0.001027,0.093239,-0.803833,0.008278,-0.514611,10.061512,0.000237,-0.001203,0.000000,0.000000,0.000000,0.000000
0.290000,7.440163,0.000000,-0.000647,0.004198,0.000000,-0.001264,-0.006859,8.445329,0.009481,0.040364,-99.148666,0.000141,-0.001766,0.000000,0.000000,0.000000,0.000000
-3.090000,-1.114577,0.000000,0.001313,-0.044728,0.000000,0.001229,0.047154,-1.123569,0.002544,-0.084180,43.479687,0.000106,0.000599,0.000000,0.000000,0.000000,0.000000
-4.230000,-1.650153,0.000000,0.001201,-0.061229,0.000000,0.001123,0.063922,-1.663383,0.001945,-0.114116,64.369308,0.000141,0.000909,0.000000,0.000000,0.000000,0.000000
-3.150000,1.563303,0.000000,0.001064,-0.045596,0.000000,0.000981,0.048795,1.586932,0.001036,-0.118629,-45.094200,0.000162,-0.001176,0.000000,0.000000,0.000000,0.000000
-1.940000,1.751478,0.000000,0.000986,-0.028082,0.000000,0.000820,0.031242,1.794696,0.002213,-0.095179,-40.697117,0.000118,-0.001026,0.000000,0.000000,0.000000,0.000000
-1.660000,0.405301,0.000000,0.000968,-0.024029,0.000000,0.000701,0.027779,0.419854,0.003238,-0.100715,-8.000158,0.000083,-0.000422,0.000000,0.000000,0.000000,0.000000
0.700000,3.416106,0.000000,0.000970,0.010133,0.000000,0.000618,-0.010588,3.590876,0.003660,0.044089,-59.572571,0.000039,-0.001008,0.000000,0.000000,0.000000,0.000000
-0.170000,-1.259327,0.000000,0.001080,-0.002461,0.000000,0.000579,0.004276,-1.346065,0.004668,-0.019924,19.955902,-0.000014,0.000326,0.000000,0.000000,0.000000,0.000000
-4.850000,-6.774312,0.000000,0.001160,-0.070204,0.000000,0.000593,0.090500,-7.370528,0.004343,-0.462593,99.616379,0.000105,0.000634,0.000000,0.000000,0.000000,0.000000
-0.560000,6.209786,0.000000,0.001049,-0.008106,0.000000,0.000488,0.012244,6.892774,0.003708,-0.067579,-86.276314,0.000163,-0.001818,0.000000,0.000000,0.000000,0.000000
3.250000,5.514985,0.000000,0.001126,0.047044,0.000000,0.000325,-0.065018,6.259048,0.005526,0.382598,-73.481598,-0.000058,-0.000353,0.000000,0.000000,0.000000,0.000000
0.110000,6.542711,0.000000,0.000257,0.001592,0.000000,-0.000127,-0.001326,6.594313,0.016141,0.002367,-255.185532,0.000121,-0.004825,0.000000,0.000000,0.000000,0.000000
-1.440000,-2.243629,0.000000,0.000301,-0.020844,0.000000,-0.000248,0.021650,-2.262028,0.020966,-0.038650,87.535561,0.000016,0.001562,0.000000,0.000000,0.000000,0.000000
2.140000,5.182060,0.000000,0.000438,0.030977,0.000000,-0.000264,-0.031935,5.260101,0.019404,0.077639,-149.470840,0.000013,-0.002623,0.000000,0.000000,0.000000,0.000000
-4.330000,-9.365342,0.000000,0.000747,-0.062677,0.000000,-0.000277,0.068168,-9.598795,0.022027,-0.207676,217.665421,0.000003,0.003565,0.000000,0.000000,0.000000,0.000000
-2.540000,2.591030,0.000000,0.000766,-0.036767,0.000000,-0.000279,0.041710,2.685330,0.018462,-0.151225,-51.167950,0.000164,-0.001385,0.000000,0.000000,0.000000,0.000000
2.280000,6.976962,0.000000,0.000870,0.033003,0.000000,-0.000443,-0.037129,7.333484,0.019847,0.154612,-121.662384,0.000038,-0.001883,0.000000,0.000000,0.000000,0.000000
-0.890000,-4.588583,0.000000,0.001189,-0.012883,0.000000,-0.000481,0.016994,-4.903903,0.021730,-0.079188,72.702141,-0.000047,0.001166,0.000000,0.000000,0.000000,0.000000
-5.120000,-6.122935,0.000000,0.001379,-0.074112,0.000000,-0.000434,0.095734,-6.663213,0.020564,-0.489346,90.056664,0.000133,0.000379,0.000000,0.000000,0.000000,0.000000
-4.940000,0.260550,0.000000,0.001398,-0.071507,0.000000,-0.000567,0.097506,0.286808,0.020185,-0.538162,-3.589954,0.000269,-0.001524,0.000000,0.000000,0.000000,0.000000
-11.620000,-32.930683,0.000000,-0.001199,-0.168200,0.000000,-0.001875,0.171061,-33.193291,0.029794,-0.305383,1284.508057,-0.000166,0.023499,0.000000,0.000000,0.000000,0.000000
-11.960000,-0.492151,0.000000,-0.001583,-0.173121,0.000000,-0.001708,0.175638,-0.496153,0.006295,-0.313554,19.200043,0.000466,-0.000528,0.000000,0.000000,0.000000,0.000000
-1.110000,15.705402,0.000000,-0.002023,-0.016067,0.000000,-0.002174,0.014687,15.944054,0.006823,-0.035707,-453.065674,0.000341,-0.008674,0.000000,0.000000,0.000000,0.000000
-5.950000,-7.005911,0.000000,-0.001969,-0.086126,0.000000,-0.002515,0.090453,-7.180142,0.015497,-0.275569,162.819229,0.000108,0.002354,0.000000,0.000000,0.000000,0.000000
2.540000,12.289296,0.000000,-0.002149,0.036767,0.000000,-0.002623,-0.043246,12.741694,0.013144,0.156794,-242.788177,0.000124,-0.004177,0.000000,0.000000,0.000000,0.000000
5.840000,4.776759,0.000000,-0.001968,0.084534,0.000000,-0.002747,-0.099951,5.021369,0.017321,0.416220,-83.304436,-0.000176,-0.000444,0.000000,0.000000,0.000000,0.000000
11.390000,8.033640,0.000000,-0.001659,0.164871,0.000000,-0.002572,-0.201108,8.581773,0.017765,0.937140,-127.227905,-0.000381,0.000127,0.000000,0.000000,0.000000,0.000000
-1.630000,-18.846483,0.000000,-0.001123,-0.023594,0.000000,-0.002191,0.028497,-20.503511,0.017638,-0.145663,277.115265,-0.000310,0.004853,0.000000,0.000000,0.000000,0.000000
3.300000,7.136188,0.000000,-0.001148,0.047768,0.000000,-0.001880,-0.065422,7.921774,0.012785,0.361084,-99.156227,-0.000026,-0.000910,0.000000,0.000000,0.000000,0.000000
-1.220000,-6.542712,0.000000,-0.000973,-0.017660,0.000000,-0.001854,0.023627,-7.427414,0.013695,-0.139035,87.198288,-0.000077,0.001277,0.000000,0.000000,0.000000,0.000000
-1.680000,-0.665851,0.000000,-0.000994,-0.024318,0.000000,-0.001777,0.035085,-0.774686,0.012418,-0.217853,8.619236,0.000080,-0.000428,0.000000,0.000000,0.000000,0.000000
-1.760000,-0.405301,0.000000,0.001640,-0.025476,0.000000,0.001619,0.027770,-0.408590,-0.000444,-0.049575,15.811549,0.000067,0.000166,0.000000,0.000000,0.000000,0.000000
-3.530000,-2.562079,0.000000,0.001572,-0.051097,0.000000,0.001551,0.053928,-2.582514,-0.000610,-0.096274,99.937637,0.000097,0.001632,0.000000,0.000000,0.000000,0.000000
-4.150000,-0.897452,0.000000,0.001439,-0.060071,0.000000,0.001455,0.064323,-0.911142,-0.002241,-0.156381,25.890985,0.000157,0.000064,0.000000,0.000000,0.000000,0.000000
-1.190000,4.284608,0.000000,0.001286,-0.017225,0.000000,0.001298,0.019896,4.390834,-0.002305,-0.060613,-99.567986,0.000137,-0.002049,0.000000,0.000000,0.000000,0.000000
0.200000,2.012029,0.000000,0.001276,0.002895,0.000000,0.001161,-0.001800,2.085879,-0.000256,0.006525,-39.745621,0.000034,-0.000731,0.000000,0.000000,0.000000,0.000000
0.690000,0.709276,0.000000,0.001335,0.009988,0.000000,0.001127,-0.009998,0.745252,0.000475,0.041633,-12.363712,-0.000013,-0.000120,0.000000,0.000000,0.000000,0.000000
1.270000,0.839551,0.000000,0.001425,0.018383,0.000000,0.001140,-0.020479,0.896312,0.000595,0.095432,-13.288152,-0.000038,0.000007,0.000000,0.000000,0.000000,0.000000
-3.020000,-6.209786,0.000000,0.001550,-0.043715,0.000000,0.001178,0.057402,-6.756300,0.000589,-0.293410,91.314789,0.000027,0.000935,0.000000,0.000000,0.000000,0.000000
-4.270000,-1.809378,0.000000,0.001502,-0.061808,0.000000,0.001151,0.084674,-2.009509,-0.000347,-0.467340,25.152864,0.000191,-0.000790,0.000000,0.000000,0.000000,0.000000
2.520000,9.828543,0.000000,0.001413,0.036477,0.000000,0.000960,-0.049650,11.155800,0.000443,0.292165,-130.969757,0.000077,-0.001688,0.000000,0.000000,0.000000,0.000000
0.920000,-2.316004,0.000000,0.001617,0.013317,0.000000,0.000883,-0.017600,-2.695130,0.002131,0.109283,29.986298,-0.000099,0.000867,0.000000,0.000000,0.000000,0.000000
-4.830000,-5.717635,0.000000,0.000250,-0.069914,0.000000,-0.000116,0.071881,-5.763518,0.015409,-0.128325,223.035568,0.000085,0.003874,0.000000,0.000000,0.000000,0.000000
-3.010000,2.634454,0.000000,0.000099,-0.043570,0.000000,-0.000201,0.044713,2.655103,0.011534,-0.079822,-102.746696,0.000171,-0.002169,0.000000,0.000000,0.000000,0.000000
-4.390000,-1.997554,0.000000,0.000115,-0.063545,0.000000,-0.000372,0.066572,-2.028407,0.013703,-0.161849,57.639153,0.000141,0.000658,0.000000,0.000000,0.000000,0.000000
-1.340000,4.414883,0.000000,0.000066,-0.019397,0.000000,-0.000514,0.020919,4.523840,0.013045,-0.063730,-102.584068,0.000142,-0.002116,0.000000,0.000000,0.000000,0.000000
0.010000,1.954129,0.000000,0.000156,0.000145,0.000000,-0.000656,0.000012,2.025273,0.015161,-0.000044,-38.590820,0.000038,-0.000727,0.000000,0.000000,0.000000,0.000000
-0.010000,-0.028950,0.000000,0.000305,-0.000145,0.000000,-0.000694,0.000520,-0.031482,0.015888,-0.002165,0.522279,0.000001,0.000005,0.000000,0.000000,0.000000,0.000000
0.450000,0.665851,0.000000,0.000455,0.006514,0.000000,-0.000694,-0.007317,0.710085,0.015883,0.034094,-10.527269,-0.000006,-0.000107,0.000000,0.000000,0.000000,0.000000
3.920000,5.022834,0.000000,0.000628,0.056742,0.000000,-0.000688,-0.071162,5.462765,0.015990,0.363743,-73.832008,-0.000089,-0.000414,0.000000,0.000000,0.000000,0.000000
-0.240000,-6.021611,0.000000,0.000952,-0.003474,0.000000,-0.000599,0.005919,-6.686661,0.016404,-0.032669,83.696404,-0.000110,0.001497,0.000000,0.000000,0.000000,0.000000
2.100000,3.387156,0.000000,0.001106,0.030398,0.000000,-0.000489,-0.041476,3.842865,0.014907,0.244063,-45.115456,-0.000039,-0.000197,0.000000,0.000000,0.000000,0.000000
-1.840000,-5.703160,0.000000,0.001366,-0.026634,0.000000,-0.000449,0.042120,-6.635447,0.015103,-0.261532,73.826675,-0.000012,0.000691,0.000000,0.000000,0.000000,0.000000
-2.620000,-1.129052,0.000000,0.001471,-0.037925,0.000000,-0.000438,0.063150,-1.350767,0.014413,-0.410226,14.365189,0.000145,-0.000839,0.000000,0.000000,0.000000,0.000000
-3.240000,3.937207,0.000000,-0.000022,-0.046899,0.000000,-0.000514,0.048050,3.967976,0.020990,-0.085780,-153.551987,0.000205,-0.003138,0.000000,0.000000,0.000000,0.000000
-2.600000,0.926402,0.000000,-0.000098,-0.037635,0.000000,-0.000719,0.038435,0.933150,0.024128,-0.068614,-36.110882,0.000121,-0.000864,0.000000,0.000000,0.000000,0.000000
-3.080000,-0.694801,0.000000,0.000041,-0.044583,0.000000,-0.000840,0.046665,-0.706245,0.024991,-0.113452,20.068638,0.000113,0.000075,0.000000,0.000000,0.000000,0.000000
0.520000,5.211009,0.000000,0.000157,0.007527,0.000000,-0.000953,-0.007921,5.339183,0.024917,0.024132,-121.073059,0.000079,-0.002227,0.000000,0.000000,0.000000,0.000000
4.820000,6.224261,0.000000,0.000436,0.069770,0.000000,-0.001032,-0.077050,6.451993,0.027144,0.279354,-122.940285,-0.000086,-0.001568,0.000000,0.000000,0.000000,0.000000
0.660000,-6.021611,0.000000,0.000907,0.009554,0.000000,-0.000946,-0.009991,-6.332559,0.028712,0.041604,105.057037,-0.000147,0.002105,0.000000,0.000000,0.000000,0.000000
-0.280000,-1.360652,0.000000,0.001203,-0.004053,0.000000,-0.000799,0.006347,-1.455837,0.026607,-0.029575,21.583313,-0.000010,0.000325,0.000000,0.000000,0.000000,0.000000
-1.840000,-2.258104,0.000000,0.001466,-0.026634,0.000000,-0.000789,0.035635,-2.459198,0.026283,-0.182148,33.237293,0.000050,0.000136,0.000000,0.000000,0.000000,0.000000
-2.180000,-0.492151,0.000000,0.001672,-0.031556,0.000000,-0.000839,0.044440,-0.549428,0.026147,-0.245277,6.877146,0.000110,-0.000534,0.000000,0.000000,0.000000,0.000000
-0.180000,2.895005,0.000000,0.001875,-0.002606,0.000000,-0.000948,0.006344,3.282653,0.026680,-0.037333,-38.538540,0.000079,-0.000830,0.000000,0.000000,0.000000,0.000000
0.210000,6.209786,0.000000,-0.001489,0.003040,0.000000,-0.002355,-0.004547,6.258251,0.038179,0.008118,-242.180664,0.000106,-0.004562,0.000000,0.000000,0.000000,0.000000
-4.770000,-7.208563,0.000000,-0.001389,-0.069046,0.000000,-0.002461,0.069274,-7.266931,0.042741,-0.123669,281.214355,0.000050,0.004999,0.000000,0.000000,0.000000,0.000000
1.680000,9.336391,0.000000,-0.001237,0.024318,0.000000,-0.002511,-0.026723,9.477079,0.037742,0.064969,-269.300385,0.000107,-0.004933,0.000000,0.000000,0.000000,0.000000
0.340000,-1.939653,0.000000,-0.000791,0.004922,0.000000,-0.002618,-0.006140,-1.989548,0.042675,0.018705,45.115635,-0.000054,0.000914,0.000000,0.000000,0.000000,0.000000
-1.770000,-3.054230,0.000000,-0.000413,-0.025621,0.000000,-0.002563,0.028013,-3.168827,0.041761,-0.101565,60.380791,0.000016,0.000867,0.000000,0.000000,0.000000,0.000000
-0.480000,1.867278,0.000000,-0.000132,-0.006948,0.000000,-0.002579,0.007876,1.960657,0.040894,-0.032797,-32.527267,0.000058,-0.000706,0.000000,0.000000,0.000000,0.000000
-1.700000,-1.765953,0.000000,0.000203,-0.024608,0.000000,-0.002638,0.029963,-1.889452,0.041600,-0.139623,28.011812,0.000045,0.000154,0.000000,0.000000,0.000000,0.000000
1.420000,4.516208,0.000000,0.000487,0.020555,0.000000,-0.002683,-0.025449,4.909800,0.041446,0.130083,-66.358414,0.000024,-0.000905,0.000000,0.000000,0.000000,0.000000
0.740000,-0.984302,0.000000,0.000905,0.010712,0.000000,-0.002707,-0.013115,-1.096623,0.042351,0.072388,13.726343,-0.000056,0.000457,0.000000,0.000000,0.000000,0.000000
1.690000,1.375127,0.000000,0.001300,0.024463,0.000000,-0.002650,-0.032798,1.556481,0.041894,0.193000,-18.273176,-0.000059,0.000175,0.000000,0.000000,0.000000,0.000000
-0.480000,-3.141081,0.000000,0.001742,-0.006948,0.000000,-0.002591,0.013073,-3.658382,0.041719,-0.081171,40.703537,-0.000034,0.000551,0.000000,0.000000,0.000000,0.000000
-2.270000,-5.051784,0.000000,-0.001704,-0.032858,0.000000,-0.002693,0.032001,-5.093011,0.043606,-0.057130,197.088425,-0.000010,0.003576,0.000000,0.000000,0.000000,0.000000
-3.480000,-1.751478,0.000000,-0.001689,-0.050373,0.000000,-0.002684,0.049848,-1.766362,0.040030,-0.088990,68.354362,0.000101,0.001047,0.000000,0.000000,0.000000,0.000000
-1.400000,3.010805,0.000000,-0.001478,-0.020265,0.000000,-0.002785,0.019647,3.055327,0.038983,-0.047764,-86.820084,0.000111,-0.001775,0.000000,0.000000,0.000000,0.000000
-3.250000,-2.677880,0.000000,-0.001181,-0.047044,0.000000,-0.002896,0.049294,-2.745950,0.040758,-0.150176,62.268063,0.000081,0.000776,0.000000,0.000000,0.000000,0.000000
2.310000,8.048115,0.000000,-0.000976,0.033437,0.000000,-0.002977,-0.038244,8.342648,0.039982,0.138657,-158.965988,0.000054,-0.002636,0.000000,0.000000,0.000000,0.000000
-0.310000,-3.792457,0.000000,-0.000534,-0.004487,0.000000,-0.003031,0.004568,-3.989452,0.042618,-0.019021,66.184944,-0.000063,0.001207,0.000000,0.000000,0.000000,0.000000
-0.470000,-0.231600,0.000000,-0.000211,-0.006803,0.000000,-0.002968,0.007961,-0.250132,0.041411,-0.037098,3.708299,0.000017,-0.000032,0.000000,0.000000,0.000000,0.000000
2.460000,4.241183,0.000000,0.000103,0.035609,0.000000,-0.002985,-0.045026,4.610789,0.041444,0.230151,-62.317139,-0.000035,-0.000557,0.000000,0.000000,0.000000,0.000000
-4.430000,-9.973292,0.000000,0.000542,-0.064124,0.000000,-0.002950,0.086487,-11.075357,0.042001,-0.477347,138.629364,0.000024,0.001335,0.000000,0.000000,0.000000,0.000000
-2.060000,3.430581,0.000000,0.000693,-0.029819,0.000000,-0.002975,0.043203,3.890258,0.040666,-0.254227,-45.671860,0.000190,-0.001555,0.000000,0.000000,0.000000,0.000000
-4.110000,-11.029970,0.000000,-0.001368,-0.059492,0.000000,-0.002222,0.059601,-11.118600,0.037531,-0.106402,430.265503,-0.000050,0.007862,0.000000,0.000000,0.000000,0.000000
-2.880000,1.780428,0.000000,-0.001439,-0.041688,0.000000,-0.002172,0.041211,1.793889,0.029669,-0.073570,-69.419586,0.000146,-0.001528,0.000000,0.000000,0.000000,0.000000
1.640000,6.542712,0.000000,-0.001276,0.023739,0.000000,-0.002318,-0.026159,6.641172,0.031197,0.063597,-188.715317,0.000055,-0.003398,0.000000,0.000000,0.000000,0.000000
2.670000,1.490928,0.000000,-0.000910,0.038648,0.000000,-0.002373,-0.042518,1.526527,0.034595,0.129532,-34.616016,-0.000086,-0.000299,0.000000,0.000000,0.000000,0.000000
-1.350000,-5.818960,0.000000,-0.000506,-0.019541,0.000000,-0.002286,0.021154,-6.035006,0.034894,-0.076696,114.994751,-0.000057,0.001971,0.000000,0.000000,0.000000,0.000000
-2.300000,-1.375127,0.000000,-0.000283,-0.033293,0.000000,-0.002230,0.038142,-1.447584,0.032923,-0.158831,24.015398,0.000076,0.000021,0.000000,0.000000,0.000000,0.000000
2.500000,6.948012,0.000000,-0.000104,0.036188,0.000000,-0.002305,-0.043827,7.420386,0.032902,0.204230,-110.009911,0.000022,-0.001531,0.000000,0.000000,0.000000,0.000000
-2.470000,-7.194088,0.000000,0.000280,-0.035753,0.000000,-0.002327,0.045695,-7.828999,0.034433,-0.233572,105.812851,-0.000025,0.001375,0.000000,0.000000,0.000000,0.000000
1.250000,5.384709,0.000000,0.000453,0.018094,0.000000,-0.002303,-0.023594,5.974836,0.033058,0.130220,-74.786545,0.000049,-0.001066,0.000000,0.000000,0.000000,0.000000
1.090000,-0.231600,0.000000,0.000786,0.015778,0.000000,-0.002352,-0.021228,-0.266365,0.034124,0.124919,3.127137,-0.000063,0.000399,0.000000,0.000000,0.000000,0.000000
-0.360000,-0.303976,0.000000,-0.000764,-0.005211,0.000000,-0.001527,0.004633,-0.307217,0.033148,-0.008271,11.888635,0.000007,0.000202,0.000000,0.000000,0.000000,0.000000
-1.740000,-1.997554,0.000000,-0.000699,-0.025187,0.000000,-0.001534,0.025073,-2.014258,0.032946,-0.044761,77.947395,0.000030,0.001354,0.000000,0.000000,0.000000,0.000000
-6.120000,-6.340061,0.000000,-0.000472,-0.088587,0.000000,-0.001563,0.092145,-6.437494,0.031591,-0.224021,182.927612,0.000127,0.002855,0.000000,0.000000,0.000000,0.000000
5.740000,17.167379,0.000000,-0.000455,0.083087,0.000000,-0.001691,-0.089791,17.592136,0.028736,0.273552,-398.924988,0.000090,-0.006819,0.000000,0.000000,0.000000,0.000000
0.640000,-7.382263,0.000000,0.000095,0.009264,0.000000,-0.001781,-0.010190,-7.656049,0.035555,0.036944,145.883118,-0.000173,0.002875,0.000000,0.000000,0.000000,0.000000
-2.320000,-4.284607,0.000000,0.000418,-0.033582,0.000000,-0.001608,0.039287,-4.506531,0.032680,-0.163598,74.763275,0.000021,0.000968,0.000000,0.000000,0.000000,0.000000
4.430000,9.770641,0.000000,0.000616,0.064124,0.000000,-0.001629,-0.076696,10.435609,0.031712,0.357393,-154.711700,-0.000010,-0.001965,0.000000,0.000000,0.000000,0.000000
-1.620000,-8.757390,0.000000,0.001106,-0.023450,0.000000,-0.001619,0.031141,-9.530027,0.033677,-0.159176,128.803101,-0.000096,0.002012,0.000000,0.000000,0.000000,0.000000
-4.130000,-3.633232,0.000000,0.001346,-0.059782,0.000000,-0.001523,0.081755,-4.036695,0.031665,-0.451230,50.526981,0.000145,-0.000268,0.000000,0.000000,0.000000,0.000000
1.200000,-16.038328,0.000000,-0.001335,0.017370,0.000000,-0.002200,-0.019062,-16.166803,0.038013,0.034030,625.619995,-0.000358,0.011939,0.000000,0.000000,0.000000,0.000000
-5.560000,-9.785117,0.000000,-0.001197,-0.080481,0.000000,-0.001843,0.081179,-9.863554,0.026074,-0.144923,381.698029,0.000033,0.006813,0.000000,0.000000,0.000000,0.000000
-5.580000,-0.028950,0.000000,-0.001253,-0.080771,0.000000,-0.001876,0.083154,-0.029956,0.019261,-0.202164,0.851227,0.000224,-0.000543,0.000000,0.000000,0.000000,0.000000
-8.230000,-3.835881,0.000000,-0.001319,-0.119129,0.000000,-0.002100,0.126623,-3.931740,0.019804,-0.385764,89.157410,0.000268,0.000646,0.000000,0.000000,0.000000,0.000000
7.510000,22.783689,0.000000,-0.001514,0.108707,0.000000,-0.002368,-0.122489,23.622162,0.019158,0.444097,-450.111359,0.000115,-0.007323,0.000000,0.000000,0.000000,0.000000
6.010000,-2.171254,0.000000,-0.001025,0.086995,0.000000,-0.002483,-0.101705,-2.283955,0.026481,0.423524,37.890774,-0.000319,0.001877,0.000000,0.000000,0.000000,0.000000
-1.130000,-10.335169,0.000000,-0.000610,-0.016357,0.000000,-0.002165,0.019016,-11.042495,0.024604,-0.088614,163.708984,-0.000157,0.002857,0.000000,0.000000,0.000000,0.000000
6.450000,10.972070,0.000000,-0.000506,0.093364,0.000000,-0.002008,-0.119041,11.934948,0.021748,0.608480,-161.306808,-0.000096,-0.001414,0.000000,0.000000,0.000000,0.000000
3.970000,-3.589806,0.000000,-0.000082,0.057466,0.000000,-0.001912,-0.076967,-3.986964,0.023161,0.424805,49.904514,-0.000284,0.002097,0.000000,0.000000,0.000000,0.000000
2.430000,-2.229154,0.000000,0.000235,0.035174,0.000000,-0.001629,-0.049473,-2.532378,0.021065,0.291126,29.730265,-0.000181,0.001347,0.000000,0.000000,0.000000,0.000000
-0.120000,-3.691132,0.000000,0.000489,-0.001737,0.000000,-0.001447,0.003348,-4.295077,0.019718,-0.020790,47.787479,-0.000072,0.000846,0.000000,0.000000,0.000000,0.000000
-2.740000,-9.264016,0.000000,0.000305,-0.039662,0.000000,-0.000107,0.040966,-9.338156,0.017298,-0.073134,361.366272,-0.000066,0.006643,0.000000,0.000000,0.000000,0.000000
-3.860000,-1.621203,0.000000,0.000240,-0.055874,0.000000,-0.000041,0.057455,-1.634383,0.010655,-0.102570,63.247032,0.000125,0.000908,0.000000,0.000000,0.000000,0.000000
-1.620000,3.242406,0.000000,0.000186,-0.023450,0.000000,-0.000165,0.024716,3.291328,0.009747,-0.060090,-93.526260,0.000129,-0.001935,0.000000,0.000000,0.000000,0.000000
3.520000,7.440163,0.000000,0.000237,0.050952,0.000000,-0.000294,-0.054508,7.624220,0.011682,0.166062,-172.889282,-0.000003,-0.002821,0.000000,0.000000,0.000000,0.000000
-0.510000,-5.833435,0.000000,0.000522,-0.007382,0.000000,-0.000291,0.008785,-6.049161,0.014503,-0.031849,115.264473,-0.000091,0.002102,0.000000,0.000000,0.000000,0.000000
-0.080000,0.622426,0.000000,0.000632,-0.001158,0.000000,-0.000200,0.002069,0.653430,0.012401,-0.008615,-10.840398,0.000018,-0.000232,0.000000,0.000000,0.000000,0.000000
0.860000,1.360652,0.000000,0.000765,0.012449,0.000000,-0.000218,-0.014109,1.452443,0.012634,0.065746,-21.532997,-0.000011,-0.000229,0.000000,0.000000,0.000000,0.000000
-3.580000,-6.426911,0.000000,0.000944,-0.051821,0.000000,-0.000208,0.066913,-6.993124,0.012863,-0.342028,94.515587,0.000049,0.000865,0.000000,0.000000,0.000000,0.000000
-3.580000,-0.000000,0.000000,0.000939,-0.051821,0.000000,-0.000256,0.070563,-0.001513,0.011998,-0.389458,0.018935,0.000191,-0.001055,0.000000,0.000000,0.000000,0.000000
-4.340000,-1.100102,0.000000,0.000941,-0.062822,0.000000,-0.000447,0.090286,-1.250558,0.013053,-0.531288,14.681622,0.000220,-0.001157,0.000000,0.000000,0.000000,0.000000
-8.570000,-3.517431,0.000000,-0.000126,-0.124051,0.000000,-0.000543,0.126931,-3.545864,0.017912,-0.226601,137.217178,0.000276,0.001987,0.000000,0.000000,0.000000,0.000000
-3.360000,7.541488,0.000000,-0.000417,-0.048636,0.000000,-0.000819,0.049371,7.601073,0.015924,-0.088139,-294.144928,0.000277,-0.005812,0.000000,0.000000,0.000000,0.000000
-5.990000,-3.806932,0.000000,-0.000346,-0.086705,0.000000,-0.001096,0.090309,-3.865528,0.021736,-0.219558,109.842720,0.000171,0.001497,0.000000,0.000000,0.000000,0.000000
-0.860000,7.425688,0.000000,-0.000402,-0.012449,0.000000,-0.001267,0.012948,7.609099,0.020239,-0.039446,-172.546432,0.000179,-0.003377,0.000000,0.000000,0.000000,0.000000
2.310000,4.588583,0.000000,-0.000229,0.033437,0.000000,-0.001445,-0.037413,4.756397,0.023616,0.135645,-90.631340,-0.000011,-0.001343,0.000000,0.000000,0.000000,0.000000
-0.160000,-3.575331,0.000000,0.000082,-0.002316,0.000000,-0.001434,0.002770,-3.760301,0.024959,-0.011537,62.383331,-0.000064,0.001153,0.000000,0.000000,0.000000,0.000000
5.200000,7.758614,0.000000,0.000285,0.075270,0.000000,-0.001370,-0.090556,8.286818,0.023806,0.421980,-122.855087,-0.000088,-0.001187,0.000000,0.000000,0.000000,0.000000
-3.710000,-12.897247,0.000000,0.000719,-0.053702,0.000000,-0.001282,0.069015,-14.032874,0.024993,-0.352770,189.661346,-0.000079,0.002639,0.000000,0.000000,0.000000,0.000000
-5.830000,-3.068705,0.000000,0.000779,-0.084389,0.000000,-0.001203,0.113908,-3.408917,0.022354,-0.628689,42.669140,0.000244,-0.000898,0.000000,0.000000,0.000000,0.000000
-2.140000,5.341284,0.000000,0.000755,-0.030977,0.000000,-0.001447,0.044931,6.060625,0.023252,-0.264398,-71.152107,0.000236,-0.002061,0.000000,0.000000,0.000000,0.000000
10.590000,25.027321,0.000000,-0.000499,0.153291,0.000000,-0.001084,-0.157403,25.225727,0.025348,0.281001,-976.180481,0.000051,-0.017720,0.000000,0.000000,0.000000,0.000000
-4.550000,-21.915190,0.000000,-0.000023,-0.065861,0.000000,-0.001135,0.067412,-22.090590,0.043068,-0.120346,854.857605,-0.000236,0.015894,0.000000,0.000000,0.000000,0.000000
-3.050000,2.171254,0.000000,0.000060,-0.044149,0.000000,-0.000899,0.046231,2.203294,0.027174,-0.112395,-62.608727,0.000167,-0.001519,0.000000,0.000000,0.000000,0.000000
-14.990000,-17.283178,0.000000,0.000214,-0.216981,0.000000,-0.001066,0.233441,-17.713306,0.028692,-0.711190,401.672699,0.000296,0.005685,0.000000,0.000000,0.000000,0.000000
3.050000,26.112944,0.000000,-0.000172,0.044149,0.000000,-0.001362,-0.049253,27.073553,0.023008,0.178573,-515.876282,0.000379,-0.009296,0.000000,0.000000,0.000000,0.000000
-0.500000,-5.138634,0.000000,0.000238,-0.007238,0.000000,-0.001741,0.008638,-5.404301,0.032303,-0.035972,89.657257,-0.000080,0.001618,0.000000,0.000000,0.000000,0.000000
-2.900000,-3.474006,0.000000,0.000493,-0.041978,0.000000,-0.001661,0.051290,-3.713540,0.030686,-0.239005,55.054577,0.000069,0.000393,0.000000,0.000000,0.000000,0.000000
4.100000,10.132518,0.000000,0.000649,0.059348,0.000000,-0.001730,-0.074439,11.020429,0.030293,0.380497,-148.946640,0.000007,-0.001792,0.000000,0.000000,0.000000,0.000000
-0.140000,-6.137411,0.000000,0.001105,-0.002027,0.000000,-0.001737,0.004188,-6.816557,0.032085,-0.023117,85.322304,-0.000118,0.001556,0.000000,0.000000,0.000000,0.000000
7.260000,-0.998776,0.000000,-0.001343,0.105089,0.000000,-0.002162,-0.108891,-1.007590,0.036015,0.194395,38.991547,-0.000313,0.001261,0.000000,0.000000,0.000000,0.000000
-2.740000,-14.475025,0.000000,-0.000973,-0.039662,0.000000,-0.001849,0.039613,-14.590995,0.034754,-0.070718,564.639648,-0.000169,0.010498,0.000000,0.000000,0.000000,0.000000
-2.540000,0.289501,0.000000,-0.000864,-0.036767,0.000000,-0.001680,0.037544,0.293125,0.024256,-0.091277,-8.329417,0.000107,-0.000424,0.000000,0.000000,0.000000,0.000000
3.420000,8.627115,0.000000,-0.000751,0.049505,0.000000,-0.001788,-0.054015,8.840192,0.024680,0.164560,-200.463058,0.000021,-0.003350,0.000000,0.000000,0.000000,0.000000
1.160000,-3.271356,0.000000,-0.000375,0.016791,0.000000,-0.001809,-0.019077,-3.393237,0.028030,0.069165,64.656837,-0.000116,0.001418,0.000000,0.000000,0.000000,0.000000
2.320000,1.679103,0.000000,-0.000102,0.033582,0.000000,-0.001693,-0.038922,1.763679,0.026613,0.162078,-29.259407,-0.000072,-0.000118,0.000000,0.000000,0.000000,0.000000
1.960000,-0.521101,0.000000,0.000220,0.028371,0.000000,-0.001621,-0.033997,-0.558579,0.026731,0.158421,8.281134,-0.000102,0.000586,0.000000,0.000000,0.000000,0.000000
0.880000,-1.563303,0.000000,0.000527,0.012738,0.000000,-0.001519,-0.015485,-1.702876,0.026145,0.079152,23.015226,-0.000074,0.000649,0.000000,0.000000,0.000000,0.000000
-2.350000,-4.675433,0.000000,0.000792,-0.034016,0.000000,-0.001445,0.046554,-5.192857,0.025497,-0.256945,64.998581,0.000028,0.000535,0.000000,0.000000,0.000000,0.000000
1.930000,6.195311,0.000000,0.000926,0.027937,0.000000,-0.001472,-0.038247,7.029804,0.024962,0.225063,-82.530319,0.000030,-0.000955,0.000000,0.000000,0.000000,0.000000
-3.460000,-0.028950,0.000000,-0.000627,-0.050084,0.000000,-0.001292,0.050709,-0.029900,0.028885,-0.090526,1.157080,0.000137,-0.000221,0.000000,0.000000,0.000000,0.000000
-5.210000,-2.533129,0.000000,-0.000692,-0.075415,0.000000,-0.001428,0.076508,-2.553994,0.029106,-0.136584,98.834023,0.000158,0.001502,0.000000,0.000000,0.000000,0.000000
-3.670000,2.229154,0.000000,-0.000644,-0.053123,0.000000,-0.001587,0.054880,2.262121,0.027604,-0.133423,-64.280365,0.000191,-0.001581,0.000000,0.000000,0.000000,0.000000
-1.110000,3.705607,0.000000,-0.000527,-0.016067,0.000000,-0.001778,0.016702,3.796340,0.029185,-0.050884,-86.087036,0.000117,-0.001765,0.000000,0.000000,0.000000,0.000000
-0.770000,0.492151,0.000000,-0.000300,-0.011146,0.000000,-0.001895,0.012053,0.508717,0.030949,-0.043698,-9.693406,0.000042,-0.000298,0.000000,0.000000,0.000000,0.000000
-4.010000,-4.689909,0.000000,-0.000061,-0.058045,0.000000,-0.001937,0.066999,-4.932402,0.031248,-0.278998,81.828468,0.000088,0.000795,0.000000,0.000000,0.000000,0.000000
2.750000,9.785117,0.000000,0.000036,0.039806,0.000000,-0.002024,-0.048028,10.451378,0.030453,0.223807,-154.945480,0.000068,-0.002330,0.000000,0.000000,0.000000,0.000000
-2.010000,-6.890112,0.000000,0.000423,-0.029095,0.000000,-0.002092,0.037433,-7.498256,0.032783,-0.191339,101.342705,-0.000041,0.001406,0.000000,0.000000,0.000000,0.000000
-2.950000,-1.360653,0.000000,0.000609,-0.042701,0.000000,-0.002051,0.057925,-1.513372,0.031377,-0.319705,18.942753,0.000128,-0.000509,0.000000,0.000000,0.000000,0.000000
4.460000,10.725994,0.000000,0.000760,0.064559,0.000000,-0.002179,-0.090337,12.172323,0.031886,0.531587,-142.903809,-0.000014,-0.001267,0.000000,0.000000,0.000000,0.000000
4.950000,0.709276,0.000000,0.001225,0.071651,0.000000,-0.002165,-0.105940,0.820900,0.033153,0.657807,-9.133421,-0.000271,0.001609,0.000000,0.000000,0.000000,0.000000
-3.950000,-7.686239,0.000000,-0.000655,-0.057176,0.000000,-0.001446,0.057955,-7.748225,0.034280,-0.103464,299.839386,0.000011,0.005395,0.000000,0.000000,0.000000,0.000000
0.710000,6.745362,0.000000,-0.000727,0.010277,0.000000,-0.001457,-0.011267,6.798295,0.028885,0.020115,-263.079163,0.000098,-0.004937,0.000000,0.000000,0.000000,0.000000
-1.350000,-2.981855,0.000000,-0.000381,-0.019541,0.000000,-0.001555,0.020036,-3.028333,0.033822,-0.048712,86.053009,-0.000003,0.001507,0.000000,0.000000,0.000000,0.000000
-4.680000,-4.820183,0.000000,-0.000136,-0.067743,0.000000,-0.001552,0.072664,-4.941187,0.032315,-0.221375,112.047974,0.000103,0.001520,0.000000,0.000000,0.000000,0.000000
0.670000,7.744138,0.000000,-0.000043,0.009698,0.000000,-0.001655,-0.010825,8.027760,0.030795,0.039248,-152.965912,0.000123,-0.002793,0.000000,0.000000,0.000000,0.000000
-0.850000,-2.200204,0.000000,0.000286,-0.012304,0.000000,-0.001777,0.014547,-2.315199,0.033588,-0.060578,38.409103,-0.000005,0.000569,0.000000,0.000000,0.000000,0.000000
