0.473771,0.000569,0.000000,-0.064653,-0.000000,ovf,0.000003,-0.000000,-0.000000,-198.274826,0.000000,ovf,ovf,ovf,-0.000001,ovf,0.000000,-0.000000
1.050000,1.447502,0.000000,0.000000,0.015199,0.000000,0.000000,-0.015289,1.450375,0.000000,0.013809,-110.942802,-0.000014,-0.002063,0.000000,0.000000,0.000000,0.000000
2.920000,2.706830,0.000000,0.000041,0.042267,0.000000,0.000014,-0.042477,2.712175,0.002063,0.038364,-207.460953,-0.000064,-0.003821,0.000000,0.000000,0.000000,0.000000
1.070000,-2.677880,0.000000,0.000216,0.015488,0.000000,0.000077,-0.015556,-2.694541,0.005884,0.024550,117.952095,-0.000093,0.002307,0.000000,0.000000,0.000000,0.000000
-0.130000,-1.737003,0.000000,0.000297,-0.001882,0.000000,0.000170,0.002262,-1.759169,0.003577,-0.005049,54.442181,-0.000027,0.001013,0.000000,0.000000,0.000000,0.000000
-0.710000,-0.839551,0.000000,0.000323,-0.010277,0.000000,0.000197,0.011289,-0.857792,0.002564,-0.032262,20.735481,0.000014,0.000303,0.000000,0.000000,0.000000,0.000000
-1.990000,-1.852803,0.000000,0.000325,-0.028805,0.000000,0.000183,0.032017,-1.913776,0.002261,-0.110421,38.335396,0.000050,0.000427,0.000000,0.000000,0.000000,0.000000
-1.910000,0.115800,0.000000,0.000273,-0.027647,0.000000,0.000133,0.031852,0.121009,0.001834,-0.127421,-2.089727,0.000088,-0.000385,0.000000,0.000000,0.000000,0.000000
-1.330000,0.839551,0.000000,0.000225,-0.019252,0.000000,0.000044,0.023187,0.891981,0.002219,-0.104565,-13.664331,0.000079,-0.000541,0.000000,0.000000,0.000000,0.000000
-0.270000,1.534353,0.000000,0.000204,-0.003908,0.000000,-0.000035,0.005134,1.659082,0.002760,-0.025542,-23.038044,0.000045,-0.000504,0.000000,0.000000,0.000000,0.000000
1.940000,3.198981,0.000000,0.000230,0.028082,0.000000,-0.000080,-0.036620,3.527733,0.003264,0.197620,-45.161015,-0.000032,-0.000320,0.000000,0.000000,0.000000,0.000000
2.310000,0.535576,0.000000,0.000350,0.033437,0.000000,-0.000048,-0.046005,0.603074,0.003584,0.265669,-7.214584,-0.000113,0.000583,0.000000,0.000000,0.000000,0.000000
-1.030000,-4.834659,0.000000,0.000488,-0.014909,0.000000,0.000065,0.022720,-5.579855,0.003001,-0.138862,63.070095,-0.000044,0.000818,0.000000,0.000000,0.000000,0.000000
0.350000,1.997553,0.000000,0.000490,0.005066,0.000000,0.000109,-0.007190,2.364289,0.002184,0.046088,-25.480129,0.000025,-0.000359,0.000000,0.000000,0.000000,0.000000
-0.600000,-1.375127,0.000000,0.000552,-0.008685,0.000000,0.000084,0.015493,-1.674260,0.002543,-0.103383,17.333839,0.000010,0.000049,0.000000,0.000000,0.000000,0.000000
-1.140000,-0.781651,0.000000,0.000579,-0.016502,0.000000,0.000074,0.030661,-0.980474,0.002494,-0.211640,9.813148,0.000064,-0.000387,0.000000,0.000000,0.000000,0.000000
1.320000,4.443833,0.000000,0.000968,0.019107,0.000000,0.001004,-0.018361,4.478976,0.005546,0.032779,-173.326569,0.000035,-0.003193,0.000000,0.000000,0.000000,0.000000
-3.920000,-7.584913,0.000000,0.001223,-0.056742,0.000000,0.000969,0.059350,-7.645519,0.008739,-0.105954,295.864868,0.000016,0.005321,0.000000,0.000000,0.000000,0.000000
-4.310000,-0.564526,0.000000,0.001122,-0.062387,0.000000,0.000953,0.066414,-0.573327,0.003417,-0.161465,16.291636,0.000169,-0.000138,0.000000,0.000000,0.000000,0.000000
-1.110000,4.632008,0.000000,0.001011,-0.016067,0.000000,0.000784,0.018356,4.746634,0.003555,-0.055922,-107.636238,0.000139,-0.002189,0.000000,0.000000,0.000000,0.000000
0.630000,2.518655,0.000000,0.001052,0.009119,0.000000,0.000645,-0.008966,2.610897,0.005745,0.032506,-49.749645,0.000025,-0.000850,0.000000,0.000000,0.000000,0.000000
3.140000,3.633232,0.000000,0.001176,0.045452,0.000000,0.000620,-0.051160,3.818905,0.006595,0.213042,-63.355572,-0.000066,-0.000622,0.000000,0.000000,0.000000,0.000000
2.110000,-1.490928,0.000000,0.001416,0.030542,0.000000,0.000686,-0.035174,-1.593783,0.007216,0.163906,23.628420,-0.000125,0.000892,0.000000,0.000000,0.000000,0.000000
-3.360000,-7.917839,0.000000,0.001622,-0.048636,0.000000,0.000811,0.063735,-8.614918,0.006324,-0.325783,116.434944,0.000010,0.001322,0.000000,0.000000,0.000000,0.000000
-7.340000,-5.761061,0.000000,0.001607,-0.106247,0.000000,0.000802,0.144247,-6.396892,0.005003,-0.796142,80.069382,0.000269,-0.000640,0.000000,0.000000,0.000000,0.000000
-1.330000,0.593476,0.000000,-0.000123,-0.019252,0.000000,-0.000536,0.019629,0.597742,0.017691,-0.035043,-23.131329,0.000064,-0.000532,0.000000,0.000000,0.000000,0.000000
-5.010000,-5.326809,0.000000,-0.000132,-0.072520,0.000000,-0.000600,0.074118,-5.369637,0.018223,-0.132317,207.793243,0.000099,0.003578,0.000000,0.000000,0.000000,0.000000
-5.480000,-0.680326,0.000000,-0.000191,-0.079323,0.000000,-0.000699,0.082751,-0.691164,0.014645,-0.201182,19.640099,0.000211,-0.000179,0.000000,0.000000,0.000000,0.000000
-1.890000,5.196534,0.000000,-0.000274,-0.027358,0.000000,-0.000909,0.029109,5.324857,0.014824,-0.088683,-120.748192,0.000179,-0.002526,0.000000,0.000000,0.000000,0.000000
-3.990000,-3.039755,0.000000,-0.000197,-0.057755,0.000000,-0.001088,0.063964,-3.152583,0.017350,-0.231908,60.071274,0.000113,0.000515,0.000000,0.000000,0.000000,0.000000
6.990000,15.893578,0.000000,-0.000215,0.101180,0.000000,-0.001201,-0.117161,16.708086,0.016836,0.487884,-277.186859,-0.000001,-0.003930,0.000000,0.000000,0.000000,0.000000
-0.750000,-11.203670,0.000000,0.000242,-0.010856,0.000000,-0.001200,0.013402,-11.970379,0.020765,-0.062454,177.465225,-0.000190,0.003199,0.000000,0.000000,0.000000,0.000000
-6.800000,-8.757390,0.000000,0.000367,-0.098430,0.000000,-0.001010,0.125291,-9.528481,0.017567,-0.640424,128.782196,0.000159,0.000700,0.000000,0.000000,0.000000,0.000000
2.570000,13.563098,0.000000,0.000239,0.037201,0.000000,-0.001169,-0.049434,15.055354,0.016866,0.272842,-188.446686,0.000151,-0.002832,0.000000,0.000000,0.000000,0.000000
-5.150000,-24.477270,0.000000,0.000199,-0.074546,0.000000,-0.000264,0.076581,-24.672455,0.019588,-0.136715,954.770020,-0.000260,0.017714,0.000000,0.000000,0.000000,0.000000
-5.870000,-1.042202,0.000000,0.000045,-0.084968,0.000000,-0.000004,0.087045,-1.050541,0.001874,-0.155396,40.653625,0.000216,0.000317,0.000000,0.000000,0.000000,0.000000
-1.140000,6.846687,0.000000,-0.000173,-0.016502,0.000000,-0.000220,0.017075,6.950712,0.001557,-0.041513,-197.511185,0.000177,-0.003853,0.000000,0.000000,0.000000,0.000000
-2.440000,-1.881754,0.000000,-0.000171,-0.035319,0.000000,-0.000398,0.037777,-1.928658,0.005410,-0.115090,43.734863,0.000065,0.000524,0.000000,0.000000,0.000000,0.000000
-1.680000,1.100102,0.000000,-0.000230,-0.024318,0.000000,-0.000463,0.026770,1.140413,0.004886,-0.097056,-21.730129,0.000094,-0.000675,0.000000,0.000000,0.000000,0.000000
0.990000,3.864832,0.000000,-0.000256,0.014330,0.000000,-0.000557,-0.016854,4.062866,0.005561,0.070185,-67.402878,0.000031,-0.001085,0.000000,0.000000,0.000000,0.000000
-0.070000,-1.534353,0.000000,-0.000169,-0.001013,0.000000,-0.000588,0.001020,-1.639534,0.006646,-0.004752,24.306688,-0.000028,0.000449,0.000000,0.000000,0.000000,0.000000
0.230000,0.434251,0.000000,-0.000128,0.003329,0.000000,-0.000560,-0.004385,0.472017,0.006197,0.022413,-6.379541,-0.000003,-0.000061,0.000000,0.000000,0.000000,0.000000
0.170000,-0.086850,0.000000,-0.000076,0.002461,0.000000,-0.000557,-0.003393,-0.096870,0.006258,0.018726,1.212518,-0.000011,0.000074,0.000000,0.000000,0.000000,0.000000
-5.260000,-13.765750,0.000000,0.001176,-0.076139,0.000000,0.001050,0.079178,-13.875398,0.004406,-0.141352,536.947571,-0.000049,0.009785,0.000000,0.000000,0.000000,0.000000
-2.170000,4.472783,0.000000,0.000983,-0.031411,0.000000,0.001099,0.033168,4.508447,-0.005378,-0.059212,-174.467056,0.000175,-0.003482,0.000000,0.000000,0.000000,0.000000
-7.070000,-7.092763,0.000000,0.000896,-0.102338,0.000000,0.000924,0.107956,-7.200581,-0.001897,-0.262461,204.611465,0.000155,0.003171,0.000000,0.000000,0.000000,0.000000
-7.140000,-0.101324,0.000000,0.000586,-0.103352,0.000000,0.000768,0.111712,-0.103700,-0.005067,-0.340336,2.351525,0.000300,-0.000882,0.000000,0.000000,0.000000,0.000000
-3.620000,5.095209,0.000000,0.000276,-0.052400,0.000000,0.000468,0.058539,5.283035,-0.004186,-0.212238,-100.666229,0.000258,-0.002479,0.000000,0.000000,0.000000,0.000000
-1.310000,3.343731,0.000000,0.000124,-0.018962,0.000000,0.000210,0.022054,3.515357,-0.001707,-0.091839,-58.319702,0.000126,-0.001348,0.000000,0.000000,0.000000,0.000000
-1.740000,-0.622426,0.000000,0.000073,-0.025187,0.000000,0.000085,0.030505,-0.664942,-0.000359,-0.142148,9.858004,0.000070,-0.000195,0.000000,0.000000,0.000000,0.000000
-3.680000,-2.808155,0.000000,0.000004,-0.053268,0.000000,0.000015,0.067557,-3.054930,-0.000163,-0.345318,41.288921,0.000125,-0.000152,0.000000,0.000000,0.000000,0.000000
8.780000,18.035881,0.000000,-0.000148,0.127091,0.000000,-0.000110,-0.170174,20.022314,-0.000012,0.939238,-250.617737,-0.000081,-0.002205,0.000000,0.000000,0.000000,0.000000
16.990000,11.883996,0.000000,0.000224,0.245931,0.000000,-0.000028,-0.347910,13.489734,0.002193,2.047283,-158.370285,-0.000686,0.002543,0.000000,0.000000,0.000000,0.000000
-5.140000,-6.137410,0.000000,0.001879,-0.074402,0.000000,0.001654,0.078132,-6.186519,0.008058,-0.139483,239.404770,0.000095,0.004151,0.000000,0.000000,0.000000,0.000000
-4.870000,0.390826,0.000000,0.001699,-0.070493,0.000000,0.001558,0.073917,0.393753,0.003907,-0.131960,-15.237372,0.000207,-0.000653,0.000000,0.000000,0.000000,0.000000
-3.230000,2.373904,0.000000,0.001581,-0.046754,0.000000,0.001351,0.050546,2.409684,0.004560,-0.122886,-68.473488,0.000182,-0.001628,0.000000,0.000000,0.000000,0.000000
-3.860000,-0.911926,0.000000,0.001550,-0.055874,0.000000,0.001169,0.061719,-0.935050,0.006188,-0.188030,21.203495,0.000149,-0.000104,0.000000,0.000000,0.000000,0.000000
-2.550000,1.896228,0.000000,0.001501,-0.036911,0.000000,0.001020,0.042687,1.965422,0.006292,-0.154767,-37.450367,0.000152,-0.001128,0.000000,0.000000,0.000000,0.000000
5.310000,11.377370,0.000000,0.001520,0.076862,0.000000,0.000868,-0.087057,11.960227,0.007419,0.362525,-198.419968,-0.000009,-0.002774,0.000000,0.000000,0.000000,0.000000
-4.540000,-14.257901,0.000000,0.001890,-0.065717,0.000000,0.000877,0.081644,-15.233129,0.010194,-0.380453,225.836670,-0.000068,0.003252,0.000000,0.000000,0.000000,0.000000
5.590000,14.663200,0.000000,0.001849,0.080915,0.000000,0.000945,-0.100268,15.950428,0.006941,0.512521,-215.578049,0.000031,-0.002702,0.000000,0.000000,0.000000,0.000000
0.770000,-6.976962,0.000000,0.002253,0.011146,0.000000,0.000914,-0.011894,-7.747455,0.009643,0.065647,96.974281,-0.000179,0.002019,0.000000,0.000000,0.000000,0.000000
5.120000,6.296636,0.000000,0.002467,0.074112,0.000000,0.001093,-0.101447,7.145206,0.007624,0.596966,-83.885147,-0.000139,0.000023,0.000000,0.000000,0.000000,0.000000
3.030000,-3.025280,0.000000,0.002880,0.043859,0.000000,0.001232,-0.061644,-3.521591,0.007601,0.382760,39.181599,-0.000233,0.001777,0.000000,0.000000,0.000000,0.000000
-5.940000,-12.014272,0.000000,-0.000843,-0.085982,0.000000,-0.001540,0.087245,-12.110569,0.030396,-0.155753,468.652557,0.000007,0.008449,0.000000,0.000000,0.000000,0.000000
-2.450000,5.051784,0.000000,-0.001003,-0.035464,0.000000,-0.001547,0.035284,5.091441,0.021947,-0.062990,-197.027634,0.000192,-0.003917,0.000000,0.000000,0.000000,0.000000
-3.230000,-1.129052,0.000000,-0.000867,-0.046754,0.000000,-0.001739,0.047986,-1.147045,0.025863,-0.116664,32.594395,0.000108,0.000309,0.000000,0.000000,0.000000,0.000000
-2.280000,1.375127,0.000000,-0.000774,-0.033003,0.000000,-0.001847,0.034640,1.408232,0.025555,-0.105534,-31.933525,0.000120,-0.000891,0.000000,0.000000,0.000000,0.000000
-4.630000,-3.401631,0.000000,-0.000643,-0.067019,0.000000,-0.001967,0.073764,-3.528170,0.026445,-0.267438,67.227943,0.000133,0.000551,0.000000,0.000000,0.000000,0.000000
5.710000,14.967176,0.000000,-0.000622,0.082652,0.000000,-0.002099,-0.096222,15.733726,0.025894,0.400690,-261.022247,0.000037,-0.003860,0.000000,0.000000,0.000000,0.000000
-2.880000,-12.434047,0.000000,-0.000157,-0.041688,0.000000,-0.002137,0.050155,-13.285246,0.029754,-0.233717,196.958618,-0.000116,0.003104,0.000000,0.000000,0.000000,0.000000
-0.910000,2.851580,0.000000,-0.000062,-0.013172,0.000000,-0.002021,0.016626,3.100240,0.026649,-0.084983,-41.901302,0.000104,-0.001029,0.000000,0.000000,0.000000,0.000000
-0.200000,1.027727,0.000000,0.000116,-0.002895,0.000000,-0.002125,0.004027,1.138634,0.027678,-0.022226,-14.252191,0.000032,-0.000328,0.000000,0.000000,0.000000,0.000000
0.080000,0.405301,0.000000,0.000324,0.001158,0.000000,-0.002157,-0.001181,0.457460,0.028006,0.006951,-5.370613,0.000005,-0.000082,0.000000,0.000000,0.000000,0.000000
1.130000,1.519878,0.000000,0.000545,0.016357,0.000000,-0.002162,-0.023785,1.764680,0.028089,0.147688,-19.634018,-0.000031,0.000028,0.000000,0.000000,0.000000,0.000000
-0.550000,8.265240,0.000000,-0.000604,-0.007961,0.000000,-0.001169,0.007592,8.330363,0.024576,-0.013554,-322.366852,0.000178,-0.006141,0.000000,0.000000,0.000000,0.000000
-0.340000,0.303976,0.000000,-0.000566,-0.004922,0.000000,-0.001347,0.004459,0.305626,0.030716,-0.007961,-11.827061,0.000018,-0.000234,0.000000,0.000000,0.000000,0.000000
-1.430000,-1.577778,0.000000,-0.000288,-0.020699,0.000000,-0.001365,0.021345,-1.602822,0.030951,-0.051893,45.545738,0.000027,0.000722,0.000000,0.000000,0.000000,0.000000
0.000000,2.069929,0.000000,-0.000063,0.000000,0.000000,-0.001392,-0.000068,2.119964,0.030228,0.000207,-48.072994,0.000040,-0.000911,0.000000,0.000000,0.000000,0.000000
0.730000,1.056677,0.000000,0.000225,0.010567,0.000000,-0.001432,-0.011493,1.093914,0.031139,0.041669,-20.844118,-0.000010,-0.000280,0.000000,0.000000,0.000000,0.000000
0.350000,-0.550051,0.000000,0.000546,0.005066,0.000000,-0.001421,-0.005223,-0.580325,0.031419,0.021750,9.627582,-0.000025,0.000242,0.000000,0.000000,0.000000,0.000000
2.790000,3.531906,0.000000,0.000854,0.040385,0.000000,-0.001396,-0.047740,3.770710,0.031178,0.222464,-55.902153,-0.000058,-0.000457,0.000000,0.000000,0.000000,0.000000
-3.680000,-9.365341,0.000000,0.001271,-0.053268,0.000000,-0.001339,0.069164,-10.191335,0.031635,-0.353531,137.740997,-0.000006,0.001653,0.000000,0.000000,0.000000,0.000000
-4.960000,-1.852803,0.000000,0.001421,-0.071796,0.000000,-0.001333,0.097923,-2.060092,0.029982,-0.540468,25.786003,0.000226,-0.000977,0.000000,0.000000,0.000000,0.000000
0.960000,8.569216,0.000000,0.001527,0.013896,0.000000,-0.001559,-0.017514,9.723598,0.030959,0.103062,-114.155617,0.000136,-0.001881,0.000000,0.000000,0.000000,0.000000
-12.790000,-22.277063,0.000000,-0.001516,-0.185136,0.000000,-0.002410,0.188100,-22.455179,0.039363,-0.335802,868.966492,0.000083,0.015549,0.000000,0.000000,0.000000,0.000000
-7.940000,7.020387,0.000000,-0.001922,-0.114932,0.000000,-0.002493,0.115710,7.075695,0.023814,-0.206569,-273.813934,0.000447,-0.005772,0.000000,0.000000,0.000000,0.000000
-7.630000,0.448726,0.000000,-0.001985,-0.110444,0.000000,-0.002940,0.113419,0.454683,0.029587,-0.275744,-12.920249,0.000315,-0.000980,0.000000,0.000000,0.000000,0.000000
-8.060000,-0.622426,0.000000,-0.002049,-0.116669,0.000000,-0.003254,0.123194,-0.638922,0.030567,-0.375315,14.488408,0.000321,-0.000739,0.000000,0.000000,0.000000,0.000000
0.740000,12.738023,0.000000,-0.002147,0.010712,0.000000,-0.003575,-0.014290,13.205995,0.031306,0.051808,-251.635223,0.000211,-0.004623,0.000000,0.000000,0.000000,0.000000
-0.890000,-2.359429,0.000000,-0.001872,-0.012883,0.000000,-0.003786,0.012723,-2.482108,0.035929,-0.052981,41.178135,-0.000013,0.000645,0.000000,0.000000,0.000000,0.000000
-0.960000,-0.101325,0.000000,-0.001682,-0.013896,0.000000,-0.003773,0.014750,-0.109987,0.035284,-0.068735,1.630601,0.000038,-0.000156,0.000000,0.000000,0.000000,0.000000
4.420000,7.787564,0.000000,-0.001507,0.063980,0.000000,-0.003811,-0.083047,8.470049,0.035440,0.424497,-114.476967,-0.000064,-0.001019,0.000000,0.000000,0.000000,0.000000
0.150000,4.834659,0.000000,0.000425,0.002171,0.000000,-0.000028,-0.001739,4.872595,0.018972,0.003104,-188.558807,0.000088,-0.003560,0.000000,0.000000,0.000000,0.000000
2.210000,2.981855,0.000000,0.000478,0.031990,0.000000,-0.000116,-0.032265,3.004965,0.022532,0.057601,-116.285576,-0.000031,-0.002039,0.000000,0.000000,0.000000,0.000000
-2.240000,-6.441386,0.000000,0.000815,-0.032424,0.000000,-0.000085,0.034759,-6.540228,0.024572,-0.084506,185.846893,-0.000030,0.003294,0.000000,0.000000,0.000000,0.000000
-9.570000,-10.610194,0.000000,0.000949,-0.138526,0.000000,-0.000056,0.149908,-10.874530,0.021278,-0.456701,246.594391,0.000200,0.003428,0.000000,0.000000,0.000000,0.000000
3.740000,19.266258,0.000000,0.000757,0.054137,0.000000,-0.000255,-0.059320,19.974768,0.017850,0.215072,-380.611633,0.000217,-0.006631,0.000000,0.000000,0.000000,0.000000
-0.430000,-6.036086,0.000000,0.001159,-0.006224,0.000000,-0.000473,0.008531,-6.347594,0.024481,-0.035526,105.306488,-0.000098,0.001910,0.000000,0.000000,0.000000,0.000000
-2.950000,-3.647707,0.000000,0.001386,-0.042701,0.000000,-0.000375,0.053241,-3.898896,0.022571,-0.248099,57.802547,0.000070,0.000420,0.000000,0.000000,0.000000,0.000000
-4.080000,-1.635678,0.000000,0.001514,-0.059058,0.000000,-0.000445,0.076814,-1.781789,0.022151,-0.392637,24.081774,0.000174,-0.000607,0.000000,0.000000,0.000000,0.000000
7.400000,16.617331,0.000000,0.001603,0.107115,0.000000,-0.000619,-0.141115,18.444685,0.022758,0.778857,-230.870651,-0.000033,-0.002264,0.000000,0.000000,0.000000,0.000000
7.940000,0.781651,0.000000,0.002187,0.114932,0.000000,-0.000587,-0.159642,0.883606,0.025022,0.939413,-10.373582,-0.000415,0.002349,0.000000,0.000000,0.000000,0.000000
3.410000,-6.557187,0.000000,0.002807,0.049360,0.000000,-0.000172,-0.070028,-7.630596,0.022673,0.434817,84.898804,-0.000333,0.002779,0.000000,0.000000,0.000000,0.000000
-4.990000,-2.533129,0.000000,-0.001266,-0.072230,0.000000,-0.002170,0.072754,-2.554243,0.039608,-0.129883,98.843636,0.000149,0.001515,0.000000,0.000000,0.000000,0.000000
-1.250000,5.413660,0.000000,-0.001367,-0.018094,0.000000,-0.002319,0.017127,5.455794,0.038093,-0.030575,-211.127319,0.000149,-0.004083,0.000000,0.000000,0.000000,0.000000
-1.570000,-0.463201,0.000000,-0.001029,-0.022726,0.000000,-0.002468,0.022689,-0.471633,0.042176,-0.055161,13.401918,0.000052,0.000112,0.000000,0.000000,0.000000,0.000000
-1.370000,0.289501,0.000000,-0.000715,-0.019831,0.000000,-0.002521,0.020545,0.294932,0.042064,-0.062592,-6.687977,0.000061,-0.000296,0.000000,0.000000,0.000000,0.000000
5.900000,10.523344,0.000000,-0.000399,0.085403,0.000000,-0.002582,-0.095351,10.908796,0.042360,0.345704,-207.862991,-0.000051,-0.003000,0.000000,0.000000,0.000000,0.000000
0.220000,-8.221815,0.000000,0.000236,0.003185,0.000000,-0.002530,-0.003407,-8.646459,0.045360,0.014189,143.444626,-0.000173,0.002760,0.000000,0.000000,0.000000,0.000000
-3.800000,-5.818960,0.000000,0.000623,-0.055005,0.000000,-0.002357,0.067179,-6.219508,0.042600,-0.313047,92.206474,0.000064,0.000894,0.000000,0.000000,0.000000,0.000000
-2.660000,1.650153,0.000000,0.000842,-0.038504,0.000000,-0.002422,0.049897,1.791681,0.041706,-0.255047,-24.215475,0.000169,-0.001150,0.000000,0.000000,0.000000,0.000000
-3.280000,-0.897452,0.000000,0.001115,-0.047478,0.000000,-0.002590,0.064990,-1.000372,0.042856,-0.358697,12.521574,0.000157,-0.000731,0.000000,0.000000,0.000000,0.000000
2.230000,7.975739,0.000000,0.001367,0.032279,0.000000,-0.002747,-0.043770,9.048952,0.043587,0.257566,-106.235237,0.000053,-0.001313,0.000000,0.000000,0.000000,0.000000
1.610000,-0.897452,0.000000,0.001859,0.023305,0.000000,-0.002800,-0.032260,-1.049359,0.044901,0.200310,11.675279,-0.000107,0.000765,0.000000,0.000000,0.000000,0.000000
-0.910000,-1.259327,0.000000,-0.002178,-0.013172,0.000000,-0.003248,0.011366,-1.270470,0.047405,-0.020292,49.164406,0.000007,0.000875,0.000000,0.000000,0.000000,0.000000
-3.750000,-4.110908,0.000000,-0.002101,-0.054281,0.000000,-0.003255,0.053427,-4.144704,0.046531,-0.095379,160.391006,0.000066,0.002777,0.000000,0.000000,0.000000,0.000000
-3.280000,0.680326,0.000000,-0.001863,-0.047478,0.000000,-0.003321,0.047702,0.689293,0.043753,-0.115972,-19.586941,0.000142,-0.000690,0.000000,0.000000,0.000000,0.000000
-3.530000,-0.361876,0.000000,-0.001615,-0.051097,0.000000,-0.003463,0.053183,-0.372581,0.044443,-0.162024,8.448771,0.000137,-0.000277,0.000000,0.000000,0.000000,0.000000
0.360000,5.630785,0.000000,-0.001392,0.005211,0.000000,-0.003599,-0.007338,5.836123,0.044720,0.026603,-111.205101,0.000090,-0.002033,0.000000,0.000000,0.000000,0.000000
0.960000,0.868501,0.000000,-0.001007,0.013896,0.000000,-0.003690,-0.017220,0.910536,0.046753,0.071709,-15.105778,-0.000030,-0.000088,0.000000,0.000000,0.000000,0.000000
0.510000,-0.651376,0.000000,-0.000605,0.007382,0.000000,-0.003660,-0.009645,-0.698795,0.046842,0.044946,10.359898,-0.000039,0.000318,0.000000,0.000000,0.000000,0.000000
-4.380000,-7.078288,0.000000,-0.000227,-0.063401,0.000000,-0.003621,0.080115,-7.703674,0.046524,-0.409506,104.119026,0.000071,0.000863,0.000000,0.000000,0.000000,0.000000
-1.290000,4.472783,0.000000,-0.000059,-0.018673,0.000000,-0.003692,0.024895,4.961771,0.045660,-0.137403,-62.106098,0.000161,-0.001549,0.000000,0.000000,0.000000,0.000000
7.040000,13.678900,0.000000,-0.001451,0.101904,0.000000,-0.002310,-0.105737,13.786775,0.037801,0.188764,-533.518066,-0.000025,-0.009589,0.000000,0.000000,0.000000,0.000000
2.420000,-6.687462,0.000000,-0.001085,0.035030,0.000000,-0.002284,-0.036978,-6.741820,0.047390,0.066014,260.893707,-0.000228,0.005136,0.000000,0.000000,0.000000,0.000000
-3.680000,-8.829766,0.000000,-0.000596,-0.053268,0.000000,-0.002057,0.055081,-8.965405,0.042254,-0.133912,254.760651,-0.000020,0.004452,0.000000,0.000000,0.000000,0.000000
-2.210000,2.127829,0.000000,-0.000397,-0.031990,0.000000,-0.002036,0.033956,2.179015,0.037801,-0.103448,-49.412056,0.000133,-0.001224,0.000000,0.000000,0.000000,0.000000
-2.610000,-0.579001,0.000000,-0.000135,-0.037780,0.000000,-0.002170,0.041835,-0.602346,0.039025,-0.151675,11.477474,0.000102,-0.000191,0.000000,0.000000,0.000000,0.000000
-3.530000,-1.331702,0.000000,0.000107,-0.051097,0.000000,-0.002271,0.059165,-1.402424,0.039216,-0.246377,23.266182,0.000133,-0.000226,0.000000,0.000000,0.000000,0.000000
0.920000,6.441386,0.000000,0.000309,0.013317,0.000000,-0.002404,-0.015709,6.878558,0.039441,0.073202,-101.977135,0.000088,-0.001733,0.000000,0.000000,0.000000,0.000000
-2.160000,-4.458308,0.000000,0.000703,-0.031266,0.000000,-0.002492,0.040542,-4.853496,0.041174,-0.207230,65.597427,0.000018,0.000685,0.000000,0.000000,0.000000,0.000000
-7.460000,-7.671763,0.000000,0.000970,-0.107984,0.000000,-0.002510,0.145719,-8.520484,0.040489,-0.804263,106.650230,0.000233,-0.000157,0.000000,0.000000,0.000000,0.000000
11.920000,28.052599,0.000000,0.001019,0.172542,0.000000,-0.002742,-0.242870,31.839634,0.040647,1.429171,-373.799194,-0.000055,-0.003212,0.000000,0.000000,0.000000,0.000000
2.160000,-14.127625,0.000000,0.001886,0.031266,0.000000,-0.002688,-0.044195,-16.436369,0.043858,0.274416,182.872757,-0.000431,0.004211,0.000000,0.000000,0.000000,0.000000
-7.960000,-4.443833,0.000000,-0.001722,-0.115221,0.000000,-0.002737,0.116317,-4.480254,0.044726,-0.207652,173.376038,0.000231,0.002713,0.000000,0.000000,0.000000,0.000000
-1.920000,8.742915,0.000000,-0.001927,-0.027792,0.000000,-0.002968,0.026483,8.811452,0.042013,-0.047278,-340.983917,0.000238,-0.006589,0.000000,0.000000,0.000000,0.000000
-10.720000,-12.738023,0.000000,-0.001564,-0.155172,0.000000,-0.003206,0.160634,-12.933201,0.048602,-0.390530,367.509430,0.000189,0.005915,0.000000,0.000000,0.000000,0.000000
-5.550000,7.483588,0.000000,-0.001626,-0.080336,0.000000,-0.003395,0.084598,7.667624,0.042688,-0.257733,-173.873535,0.000374,-0.004000,0.000000,0.000000,0.000000,0.000000
0.260000,8.409989,0.000000,-0.001465,0.003764,0.000000,-0.003769,-0.005811,8.717602,0.046688,0.021068,-166.110596,0.000149,-0.003081,0.000000,0.000000,0.000000,0.000000
-2.100000,-3.416106,0.000000,-0.001060,-0.030398,0.000000,-0.003917,0.033899,-3.594070,0.049769,-0.141162,59.625568,0.000023,0.000753,0.000000,0.000000,0.000000,0.000000
4.050000,8.902141,0.000000,-0.000766,0.058624,0.000000,-0.003941,-0.071722,9.507147,0.049016,0.334217,-140.946899,-0.000014,-0.001766,0.000000,0.000000,0.000000,0.000000
-1.650000,-8.250765,0.000000,-0.000215,-0.023884,0.000000,-0.003927,0.030016,-8.979511,0.050782,-0.153426,121.362602,-0.000089,0.001886,0.000000,0.000000,0.000000,0.000000
-1.850000,-0.289501,0.000000,0.000092,-0.026779,0.000000,-0.003838,0.035937,-0.325345,0.048896,-0.198349,4.072311,0.000091,-0.000463,0.000000,0.000000,0.000000,0.000000
-0.990000,1.244852,0.000000,0.000390,-0.014330,0.000000,-0.003929,0.020843,1.408609,0.049359,-0.122650,-16.537157,0.000083,-0.000644,0.000000,0.000000,0.000000,0.000000
-5.090000,-5.934761,0.000000,0.000725,-0.073678,0.000000,-0.004012,0.111923,-6.907404,0.050003,-0.694954,76.852509,0.000172,-0.000423,0.000000,0.000000,0.000000,0.000000
-3.510000,-21.032213,0.000000,-0.001794,-0.050807,0.000000,-0.002685,0.050276,-21.200420,0.039471,-0.089754,820.409912,-0.000266,0.015292,0.000000,0.000000,0.000000,0.000000
-5.590000,-3.010805,0.000000,-0.001837,-0.080915,0.000000,-0.002419,0.080968,-3.035288,0.024179,-0.144546,117.459023,0.000162,0.001805,0.000000,0.000000,0.000000,0.000000
-7.810000,-3.213456,0.000000,-0.001876,-0.113050,0.000000,-0.002581,0.116259,-3.262917,0.022374,-0.282646,92.718948,0.000252,0.000988,0.000000,0.000000,0.000000,0.000000
-4.300000,5.080734,0.000000,-0.002032,-0.062243,0.000000,-0.002834,0.064715,5.206148,0.021386,-0.197156,-118.056297,0.000273,-0.002771,0.000000,0.000000,0.000000,0.000000
-3.010000,1.867279,0.000000,-0.002044,-0.043570,0.000000,-0.003107,0.046148,1.935218,0.024157,-0.167314,-36.874840,0.000161,-0.001146,0.000000,0.000000,0.000000,0.000000
1.440000,6.441386,0.000000,-0.002014,0.020844,0.000000,-0.003268,-0.026411,6.770937,0.025302,0.109983,-112.329727,0.000056,-0.001827,0.000000,0.000000,0.000000,0.000000
-2.730000,-6.036086,0.000000,-0.001805,-0.039517,0.000000,-0.003324,0.045543,-6.449499,0.027130,-0.212225,95.616165,0.000001,0.001240,0.000000,0.000000,0.000000,0.000000
8.220000,15.850154,0.000000,-0.001788,0.118985,0.000000,-0.003325,-0.153158,17.242035,0.025890,0.782869,-233.034760,-0.000088,-0.002297,0.000000,0.000000,0.000000,0.000000
1.470000,-9.770642,0.000000,-0.001318,0.021278,0.000000,-0.003237,-0.030221,-10.848187,0.028187,0.166799,135.785904,-0.000287,0.003027,0.000000,0.000000,0.000000,0.000000
1.340000,-0.188175,0.000000,-0.001143,0.019397,0.000000,-0.002950,-0.029083,-0.214939,0.025160,0.171140,2.523391,-0.000082,0.000505,0.000000,0.000000,0.000000,0.000000
-4.550000,-8.525790,0.000000,-0.000981,-0.065861,0.000000,-0.002868,0.097598,-9.917136,0.024655,-0.606007,110.339111,0.000076,0.000449,0.000000,0.000000,0.000000,0.000000
-1.500000,-6.542712,0.000000,0.001058,-0.021713,0.000000,0.000884,0.023335,-6.594965,0.006530,-0.041659,255.210724,-0.000062,0.004719,0.000000,0.000000,0.000000,0.000000
-2.050000,-0.796126,0.000000,0.001017,-0.029674,0.000000,0.000946,0.031424,-0.802553,0.001812,-0.056099,31.057039,0.000070,0.000428,0.000000,0.000000,0.000000,0.000000
-1.870000,0.260550,0.000000,0.000967,-0.027068,0.000000,0.000876,0.029318,0.264375,0.001384,-0.071277,-7.512482,0.000084,-0.000336,0.000000,0.000000,0.000000,0.000000
-1.510000,0.521101,0.000000,0.000933,-0.021857,0.000000,0.000792,0.024495,0.533820,0.001720,-0.074625,-12.105078,0.000076,-0.000430,0.000000,0.000000,0.000000,0.000000
0.310000,2.634454,0.000000,0.000921,0.004487,0.000000,0.000716,-0.003963,2.731178,0.002150,0.014369,-52.041561,0.000041,-0.000946,0.000000,0.000000,0.000000,0.000000
-0.780000,-1.577778,0.000000,0.000996,-0.011291,0.000000,0.000675,0.014196,-1.659205,0.003096,-0.059117,27.526186,0.000007,0.000363,0.000000,0.000000,0.000000,0.000000
-0.890000,-0.159225,0.000000,0.001029,-0.012883,0.000000,0.000668,0.016801,-0.170676,0.002733,-0.078291,2.530327,0.000042,-0.000165,0.000000,0.000000,0.000000,0.000000
3.600000,6.499286,0.000000,0.001066,0.052110,0.000000,0.000626,-0.064732,7.069730,0.002898,0.330880,-95.550941,-0.000041,-0.000914,0.000000,0.000000,0.000000,0.000000
-3.070000,-9.654841,0.000000,0.001300,-0.044438,0.000000,0.000667,0.061172,-10.719230,0.003811,-0.337624,134.171738,-0.000037,0.001629,0.000000,0.000000,0.000000,0.000000
0.350000,4.950459,0.000000,0.001261,0.005066,0.000000,0.000705,-0.005388,5.618417,0.002183,0.031707,-65.960548,0.000092,-0.001166,0.000000,0.000000,0.000000,0.000000
4.410000,5.876861,0.000000,0.001374,0.063835,0.000000,0.000613,-0.093957,6.833507,0.003349,0.583403,-76.030312,-0.000125,0.000141,0.000000,0.000000,0.000000,0.000000
-1.830000,9.191642,0.000000,0.000494,-0.026489,0.000000,0.000113,0.027670,9.264308,0.015826,-0.049397,-358.508453,0.000250,-0.006922,0.000000,0.000000,0.000000,0.000000
-1.840000,-0.014475,0.000000,0.000461,-0.026634,0.000000,-0.000137,0.027743,-0.015200,0.022748,-0.049527,0.588197,0.000074,-0.000110,0.000000,0.000000,0.000000,0.000000
0.610000,3.546381,0.000000,0.000620,0.008830,0.000000,-0.000212,-0.008585,3.599423,0.022858,0.020873,-102.281105,0.000045,-0.001880,0.000000,0.000000,0.000000,0.000000
0.260000,-0.506626,0.000000,0.000897,0.003764,0.000000,-0.000256,-0.003081,-0.520417,0.024738,0.009387,11.801142,-0.000018,0.000252,0.000000,0.000000,0.000000,0.000000
1.300000,1.505403,0.000000,0.001163,0.018818,0.000000,-0.000238,-0.019619,1.559318,0.024486,0.071131,-29.712212,-0.000024,-0.000371,0.000000,0.000000,0.000000,0.000000
-0.080000,-1.997553,0.000000,0.001483,-0.001158,0.000000,-0.000215,0.003052,-2.101971,0.024857,-0.012708,34.871670,-0.000032,0.000627,0.000000,0.000000,0.000000,0.000000
0.450000,0.767176,0.000000,0.001753,0.006514,0.000000,-0.000183,-0.005750,0.817275,0.024230,0.026794,-12.116405,-0.000000,-0.000158,0.000000,0.000000,0.000000,0.000000
0.660000,0.303976,0.000000,0.002056,0.009554,0.000000,-0.000183,-0.009508,0.327899,0.024388,0.048600,-4.431719,-0.000020,0.000048,0.000000,0.000000,0.000000,0.000000
-3.100000,-5.442610,0.000000,0.002382,-0.044873,0.000000,-0.000164,0.063200,-6.045370,0.024340,-0.348818,75.669418,0.000057,0.000489,0.000000,0.000000,0.000000,0.000000
-5.160000,-2.981856,0.000000,0.002565,-0.074691,0.000000,-0.000220,0.109392,-3.388696,0.023851,-0.643716,39.783493,0.000232,-0.000989,0.000000,0.000000,0.000000,0.000000
-2.760000,3.474006,0.000000,0.002679,-0.039951,0.000000,-0.000452,0.064127,4.035889,0.024840,-0.398179,-44.903728,0.000249,-0.001925,0.000000,0.000000,0.000000,0.000000
-0.660000,4.704383,0.000000,-0.001801,-0.009554,0.000000,-0.002730,0.008034,4.740815,0.041104,-0.014342,-183.459213,0.000111,-0.003509,0.000000,0.000000,0.000000,0.000000
-1.040000,-0.550051,0.000000,-0.001728,-0.015054,0.000000,-0.002841,0.013644,-0.555497,0.044613,-0.024358,21.496504,0.000026,0.000348,0.000000,0.000000,0.000000,0.000000
-1.670000,-0.911927,0.000000,-0.001369,-0.024173,0.000000,-0.002867,0.023847,-0.927222,0.044266,-0.057977,26.347921,0.000047,0.000341,0.000000,0.000000,0.000000,0.000000
-8.110000,-9.321917,0.000000,-0.001050,-0.117392,0.000000,-0.002914,0.125045,-9.554997,0.043924,-0.380956,216.672256,0.000157,0.003072,0.000000,0.000000,0.000000,0.000000
3.680000,17.066055,0.000000,-0.001030,0.053268,0.000000,-0.003071,-0.060342,17.692699,0.040853,0.218775,-337.127625,0.000171,-0.005797,0.000000,0.000000,0.000000,0.000000
-5.180000,-12.824872,0.000000,-0.000498,-0.074981,0.000000,-0.003243,0.086064,-13.485553,0.046650,-0.358388,223.725098,-0.000023,0.003277,0.000000,0.000000,0.000000,0.000000
4.240000,13.635473,0.000000,-0.000355,0.061374,0.000000,-0.003220,-0.074547,14.563993,0.043373,0.347380,-215.916489,0.000074,-0.003155,0.000000,0.000000,0.000000,0.000000
-4.670000,-12.897247,0.000000,0.000189,-0.067598,0.000000,-0.003294,0.085964,-14.034213,0.046527,-0.439407,189.679428,-0.000033,0.002409,0.000000,0.000000,0.000000,0.000000
-2.690000,2.866055,0.000000,0.000353,-0.038938,0.000000,-0.003261,0.052549,3.177970,0.044118,-0.290036,-39.778393,0.000202,-0.001542,0.000000,0.000000,0.000000,0.000000
-4.740000,-20.844036,0.000000,-0.001338,-0.068612,0.000000,-0.002251,0.068976,-21.010782,0.040059,-0.123138,813.071411,-0.000212,0.015065,0.000000,0.000000,0.000000,0.000000
-1.370000,4.878083,0.000000,-0.001427,-0.019831,0.000000,-0.002040,0.018843,4.916299,0.024993,-0.033640,-190.250061,0.000144,-0.003721,0.000000,0.000000,0.000000,0.000000
-4.050000,-3.879307,0.000000,-0.001227,-0.058624,0.000000,-0.002184,0.060021,-3.939170,0.028715,-0.145923,111.935326,0.000088,0.001732,0.000000,0.000000,0.000000,0.000000
-2.060000,2.880530,0.000000,-0.001163,-0.029819,0.000000,-0.002272,0.030799,2.950980,0.026983,-0.093832,-66.917389,0.000139,-0.001524,0.000000,0.000000,0.000000,0.000000
-1.880000,0.260550,0.000000,-0.001017,-0.027213,0.000000,-0.002411,0.029112,0.268866,0.028507,-0.105549,-5.123132,0.000084,-0.000380,0.000000,0.000000,0.000000,0.000000
-1.310000,0.825076,0.000000,-0.000870,-0.018962,0.000000,-0.002494,0.020905,0.865920,0.028887,-0.087053,-14.365602,0.000073,-0.000507,0.000000,0.000000,0.000000,0.000000
10.370000,16.906830,0.000000,-0.000706,0.150106,0.000000,-0.002567,-0.182127,18.059860,0.029394,0.848691,-267.744019,-0.000151,-0.002773,0.000000,0.000000,0.000000,0.000000
-3.280000,-19.758410,0.000000,-0.000046,-0.047478,0.000000,-0.002416,0.060151,-21.497171,0.032167,-0.307463,290.545074,-0.000244,0.004675,0.000000,0.000000,0.000000,0.000000
3.490000,9.799592,0.000000,0.000032,0.050518,0.000000,-0.002172,-0.067521,10.876636,0.027492,0.372670,-136.141983,0.000024,-0.001578,0.000000,0.000000,0.000000,0.000000
-0.230000,-5.384709,0.000000,0.000397,-0.003329,0.000000,-0.002196,0.005276,-6.115193,0.029070,-0.031045,71.792732,-0.000102,0.001278,0.000000,0.000000,0.000000,0.000000
8.800000,14.388176,0.000000,0.000043,0.127380,0.000000,-0.000534,-0.130318,14.501965,0.024558,0.232648,-561.194336,-0.000078,-0.009999,0.000000,0.000000,0.000000,0.000000
-1.640000,-15.111926,0.000000,0.000448,-0.023739,0.000000,-0.000456,0.024765,-15.233024,0.034557,-0.044211,589.484741,-0.000221,0.011061,0.000000,0.000000,0.000000,0.000000
-1.720000,-0.115800,0.000000,0.000619,-0.024897,0.000000,-0.000235,0.026683,-0.118443,0.023497,-0.064873,3.365664,0.000070,-0.000132,0.000000,0.000000,0.000000,0.000000
0.110000,2.648930,0.000000,0.000792,0.001592,0.000000,-0.000305,-0.000860,2.713499,0.023629,0.002620,-61.532188,0.000049,-0.001158,0.000000,0.000000,0.000000,0.000000
-2.040000,-3.112130,0.000000,0.001052,-0.029529,0.000000,-0.000354,0.033985,-3.228278,0.024787,-0.123217,61.513618,0.000031,0.000834,0.000000,0.000000,0.000000,0.000000
-4.450000,-3.488481,0.000000,0.001224,-0.064414,0.000000,-0.000385,0.075843,-3.669266,0.023953,-0.315828,60.873047,0.000136,0.000297,0.000000,0.000000,0.000000,0.000000
0.170000,6.687462,0.000000,0.001299,0.002461,0.000000,-0.000520,-0.001403,7.142130,0.023656,0.006539,-105.884689,0.000131,-0.001988,0.000000,0.000000,0.000000,0.000000
-6.030000,-8.974517,0.000000,0.001580,-0.087284,0.000000,-0.000651,0.112694,-9.765868,0.025644,-0.576037,131.990616,0.000120,0.000945,0.000000,0.000000,0.000000,0.000000
-5.270000,1.100102,0.000000,0.001608,-0.076283,0.000000,-0.000771,0.104175,1.218338,0.024699,-0.574971,-15.249846,0.000305,-0.001846,0.000000,0.000000,0.000000,0.000000
2.940000,11.883996,0.000000,0.001679,0.042557,0.000000,-0.001076,-0.057882,13.486628,0.026545,0.340606,-158.333817,0.000098,-0.002073,0.000000,0.000000,0.000000,0.000000
-1.220000,-27.560450,0.000000,-0.001305,-0.017660,0.000000,-0.002179,0.016836,-27.780565,0.038325,-0.030056,1075.047241,-0.000481,0.020279,0.000000,0.000000,0.000000,0.000000
0.220000,2.084404,0.000000,-0.001261,0.003185,0.000000,-0.001698,-0.004552,2.100574,0.018046,0.008126,-81.287636,0.000028,-0.001555,0.000000,0.000000,0.000000,0.000000
-5.850000,-8.786341,0.000000,-0.001084,-0.084679,0.000000,-0.001726,0.087418,-8.920479,0.019601,-0.212530,253.484024,0.000068,0.004228,0.000000,0.000000,0.000000,0.000000
-6.210000,-0.521101,0.000000,-0.001199,-0.089890,0.000000,-0.001794,0.095325,-0.534535,0.015373,-0.290411,12.121298,0.000248,-0.000564,0.000000,0.000000,0.000000,0.000000
-4.140000,2.996330,0.000000,-0.001339,-0.059927,0.000000,-0.002042,0.065108,3.106137,0.015937,-0.236056,-59.186256,0.000234,-0.001758,0.000000,0.000000,0.000000,0.000000
-2.370000,2.562080,0.000000,-0.001397,-0.034306,0.000000,-0.002276,0.038025,2.692873,0.017696,-0.158345,-44.674706,0.000153,-0.001271,0.000000,0.000000,0.000000,0.000000
3.490000,8.482365,0.000000,-0.001389,0.050518,0.000000,-0.002429,-0.062685,9.060963,0.018966,0.292104,-134.332062,0.000002,-0.001751,0.000000,0.000000,0.000000,0.000000
-3.610000,-10.277267,0.000000,-0.001139,-0.052255,0.000000,-0.002431,0.064823,-11.181437,0.020718,-0.331342,151.122757,-0.000036,0.001968,0.000000,0.000000,0.000000,0.000000
-2.390000,1.765953,0.000000,-0.001199,-0.034595,0.000000,-0.002395,0.044665,1.959652,0.018749,-0.246518,-24.528809,0.000158,-0.001135,0.000000,0.000000,0.000000,0.000000
0.910000,4.776759,0.000000,-0.001216,0.013172,0.000000,-0.002553,-0.020374,5.421492,0.019884,0.119890,-63.648643,0.000047,-0.000879,0.000000,0.000000,0.000000,0.000000
3.430000,3.647707,0.000000,-0.001104,0.049649,0.000000,-0.002600,-0.076347,4.241451,0.020763,0.474054,-47.190826,-0.000126,0.000390,0.000000,0.000000,0.000000,0.000000
-1.980000,0.926401,0.000000,0.001365,-0.028661,0.000000,0.001209,0.030763,0.933560,0.005556,-0.054919,-36.126732,0.000101,-0.000833,0.000000,0.000000,0.000000,0.000000
-7.640000,-8.192864,0.000000,0.001303,-0.110589,0.000000,0.001108,0.114566,-8.258248,0.006389,-0.204527,319.576172,0.000153,0.005499,0.000000,0.000000,0.000000,0.000000
-5.210000,3.517431,0.000000,0.001031,-0.075415,0.000000,0.000954,0.079942,3.570770,0.000889,-0.194354,-101.466866,0.000284,-0.002457,0.000000,0.000000,0.000000,0.000000
-6.440000,-1.780428,0.000000,0.000880,-0.093219,0.000000,0.000671,0.101138,-1.824879,0.003347,-0.308120,41.381542,0.000238,-0.000045,0.000000,0.000000,0.000000,0.000000
-3.920000,3.647707,0.000000,0.000678,-0.056742,0.000000,0.000432,0.063811,3.781736,0.003392,-0.231354,-72.059547,0.000244,-0.001990,0.000000,0.000000,0.000000,0.000000
-0.550000,4.878084,0.000000,0.000593,-0.007961,0.000000,0.000188,0.009884,5.127870,0.005382,-0.041159,-85.071281,0.000123,-0.001718,0.000000,0.000000,0.000000,0.000000
1.950000,3.618756,0.000000,0.000657,0.028226,0.000000,0.000065,-0.033294,3.865191,0.007101,0.155146,-57.302864,-0.000017,-0.000662,0.000000,0.000000,0.000000,0.000000
-0.740000,-3.893782,0.000000,0.000833,-0.010712,0.000000,0.000082,0.014640,-4.236948,0.007763,-0.074831,57.264481,-0.000041,0.000883,0.000000,0.000000,0.000000,0.000000
5.490000,9.017941,0.000000,0.000899,0.079468,0.000000,0.000123,-0.105080,10.010034,0.006880,0.579970,-125.294800,-0.000095,-0.000805,0.000000,0.000000,0.000000,0.000000
4.790000,-1.013251,0.000000,0.001235,0.069335,0.000000,0.000217,-0.096428,-1.151720,0.007685,0.567431,13.521263,-0.000282,0.001792,0.000000,0.000000,0.000000,0.000000
-1.780000,-13.563098,0.000000,0.000529,-0.025766,0.000000,0.000104,0.026970,-13.671449,0.017728,-0.048148,529.055176,-0.000185,0.009884,0.000000,0.000000,0.000000,0.000000
-5.530000,-5.428135,0.000000,0.000503,-0.080047,0.000000,0.000289,0.082475,-5.471530,0.007843,-0.147237,211.736298,0.000120,0.003593,0.000000,0.000000,0.000000,0.000000
-4.220000,1.896229,0.000000,0.000333,-0.061085,0.000000,0.000169,0.064227,1.924871,0.004251,-0.156147,-54.697063,0.000210,-0.001465,0.000000,0.000000,0.000000,0.000000
11.390000,22.595514,0.000000,0.000227,0.164871,0.000000,-0.000041,-0.176959,23.155872,0.005716,0.539115,-525.090088,-0.000041,-0.008482,0.000000,0.000000,0.000000,0.000000
4.660000,-9.741693,0.000000,0.000828,0.067454,0.000000,-0.000000,-0.074041,-10.101415,0.014197,0.268444,192.478638,-0.000391,0.004386,0.000000,0.000000,0.000000,0.000000
-1.500000,-8.916615,0.000000,0.001135,-0.021713,0.000000,0.000391,0.026400,-9.375026,0.009811,-0.109937,155.531525,-0.000105,0.002640,0.000000,0.000000,0.000000,0.000000
-2.050000,-0.796126,0.000000,0.001184,-0.029674,0.000000,0.000497,0.037265,-0.851435,0.007171,-0.173651,12.622840,0.000085,-0.000236,0.000000,0.000000,0.000000,0.000000
-6.020000,-5.746585,0.000000,0.001217,-0.087140,0.000000,0.000412,0.112050,-6.252737,0.007407,-0.572745,84.508888,0.000185,0.000051,0.000000,0.000000,0.000000,0.000000
-2.950000,4.443832,0.000000,0.001090,-0.042701,0.000000,0.000227,0.058568,4.932015,0.007355,-0.323253,-61.733643,0.000251,-0.002043,0.000000,0.000000,0.000000,0.000000
1.560000,6.528237,0.000000,0.001099,0.022581,0.000000,-0.000024,-0.030417,7.408926,0.009399,0.178991,-86.981247,0.000058,-0.001159,0.000000,0.000000,0.000000,0.000000
-3.220000,-6.919062,0.000000,0.001304,-0.046610,0.000000,-0.000082,0.072076,-8.049117,0.010558,-0.447535,89.555321,0.000042,0.000487,0.000000,0.000000,0.000000,0.000000
-3.590000,4.299082,0.000000,-0.000075,-0.051965,0.000000,-0.000479,0.053174,4.332826,0.017317,-0.094927,-167.670914,0.000226,-0.003433,0.000000,0.000000,0.000000,0.000000
-6.610000,-4.371458,0.000000,-0.000173,-0.095680,0.000000,-0.000705,0.097789,-4.406752,0.020750,-0.174576,170.531662,0.000181,0.002763,0.000000,0.000000,0.000000,0.000000
-6.230000,0.550051,0.000000,-0.000265,-0.090179,0.000000,-0.000886,0.094027,0.557802,0.017987,-0.228598,-15.850492,0.000265,-0.000924,0.000000,0.000000,0.000000,0.000000
-1.510000,6.832212,0.000000,-0.000340,-0.021857,0.000000,-0.001151,0.023127,7.000949,0.018910,-0.070456,-158.755798,0.000195,-0.003195,0.000000,0.000000,0.000000,0.000000
0.850000,3.416106,0.000000,-0.000206,0.012304,0.000000,-0.001345,-0.013902,3.540810,0.022105,0.050402,-67.468796,0.000029,-0.001135,0.000000,0.000000,0.000000,0.000000
6.180000,7.715189,0.000000,0.000031,0.089456,0.000000,-0.001374,-0.103328,8.109626,0.023241,0.430283,-134.538574,-0.000126,-0.001381,0.000000,0.000000,0.000000,0.000000
0.380000,-8.395514,0.000000,0.000498,0.005501,0.000000,-0.001248,-0.006041,-8.970783,0.024622,0.028150,132.995117,-0.000186,0.002597,0.000000,0.000000,0.000000,0.000000
-2.760000,-4.545158,0.000000,0.000720,-0.039951,0.000000,-0.001062,0.051577,-4.946570,0.022025,-0.263634,66.855377,0.000046,0.000548,0.000000,0.000000,0.000000,0.000000
-5.370000,-3.777982,0.000000,0.000812,-0.077731,0.000000,-0.001108,0.105047,-4.196258,0.021477,-0.579783,52.524216,0.000205,-0.000575,0.000000,0.000000,0.000000,0.000000
-5.220000,0.217125,0.000000,0.000800,-0.075560,0.000000,-0.001313,0.108123,0.244023,0.022052,-0.636250,-2.864841,0.000297,-0.001774,0.000000,0.000000,0.000000,0.000000
-5.600000,-4.632008,0.000000,-0.000860,-0.081060,0.000000,-0.001395,0.082172,-4.669416,0.023518,-0.146695,180.696198,0.000133,0.003028,0.000000,0.000000,0.000000,0.000000
-4.160000,2.084404,0.000000,-0.001023,-0.060216,0.000000,-0.001529,0.060608,2.100500,0.020491,-0.108199,-81.284752,0.000203,-0.001837,0.000000,0.000000,0.000000,0.000000
-6.410000,-3.256881,0.000000,-0.000990,-0.092785,0.000000,-0.001732,0.095994,-3.307080,0.022328,-0.233379,93.973885,0.000197,0.001151,0.000000,0.000000,0.000000,0.000000
0.050000,9.350866,0.000000,-0.001069,0.000724,0.000000,-0.001929,-0.001927,9.582101,0.021176,0.005871,-217.286865,0.000176,-0.004101,0.000000,0.000000,0.000000,0.000000
-0.890000,-1.360652,0.000000,-0.000865,-0.012883,0.000000,-0.002105,0.013356,-1.411911,0.025277,-0.048423,26.903429,0.000009,0.000386,0.000000,0.000000,0.000000,0.000000
-1.880000,-1.433028,0.000000,-0.000709,-0.027213,0.000000,-0.002114,0.030625,-1.507848,0.024891,-0.127531,25.015165,0.000054,0.000128,0.000000,0.000000,0.000000,0.000000
1.230000,4.501733,0.000000,-0.000601,0.017804,0.000000,-0.002168,-0.022227,4.807761,0.024763,0.103574,-71.276810,0.000031,-0.001070,0.000000,0.000000,0.000000,0.000000
-0.710000,-2.808155,0.000000,-0.000364,-0.010277,0.000000,-0.002199,0.012571,-3.056677,0.025833,-0.064257,41.312531,-0.000024,0.000610,0.000000,0.000000,0.000000,0.000000
-1.970000,-1.823853,0.000000,-0.000214,-0.028516,0.000000,-0.002175,0.037852,-2.026609,0.025222,-0.208919,25.366905,0.000064,-0.000086,0.000000,0.000000,0.000000,0.000000
-1.130000,1.215902,0.000000,-0.000118,-0.016357,0.000000,-0.002239,0.022994,1.378155,0.025308,-0.135308,-16.179625,0.000088,-0.000672,0.000000,0.000000,0.000000,0.000000
-2.410000,-1.852803,0.000000,0.000012,-0.034885,0.000000,-0.002327,0.052495,-2.157210,0.025980,-0.325951,24.001345,0.000101,-0.000426,0.000000,0.000000,0.000000,0.000000
-2.900000,-12.651173,0.000000,0.000208,-0.041978,0.000000,-0.000206,0.043239,-12.752250,0.017526,-0.077192,493.484253,-0.000125,0.009136,0.000000,0.000000,0.000000,0.000000
-4.480000,-2.287054,0.000000,0.000138,-0.064848,0.000000,-0.000082,0.066539,-2.305466,0.008389,-0.118788,89.216492,0.000137,0.001351,0.000000,0.000000,0.000000,0.000000
-7.230000,-3.980632,0.000000,0.000031,-0.104654,0.000000,-0.000218,0.109473,-4.041385,0.007038,-0.266149,114.839851,0.000219,0.001452,0.000000,0.000000,0.000000,0.000000
-3.350000,5.616310,0.000000,-0.000206,-0.048491,0.000000,-0.000438,0.051898,5.755445,0.005586,-0.158109,-130.512360,0.000249,-0.002902,0.000000,0.000000,0.000000,0.000000
6.510000,14.272376,0.000000,-0.000268,0.094232,0.000000,-0.000687,-0.105018,14.797662,0.008488,0.380755,-281.963837,-0.000004,-0.004304,0.000000,0.000000,0.000000,0.000000
1.730000,-6.919062,0.000000,0.000103,0.025042,0.000000,-0.000682,-0.028817,-7.274863,0.012792,0.119999,120.689865,-0.000216,0.002618,0.000000,0.000000,0.000000,0.000000
-3.020000,-6.875638,0.000000,0.000265,-0.043715,0.000000,-0.000467,0.053112,-7.346035,0.010174,-0.247496,108.907631,0.000005,0.001388,0.000000,0.000000,0.000000,0.000000
-2.100000,1.331703,0.000000,0.000226,-0.030398,0.000000,-0.000472,0.038836,1.447976,0.008786,-0.198510,-19.570127,0.000132,-0.000910,0.000000,0.000000,0.000000,0.000000
0.970000,4.443832,0.000000,0.000228,0.014041,0.000000,-0.000604,-0.018473,4.932336,0.009696,0.101960,-61.737659,0.000043,-0.000892,0.000000,0.000000,0.000000,0.000000
1.490000,0.752701,0.000000,0.000361,0.021568,0.000000,-0.000647,-0.030029,0.853269,0.010588,0.176704,-10.017426,-0.000065,0.000290,0.000000,0.000000,0.000000,0.000000
2.080000,0.854026,0.000000,0.000517,0.030108,0.000000,-0.000582,-0.044513,0.991898,0.010298,0.276394,-11.035967,-0.000102,0.000538,0.000000,0.000000,0.000000,0.000000
0.370000,-2.475229,0.000000,0.000701,0.005356,0.000000,-0.000481,-0.007462,-2.956772,0.009759,0.048473,31.444796,-0.000076,0.000726,0.000000,0.000000,0.000000,0.000000
-1.800000,1.490928,0.000000,0.000522,-0.026055,0.000000,0.000239,0.027243,1.502458,0.011647,-0.048636,-58.141834,0.000102,-0.001234,0.000000,0.000000,0.000000,0.000000
-3.070000,-1.838328,0.000000,0.000481,-0.044438,0.000000,0.000136,0.045992,-1.853303,0.012881,-0.082107,71.718796,0.000089,0.001138,0.000000,0.000000,0.000000,0.000000
-3.000000,0.101325,0.000000,0.000482,-0.043425,0.000000,0.000047,0.045915,0.102409,0.011743,-0.111627,-2.910045,0.000126,-0.000359,0.000000,0.000000,0.000000,0.000000
-1.580000,2.055454,0.000000,0.000489,-0.022871,0.000000,-0.000079,0.025107,2.105849,0.012102,-0.076490,-47.752922,0.000108,-0.001110,0.000000,0.000000,0.000000,0.000000
5.660000,10.479918,0.000000,0.000564,0.081929,0.000000,-0.000186,-0.090421,10.865098,0.013212,0.327830,-207.030319,-0.000039,-0.003031,0.000000,0.000000,0.000000,0.000000
2.250000,-4.935984,0.000000,0.000961,0.032569,0.000000,-0.000147,-0.036522,-5.190495,0.016244,0.152085,86.110229,-0.000197,0.002047,0.000000,0.000000,0.000000,0.000000
0.500000,-2.533129,0.000000,0.001217,0.007238,0.000000,0.000050,-0.007271,-2.707563,0.014196,0.033883,40.140606,-0.000071,0.000848,0.000000,0.000000,0.000000,0.000000
-0.900000,-2.026504,0.000000,0.001405,-0.013028,0.000000,0.000120,0.018303,-2.206258,0.013348,-0.093556,29.818682,0.000008,0.000310,0.000000,0.000000,0.000000,0.000000
-2.740000,-2.663404,0.000000,0.001544,-0.039662,0.000000,0.000113,0.055109,-2.958686,0.013038,-0.304165,37.033630,0.000093,-0.000122,0.000000,0.000000,0.000000,0.000000
4.940000,11.116820,0.000000,0.001615,0.071507,0.000000,0.000020,-0.098964,12.616957,0.013160,0.582354,-148.123825,-0.000029,-0.001229,0.000000,0.000000,0.000000,0.000000
2.150000,-5.471560,0.000000,-0.000546,0.031121,0.000000,-0.001186,-0.032357,-5.515769,0.027742,0.057764,213.448196,-0.000192,0.004200,0.000000,0.000000,0.000000,0.000000
-3.800000,-8.612640,0.000000,-0.000395,-0.055005,0.000000,-0.000994,0.055915,-8.681726,0.023542,-0.099822,335.963806,-0.000013,0.006084,0.000000,0.000000,0.000000,0.000000
-4.630000,-1.201427,0.000000,-0.000383,-0.067019,0.000000,-0.000981,0.069684,-1.220268,0.017458,-0.169414,34.675095,0.000165,0.000187,0.000000,0.000000,0.000000,0.000000
-0.920000,5.370234,0.000000,-0.000414,-0.013317,0.000000,-0.001147,0.013869,5.502779,0.017271,-0.042251,-124.782806,0.000141,-0.002477,0.000000,0.000000,0.000000,0.000000
-0.890000,0.043425,0.000000,-0.000279,-0.012883,0.000000,-0.001288,0.014006,0.044047,0.019749,-0.050780,-0.839303,0.000038,-0.000149,0.000000,0.000000,0.000000,0.000000
-0.860000,0.043425,0.000000,-0.000147,-0.012449,0.000000,-0.001326,0.014214,0.044496,0.019897,-0.059192,-0.738192,0.000039,-0.000174,0.000000,0.000000,0.000000,0.000000
0.550000,2.040979,0.000000,-0.000014,0.007961,0.000000,-0.001366,-0.009631,2.179030,0.020071,0.044882,-32.304913,0.000015,-0.000490,0.000000,0.000000,0.000000,0.000000
-1.280000,-2.648930,0.000000,0.000178,-0.018528,0.000000,-0.001381,0.023723,-2.883329,0.020561,-0.121258,38.969643,0.000010,0.000411,0.000000,0.000000,0.000000,0.000000
-1.930000,-0.940877,0.000000,0.000294,-0.027937,0.000000,-0.001390,0.037756,-1.046281,0.020150,-0.208389,13.096218,0.000082,-0.000316,0.000000,0.000000,0.000000,0.000000
-1.740000,0.275025,0.000000,0.000383,-0.025187,0.000000,-0.001473,0.036206,0.310179,0.020467,-0.213055,-3.641517,0.000104,-0.000645,0.000000,0.000000,0.000000,0.000000
0.860000,3.763507,0.000000,0.000483,0.012449,0.000000,-0.001576,-0.017999,4.374766,0.021112,0.111760,-48.674107,0.000034,-0.000618,0.000000,0.000000,0.000000,0.000000
-9.550000,-10.349644,0.000000,0.000060,-0.138236,0.000000,-0.000400,0.141650,-10.432464,0.019565,-0.252878,403.713531,0.000186,0.006961,0.000000,0.000000,0.000000,0.000000
-3.160000,9.249541,0.000000,-0.000266,-0.045741,0.000000,-0.000586,0.046561,9.322789,0.012604,-0.083123,-360.771545,0.000302,-0.007069,0.000000,0.000000,0.000000,0.000000
-9.820000,-9.640366,0.000000,-0.000205,-0.142145,0.000000,-0.000888,0.148432,-9.787565,0.019673,-0.360865,278.123138,0.000216,0.004303,0.000000,0.000000,0.000000,0.000000
-1.370000,12.231397,0.000000,-0.000458,-0.019831,0.000000,-0.001104,0.020822,12.534271,0.015369,-0.063436,-284.231232,0.000293,-0.005561,0.000000,0.000000,0.000000,0.000000
-1.780000,-0.593476,0.000000,-0.000332,-0.025766,0.000000,-0.001397,0.028265,-0.616363,0.020931,-0.102476,11.744562,0.000064,-0.000045,0.000000,0.000000,0.000000,0.000000
0.860000,3.821407,0.000000,-0.000227,0.012449,0.000000,-0.001461,-0.014647,4.016275,0.020975,0.060992,-66.629936,0.000036,-0.001097,0.000000,0.000000,0.000000,0.000000
-0.250000,-1.606728,0.000000,-0.000010,-0.003619,0.000000,-0.001497,0.004358,-1.717953,0.022072,-0.020306,25.469278,-0.000021,0.000429,0.000000,0.000000,0.000000,0.000000
-0.440000,-0.275025,0.000000,0.000158,-0.006369,0.000000,-0.001477,0.008277,-0.300872,0.021643,-0.042310,4.066441,0.000017,-0.000038,0.000000,0.000000,0.000000,0.000000
-0.770000,-0.477676,0.000000,0.000319,-0.011146,0.000000,-0.001493,0.015334,-0.532204,0.021681,-0.084632,6.661558,0.000031,-0.000103,0.000000,0.000000,0.000000,0.000000
-2.390000,-2.344954,0.000000,0.000468,-0.034595,0.000000,-0.001525,0.049649,-2.664055,0.021784,-0.292159,31.276171,0.000084,-0.000198,0.000000,0.000000,0.000000,0.000000
0.720000,-19.396534,0.000000,-0.000127,0.010422,0.000000,-0.000595,-0.010752,-19.551308,0.020061,0.019194,756.592957,-0.000399,0.014378,0.000000,0.000000,0.000000,0.000000
-2.860000,-5.182059,0.000000,-0.000050,-0.041399,0.000000,-0.000196,0.042336,-5.223416,0.005683,-0.075580,202.134781,0.000016,0.003596,0.000000,0.000000,0.000000,0.000000
-1.330000,2.214679,0.000000,-0.000145,-0.019252,0.000000,-0.000212,0.019980,2.248280,0.002086,-0.048576,-63.887032,0.000097,-0.001348,0.000000,0.000000,0.000000,0.000000
-7.420000,-8.815290,0.000000,-0.000169,-0.107405,0.000000,-0.000309,0.115257,-9.034142,0.003434,-0.351136,204.861160,0.000141,0.002932,0.000000,0.000000,0.000000,0.000000
4.760000,17.630583,0.000000,-0.000470,0.068901,0.000000,-0.000449,-0.077092,18.280016,0.000502,0.279506,-348.318817,0.000137,-0.005845,0.000000,0.000000,0.000000,0.000000
0.320000,-6.426912,0.000000,-0.000236,0.004632,0.000000,-0.000587,-0.005625,-6.756975,0.006347,0.023423,112.098106,-0.000143,0.002197,0.000000,0.000000,0.000000,0.000000
-3.620000,-5.703160,0.000000,-0.000197,-0.052400,0.000000,-0.000443,0.063042,-6.092894,0.004150,-0.293767,90.329369,0.000055,0.000912,0.000000,0.000000,0.000000,0.000000
-0.560000,4.429358,0.000000,-0.000329,-0.008106,0.000000,-0.000499,0.009863,4.818535,0.003239,-0.050415,-65.124924,0.000118,-0.001371,0.000000,0.000000,0.000000,0.000000
-4.720000,-6.021610,0.000000,-0.000332,-0.068322,0.000000,-0.000617,0.090932,-6.684961,0.004610,-0.501882,83.675125,0.000119,0.000229,0.000000,0.000000,0.000000,0.000000
-3.550000,1.693578,0.000000,-0.000513,-0.051386,0.000000,-0.000736,0.072034,1.922451,0.004380,-0.423885,-22.569689,0.000231,-0.001574,0.000000,0.000000,0.000000,0.000000
8.010000,16.733130,0.000000,-0.000649,0.115945,0.000000,-0.000967,-0.175389,19.461130,0.005955,1.089033,-216.526596,-0.000106,-0.001151,0.000000,0.000000,0.000000,0.000000
-2.940000,-0.723751,0.000000,0.001393,-0.042557,0.000000,0.001320,0.045010,-0.729625,0.001970,-0.080354,28.234877,0.000108,0.000319,0.000000,0.000000,0.000000,0.000000
-6.200000,-4.718858,0.000000,0.001284,-0.089745,0.000000,0.001212,0.093205,-4.756490,0.001651,-0.166392,184.065781,0.000162,0.003035,0.000000,0.000000,0.000000,0.000000
-3.750000,3.546381,0.000000,0.001047,-0.054281,0.000000,0.001050,0.057859,3.600238,-0.001384,-0.140665,-102.304237,0.000224,-0.002323,0.000000,0.000000,0.000000,0.000000
-1.600000,3.112130,0.000000,0.000932,-0.023160,0.000000,0.000825,0.025894,3.189173,0.000939,-0.078886,-72.318718,0.000130,-0.001578,0.000000,0.000000,0.000000,0.000000
2.540000,5.992661,0.000000,0.000920,0.036767,0.000000,0.000695,-0.039837,6.213053,0.002518,0.144433,-118.387367,0.000010,-0.001848,0.000000,0.000000,0.000000,0.000000
5.400000,4.139857,0.000000,0.001096,0.078165,0.000000,0.000686,-0.089051,4.351682,0.004366,0.370830,-72.194336,-0.000159,-0.000360,0.000000,0.000000,0.000000,0.000000
-2.040000,-10.769419,0.000000,0.001404,-0.029529,0.000000,0.000844,0.037357,-11.505828,0.004726,-0.174077,170.578079,-0.000117,0.002760,0.000000,0.000000,0.000000,0.000000
2.600000,6.716412,0.000000,0.001403,0.037635,0.000000,0.000961,-0.045948,7.305844,0.001967,0.234864,-98.742142,0.000014,-0.001239,0.000000,0.000000,0.000000,0.000000
1.770000,-1.201427,0.000000,0.001608,0.025621,0.000000,0.000946,-0.032115,-1.334949,0.003206,0.177253,16.709446,-0.000112,0.000798,0.000000,0.000000,0.000000,0.000000
3.290000,2.200204,0.000000,0.001789,0.047623,0.000000,0.001059,-0.064898,2.496079,0.002408,0.381896,-29.304123,-0.000128,0.000477,0.000000,0.000000,0.000000,0.000000
-1.240000,-13.736799,0.000000,-0.000034,-0.017949,0.000000,-0.000487,0.018392,-13.846548,0.019376,-0.032834,535.831177,-0.000212,0.010056,0.000000,0.000000,0.000000,0.000000
-3.230000,-2.880530,0.000000,-0.000035,-0.046754,0.000000,-0.000275,0.047836,-2.903678,0.009320,-0.085398,112.365982,0.000075,0.001878,0.000000,0.000000,0.000000,0.000000
-4.350000,-1.621203,0.000000,-0.000092,-0.062966,0.000000,-0.000350,0.065750,-1.646098,0.007442,-0.159850,46.775455,0.000147,0.000450,0.000000,0.000000,0.000000,0.000000
-0.070000,6.195311,0.000000,-0.000202,-0.001013,0.000000,-0.000496,0.000872,6.348750,0.006992,-0.002656,-143.966324,0.000122,-0.002734,0.000000,0.000000,0.000000,0.000000
9.140000,13.331498,0.000000,-0.000120,0.132302,0.000000,-0.000619,-0.147161,13.822033,0.009726,0.533546,-263.373596,-0.000137,-0.003539,0.000000,0.000000,0.000000,0.000000
1.840000,-10.566769,0.000000,0.000367,0.026634,0.000000,-0.000482,-0.030351,-11.109831,0.013265,0.126390,184.311890,-0.000292,0.003838,0.000000,0.000000,0.000000,0.000000
-3.920000,-8.337615,0.000000,0.000538,-0.056742,0.000000,-0.000190,0.069174,-8.907919,0.009427,-0.322345,132.063141,0.000019,0.001622,0.000000,0.000000,0.000000,0.000000
-1.040000,4.168808,0.000000,0.000467,-0.015054,0.000000,-0.000209,0.019684,4.534368,0.007805,-0.100613,-61.284264,0.000139,-0.001436,0.000000,0.000000,0.000000,0.000000
-0.380000,0.955352,0.000000,0.000522,-0.005501,0.000000,-0.000348,0.008055,1.059521,0.009241,-0.044456,-13.261945,0.000042,-0.000369,0.000000,0.000000,0.000000,0.000000
2.850000,10.233843,0.000000,-0.000008,0.041254,0.000000,-0.000311,-0.042216,10.314897,0.012929,0.075365,-399.163971,0.000081,-0.007354,0.000000,0.000000,0.000000,0.000000
-6.780000,-13.939449,0.000000,0.000135,-0.098141,0.000000,-0.000392,0.100624,-14.050838,0.020283,-0.179637,543.736755,0.000006,0.009823,0.000000,0.000000,0.000000,0.000000
-1.300000,7.932314,0.000000,-0.000031,-0.018818,0.000000,-0.000398,0.019645,8.052513,0.010459,-0.047761,-228.819977,0.000206,-0.004480,0.000000,0.000000,0.000000,0.000000
-2.470000,-1.693578,0.000000,0.000059,-0.035753,0.000000,-0.000604,0.038491,-1.736267,0.014939,-0.117266,39.372147,0.000071,0.000437,0.000000,0.000000,0.000000,0.000000
-3.080000,-0.882977,0.000000,0.000096,-0.044583,0.000000,-0.000675,0.049652,-0.916279,0.014503,-0.180018,17.459356,0.000117,-0.000157,0.000000,0.000000,0.000000,0.000000
0.190000,4.733333,0.000000,0.000107,0.002750,0.000000,-0.000791,-0.003055,4.975274,0.014660,0.012721,-82.539711,0.000086,-0.001528,0.000000,0.000000,0.000000,0.000000
-7.990000,-11.840571,0.000000,0.000259,-0.115655,0.000000,-0.000877,0.139984,-12.650479,0.016188,-0.652308,187.547974,0.000139,0.001790,0.000000,0.000000,0.000000,0.000000
-2.620000,7.773089,0.000000,0.000062,-0.037925,0.000000,-0.001016,0.048173,8.455106,0.014399,-0.246238,-114.275009,0.000290,-0.002833,0.000000,0.000000,0.000000,0.000000
3.640000,9.061366,0.000000,0.000094,0.052689,0.000000,-0.001306,-0.070342,10.057890,0.017232,0.388240,-125.893806,-0.000000,-0.001328,0.000000,0.000000,0.000000,0.000000
2.590000,-1.519878,0.000000,0.000389,0.037490,0.000000,-0.001306,-0.052534,-1.727142,0.018560,0.309134,20.276749,-0.000175,0.001223,0.000000,0.000000,0.000000,0.000000
2.380000,12.940672,0.000000,0.000259,0.034451,0.000000,-0.000160,-0.034963,13.043117,0.017647,0.062418,-504.740173,0.000153,-0.009391,0.000000,0.000000,0.000000,0.000000
-5.830000,-11.883996,0.000000,0.000395,-0.084389,0.000000,-0.000313,0.086811,-11.979225,0.027038,-0.154977,463.569885,0.000008,0.008376,0.000000,0.000000,0.000000,0.000000
-7.210000,-1.997554,0.000000,0.000352,-0.104365,0.000000,-0.000320,0.109506,-2.028603,0.018662,-0.266229,57.644718,0.000258,0.000356,0.000000,0.000000,0.000000,0.000000
6.840000,20.337410,0.000000,0.000246,0.099009,0.000000,-0.000578,-0.106151,20.841181,0.018306,0.323393,-472.601379,0.000107,-0.008075,0.000000,0.000000,0.000000,0.000000
1.210000,-8.149439,0.000000,0.000777,0.017515,0.000000,-0.000685,-0.018601,-8.451145,0.026381,0.067438,161.033356,-0.000211,0.003247,0.000000,0.000000,0.000000,0.000000
-2.230000,-4.979409,0.000000,0.001063,-0.032279,0.000000,-0.000475,0.038526,-5.236593,0.023134,-0.160431,86.874985,0.000005,0.001205,0.000000,0.000000,0.000000,0.000000
-0.680000,2.243629,0.000000,0.001206,-0.009843,0.000000,-0.000480,0.013344,2.394933,0.021929,-0.062181,-35.505753,0.000081,-0.000843,0.000000,0.000000,0.000000,0.000000
-1.170000,-0.709276,0.000000,0.001425,-0.016936,0.000000,-0.000562,0.023284,-0.773977,0.022772,-0.119015,10.460684,0.000048,-0.000122,0.000000,0.000000,0.000000,0.000000
-3.780000,-3.777982,0.000000,0.001631,-0.054716,0.000000,-0.000610,0.075360,-4.196853,0.022894,-0.415932,52.531677,0.000124,-0.000130,0.000000,0.000000,0.000000,0.000000
-2.270000,2.185729,0.000000,0.001738,-0.032858,0.000000,-0.000734,0.048986,2.477928,0.023025,-0.288261,-29.091028,0.000179,-0.001330,0.000000,0.000000,0.000000,0.000000
-0.120000,-11.464221,0.000000,-0.001143,-0.001737,0.000000,-0.001913,0.000688,-11.556217,0.033753,-0.001227,447.200317,-0.000217,0.008467,0.000000,0.000000,0.000000,0.000000
-6.870000,-9.770641,0.000000,-0.001067,-0.099443,0.000000,-0.001696,0.100727,-9.848949,0.025286,-0.179821,381.132812,0.000086,0.006715,0.000000,0.000000,0.000000,0.000000
-4.390000,3.589806,0.000000,-0.001180,-0.063545,0.000000,-0.001782,0.065218,3.643820,0.018571,-0.158556,-103.542679,0.000245,-0.002402,0.000000,0.000000,0.000000,0.000000
-6.320000,-2.793680,0.000000,-0.001185,-0.091482,0.000000,-0.002027,0.097052,-2.863751,0.020973,-0.295673,64.939354,0.000208,0.000434,0.000000,0.000000,0.000000,0.000000
4.030000,14.981651,0.000000,-0.001286,0.058334,0.000000,-0.002235,-0.066256,15.532642,0.020539,0.240218,-295.968597,0.000115,-0.004955,0.000000,0.000000,0.000000,0.000000
1.940000,-3.025280,0.000000,-0.000939,0.028082,0.000000,-0.002350,-0.033533,-3.181765,0.025494,0.139638,52.785416,-0.000151,0.001386,0.000000,0.000000,0.000000,0.000000
-1.980000,-5.674211,0.000000,-0.000691,-0.028661,0.000000,-0.002198,0.033777,-6.063126,0.024108,-0.157398,89.888054,-0.000023,0.001274,0.000000,0.000000,0.000000,0.000000
3.510000,7.946789,0.000000,-0.000616,0.050807,0.000000,-0.002175,-0.065213,8.643772,0.022834,0.333336,-116.824928,-0.000013,-0.001313,0.000000,0.000000,0.000000,0.000000
3.100000,-0.593476,0.000000,-0.000312,0.044873,0.000000,-0.002163,-0.060432,-0.660582,0.024147,0.333540,8.268458,-0.000176,0.001061,0.000000,0.000000,0.000000,0.000000
5.820000,3.937207,0.000000,-0.000029,0.084245,0.000000,-0.001987,-0.119328,4.467362,0.023086,0.702184,-52.447098,-0.000238,0.000904,0.000000,0.000000,0.000000,0.000000
-0.890000,-14.692152,0.000000,0.000341,-0.012883,0.000000,-0.000101,0.013588,-14.809495,0.018578,-0.024257,573.095154,-0.000243,0.010784,0.000000,0.000000,0.000000,0.000000
-2.350000,-2.113353,0.000000,0.000351,-0.034016,0.000000,0.000142,0.035189,-2.130379,0.007794,-0.062820,82.441010,0.000055,0.001371,0.000000,0.000000,0.000000,0.000000
-3.280000,-1.346178,0.000000,0.000327,-0.047478,0.000000,0.000087,0.049991,-1.366894,0.006423,-0.121538,38.841606,0.000109,0.000404,0.000000,0.000000,0.000000,0.000000
-0.180000,4.487258,0.000000,0.000261,-0.002606,0.000000,-0.000023,0.003081,4.598293,0.006019,-0.009386,-104.272385,0.000095,-0.002001,0.000000,0.000000,0.000000,0.000000
8.980000,13.259122,0.000000,0.000337,0.129986,0.000000,-0.000118,-0.144079,13.746984,0.008019,0.522373,-261.943573,-0.000130,-0.003543,0.000000,0.000000,0.000000,0.000000
-0.410000,-13.592049,0.000000,0.000819,-0.005935,0.000000,0.000012,0.007804,-14.290359,0.011562,-0.032496,237.076813,-0.000249,0.004408,0.000000,0.000000,0.000000,0.000000
3.600000,5.804485,0.000000,0.000898,0.052110,0.000000,0.000261,-0.061846,6.200111,0.007155,0.288195,-91.918907,-0.000049,-0.000969,0.000000,0.000000,0.000000,0.000000
1.770000,-2.648930,0.000000,0.001156,0.025621,0.000000,0.000310,-0.031025,-2.882878,0.008124,0.158586,38.963543,-0.000138,0.001169,0.000000,0.000000,0.000000,0.000000
-4.160000,-8.583690,0.000000,0.001343,-0.060216,0.000000,0.000449,0.082332,-9.530385,0.006955,-0.454414,119.291084,0.000043,0.001027,0.000000,0.000000,0.000000,0.000000
-2.230000,2.793680,0.000000,0.001290,-0.032279,0.000000,0.000406,0.047533,3.169816,0.005928,-0.279709,-37.213833,0.000189,-0.001463,0.000000,0.000000,0.000000,0.000000
3.090000,7.700714,0.000000,0.001327,0.044728,0.000000,0.000218,-0.065287,8.954378,0.007391,0.405381,-99.627357,-0.000007,-0.000787,0.000000,0.000000,0.000000,0.000000
0.310000,-3.112130,0.000000,0.000271,0.004487,0.000000,-0.000165,-0.004269,-3.137371,0.018388,0.007622,121.409409,-0.000071,0.002321,0.000000,0.000000,0.000000,0.000000
-0.500000,-1.172477,0.000000,0.000329,-0.007238,0.000000,-0.000094,0.007747,-1.182232,0.016067,-0.013830,45.749805,-0.000001,0.000825,0.000000,0.000000,0.000000,0.000000
-1.570000,-1.548828,0.000000,0.000464,-0.022726,0.000000,-0.000093,0.024250,-1.572947,0.015242,-0.058957,44.696804,0.000036,0.000685,0.000000,0.000000,0.000000,0.000000
-8.980000,-10.725993,0.000000,0.000552,-0.129986,0.000000,-0.000129,0.140302,-10.992848,0.014557,-0.427437,249.277435,0.000171,0.003563,0.000000,0.000000,0.000000,0.000000
1.050000,14.518451,0.000000,0.000308,0.015199,0.000000,-0.000300,-0.016548,15.052546,0.010994,0.059997,-286.820557,0.000240,-0.005275,0.000000,0.000000,0.000000,0.000000
2.380000,1.925179,0.000000,0.000509,0.034451,0.000000,-0.000540,-0.039218,2.022826,0.016270,0.163314,-33.558655,-0.000068,-0.000184,0.000000,0.000000,0.000000,0.000000
-3.660000,-8.742916,0.000000,0.000771,-0.052979,0.000000,-0.000472,0.064910,-9.341465,0.016454,-0.302473,138.490601,-0.000001,0.001804,0.000000,0.000000,0.000000,0.000000
-2.570000,1.577778,0.000000,0.000778,-0.037201,0.000000,-0.000470,0.048163,1.714979,0.014649,-0.246185,-23.178808,0.000163,-0.001108,0.000000,0.000000,0.000000,0.000000
-2.600000,-0.043425,0.000000,0.000837,-0.037635,0.000000,-0.000633,0.051454,-0.049960,0.015757,-0.283987,0.625346,0.000138,-0.000754,0.000000,0.000000,0.000000,0.000000
0.910000,5.080734,0.000000,0.000899,0.013172,0.000000,-0.000771,-0.017378,5.765334,0.016511,0.102260,-67.685371,0.000062,-0.001004,0.000000,0.000000,0.000000,0.000000
1.200000,0.419776,0.000000,0.001115,0.017370,0.000000,-0.000833,-0.024452,0.485701,0.017515,0.151829,-5.403963,-0.000057,0.000310,0.000000,0.000000,0.000000,0.000000
-1.430000,4.414883,0.000000,-0.000403,-0.020699,0.000000,-0.000913,0.020835,4.449439,0.022108,-0.037196,-172.183594,0.000141,-0.003361,0.000000,0.000000,0.000000,0.000000
-3.880000,-3.546381,0.000000,-0.000405,-0.056163,0.000000,-0.001054,0.057090,-3.575224,0.025469,-0.101919,138.353363,0.000086,0.002350,0.000000,0.000000,0.000000,0.000000
-4.150000,-0.390826,0.000000,-0.000342,-0.060071,0.000000,-0.001141,0.062461,-0.397549,0.023119,-0.151855,11.296737,0.000161,-0.000201,0.000000,0.000000,0.000000,0.000000
-2.100000,2.967381,0.000000,-0.000294,-0.030398,0.000000,-0.001302,0.032355,3.040021,0.023320,-0.098572,-68.936516,0.000145,-0.001572,0.000000,0.000000,0.000000,0.000000
1.160000,4.718858,0.000000,-0.000156,0.016791,0.000000,-0.001447,-0.018833,4.891388,0.024892,0.068282,-93.203537,0.000041,-0.001577,0.000000,0.000000,0.000000,0.000000
3.030000,2.706830,0.000000,0.000124,0.043859,0.000000,-0.001488,-0.050535,2.844079,0.026469,0.210440,-47.183224,-0.000083,-0.000321,0.000000,0.000000,0.000000,0.000000
-0.790000,-5.529459,0.000000,0.000485,-0.011435,0.000000,-0.001405,0.014396,-5.909116,0.026790,-0.067083,87.604790,-0.000073,0.001478,0.000000,0.000000,0.000000,0.000000
-2.610000,-2.634454,0.000000,0.000685,-0.037780,0.000000,-0.001332,0.048780,-2.868176,0.025312,-0.249338,38.764847,0.000078,0.000057,0.000000,0.000000,0.000000,0.000000
-4.720000,-3.054230,0.000000,0.000813,-0.068322,0.000000,-0.001410,0.092463,-3.393099,0.025255,-0.510331,42.471149,0.000186,-0.000576,0.000000,0.000000,0.000000,0.000000
-1.280000,4.979409,0.000000,0.000856,-0.018528,0.000000,-0.001596,0.027447,5.649552,0.025832,-0.161511,-66.326088,0.000181,-0.001692,0.000000,0.000000,0.000000,0.000000
-0.860000,0.607951,0.000000,0.001048,-0.012449,0.000000,-0.001777,0.020303,0.703711,0.027523,-0.126067,-7.829561,0.000068,-0.000486,0.000000,0.000000,0.000000,0.000000
-6.610000,-6.108461,0.000000,-0.000943,-0.095680,0.000000,-0.001588,0.097068,-6.157730,0.028281,-0.173288,238.290710,0.000146,0.004044,0.000000,0.000000,0.000000,0.000000
-10.960000,-6.296636,0.000000,-0.001134,-0.158646,0.000000,-0.001734,0.161276,-6.347285,0.024237,-0.287915,245.626053,0.000316,0.003865,0.000000,0.000000,0.000000,0.000000
-4.330000,9.596942,0.000000,-0.001394,-0.062677,0.000000,-0.002050,0.064086,9.742215,0.020372,-0.155805,-276.834473,0.000357,-0.005670,0.000000,0.000000,0.000000,0.000000
-1.230000,4.487258,0.000000,-0.001353,-0.017804,0.000000,-0.002407,0.017682,4.597642,0.026043,-0.053870,-104.257660,0.000134,-0.002109,0.000000,0.000000,0.000000,0.000000
15.220000,23.811417,0.000000,-0.001182,0.220310,0.000000,-0.002541,-0.246144,24.687202,0.028152,0.892420,-470.405273,-0.000199,-0.006489,0.000000,0.000000,0.000000,0.000000
11.660000,-5.153110,0.000000,-0.000294,0.168779,0.000000,-0.002342,-0.195360,-5.419506,0.034641,0.813523,89.909515,-0.000631,0.003915,0.000000,0.000000,0.000000,0.000000
4.510000,-10.349643,0.000000,0.000436,0.065282,0.000000,-0.001712,-0.078312,-11.058766,0.030726,0.364923,163.950241,-0.000420,0.004084,0.000000,0.000000,0.000000,0.000000
3.740000,-1.114577,0.000000,0.000862,0.054137,0.000000,-0.001292,-0.067561,-1.214913,0.026642,0.345338,16.420160,-0.000205,0.001237,0.000000,0.000000,0.000000,0.000000
-1.970000,-8.265240,0.000000,0.001261,-0.028516,0.000000,-0.001087,0.039825,-9.178289,0.025405,-0.219804,114.883911,-0.000066,0.001578,0.000000,0.000000,0.000000,0.000000
-10.000000,-11.623446,0.000000,0.001428,-0.144750,0.000000,-0.001021,0.206983,-13.197361,0.023826,-1.217991,154.937805,0.000310,-0.000364,0.000000,0.000000,0.000000,0.000000
-8.370000,2.359429,0.000000,0.001268,-0.121156,0.000000,-0.001331,0.184159,2.740847,0.024190,-1.143487,-30.494947,0.000549,-0.003670,0.000000,0.000000,0.000000,0.000000
-2.270000,8.829765,0.000000,0.001185,-0.032858,0.000000,-0.001881,0.054570,10.538050,0.027860,-0.354492,-112.070450,0.000346,-0.003074,0.000000,0.000000,0.000000,0.000000
-5.480000,-2.258104,0.000000,-0.001260,-0.079323,0.000000,-0.001909,0.079995,-2.276748,0.028721,-0.142809,88.105156,0.000173,0.001288,0.000000,0.000000,0.000000,0.000000
-5.920000,-0.636901,0.000000,-0.001406,-0.085692,0.000000,-0.002082,0.086300,-0.642609,0.027433,-0.154066,24.867569,0.000221,0.000052,0.000000,0.000000,0.000000,0.000000
-2.690000,4.675433,0.000000,-0.001401,-0.038938,0.000000,-0.002303,0.039254,4.745657,0.027381,-0.095433,-134.852463,0.000196,-0.002812,0.000000,0.000000,0.000000,0.000000
-1.650000,1.505403,0.000000,-0.001255,-0.023884,0.000000,-0.002499,0.024322,1.541605,0.030193,-0.074098,-34.957928,0.000095,-0.000857,0.000000,0.000000,0.000000,0.000000
-0.290000,1.968603,0.000000,-0.001071,-0.004198,0.000000,-0.002593,0.003475,2.039707,0.031050,-0.012598,-38.865845,0.000048,-0.000768,0.000000,0.000000,0.000000,0.000000
7.970000,11.956370,0.000000,-0.000836,0.115366,0.000000,-0.002641,-0.134268,12.568148,0.031819,0.559124,-208.505356,-0.000125,-0.002434,0.000000,0.000000,0.000000,0.000000
0.030000,-11.493170,0.000000,-0.000248,0.000434,0.000000,-0.002516,-0.000824,-12.280375,0.034253,0.003840,182.061035,-0.000235,0.003462,0.000000,0.000000,0.000000,0.000000
-7.380000,-10.725994,0.000000,-0.000004,-0.106826,0.000000,-0.002281,0.135467,-11.670890,0.030790,-0.692438,157.737946,0.000146,0.001107,0.000000,0.000000,0.000000,0.000000
2.980000,14.996126,0.000000,-0.000075,0.043136,0.000000,-0.002427,-0.057791,16.645367,0.029683,0.318964,-208.348770,0.000159,-0.003084,0.000000,0.000000,0.000000,0.000000
-2.220000,-7.527013,0.000000,0.000291,-0.032135,0.000000,-0.002586,0.045913,-8.547262,0.032768,-0.270175,100.345375,-0.000038,0.001175,0.000000,0.000000,0.000000,0.000000
-0.650000,-12.491947,0.000000,-0.000913,-0.009409,0.000000,-0.001498,0.008759,-12.591918,0.025702,-0.015637,487.279724,-0.000215,0.009182,0.000000,0.000000,0.000000,0.000000
-10.020000,-13.563098,0.000000,-0.000877,-0.145040,0.000000,-0.001283,0.147608,-13.671350,0.016520,-0.263514,529.051392,0.000141,0.009288,0.000000,0.000000,0.000000,0.000000
-10.050000,-0.043424,0.000000,-0.001223,-0.145474,0.000000,-0.001424,0.150848,-0.044229,0.007232,-0.366740,1.256819,0.000407,-0.000985,0.000000,0.000000,0.000000,0.000000
0.020000,14.576350,0.000000,-0.001579,0.000290,0.000000,-0.001831,-0.002008,14.937885,0.008218,0.006117,-338.736389,0.000277,-0.006396,0.000000,0.000000,0.000000,0.000000
-4.070000,-5.920286,0.000000,-0.001490,-0.058913,0.000000,-0.002108,0.063814,-6.138791,0.014613,-0.231365,116.972336,0.000056,0.001601,0.000000,0.000000,0.000000,0.000000
0.470000,6.571662,0.000000,-0.001594,0.006803,0.000000,-0.002164,-0.009703,6.908515,0.013013,0.040404,-114.612160,0.000104,-0.002064,0.000000,0.000000,0.000000,0.000000
-2.010000,-3.589806,0.000000,-0.001511,-0.029095,0.000000,-0.002268,0.033311,-3.835436,0.015076,-0.155227,56.861721,0.000017,0.000661,0.000000,0.000000,0.000000,0.000000
0.970000,4.313558,0.000000,-0.001546,0.014041,0.000000,-0.002285,-0.019766,4.692316,0.014416,0.101035,-63.418999,0.000035,-0.000929,0.000000,0.000000,0.000000,0.000000
-1.250000,-3.213456,0.000000,-0.001464,-0.018094,0.000000,-0.002321,0.022241,-3.567725,0.015345,-0.122753,44.656937,-0.000007,0.000515,0.000000,0.000000,0.000000,0.000000
5.680000,26.214272,0.000000,0.001681,0.082218,0.000000,0.001714,-0.082461,26.422743,-0.002757,0.147212,-1022.502441,0.000277,-0.018964,0.000000,0.000000,0.000000,0.000000
1.520000,-6.021610,0.000000,0.001900,0.022002,0.000000,0.001437,-0.020583,-6.070008,0.016207,0.036745,234.896042,-0.000171,0.004582,0.000000,0.000000,0.000000,0.000000
-5.700000,-10.450969,0.000000,0.002109,-0.082508,0.000000,0.001608,0.088487,-10.610413,0.011624,-0.215127,301.505127,0.000039,0.005119,0.000000,0.000000,0.000000,0.000000
-6.750000,-1.519878,0.000000,0.001995,-0.097706,0.000000,0.001569,0.107159,-1.558164,0.006506,-0.326465,35.333443,0.000260,-0.000224,0.000000,0.000000,0.000000,0.000000
8.610000,22.233639,0.000000,0.001847,0.124630,0.000000,0.001309,-0.136449,23.051796,0.006729,0.494710,-439.243225,0.000067,-0.006978,0.000000,0.000000,0.000000,0.000000
7.550000,-1.534352,0.000000,0.002389,0.109286,0.000000,0.001242,-0.123517,-1.614595,0.013708,0.514354,26.786108,-0.000365,0.001911,0.000000,0.000000,0.000000,0.000000
-5.860000,-19.411011,0.000000,0.002901,-0.084824,0.000000,0.001607,0.105940,-20.738691,0.011796,-0.493669,307.458649,-0.000105,0.004483,0.000000,0.000000,0.000000,0.000000
-5.070000,1.143527,0.000000,0.002857,-0.073388,0.000000,0.001712,0.096691,1.242110,0.007313,-0.494238,-16.787746,0.000285,-0.001663,0.000000,0.000000,0.000000,0.000000
10.560000,22.624466,0.000000,0.002867,0.152856,0.000000,0.001427,-0.200601,25.113760,0.008977,1.107174,-314.346954,-0.000068,-0.002954,0.000000,0.000000,0.000000,0.000000
-2.240000,-12.187971,0.000000,-0.001711,-0.032424,0.000000,-0.002670,0.031545,-12.285917,0.042289,-0.056316,475.438202,-0.000147,0.008856,0.000000,0.000000,0.000000,0.000000
-7.790000,-8.033639,0.000000,-0.001698,-0.112760,0.000000,-0.002523,0.113716,-8.098312,0.033433,-0.203009,313.387085,0.000155,0.005368,0.000000,0.000000,0.000000,0.000000
-2.420000,7.773089,0.000000,-0.001767,-0.035030,0.000000,-0.002677,0.034784,7.890404,0.028065,-0.084566,-224.213486,0.000243,-0.004484,0.000000,0.000000,0.000000,0.000000
-1.340000,1.563303,0.000000,-0.001596,-0.019397,0.000000,-0.002921,0.019132,1.600887,0.032549,-0.058286,-36.302235,0.000082,-0.000837,0.000000,0.000000,0.000000,0.000000
4.530000,8.496840,0.000000,-0.001389,0.065572,0.000000,-0.003002,-0.074414,8.808334,0.033386,0.269795,-167.839462,-0.000035,-0.002447,0.000000,0.000000,0.000000,0.000000
4.340000,-0.275026,0.000000,-0.000933,0.062822,0.000000,-0.002968,-0.073667,-0.291026,0.035832,0.306768,4.828111,-0.000205,0.000926,0.000000,0.000000,0.000000,0.000000
4.380000,0.057900,0.000000,-0.000493,0.063401,0.000000,-0.002763,-0.077161,0.059687,0.034906,0.359560,-0.884884,-0.000207,0.000954,0.000000,0.000000,0.000000,0.000000
12.450000,7.613863,0.000000,-0.000600,0.180214,0.000000,-0.001293,-0.185062,7.673664,0.030043,0.330378,-296.954041,-0.000355,-0.004731,0.000000,0.000000,0.000000,0.000000
9.050000,-4.921508,0.000000,-0.000040,0.130999,0.000000,-0.000938,-0.134170,-4.961545,0.034774,0.239525,192.000961,-0.000456,0.004292,0.000000,0.000000,0.000000,0.000000
-4.230000,-19.222834,0.000000,0.000618,-0.061229,0.000000,-0.000481,0.064676,-19.516132,0.030482,-0.157240,554.569763,-0.000194,0.010068,0.000000,0.000000,0.000000,0.000000
-3.540000,0.998777,0.000000,0.000658,-0.051242,0.000000,-0.000288,0.055782,1.022563,0.020415,-0.169943,-23.187981,0.000171,-0.000917,0.000000,0.000000,0.000000,0.000000
-5.440000,-2.750255,0.000000,0.000735,-0.078744,0.000000,-0.000458,0.088325,-2.852826,0.021332,-0.320231,54.359512,0.000185,0.000165,0.000000,0.000000,0.000000,0.000000
-1.370000,5.891335,0.000000,0.000731,-0.019831,0.000000,-0.000643,0.023759,6.192118,0.021167,-0.098939,-102.727127,0.000181,-0.002213,0.000000,0.000000,0.000000,0.000000
-3.210000,-2.663405,0.000000,0.000909,-0.046465,0.000000,-0.000824,0.057211,-2.847239,0.023380,-0.266597,42.211353,0.000101,0.000082,0.000000,0.000000,0.000000,0.000000
-1.010000,3.184506,0.000000,0.001014,-0.014620,0.000000,-0.000925,0.019826,3.462156,0.023298,-0.101338,-46.792778,0.000119,-0.001160,0.000000,0.000000,0.000000,0.000000
0.510000,2.200204,0.000000,0.001218,0.007382,0.000000,-0.001044,-0.008245,2.439847,0.024458,0.045505,-30.539370,0.000024,-0.000453,0.000000,0.000000,0.000000,0.000000
9.210000,12.593272,0.000000,0.001493,0.133315,0.000000,-0.001067,-0.186654,14.292031,0.024911,1.098369,-167.789291,-0.000234,-0.000205,0.000000,0.000000,0.000000,0.000000
9.670000,0.665851,0.000000,0.002143,0.139973,0.000000,-0.000833,-0.207335,0.770348,0.025117,1.287389,-8.570970,-0.000546,0.003320,0.000000,0.000000,0.000000,0.000000
-1.210000,10.711518,0.000000,-0.000870,-0.017515,0.000000,-0.001726,0.017132,10.795780,0.037240,-0.030585,-417.773132,0.000252,-0.007999,0.000000,0.000000,0.000000,0.000000
-2.420000,-1.751478,0.000000,-0.000828,-0.035030,0.000000,-0.001978,0.035018,-1.766537,0.045239,-0.062516,68.361137,0.000061,0.001140,0.000000,0.000000,0.000000,0.000000
-0.430000,2.880530,0.000000,-0.000509,-0.006224,0.000000,-0.002039,0.005976,2.922806,0.044099,-0.014530,-83.054344,0.000071,-0.001614,0.000000,0.000000,0.000000,0.000000
10.650000,16.038328,0.000000,-0.000102,0.154159,0.000000,-0.002110,-0.165800,16.434271,0.045713,0.505116,-372.668884,-0.000137,-0.005687,0.000000,0.000000,0.000000,0.000000
-1.020000,-16.892355,0.000000,0.000805,-0.014765,0.000000,-0.001973,0.017303,-17.517393,0.051400,-0.062733,333.787292,-0.000285,0.006161,0.000000,0.000000,0.000000,0.000000
-1.690000,-0.969827,0.000000,0.001200,-0.024463,0.000000,-0.001688,0.029653,-1.022661,0.045239,-0.123481,16.965931,0.000061,-0.000024,0.000000,0.000000,0.000000,0.000000
-5.800000,-5.949235,0.000000,0.001574,-0.083955,0.000000,-0.001750,0.103289,-6.359222,0.045263,-0.481314,94.277779,0.000159,0.000483,0.000000,0.000000,0.000000,0.000000
-5.100000,1.013252,0.000000,0.001781,-0.073823,0.000000,-0.001909,0.095878,1.098131,0.044780,-0.490079,-14.841796,0.000280,-0.001608,0.000000,0.000000,0.000000,0.000000
-2.250000,4.125382,0.000000,0.002030,-0.032569,0.000000,-0.002188,0.046273,4.574821,0.046387,-0.255396,-57.262669,0.000211,-0.001772,0.000000,0.000000,0.000000,0.000000
-4.300000,-2.967381,0.000000,0.002411,-0.062243,0.000000,-0.002400,0.091547,-3.374226,0.048160,-0.538707,39.613613,0.000183,-0.000704,0.000000,0.000000,0.000000,0.000000
-0.300000,5.790010,0.000000,0.002721,-0.004343,0.000000,-0.002583,0.010625,6.727277,0.048863,-0.065975,-74.848381,0.000156,-0.001594,0.000000,0.000000,0.000000,0.000000
1.650000,14.764526,0.000000,-0.003228,0.023884,0.000000,-0.004542,-0.027626,14.880576,0.058697,0.049319,-575.845825,0.000207,-0.010767,0.000000,0.000000,0.000000,0.000000
-4.360000,-8.699491,0.000000,-0.003024,-0.063111,0.000000,-0.004749,0.061523,-8.770329,0.069465,-0.109832,339.392578,-0.000000,0.006149,0.000000,0.000000,0.000000,0.000000
2.440000,9.843019,0.000000,-0.002636,0.035319,0.000000,-0.004749,-0.039691,9.990632,0.063316,0.096496,-283.893463,0.000082,-0.005126,0.000000,0.000000,0.000000,0.000000
-15.520000,-25.997147,0.000000,-0.001948,-0.224652,0.000000,-0.004831,0.239363,-26.644926,0.068441,-0.729231,604.208984,0.000143,0.009478,0.000000,0.000000,0.000000,0.000000
3.890000,28.096024,0.000000,-0.002088,0.056308,0.000000,-0.004974,-0.064895,29.128189,0.058964,0.235285,-555.026611,0.000376,-0.009890,0.000000,0.000000,0.000000,0.000000
1.020000,-4.154333,0.000000,-0.001385,0.014765,0.000000,-0.005349,-0.018661,-4.371230,0.068854,0.077708,72.518631,-0.000134,0.001602,0.000000,0.000000,0.000000,0.000000
5.220000,6.079511,0.000000,-0.000820,0.075560,0.000000,-0.005215,-0.092239,6.490520,0.067253,0.429825,-96.224312,-0.000126,-0.000662,0.000000,0.000000,0.000000,0.000000
-8.500000,-19.859735,0.000000,-0.000081,-0.123038,0.000000,-0.005089,0.155928,-21.610031,0.067915,-0.797027,292.070374,0.000013,0.003376,0.000000,0.000000,0.000000,0.000000
-5.730000,4.009582,0.000000,0.000073,-0.082942,0.000000,-0.005102,0.111027,4.445971,0.064539,-0.612789,-55.649860,0.000384,-0.002718,0.000000,0.000000,0.000000,0.000000
-1.470000,6.166361,0.000000,0.000343,-0.021278,0.000000,-0.005486,0.030616,6.993752,0.067257,-0.180158,-82.107071,0.000215,-0.002037,0.000000,0.000000,0.000000,0.000000
-2.180000,-1.027727,0.000000,0.000793,-0.031556,0.000000,-0.005701,0.048661,-1.202170,0.069294,-0.302149,13.375475,0.000108,-0.000560,0.000000,0.000000,0.000000,0.000000
-3.190000,-0.101325,0.000000,-0.002798,-0.046175,0.000000,-0.004022,0.044538,-0.103413,0.054499,-0.079511,4.001862,0.000118,-0.000138,0.000000,0.000000,0.000000,0.000000
-0.280000,4.212233,0.000000,-0.002794,-0.004053,0.000000,-0.004141,0.001289,4.244452,0.054637,-0.002301,-164.251022,0.000084,-0.003116,0.000000,0.000000,0.000000,0.000000
-1.820000,-2.229154,0.000000,-0.002292,-0.026345,0.000000,-0.004224,0.025152,-2.264863,0.057753,-0.061150,64.358261,0.000025,0.001059,0.000000,0.000000,0.000000,0.000000
-1.820000,-0.000000,0.000000,-0.001880,-0.026345,0.000000,-0.004249,0.026294,-0.002229,0.056694,-0.080107,0.050539,0.000071,-0.000218,0.000000,0.000000,0.000000,0.000000
5.880000,11.145770,0.000000,-0.001482,0.085113,0.000000,-0.004320,-0.096233,11.553613,0.056912,0.348904,-220.149689,-0.000042,-0.003224,0.000000,0.000000,0.000000,0.000000
3.800000,-3.010805,0.000000,-0.000756,0.055005,0.000000,-0.004279,-0.064430,-3.168688,0.060136,0.268302,52.568481,-0.000234,0.001727,0.000000,0.000000,0.000000,0.000000
-0.410000,-6.093986,0.000000,-0.000126,-0.005935,0.000000,-0.004045,0.007014,-6.514100,0.058409,-0.032686,96.573898,-0.000104,0.001737,0.000000,0.000000,0.000000,0.000000
-0.080000,0.477676,0.000000,0.000320,-0.001158,0.000000,-0.003941,0.001875,0.515308,0.056672,-0.009582,-6.964648,0.000015,-0.000161,0.000000,0.000000,0.000000,0.000000
-4.620000,-6.571662,0.000000,0.000782,-0.066875,0.000000,-0.003956,0.090487,-7.300421,0.056833,-0.499423,91.378792,0.000107,0.000380,0.000000,0.000000,0.000000,0.000000
-1.520000,4.487258,0.000000,0.001057,-0.022002,0.000000,-0.004062,0.032651,5.088138,0.056453,-0.192133,-59.735046,0.000184,-0.001652,0.000000,0.000000,0.000000,0.000000
-7.100000,-8.077064,0.000000,0.001468,-0.102773,0.000000,-0.004247,0.156806,-9.400318,0.058105,-0.973646,104.588913,0.000246,-0.000650,0.000000,0.000000,0.000000,0.000000
-5.020000,-10.074618,0.000000,-0.002793,-0.072665,0.000000,-0.003937,0.071657,-10.155933,0.051063,-0.127925,393.012451,0.000001,0.007097,0.000000,0.000000,0.000000,0.000000
-4.960000,0.086850,0.000000,-0.002869,-0.071796,0.000000,-0.003938,0.070575,0.086540,0.043966,-0.125992,-3.348911,0.000193,-0.000417,0.000000,0.000000,0.000000,0.000000
-7.070000,-3.054231,0.000000,-0.002686,-0.102338,0.000000,-0.004130,0.104210,-3.101974,0.044384,-0.253354,88.145599,0.000223,0.000984,0.000000,0.000000,0.000000,0.000000
-1.890000,7.498063,0.000000,-0.002622,-0.027358,0.000000,-0.004353,0.026586,7.682570,0.043399,-0.080996,-174.212463,0.000217,-0.003520,0.000000,0.000000,0.000000,0.000000
2.780000,6.759837,0.000000,-0.002343,0.040241,0.000000,-0.004570,-0.047323,7.006845,0.046919,0.171573,-133.512772,0.000004,-0.002057,0.000000,0.000000,0.000000,0.000000
9.070000,9.104790,0.000000,-0.001875,0.131288,0.000000,-0.004575,-0.153867,9.569526,0.048976,0.640737,-158.758270,-0.000235,-0.001269,0.000000,0.000000,0.000000,0.000000
-1.960000,-15.965952,0.000000,-0.001148,-0.028371,0.000000,-0.004339,0.032876,-17.059389,0.050245,-0.153199,252.911636,-0.000234,0.004377,0.000000,0.000000,0.000000,0.000000
1.720000,5.326809,0.000000,-0.000903,0.024897,0.000000,-0.004106,-0.032719,5.791978,0.045868,0.167241,-78.281494,0.000022,-0.001038,0.000000,0.000000,0.000000,0.000000
2.660000,1.360653,0.000000,-0.000508,0.038504,0.000000,-0.004127,-0.052176,1.507058,0.046906,0.287973,-18.863722,-0.000113,0.000424,0.000000,0.000000,0.000000,0.000000
-2.130000,-6.933537,0.000000,-0.000079,-0.030832,0.000000,-0.004015,0.043545,-7.874487,0.046483,-0.256244,92.446945,-0.000031,0.001057,0.000000,0.000000,0.000000,0.000000
-0.820000,1.896229,0.000000,0.000149,-0.011870,0.000000,-0.003984,0.018079,2.201161,0.045426,-0.112259,-24.490355,0.000091,-0.000769,0.000000,0.000000,0.000000,0.000000
-1.610000,-18.108257,0.000000,-0.001293,-0.023305,0.000000,-0.002041,0.022615,-18.253065,0.032956,-0.040373,706.353699,-0.000285,0.013267,0.000000,0.000000,0.000000,0.000000
-7.060000,-7.888889,0.000000,-0.001277,-0.102194,0.000000,-0.001756,0.103328,-7.952077,0.019689,-0.184465,307.727997,0.000129,0.005303,0.000000,0.000000,0.000000,0.000000
1.820000,12.853823,0.000000,-0.001442,0.026345,0.000000,-0.001885,-0.029058,13.048814,0.014386,0.070645,-370.794647,0.000168,-0.006840,0.000000,0.000000,0.000000,0.000000
-0.970000,-4.038532,0.000000,-0.001201,-0.014041,0.000000,-0.002054,0.013800,-4.139499,0.021225,-0.042042,93.868629,-0.000041,0.001676,0.000000,0.000000,0.000000,0.000000
0.710000,2.431804,0.000000,-0.001096,0.010277,0.000000,-0.002012,-0.012639,2.520577,0.019549,0.045825,-48.028645,0.000014,-0.000789,0.000000,0.000000,0.000000,0.000000
1.010000,0.434251,0.000000,-0.000924,0.014620,0.000000,-0.002026,-0.017961,0.455573,0.020338,0.074794,-7.557954,-0.000040,0.000061,0.000000,0.000000,0.000000,0.000000
-1.710000,-3.937207,0.000000,-0.000747,-0.024752,0.000000,-0.001986,0.028990,-4.207204,0.020277,-0.135091,62.373341,-0.000001,0.000816,0.000000,0.000000,0.000000,0.000000
0.300000,2.909480,0.000000,-0.000691,0.004343,0.000000,-0.001985,-0.006383,3.164062,0.019461,0.032628,-42.763882,0.000043,-0.000723,0.000000,0.000000,0.000000,0.000000
0.370000,0.101325,0.000000,-0.000555,0.005356,0.000000,-0.002027,-0.007905,0.111199,0.020184,0.043631,-1.391870,-0.000019,0.000093,0.000000,0.000000,0.000000,0.000000
1.490000,1.621203,0.000000,-0.000420,0.021568,0.000000,-0.002008,-0.031134,1.838890,0.020091,0.183209,-21.588680,-0.000049,0.000087,0.000000,0.000000,0.000000,0.000000
0.700000,-1.143527,0.000000,-0.000242,0.010133,0.000000,-0.001959,-0.015606,-1.331551,0.020005,0.096900,14.814972,-0.000067,0.000542,0.000000,0.000000,0.000000,0.000000
-3.520000,-6.108461,0.000000,-0.000098,-0.050952,0.000000,-0.001891,0.081518,-7.294606,0.019462,-0.529544,77.576958,0.000083,0.000036,0.000000,0.000000,0.000000,0.000000
-5.430000,-9.394291,0.000000,0.000637,-0.078599,0.000000,0.000381,0.081159,-9.469303,0.010404,-0.144888,366.441345,0.000040,0.006547,0.000000,0.000000,0.000000,0.000000
-2.090000,4.834659,0.000000,0.000451,-0.030253,0.000000,0.000341,0.031438,4.872987,0.003857,-0.056124,-188.573959,0.000177,-0.003735,0.000000,0.000000,0.000000,0.000000
-2.800000,-1.027727,0.000000,0.000451,-0.040530,0.000000,0.000164,0.042855,-1.043655,0.007592,-0.104189,29.656471,0.000096,0.000287,0.000000,0.000000,0.000000,0.000000
-3.970000,-1.693578,0.000000,0.000419,-0.057466,0.000000,0.000068,0.062215,-1.735982,0.007305,-0.189542,39.365696,0.000135,0.000232,0.000000,0.000000,0.000000,0.000000
1.490000,7.903364,0.000000,0.000338,0.021568,0.000000,-0.000067,-0.023593,8.194015,0.007073,0.085538,-156.133820,0.000091,-0.002725,0.000000,0.000000,0.000000,0.000000
-1.430000,-4.226707,0.000000,0.000500,-0.020699,0.000000,-0.000158,0.024495,-4.444305,0.009798,-0.102002,73.730942,-0.000018,0.001125,0.000000,0.000000,0.000000,0.000000
2.120000,5.138634,0.000000,0.000537,0.030687,0.000000,-0.000140,-0.036410,5.488816,0.008673,0.169668,-81.373695,0.000005,-0.001084,0.000000,0.000000,0.000000,0.000000
-3.490000,-8.120489,0.000000,0.000731,-0.050518,0.000000,-0.000146,0.064991,-8.835204,0.009757,-0.332203,119.412231,0.000008,0.001364,0.000000,0.000000,0.000000,0.000000
-2.720000,1.114577,0.000000,0.000691,-0.039372,0.000000,-0.000154,0.053581,1.236251,0.008393,-0.295730,-15.474057,0.000168,-0.001095,0.000000,0.000000,0.000000,0.000000
5.630000,12.086646,0.000000,0.000688,0.081494,0.000000,-0.000322,-0.114419,13.718822,0.009488,0.673300,-161.059799,-0.000050,-0.001226,0.000000,0.000000,0.000000,0.000000
-2.630000,-8.337615,0.000000,0.000482,-0.038069,0.000000,0.000085,0.039516,-8.404376,0.016564,-0.070546,325.231018,-0.000052,0.005970,0.000000,0.000000,0.000000,0.000000
-5.720000,-4.472782,0.000000,0.000420,-0.082797,0.000000,0.000137,0.085206,-4.508647,0.010595,-0.152112,174.474792,0.000145,0.002881,0.000000,0.000000,0.000000,0.000000
-3.750000,2.851580,0.000000,0.000275,-0.054281,0.000000,-0.000009,0.057051,2.894625,0.007713,-0.138703,-82.253578,0.000209,-0.001938,0.000000,0.000000,0.000000,0.000000
-6.280000,-3.662182,0.000000,0.000224,-0.090903,0.000000,-0.000217,0.097943,-3.753506,0.009651,-0.298390,85.115723,0.000193,0.000808,0.000000,0.000000,0.000000,0.000000
3.130000,13.620999,0.000000,0.000059,0.045307,0.000000,-0.000411,-0.050284,14.122206,0.008843,0.182309,-269.093262,0.000131,-0.004604,0.000000,0.000000,0.000000,0.000000
2.190000,-1.360653,0.000000,0.000310,0.031700,0.000000,-0.000542,-0.036270,-1.431365,0.013447,0.151038,23.746321,-0.000125,0.000867,0.000000,0.000000,0.000000,0.000000
-4.260000,-9.336392,0.000000,0.000522,-0.061664,0.000000,-0.000416,0.075098,-9.975120,0.012580,-0.349947,147.884781,0.000014,0.001852,0.000000,0.000000,0.000000,0.000000
10.840000,21.857288,0.000000,0.000460,0.156909,0.000000,-0.000431,-0.198402,23.777130,0.010728,1.014132,-321.359863,-0.000086,-0.003345,0.000000,0.000000,0.000000,0.000000
0.310000,-15.242202,0.000000,0.001043,0.004487,0.000000,-0.000344,-0.004606,-16.922613,0.014073,0.025424,211.818985,-0.000333,0.004086,0.000000,0.000000,0.000000,0.000000
1.060000,1.085627,0.000000,0.001188,0.015344,0.000000,-0.000012,-0.020044,1.230652,0.009988,0.117947,-14.447929,-0.000030,0.000038,0.000000,0.000000,0.000000,0.000000
-0.860000,-0.448726,0.000000,0.000872,-0.012449,0.000000,0.000411,0.013691,-0.452829,0.018984,-0.024441,17.523481,0.000029,0.000266,0.000000,0.000000,0.000000,0.000000
3.590000,6.441386,0.000000,0.000887,0.051965,0.000000,0.000382,-0.052299,6.492088,0.018719,0.093366,-251.229630,-0.000019,-0.004505,0.000000,0.000000,0.000000,0.000000
1.040000,-3.691131,0.000000,0.001274,0.015054,0.000000,0.000401,-0.014411,-3.748165,0.023224,0.035035,106.507729,-0.000110,0.002120,0.000000,0.000000,0.000000,0.000000
-0.970000,-2.909480,0.000000,0.001549,-0.014041,0.000000,0.000511,0.016756,-2.982825,0.021104,-0.051048,67.639503,-0.000011,0.001139,0.000000,0.000000,0.000000,0.000000
2.130000,4.487258,0.000000,0.001744,0.030832,0.000000,0.000522,-0.032325,4.651114,0.019965,0.117198,-88.625214,0.000001,-0.001363,0.000000,0.000000,0.000000,0.000000
-0.950000,-4.458308,0.000000,0.002087,-0.013751,0.000000,0.000521,0.018301,-4.688943,0.021328,-0.076211,77.789505,-0.000039,0.001269,0.000000,0.000000,0.000000,0.000000
1.840000,4.038532,0.000000,0.002311,0.026634,0.000000,0.000560,-0.029374,4.312136,0.020059,0.136880,-63.928989,0.000002,-0.000843,0.000000,0.000000,0.000000,0.000000
-2.890000,-6.846687,0.000000,0.002669,-0.041833,0.000000,0.000558,0.056435,-7.451213,0.020902,-0.288468,100.706894,0.000012,0.001128,0.000000,0.000000,0.000000,0.000000
-4.810000,-2.779205,0.000000,0.002844,-0.069625,0.000000,0.000546,0.096922,-3.088544,0.019773,-0.534940,38.659054,0.000204,-0.000717,0.000000,0.000000,0.000000,0.000000
6.740000,16.718653,0.000000,0.002957,0.097562,0.000000,0.000343,-0.133957,18.974283,0.020490,0.788271,-222.759201,-0.000003,-0.002084,0.000000,0.000000,0.000000,0.000000
5.970000,-1.114577,0.000000,0.003573,0.086416,0.000000,0.000346,-0.124618,-1.301315,0.022575,0.773784,14.478562,-0.000362,0.002371,0.000000,0.000000,0.000000,0.000000
-4.460000,3.126606,0.000000,-0.001866,-0.064559,0.000000,-0.002942,0.064302,3.150328,0.047438,-0.114794,-121.910835,0.000234,-0.002623,0.000000,0.000000,0.000000,0.000000
1.220000,8.221815,0.000000,-0.001928,0.017660,0.000000,-0.003176,-0.020055,8.285999,0.050062,0.035803,-320.650116,0.000102,-0.005970,0.000000,0.000000,0.000000,0.000000
-2.280000,-5.066259,0.000000,-0.001366,-0.033003,0.000000,-0.003278,0.033084,-5.145111,0.056031,-0.080432,146.203323,-0.000008,0.002562,0.000000,0.000000,0.000000,0.000000
-13.620000,-16.414679,0.000000,-0.000981,-0.197150,0.000000,-0.003270,0.210843,-16.824177,0.053470,-0.642344,381.510529,0.000252,0.005482,0.000000,0.000000,0.000000,0.000000
5.150000,27.169622,0.000000,-0.001115,0.074546,0.000000,-0.003522,-0.084083,28.168039,0.047988,0.304851,-536.731323,0.000305,-0.009349,0.000000,0.000000,0.000000,0.000000
0.300000,-7.020387,0.000000,-0.000429,0.004343,0.000000,-0.003828,-0.005514,-7.383918,0.057336,0.022960,122.499077,-0.000155,0.002399,0.000000,0.000000,0.000000,0.000000
-1.000000,-1.881753,0.000000,0.000040,-0.014475,0.000000,-0.003672,0.017529,-2.013999,0.054938,-0.081685,29.858271,0.000010,0.000340,0.000000,0.000000,0.000000,0.000000
-2.150000,-1.664628,0.000000,0.000454,-0.031121,0.000000,-0.003682,0.040042,-1.815176,0.054598,-0.204675,24.533014,0.000074,-0.000090,0.000000,0.000000,0.000000,0.000000
-4.900000,-3.980632,0.000000,0.000820,-0.070928,0.000000,-0.003756,0.095958,-4.423884,0.054687,-0.529622,55.373405,0.000176,-0.000384,0.000000,0.000000,0.000000,0.000000
2.880000,11.261570,0.000000,0.001075,0.041688,0.000000,-0.003931,-0.057506,12.778082,0.055071,0.338395,-150.015442,0.000086,-0.001924,0.000000,0.000000,0.000000,0.000000
-2.500000,-3.372681,0.000000,-0.002570,-0.036188,0.000000,-0.003788,0.034545,-3.400784,0.054049,-0.061672,131.602936,0.000029,0.002329,0.000000,0.000000,0.000000,0.000000
-2.680000,-0.260551,0.000000,-0.002540,-0.038793,0.000000,-0.003817,0.037120,-0.263839,0.051721,-0.066267,10.210002,0.000095,0.000010,0.000000,0.000000,0.000000,0.000000
0.510000,4.617533,0.000000,-0.002188,0.007382,0.000000,-0.003912,-0.010008,4.686092,0.051711,0.024332,-133.159836,0.000061,-0.002456,0.000000,0.000000,0.000000,0.000000
-2.630000,-4.545158,0.000000,-0.001704,-0.038069,0.000000,-0.003974,0.039086,-4.660076,0.054166,-0.119077,105.673401,0.000017,0.001683,0.000000,0.000000,0.000000,0.000000
2.470000,7.382263,0.000000,-0.001374,0.035753,0.000000,-0.003991,-0.041260,7.651700,0.052483,0.149592,-145.800247,0.000033,-0.002359,0.000000,0.000000,0.000000,0.000000
2.540000,0.101325,0.000000,-0.000830,0.036767,0.000000,-0.004024,-0.043442,0.103459,0.054842,0.180904,-1.716380,-0.000116,0.000461,0.000000,0.000000,0.000000,0.000000
-2.410000,-7.165138,0.000000,-0.000291,-0.034885,0.000000,-0.003909,0.041778,-7.658078,0.054381,-0.194679,113.533798,-0.000032,0.001622,0.000000,0.000000,0.000000,0.000000
-0.490000,2.779205,0.000000,0.000034,-0.007093,0.000000,-0.003877,0.009038,3.019527,0.052759,-0.046196,-40.810425,0.000082,-0.000901,0.000000,0.000000,0.000000,0.000000
-2.130000,-2.373904,0.000000,0.000439,-0.030832,0.000000,-0.003959,0.041823,-2.639896,0.053659,-0.230833,33.043362,0.000063,0.000003,0.000000,0.000000,0.000000,0.000000
-0.020000,3.054230,0.000000,0.000777,-0.000290,0.000000,-0.004022,0.001510,3.461878,0.053656,-0.008887,-40.642658,0.000070,-0.000794,0.000000,0.000000,0.000000,0.000000
1.210000,-7.512538,0.000000,-0.002285,0.017515,0.000000,-0.003373,-0.020161,-7.573430,0.048279,0.035993,293.075195,-0.000198,0.005648,0.000000,0.000000,0.000000,0.000000
-11.360000,-18.195107,0.000000,-0.002123,-0.164436,0.000000,-0.003175,0.166192,-18.340813,0.042630,-0.296691,709.749390,0.000103,0.012626,0.000000,0.000000,0.000000,0.000000
-2.650000,12.607746,0.000000,-0.002323,-0.038359,0.000000,-0.003277,0.037684,12.798525,0.030004,-0.091616,-363.682495,0.000344,-0.007158,0.000000,0.000000,0.000000,0.000000
-4.270000,-2.344954,0.000000,-0.002131,-0.061808,0.000000,-0.003622,0.064141,-2.404468,0.037162,-0.195409,54.524502,0.000127,0.000517,0.000000,0.000000,0.000000,0.000000
-4.690000,-0.607952,0.000000,-0.002029,-0.067888,0.000000,-0.003749,0.073189,-0.631837,0.036645,-0.265354,12.039423,0.000186,-0.000491,0.000000,0.000000,0.000000,0.000000
-4.070000,0.897452,0.000000,-0.001960,-0.058913,0.000000,-0.003935,0.065808,0.941828,0.037136,-0.274041,-15.624905,0.000196,-0.001036,0.000000,0.000000,0.000000,0.000000
-1.590000,3.589806,0.000000,-0.001878,-0.023015,0.000000,-0.004130,0.025526,3.833131,0.038172,-0.118947,-56.827549,0.000141,-0.001396,0.000000,0.000000,0.000000,0.000000
3.540000,7.425688,0.000000,-0.001704,0.051242,0.000000,-0.004271,-0.067144,8.076160,0.039568,0.343205,-109.153374,-0.000029,-0.001136,0.000000,0.000000,0.000000,0.000000
4.470000,1.346177,0.000000,-0.001325,0.064703,0.000000,-0.004242,-0.088309,1.491965,0.040703,0.487401,-18.674812,-0.000211,0.000967,0.000000,0.000000,0.000000,0.000000
0.070000,-6.369011,0.000000,-0.000916,0.001013,0.000000,-0.004032,-0.002732,-7.232498,0.039737,0.016079,84.909950,-0.000144,0.001649,0.000000,0.000000,0.000000,0.000000
-1.680000,-4.487258,0.000000,0.000391,-0.024318,0.000000,-0.000089,0.025352,-4.523486,0.020158,-0.045259,175.049057,-0.000017,0.003189,0.000000,0.000000,0.000000,0.000000
-1.750000,-0.101325,0.000000,0.000375,-0.025331,0.000000,-0.000072,0.026321,-0.102587,0.016969,-0.046989,3.969905,0.000069,-0.000058,0.000000,0.000000,0.000000,0.000000
0.000000,2.533129,0.000000,0.000479,0.000000,0.000000,-0.000141,0.000501,2.570989,0.017026,-0.001217,-73.057137,0.000050,-0.001387,0.000000,0.000000,0.000000,0.000000
-4.080000,-5.905810,0.000000,0.000667,-0.059058,0.000000,-0.000191,0.064193,-6.053254,0.018413,-0.195567,137.265564,0.000059,0.002073,0.000000,0.000000,0.000000,0.000000
-0.370000,5.370234,0.000000,0.000675,-0.005356,0.000000,-0.000250,0.006702,5.567028,0.016340,-0.024298,-106.077606,0.000123,-0.002078,0.000000,0.000000,0.000000,0.000000
1.020000,2.012029,0.000000,0.000851,0.014765,0.000000,-0.000374,-0.016077,2.113904,0.018418,0.066947,-35.069630,-0.000004,-0.000479,0.000000,0.000000,0.000000,0.000000
3.280000,3.271356,0.000000,0.001093,0.047478,0.000000,-0.000370,-0.056017,3.493102,0.018898,0.261034,-51.786507,-0.000085,-0.000274,0.000000,0.000000,0.000000,0.000000
-0.030000,-4.791234,0.000000,0.001438,-0.000434,0.000000,-0.000285,0.002374,-5.214404,0.019171,-0.012136,70.475288,-0.000092,0.001302,0.000000,0.000000,0.000000,0.000000
-6.330000,-9.119267,0.000000,0.001652,-0.091627,0.000000,-0.000192,0.124755,-10.126001,0.017869,-0.688556,126.746353,0.000146,0.000535,0.000000,0.000000,0.000000,0.000000
3.380000,14.055249,0.000000,0.001612,0.048926,0.000000,-0.000338,-0.066995,15.952151,0.017334,0.394232,-187.279205,0.000121,-0.002481,0.000000,0.000000,0.000000,0.000000
7.160000,5.471560,0.000000,0.001989,0.103641,0.000000,-0.000459,-0.152913,6.360134,0.019815,0.949472,-70.763527,-0.000293,0.001233,0.000000,0.000000,0.000000,0.000000
1.910000,4.993884,0.000000,-0.000744,0.027647,0.000000,-0.001499,-0.028991,5.032784,0.032799,0.051755,-194.757721,0.000017,-0.003550,0.000000,0.000000,0.000000,0.000000
-2.870000,-6.919062,0.000000,-0.000591,-0.041543,0.000000,-0.001516,0.041931,-6.974999,0.036349,-0.074857,269.917267,-0.000019,0.004915,0.000000,0.000000,0.000000,0.000000
-0.710000,3.126605,0.000000,-0.000409,-0.010277,0.000000,-0.001498,0.010319,3.173058,0.031434,-0.025088,-90.165497,0.000088,-0.001784,0.000000,0.000000,0.000000,0.000000
2.600000,4.791234,0.000000,-0.000130,0.037635,0.000000,-0.001586,-0.040590,4.908668,0.033218,0.123659,-111.310547,-0.000017,-0.001770,0.000000,0.000000,0.000000,0.000000
3.740000,1.650153,0.000000,0.000297,0.054137,0.000000,-0.001569,-0.059831,1.709031,0.034988,0.216925,-32.564949,-0.000129,-0.000027,0.000000,0.000000,0.000000,0.000000
7.640000,5.645260,0.000000,0.000776,0.110589,0.000000,-0.001439,-0.126887,5.932569,0.035015,0.528386,-98.421219,-0.000231,-0.000434,0.000000,0.000000,0.000000,0.000000
6.640000,-1.447503,0.000000,0.001428,0.096114,0.000000,-0.001209,-0.114347,-1.549301,0.035449,0.532844,22.968954,-0.000338,0.001877,0.000000,0.000000,0.000000,0.000000
-4.540000,-16.183079,0.000000,0.002046,-0.065717,0.000000,-0.000870,0.085934,-17.608740,0.033572,-0.439252,237.990982,-0.000100,0.003315,0.000000,0.000000,0.000000,0.000000
-6.330000,-2.591030,0.000000,0.002203,-0.091627,0.000000,-0.000770,0.125492,-2.880105,0.030257,-0.692626,36.050041,0.000285,-0.001197,0.000000,0.000000,0.000000,0.000000
7.170000,19.541285,0.000000,0.002300,0.103786,0.000000,-0.001055,-0.143700,22.177917,0.031454,0.845607,-260.370056,0.000031,-0.002641,0.000000,0.000000,0.000000,0.000000
4.830000,-3.387156,0.000000,0.002976,0.069914,0.000000,-0.001086,-0.100693,-3.944925,0.034095,0.625226,43.891659,-0.000347,0.002527,0.000000,0.000000,0.000000,0.000000
4.450000,9.264016,0.000000,0.000000,0.064414,0.000000,0.000000,-0.064798,9.282403,0.000000,0.058522,-710.033997,0.000001,-0.013291,0.000000,0.000000,0.000000,0.000000
7.340000,4.183283,0.000000,0.000174,0.106247,0.000000,-0.000001,-0.106705,4.191410,0.013291,0.096371,-320.611298,-0.000209,-0.005786,0.000000,0.000000,0.000000,0.000000
-7.650000,-21.698063,0.000000,0.000656,-0.110734,0.000000,0.000208,0.113454,-21.832371,0.019076,-0.179052,955.700378,-0.000106,0.017623,0.000000,0.000000,0.000000,0.000000
-4.180000,5.022834,0.000000,0.000375,-0.060506,0.000000,0.000314,0.063203,5.086458,0.001454,-0.141088,-157.414001,0.000267,-0.003395,0.000000,0.000000,0.000000,0.000000
-3.740000,0.636901,0.000000,0.000263,-0.054137,0.000000,0.000047,0.057932,0.650393,0.004849,-0.165565,-15.722020,0.000169,-0.000739,0.000000,0.000000,0.000000,0.000000
-2.950000,1.143527,0.000000,0.000173,-0.042701,0.000000,-0.000122,0.047122,1.180739,0.005588,-0.162516,-23.651722,0.000150,-0.000886,0.000000,0.000000,0.000000,0.000000
