-0.237863,0.129959,-0.000000,ovf,-0.000000,ovf,0.000003,-0.061435,-0.000000,-0.000000,0.000000,ovf,ovf,ovf,-0.000011,ovf,0.000000,-0.000000
-0.060000,-0.086850,0.000000,0.000000,-0.000869,0.000000,0.000000,0.000874,-0.087023,0.000000,-0.000789,6.656568,0.000001,0.000124,0.000000,0.000000,0.000000,0.000000
1.460000,2.200204,0.000000,-0.000002,0.021134,0.000000,-0.000001,-0.021262,2.204572,-0.000124,0.019203,-168.633194,-0.000016,-0.003141,0.000000,0.000000,0.000000,0.000000
0.710000,-1.085627,0.000000,0.000086,0.010277,0.000000,0.000015,-0.010381,-1.092396,0.003017,0.016383,47.819046,-0.000049,0.000956,0.000000,0.000000,0.000000,0.000000
-0.130000,-1.215902,0.000000,0.000135,-0.001882,0.000000,0.000064,0.002094,-1.231399,0.002062,-0.004675,38.108913,-0.000018,0.000707,0.000000,0.000000,0.000000,0.000000
-0.700000,-0.825076,0.000000,0.000146,-0.010133,0.000000,0.000081,0.010946,-0.842933,0.001355,-0.031283,20.376286,0.000014,0.000300,0.000000,0.000000,0.000000,0.000000
-1.180000,-0.694801,0.000000,0.000132,-0.017081,0.000000,0.000068,0.018918,-0.717678,0.001055,-0.065246,14.376014,0.000038,0.000095,0.000000,0.000000,0.000000,0.000000
-0.710000,0.680326,0.000000,0.000098,-0.010277,0.000000,0.000030,0.011836,0.711891,0.000960,-0.047350,-12.293820,0.000045,-0.000361,0.000000,0.000000,0.000000,0.000000
-0.380000,0.477676,0.000000,0.000084,-0.005501,0.000000,-0.000015,0.006649,0.507518,0.001321,-0.029983,-7.774711,0.000028,-0.000228,0.000000,0.000000,0.000000,0.000000
0.200000,0.839551,0.000000,0.000086,0.002895,0.000000,-0.000043,-0.003507,0.907809,0.001548,0.017447,-12.605844,0.000008,-0.000191,0.000000,0.000000,0.000000,0.000000
-0.040000,-0.347401,0.000000,0.000112,-0.000579,0.000000,-0.000050,0.000909,-0.383342,0.001739,-0.004905,4.907432,-0.000005,0.000080,0.000000,0.000000,0.000000,0.000000
0.990000,1.490928,0.000000,0.000129,0.014330,0.000000,-0.000046,-0.019745,1.680091,0.001659,0.114024,-20.098949,-0.000022,-0.000072,0.000000,0.000000,0.000000,0.000000
-0.870000,-2.692355,0.000000,0.000191,-0.012593,0.000000,-0.000024,0.018864,-3.107285,0.001732,-0.115294,35.122192,-0.000008,0.000353,0.000000,0.000000,0.000000,0.000000
0.370000,1.794903,0.000000,0.000175,0.005356,0.000000,-0.000016,-0.008138,2.124735,0.001378,0.052170,-22.898437,0.000018,-0.000293,0.000000,0.000000,0.000000,0.000000
0.970000,0.868502,0.000000,0.000213,0.014041,0.000000,-0.000035,-0.023193,1.056504,0.001671,0.154760,-10.938127,-0.000043,0.000212,0.000000,0.000000,0.000000,0.000000
0.660000,-0.448726,0.000000,0.000277,0.009554,0.000000,0.000008,-0.016653,-0.562798,0.001459,0.114947,5.632807,-0.000056,0.000417,0.000000,0.000000,0.000000,0.000000
3.560000,7.107237,0.000000,0.001227,0.051531,0.000000,0.001246,-0.051380,7.163624,0.002810,0.091726,-277.216614,-0.000003,-0.005002,0.000000,0.000000,0.000000,0.000000
-4.590000,-11.797146,0.000000,0.001485,-0.066440,0.000000,0.001249,0.069549,-11.891239,0.007811,-0.124161,460.165009,-0.000037,0.008387,0.000000,0.000000,0.000000,0.000000
-1.740000,4.125382,0.000000,0.001324,-0.025187,0.000000,0.001286,0.027723,4.187987,-0.000575,-0.067399,-119.005684,0.000154,-0.002451,0.000000,0.000000,0.000000,0.000000
1.090000,4.096432,0.000000,0.001305,0.015778,0.000000,0.001132,-0.015555,4.197802,0.001876,0.047390,-95.190727,0.000037,-0.001670,0.000000,0.000000,0.000000,0.000000
-0.860000,-2.822630,0.000000,0.001423,-0.012449,0.000000,0.001094,0.015415,-2.927079,0.003546,-0.055890,55.774380,-0.000014,0.000908,0.000000,0.000000,0.000000,0.000000
5.480000,9.177166,0.000000,0.001464,0.079323,0.000000,0.001108,-0.089964,9.647441,0.002638,0.374632,-160.050873,-0.000061,-0.002019,0.000000,0.000000,0.000000,0.000000
7.320000,2.663405,0.000000,0.001791,0.105957,0.000000,0.001169,-0.125796,2.844323,0.004657,0.586194,-42.168121,-0.000286,0.000791,0.000000,0.000000,0.000000,0.000000
-13.510000,-30.151478,0.000000,0.002208,-0.195558,0.000000,0.001455,0.250798,-32.802589,0.003866,-1.281954,443.343506,0.000058,0.004926,0.000000,0.000000,0.000000,0.000000
-1.440000,17.471355,0.000000,0.001756,-0.020844,0.000000,0.001397,0.030226,19.394579,-0.001060,-0.166824,-242.760391,0.000449,-0.005057,0.000000,0.000000,0.000000,0.000000
3.310000,6.875638,0.000000,0.001825,0.047912,0.000000,0.000948,-0.065258,7.803223,0.003997,0.384010,-91.610306,-0.000030,-0.000687,0.000000,0.000000,0.000000,0.000000
0.120000,-4.617533,0.000000,0.002105,0.001737,0.000000,0.000978,0.000553,-5.372515,0.004684,-0.003433,59.775162,-0.000100,0.001124,0.000000,0.000000,0.000000,0.000000
-3.340000,-4.834659,0.000000,-0.000419,-0.048347,0.000000,-0.000903,0.049124,-4.873633,0.021006,-0.087697,188.598984,0.000041,0.003332,0.000000,0.000000,0.000000,0.000000
2.600000,8.598166,0.000000,-0.000499,0.037635,0.000000,-0.000944,-0.039045,8.666113,0.017674,0.069705,-335.359619,0.000058,-0.006168,0.000000,0.000000,0.000000,0.000000
1.520000,-1.563303,0.000000,-0.000171,0.022002,0.000000,-0.001003,-0.023187,-1.587887,0.023842,0.056372,45.121353,-0.000093,0.001018,0.000000,0.000000,0.000000,0.000000
6.950000,7.859938,0.000000,0.000104,0.100601,0.000000,-0.000910,-0.108015,8.053937,0.022824,0.329072,-182.633713,-0.000140,-0.002570,0.000000,0.000000,0.000000,0.000000
-3.120000,-14.576350,0.000000,0.000625,-0.045162,0.000000,-0.000770,0.050883,-15.114685,0.025394,-0.184482,288.004547,-0.000148,0.004959,0.000000,0.000000,0.000000,0.000000
1.850000,7.194088,0.000000,0.000705,0.026779,0.000000,-0.000622,-0.030128,7.561763,0.020435,0.125460,-125.449516,0.000062,-0.002045,0.000000,0.000000,0.000000,0.000000
-0.620000,-3.575331,0.000000,0.001005,-0.008975,0.000000,-0.000684,0.012052,-3.821426,0.022480,-0.056161,56.654037,-0.000040,0.000925,0.000000,0.000000,0.000000,0.000000
-6.540000,-8.569216,0.000000,0.001206,-0.094667,0.000000,-0.000644,0.121581,-9.324467,0.021555,-0.621463,126.024849,0.000152,0.000704,0.000000,0.000000,0.000000,0.000000
10.630000,18.426708,0.000000,-0.000792,0.153870,0.000000,-0.001450,-0.158289,18.572546,0.028705,0.282582,-718.716980,-0.000077,-0.012846,0.000000,0.000000,0.000000,0.000000
3.100000,-10.899694,0.000000,-0.000306,0.044873,0.000000,-0.001373,-0.046259,-10.987438,0.041551,0.082582,425.189880,-0.000333,0.008298,0.000000,0.000000,0.000000,0.000000
-9.180000,-17.775331,0.000000,0.000136,-0.132881,0.000000,-0.001040,0.139101,-18.046684,0.033253,-0.338179,512.814026,0.000035,0.008780,0.000000,0.000000,0.000000,0.000000
-8.210000,1.404078,0.000000,0.000004,-0.118840,0.000000,-0.001075,0.127734,1.437836,0.024473,-0.389149,-32.604843,0.000373,-0.001686,0.000000,0.000000,0.000000,0.000000
0.890000,13.172274,0.000000,-0.000083,0.012883,0.000000,-0.001448,-0.014409,13.656074,0.026159,0.052242,-260.211304,0.000219,-0.004783,0.000000,0.000000,0.000000,0.000000
5.870000,7.208563,0.000000,0.000229,0.084968,0.000000,-0.001667,-0.097914,7.576486,0.030942,0.407737,-125.693756,-0.000122,-0.001268,0.000000,0.000000,0.000000,0.000000
-1.410000,-10.537818,0.000000,0.000758,-0.020410,0.000000,-0.001545,0.025563,-11.260017,0.032210,-0.119122,166.933853,-0.000144,0.002841,0.000000,0.000000,0.000000,0.000000
-3.310000,-2.750255,0.000000,0.000979,-0.047912,0.000000,-0.001401,0.062002,-2.994594,0.029369,-0.316923,40.473450,0.000111,-0.000096,0.000000,0.000000,0.000000,0.000000
7.110000,8.960041,0.000000,-0.000596,0.102917,0.000000,-0.001415,-0.105901,9.030408,0.035431,0.189057,-349.457092,-0.000116,-0.006105,0.000000,0.000000,0.000000,0.000000
11.120000,5.804485,0.000000,-0.000232,0.160962,0.000000,-0.001300,-0.165046,5.849586,0.041537,0.294645,-226.366165,-0.000335,-0.003478,0.000000,0.000000,0.000000,0.000000
-4.150000,-22.103363,0.000000,0.000648,-0.060071,0.000000,-0.000964,0.063497,-22.440958,0.045015,-0.154372,637.681580,-0.000253,0.011663,0.000000,0.000000,0.000000,0.000000
-3.150000,1.447502,0.000000,0.000816,-0.045596,0.000000,-0.000712,0.049884,1.481829,0.033351,-0.151974,-33.602444,0.000163,-0.001069,0.000000,0.000000,0.000000,0.000000
0.120000,4.733334,0.000000,0.001035,0.001737,0.000000,-0.000875,-0.000780,4.905644,0.034420,0.002829,-93.475182,0.000090,-0.001760,0.000000,0.000000,0.000000,0.000000
1.380000,1.823853,0.000000,0.001404,0.019976,0.000000,-0.000966,-0.021459,1.914843,0.036180,0.089359,-31.767204,-0.000022,-0.000357,0.000000,0.000000,0.000000,0.000000
-9.960000,-16.414679,0.000000,0.001837,-0.144171,0.000000,-0.000944,0.176325,-17.538971,0.036537,-0.821657,260.021637,0.000145,0.002702,0.000000,0.000000,0.000000,0.000000
3.380000,19.309683,0.000000,0.001794,0.048926,0.000000,-0.001089,-0.059770,21.003286,0.033835,0.305513,-283.869995,0.000236,-0.004554,0.000000,0.000000,0.000000,0.000000
8.080000,6.803262,0.000000,0.002331,0.116958,0.000000,-0.001324,-0.153307,7.548084,0.038389,0.846146,-94.478783,-0.000272,0.000508,0.000000,0.000000,0.000000,0.000000
3.600000,-6.484811,0.000000,0.003079,0.052110,0.000000,-0.001052,-0.069426,-7.366625,0.037881,0.408538,86.484612,-0.000327,0.002742,0.000000,0.000000,0.000000,0.000000
2.280000,-1.910703,0.000000,0.003660,0.033003,0.000000,-0.000725,-0.044140,-2.228435,0.035139,0.274077,24.793798,-0.000161,0.001206,0.000000,0.000000,0.000000,0.000000
-0.500000,5.471560,0.000000,-0.002726,-0.007238,0.000000,-0.003996,0.004749,5.513740,0.056420,-0.008478,-213.369675,0.000118,-0.004065,0.000000,0.000000,0.000000,0.000000
-1.880000,-1.997554,0.000000,-0.002612,-0.027213,0.000000,-0.004114,0.025189,-2.014880,0.060485,-0.044968,77.971436,0.000030,0.001362,0.000000,0.000000,0.000000,0.000000
0.060000,2.808155,0.000000,-0.002158,0.000869,0.000000,-0.004144,-0.003164,2.848949,0.059123,0.007693,-80.955650,0.000045,-0.001515,0.000000,0.000000,0.000000,0.000000
-12.490000,-18.166157,0.000000,-0.001628,-0.180793,0.000000,-0.004189,0.192567,-18.619335,0.060637,-0.586663,422.218109,0.000168,0.006411,0.000000,0.000000,0.000000,0.000000
0.230000,18.412233,0.000000,-0.001680,0.003329,0.000000,-0.004357,-0.005567,19.087893,0.054227,0.020182,-363.712585,0.000346,-0.006844,0.000000,0.000000,0.000000,0.000000
0.510000,0.405301,0.000000,-0.001181,0.007382,0.000000,-0.004703,-0.009895,0.422757,0.061071,0.041205,-7.013533,-0.000019,-0.000009,0.000000,0.000000,0.000000,0.000000
-0.910000,-2.055454,0.000000,-0.000681,-0.013172,0.000000,-0.004684,0.015085,-2.199704,0.061080,-0.070293,32.611412,-0.000001,0.000427,0.000000,0.000000,0.000000,0.000000
-1.420000,-0.738226,0.000000,-0.000248,-0.020555,0.000000,-0.004683,0.025752,-0.807471,0.060652,-0.131630,10.913382,0.000054,-0.000150,0.000000,0.000000,0.000000,0.000000
-2.790000,-1.983079,0.000000,0.000161,-0.040385,0.000000,-0.004738,0.054227,-2.206433,0.060802,-0.299297,27.617750,0.000105,-0.000286,0.000000,0.000000,0.000000,0.000000
0.670000,5.008359,0.000000,0.000511,0.009698,0.000000,-0.004842,-0.013008,5.679657,0.061089,0.076549,-66.679512,0.000072,-0.001055,0.000000,0.000000,0.000000,0.000000
-7.990000,-14.576350,0.000000,-0.002388,-0.115655,0.000000,-0.003558,0.116094,-14.693507,0.051845,-0.207254,568.606567,0.000036,0.010208,0.000000,0.000000,0.000000,0.000000
-0.380000,11.015494,0.000000,-0.002578,-0.005501,0.000000,-0.003593,0.002993,11.102145,0.041638,-0.005343,-429.628815,0.000218,-0.008168,0.000000,0.000000,0.000000,0.000000
-2.430000,-2.967381,0.000000,-0.002153,-0.035174,0.000000,-0.003812,0.034531,-3.014042,0.049806,-0.083952,85.646935,0.000036,0.001410,0.000000,0.000000,0.000000,0.000000
-6.190000,-5.442609,0.000000,-0.001842,-0.089600,0.000000,-0.003848,0.094323,-5.579520,0.048396,-0.287361,126.523010,0.000149,0.001616,0.000000,0.000000,0.000000,0.000000
-0.010000,8.945566,0.000000,-0.001714,-0.000145,0.000000,-0.003997,-0.001743,9.272953,0.046780,0.006321,-176.692581,0.000171,-0.003332,0.000000,0.000000,0.000000,0.000000
7.750000,11.232620,0.000000,-0.001325,0.112181,0.000000,-0.004168,-0.131155,11.806303,0.050112,0.546158,-195.866348,-0.000132,-0.002225,0.000000,0.000000,0.000000,0.000000
2.360000,-7.802039,0.000000,-0.000611,0.034161,0.000000,-0.004036,-0.041992,-8.338221,0.052337,0.195678,123.617149,-0.000271,0.002874,0.000000,0.000000,0.000000,0.000000
2.320000,-0.057900,0.000000,-0.000133,0.033582,0.000000,-0.003765,-0.042756,-0.066584,0.049463,0.218549,0.899919,-0.000116,0.000603,0.000000,0.000000,0.000000,0.000000
-2.190000,-6.528236,0.000000,0.000341,-0.031700,0.000000,-0.003648,0.042853,-7.251315,0.048860,-0.236521,90.764130,-0.000021,0.001078,0.000000,0.000000,0.000000,0.000000
-1.860000,0.477676,0.000000,0.000627,-0.026924,0.000000,-0.003627,0.039010,0.537717,0.047782,-0.229557,-6.312834,0.000116,-0.000742,0.000000,0.000000,0.000000,0.000000
3.610000,6.542712,0.000000,-0.001885,0.052255,0.000000,-0.002827,-0.055337,6.593751,0.041737,0.098789,-255.163773,-0.000025,-0.004563,0.000000,0.000000,0.000000,0.000000
-6.870000,-15.169827,0.000000,-0.001644,-0.099443,0.000000,-0.002802,0.100136,-15.291590,0.046300,-0.178766,591.751099,-0.000019,0.010730,0.000000,0.000000,0.000000,0.000000
-2.890000,5.761060,0.000000,-0.001602,-0.041833,0.000000,-0.002784,0.042071,5.847515,0.035571,-0.102282,-166.162781,0.000225,-0.003443,0.000000,0.000000,0.000000,0.000000
2.680000,8.062590,0.000000,-0.001384,0.038793,0.000000,-0.003008,-0.043183,8.261119,0.039013,0.131558,-187.331818,0.000039,-0.003185,0.000000,0.000000,0.000000,0.000000
3.670000,1.433028,0.000000,-0.000926,0.053123,0.000000,-0.003048,-0.060065,1.483789,0.042198,0.217771,-28.273046,-0.000134,0.000060,0.000000,0.000000,0.000000,0.000000
-1.320000,-7.223038,0.000000,-0.000431,-0.019107,0.000000,-0.002913,0.021580,-7.596049,0.042139,-0.089863,126.018333,-0.000085,0.002143,0.000000,0.000000,0.000000,0.000000
-0.120000,1.737003,0.000000,-0.000157,-0.001737,0.000000,-0.002828,0.001908,1.853003,0.039996,-0.008891,-27.471447,0.000040,-0.000548,0.000000,0.000000,0.000000,0.000000
-0.810000,-0.998777,0.000000,0.000167,-0.011725,0.000000,-0.002868,0.015080,-1.089631,0.040544,-0.077083,14.726908,0.000020,0.000071,0.000000,0.000000,0.000000,0.000000
0.210000,1.476453,0.000000,0.000461,0.003040,0.000000,-0.002888,-0.003448,1.635553,0.040472,0.019032,-20.472092,0.000022,-0.000336,0.000000,0.000000,0.000000,0.000000
7.500000,10.552294,0.000000,0.000802,0.108563,0.000000,-0.002910,-0.152586,11.974359,0.040809,0.897892,-140.579681,-0.000186,-0.000232,0.000000,0.000000,0.000000,0.000000
11.200000,5.355760,0.000000,0.001451,0.162120,0.000000,-0.002724,-0.241690,6.223999,0.041041,1.500708,-69.248871,-0.000536,0.002749,0.000000,0.000000,0.000000,0.000000
-4.260000,-17.167381,0.000000,-0.001158,-0.061664,0.000000,-0.002146,0.062055,-17.304976,0.043088,-0.110782,669.664734,-0.000159,0.012375,0.000000,0.000000,0.000000,0.000000
1.230000,7.946789,0.000000,-0.001222,0.017804,0.000000,-0.001987,-0.019481,8.009254,0.030713,0.034778,-309.940613,0.000099,-0.005798,0.000000,0.000000,0.000000,0.000000
3.130000,2.750255,0.000000,-0.000838,0.045307,0.000000,-0.002086,-0.048255,2.790847,0.036510,0.117318,-79.304611,-0.000078,-0.001174,0.000000,0.000000,0.000000,0.000000
1.400000,-2.504179,0.000000,-0.000372,0.020265,0.000000,-0.002008,-0.022181,-2.567921,0.037684,0.067576,58.231018,-0.000108,0.001288,0.000000,0.000000,0.000000,0.000000
1.500000,0.144750,0.000000,0.000011,0.021713,0.000000,-0.001900,-0.024116,0.148169,0.036396,0.087437,-2.823307,-0.000062,0.000181,0.000000,0.000000,0.000000,0.000000
5.120000,5.239959,0.000000,0.000399,0.074112,0.000000,-0.001838,-0.085174,5.506510,0.036216,0.354683,-91.352898,-0.000126,-0.000771,0.000000,0.000000,0.000000,0.000000
-4.710000,-14.228951,0.000000,0.000946,-0.068177,0.000000,-0.001712,0.083476,-15.203650,0.036986,-0.388989,225.399628,-0.000062,0.003217,0.000000,0.000000,0.000000,0.000000
-4.140000,0.825077,0.000000,0.001076,-0.059927,0.000000,-0.001650,0.077361,0.894571,0.033769,-0.395433,-12.090576,0.000226,-0.001305,0.000000,0.000000,0.000000,0.000000
-3.040000,1.592253,0.000000,0.001238,-0.044004,0.000000,-0.001876,0.060509,1.764080,0.035074,-0.333967,-22.080849,0.000197,-0.001319,0.000000,0.000000,0.000000,0.000000
0.920000,5.732111,0.000000,0.001454,0.013317,0.000000,-0.002073,-0.016797,6.502655,0.036393,0.098842,-76.341560,0.000077,-0.001176,0.000000,0.000000,0.000000,0.000000
3.790000,6.890112,0.000000,-0.002115,0.054860,0.000000,-0.003065,-0.058240,6.943913,0.042232,0.103972,-268.714264,-0.000026,-0.004805,0.000000,0.000000,0.000000,0.000000
-5.060000,-12.810397,0.000000,-0.001867,-0.073244,0.000000,-0.003039,0.073082,-12.913404,0.047037,-0.130469,499.720551,-0.000047,0.009118,0.000000,0.000000,0.000000,0.000000
-2.410000,3.835881,0.000000,-0.001733,-0.034885,0.000000,-0.002992,0.034668,3.893005,0.037919,-0.084284,-110.623482,0.000168,-0.002339,0.000000,0.000000,0.000000,0.000000
-3.580000,-1.693578,0.000000,-0.001488,-0.051821,0.000000,-0.003160,0.054098,-1.737160,0.040258,-0.164812,39.392395,0.000113,0.000304,0.000000,0.000000,0.000000,0.000000
4.060000,11.058919,0.000000,-0.001307,0.058769,0.000000,-0.003273,-0.066762,11.464416,0.039954,0.242051,-218.450104,0.000036,-0.003482,0.000000,0.000000,0.000000,0.000000
-1.750000,-8.409989,0.000000,-0.000798,-0.025331,0.000000,-0.003309,0.028348,-8.843872,0.043436,-0.118046,146.719696,-0.000091,0.002465,0.000000,0.000000,0.000000,0.000000
-0.040000,2.475229,0.000000,-0.000549,-0.000579,0.000000,-0.003218,0.000036,2.641733,0.040971,-0.000169,-39.164661,0.000050,-0.000747,0.000000,0.000000,0.000000,0.000000
-0.690000,-0.940877,0.000000,-0.000230,-0.009988,0.000000,-0.003268,0.012374,-1.026539,0.041717,-0.063248,13.874187,0.000014,0.000093,0.000000,0.000000,0.000000,0.000000
-3.810000,-4.516208,0.000000,0.000058,-0.055150,0.000000,-0.003282,0.073837,-5.016951,0.041624,-0.407525,62.796776,0.000105,0.000087,0.000000,0.000000,0.000000,0.000000
-2.270000,2.229154,0.000000,0.000214,-0.032858,0.000000,-0.003387,0.046829,2.526727,0.041538,-0.275566,-29.663927,0.000174,-0.001307,0.000000,0.000000,0.000000,0.000000
4.930000,19.425484,0.000000,-0.001046,0.071362,0.000000,-0.001810,-0.074059,19.579155,0.033450,0.132212,-757.670471,0.000170,-0.013986,0.000000,0.000000,0.000000,0.000000
-4.500000,-13.649948,0.000000,-0.000773,-0.065138,0.000000,-0.001980,0.065903,-13.759695,0.047437,-0.117652,532.470093,-0.000083,0.009790,0.000000,0.000000,0.000000,0.000000
-7.140000,-3.821406,0.000000,-0.000599,-0.103352,0.000000,-0.001898,0.107452,-3.880760,0.037647,-0.261236,110.275528,0.000217,0.001363,0.000000,0.000000,0.000000,0.000000
-7.470000,-0.477676,0.000000,-0.000554,-0.108128,0.000000,-0.002115,0.115622,-0.491048,0.036283,-0.352247,11.135164,0.000303,-0.000745,0.000000,0.000000,0.000000,0.000000
-6.000000,2.127829,0.000000,-0.000528,-0.086850,0.000000,-0.002418,0.095930,2.204368,0.037028,-0.347804,-42.003399,0.000301,-0.001735,0.000000,0.000000,0.000000,0.000000
3.830000,14.228950,0.000000,-0.000442,0.055439,0.000000,-0.002719,-0.064569,14.956794,0.038763,0.268882,-248.132965,0.000108,-0.003968,0.000000,0.000000,0.000000,0.000000
-4.220000,-11.652395,0.000000,0.000067,-0.061085,0.000000,-0.002827,0.073849,-12.451167,0.042730,-0.344129,184.593094,-0.000036,0.002572,0.000000,0.000000,0.000000,0.000000
-0.930000,4.762283,0.000000,0.000229,-0.013462,0.000000,-0.002791,0.017362,5.177720,0.040159,-0.088747,-69.979477,0.000145,-0.001570,0.000000,0.000000,0.000000,0.000000
7.540000,12.260347,0.000000,0.000532,0.109142,0.000000,-0.002936,-0.145258,13.606970,0.041729,0.801721,-170.317352,-0.000136,-0.001053,0.000000,0.000000,0.000000,0.000000
0.180000,-10.653619,0.000000,0.001195,0.002606,0.000000,-0.002800,-0.001997,-12.097914,0.042782,0.011753,142.030243,-0.000234,0.002723,0.000000,0.000000,0.000000,0.000000
-3.060000,-4.892559,0.000000,-0.001191,-0.044294,0.000000,-0.002139,0.044231,-4.932487,0.041407,-0.078963,190.876480,0.000027,0.003396,0.000000,0.000000,0.000000,0.000000
-2.470000,0.854026,0.000000,-0.001212,-0.035753,0.000000,-0.002166,0.035367,0.859893,0.038011,-0.063138,-33.275997,0.000112,-0.000807,0.000000,0.000000,0.000000,0.000000
-0.590000,2.721305,0.000000,-0.000954,-0.008540,0.000000,-0.002278,0.007934,2.761386,0.038818,-0.019288,-78.467453,0.000074,-0.001536,0.000000,0.000000,0.000000,0.000000
-0.080000,0.738226,0.000000,-0.000615,-0.001158,0.000000,-0.002351,0.000584,0.754852,0.040355,-0.001779,-17.117279,0.000016,-0.000326,0.000000,0.000000,0.000000,0.000000
3.190000,4.733334,0.000000,-0.000258,0.046175,0.000000,-0.002367,-0.051601,4.905589,0.040681,0.187086,-93.474144,-0.000047,-0.001263,0.000000,0.000000,0.000000,0.000000
-2.620000,-8.409989,0.000000,0.000240,-0.037925,0.000000,-0.002320,0.044098,-8.844084,0.041944,-0.183636,146.723190,-0.000048,0.002284,0.000000,0.000000,0.000000,0.000000
-0.350000,3.285830,0.000000,0.000486,-0.005066,0.000000,-0.002272,0.006706,3.507395,0.039660,-0.031248,-51.998402,0.000085,-0.001073,0.000000,0.000000,0.000000,0.000000
-4.420000,-5.891335,0.000000,0.000833,-0.063980,0.000000,-0.002357,0.082193,-6.412490,0.040733,-0.420127,86.668022,0.000101,0.000507,0.000000,0.000000,0.000000,0.000000
-0.530000,5.630785,0.000000,0.001011,-0.007672,0.000000,-0.002458,0.011613,6.247111,0.040227,-0.064095,-78.194580,0.000150,-0.001655,0.000000,0.000000,0.000000,0.000000
2.140000,3.864832,0.000000,0.001360,0.030977,0.000000,-0.002607,-0.041936,4.382619,0.041882,0.246776,-51.452213,-0.000031,-0.000304,0.000000,0.000000,0.000000,0.000000
1.750000,5.761060,0.000000,-0.001791,0.025331,0.000000,-0.002818,-0.027664,5.805788,0.045271,0.049387,-224.671280,0.000035,-0.004120,0.000000,0.000000,0.000000,0.000000
-1.890000,-5.268909,0.000000,-0.001614,-0.027358,0.000000,-0.002853,0.026359,-5.312012,0.049391,-0.047056,205.563278,-0.000029,0.003773,0.000000,0.000000,0.000000,0.000000
-0.990000,1.302752,0.000000,-0.001274,-0.014330,0.000000,-0.002824,0.013654,1.321062,0.045618,-0.033194,-37.539246,0.000062,-0.000808,0.000000,0.000000,0.000000,0.000000
-0.940000,0.072375,0.000000,-0.000901,-0.013607,0.000000,-0.002886,0.013656,0.072254,0.046426,-0.041604,-1.638447,0.000038,-0.000142,0.000000,0.000000,0.000000,0.000000
4.090000,7.280938,0.000000,-0.000533,0.059203,0.000000,-0.002924,-0.066385,7.546775,0.046568,0.240684,-143.800934,-0.000037,-0.002072,0.000000,0.000000,0.000000,0.000000
0.930000,-4.574108,0.000000,0.000052,0.013462,0.000000,-0.002887,-0.015495,-4.811741,0.048639,0.064524,79.826706,-0.000133,0.001690,0.000000,0.000000,0.000000,0.000000
-0.260000,-1.722528,0.000000,0.000499,-0.003764,0.000000,-0.002754,0.005147,-1.843534,0.046949,-0.023985,27.331057,-0.000021,0.000450,0.000000,0.000000,0.000000,0.000000
0.860000,1.621203,0.000000,0.000897,0.012449,0.000000,-0.002733,-0.014649,1.759807,0.046500,0.074880,-23.784668,-0.000006,-0.000249,0.000000,0.000000,0.000000,0.000000
-1.050000,-2.764730,0.000000,0.001348,-0.015199,0.000000,-0.002727,0.022130,-3.073748,0.046748,-0.122143,38.473854,0.000002,0.000399,0.000000,0.000000,0.000000,0.000000
1.060000,3.054230,0.000000,0.001727,0.015344,0.000000,-0.002729,-0.019281,3.461827,0.046350,0.113460,-40.642056,0.000013,-0.000463,0.000000,0.000000,0.000000,0.000000
-3.340000,-6.369011,0.000000,0.002204,-0.048347,0.000000,-0.002742,0.076043,-7.413406,0.046813,-0.472166,82.482330,0.000065,0.000285,0.000000,0.000000,0.000000,0.000000
-1.520000,-3.821407,0.000000,-0.002391,-0.022002,0.000000,-0.003527,0.020196,-3.852992,0.050387,-0.036054,149.102386,-0.000018,0.002725,0.000000,0.000000,0.000000,0.000000
-5.380000,-5.587360,0.000000,-0.002331,-0.077876,0.000000,-0.003508,0.077350,-5.632917,0.047661,-0.138087,217.981583,0.000103,0.003749,0.000000,0.000000,0.000000,0.000000
-2.580000,4.053007,0.000000,-0.002160,-0.037346,0.000000,-0.003611,0.036795,4.113258,0.043912,-0.089455,-116.882179,0.000177,-0.002462,0.000000,0.000000,0.000000,0.000000
-2.450000,0.188175,0.000000,-0.001873,-0.035464,0.000000,-0.003788,0.036103,0.191069,0.046374,-0.109990,-4.332755,0.000101,-0.000375,0.000000,0.000000,0.000000,0.000000
0.890000,4.834659,0.000000,-0.001595,0.012883,0.000000,-0.003889,-0.016090,5.010611,0.046750,0.058334,-95.475281,0.000051,-0.001649,0.000000,0.000000,0.000000,0.000000
-1.350000,-3.242406,0.000000,-0.001182,-0.019541,0.000000,-0.003940,0.021214,-3.411340,0.048399,-0.088340,56.594074,-0.000007,0.000836,0.000000,0.000000,0.000000,0.000000
-0.750000,0.868502,0.000000,-0.000875,-0.010856,0.000000,-0.003933,0.012054,0.924945,0.047563,-0.056169,-13.712640,0.000050,-0.000413,0.000000,0.000000,0.000000,0.000000
-1.130000,-0.550051,0.000000,-0.000549,-0.016357,0.000000,-0.003983,0.020046,-0.601677,0.047976,-0.102466,8.131963,0.000043,-0.000122,0.000000,0.000000,0.000000,0.000000
-3.550000,-3.502956,0.000000,-0.000245,-0.051386,0.000000,-0.004026,0.068399,-3.892446,0.048099,-0.377511,48.721432,0.000111,-0.000098,0.000000,0.000000,0.000000,0.000000
1.100000,6.730887,0.000000,-0.000045,0.015923,0.000000,-0.004137,-0.022609,7.636471,0.048197,0.133043,-89.652634,0.000083,-0.001338,0.000000,0.000000,0.000000,0.000000
8.940000,3.083180,0.000000,-0.001232,0.129407,0.000000,-0.002083,-0.133672,3.106790,0.037309,0.238635,-120.226006,-0.000303,-0.001628,0.000000,0.000000,0.000000,0.000000
-3.920000,-18.614883,0.000000,-0.000792,-0.056742,0.000000,-0.001780,0.057287,-18.763893,0.038938,-0.102270,726.121765,-0.000200,0.013475,0.000000,0.000000,0.000000,0.000000
-7.450000,-5.109684,0.000000,-0.000715,-0.107839,0.000000,-0.001580,0.112023,-5.188179,0.025462,-0.272349,147.427139,0.000205,0.002030,0.000000,0.000000,0.000000,0.000000
-14.590000,-10.335169,0.000000,-0.000808,-0.211191,0.000000,-0.001785,0.226120,-10.592523,0.023432,-0.688884,240.199493,0.000411,0.002681,0.000000,0.000000,0.000000,0.000000
9.900000,35.449337,0.000000,-0.001230,0.143303,0.000000,-0.002196,-0.160619,36.754162,0.020751,0.582342,-700.336609,0.000261,-0.011691,0.000000,0.000000,0.000000,0.000000
-3.890000,-19.961060,0.000000,-0.000579,-0.056308,0.000000,-0.002457,0.064393,-20.987001,0.032442,-0.268149,348.173981,-0.000224,0.005889,0.000000,0.000000,0.000000,0.000000
4.320000,11.883997,0.000000,-0.000534,0.062532,0.000000,-0.002233,-0.076161,12.694093,0.026553,0.354901,-188.194534,0.000035,-0.002614,0.000000,0.000000,0.000000,0.000000
0.560000,-5.442610,0.000000,-0.000139,0.008106,0.000000,-0.002268,-0.010456,-5.923007,0.029167,0.053446,80.052414,-0.000140,0.001665,0.000000,0.000000,0.000000,0.000000
0.760000,7.063812,0.000000,0.000104,0.011001,0.000000,-0.000451,-0.011098,7.119373,0.023578,0.019812,-275.504181,0.000105,-0.005166,0.000000,0.000000,0.000000,0.000000
-3.580000,-6.282161,0.000000,0.000191,-0.051821,0.000000,-0.000556,0.053255,-6.332875,0.028744,-0.095072,245.068420,0.000024,0.004393,0.000000,0.000000,0.000000,0.000000
-6.920000,-4.834659,0.000000,0.000290,-0.100167,0.000000,-0.000580,0.105051,-4.909025,0.024352,-0.255400,139.494675,0.000191,0.001942,0.000000,0.000000,0.000000,0.000000
-2.650000,6.180836,0.000000,0.000234,-0.038359,0.000000,-0.000771,0.041479,6.333173,0.022409,-0.126368,-143.613098,0.000232,-0.003065,0.000000,0.000000,0.000000,0.000000
2.380000,7.280938,0.000000,0.000371,0.034451,0.000000,-0.001003,-0.037872,7.547690,0.025474,0.137310,-143.818390,0.000040,-0.002346,0.000000,0.000000,0.000000,0.000000
-2.060000,-6.426911,0.000000,0.000733,-0.029819,0.000000,-0.001043,0.035301,-6.758550,0.027820,-0.147003,112.124229,-0.000033,0.001730,0.000000,0.000000,0.000000,0.000000
1.910000,5.746585,0.000000,0.000905,0.027647,0.000000,-0.001010,-0.032295,6.136976,0.026090,0.150490,-90.982903,0.000029,-0.001319,0.000000,0.000000,0.000000,0.000000
-1.130000,-4.400408,0.000000,0.001254,-0.016357,0.000000,-0.001039,0.022333,-4.789752,0.027409,-0.114157,64.735916,-0.000030,0.000919,0.000000,0.000000,0.000000,0.000000
-5.650000,-6.542711,0.000000,0.001481,-0.081784,0.000000,-0.001009,0.111362,-7.266270,0.026490,-0.614638,90.951324,0.000164,0.000058,0.000000,0.000000,0.000000,0.000000
2.930000,12.419572,0.000000,0.001528,0.042412,0.000000,-0.001172,-0.057890,14.094703,0.026432,0.340656,-165.472656,0.000110,-0.002212,0.000000,0.000000,0.000000,0.000000
7.170000,6.137411,0.000000,0.001944,0.103786,0.000000,-0.001282,-0.153199,7.133783,0.028644,0.951247,-79.371223,-0.000280,0.001074,0.000000,0.000000,0.000000,0.000000
-0.630000,0.738226,0.000000,-0.001096,-0.009119,0.000000,-0.001981,0.008307,0.743147,0.038617,-0.014830,-28.758163,0.000037,-0.000587,0.000000,0.000000,0.000000,0.000000
-1.980000,-1.954129,0.000000,-0.001029,-0.028661,0.000000,-0.002018,0.028292,-1.970634,0.039204,-0.050508,76.259224,0.000039,0.001308,0.000000,0.000000,0.000000,0.000000
-4.920000,-4.255658,0.000000,-0.000756,-0.071217,0.000000,-0.002057,0.073683,-4.321606,0.037895,-0.179138,122.802620,0.000117,0.001838,0.000000,0.000000,0.000000,0.000000
-1.360000,5.153109,0.000000,-0.000628,-0.019686,0.000000,-0.002174,0.020484,5.279469,0.036057,-0.062405,-119.718956,0.000155,-0.002439,0.000000,0.000000,0.000000,0.000000
8.840000,14.764525,0.000000,-0.000343,0.127959,0.000000,-0.002329,-0.142583,15.306379,0.038496,0.516948,-291.657257,-0.000096,-0.004120,0.000000,0.000000,0.000000,0.000000
-4.720000,-19.628136,0.000000,0.000388,-0.068322,0.000000,-0.002233,0.079393,-20.637890,0.042616,-0.330610,342.382202,-0.000176,0.005596,0.000000,0.000000,0.000000,0.000000
-0.390000,6.267685,0.000000,0.000531,-0.005645,0.000000,-0.002057,0.007459,6.693073,0.037019,-0.034757,-99.227242,0.000147,-0.001983,0.000000,0.000000,0.000000,0.000000
3.230000,5.239959,0.000000,0.000864,0.046754,0.000000,-0.002205,-0.058196,5.697156,0.039003,0.297471,-76.999931,-0.000050,-0.000650,0.000000,0.000000,0.000000,0.000000
-0.530000,-5.442610,0.000000,0.001355,-0.007672,0.000000,-0.002155,0.012073,-6.045988,0.039652,-0.066633,75.677147,-0.000082,0.001254,0.000000,0.000000,0.000000,0.000000
2.130000,3.850357,0.000000,0.001696,0.030832,0.000000,-0.002073,-0.041255,4.366247,0.038398,0.242768,-51.259991,-0.000029,-0.000316,0.000000,0.000000,0.000000,0.000000
-0.220000,-1.896228,0.000000,-0.001571,-0.003185,0.000000,-0.002614,0.001760,-1.912423,0.045794,-0.003143,74.006592,-0.000031,0.001393,0.000000,0.000000,0.000000,0.000000
-1.740000,-2.200204,0.000000,-0.001470,-0.025187,0.000000,-0.002583,0.024283,-2.218780,0.044400,-0.043352,85.861931,0.000024,0.001506,0.000000,0.000000,0.000000,0.000000
-1.800000,-0.086850,0.000000,-0.001147,-0.026055,0.000000,-0.002607,0.026047,-0.089577,0.042894,-0.063325,2.545419,0.000069,-0.000126,0.000000,0.000000,0.000000,0.000000
0.310000,3.054230,0.000000,-0.000836,0.004487,0.000000,-0.002675,-0.005722,3.128236,0.043020,0.017432,-70.936890,0.000044,-0.001296,0.000000,0.000000,0.000000,0.000000
0.330000,0.028950,0.000000,-0.000437,0.004777,0.000000,-0.002719,-0.005794,0.027783,0.044316,0.021007,-0.529395,-0.000015,0.000049,0.000000,0.000000,0.000000,0.000000
0.640000,0.448726,0.000000,-0.000041,0.009264,0.000000,-0.002704,-0.010752,0.469092,0.044267,0.044773,-7.782234,-0.000020,-0.000026,0.000000,0.000000,0.000000,0.000000
-6.670000,-10.581244,0.000000,0.000367,-0.096548,0.000000,-0.002684,0.117040,-11.307076,0.044293,-0.545391,167.631500,0.000103,0.001699,0.000000,0.000000,0.000000,0.000000
-3.000000,5.312335,0.000000,0.000463,-0.043425,0.000000,-0.002786,0.055657,5.775818,0.042594,-0.284493,-78.063087,0.000260,-0.002251,0.000000,0.000000,0.000000,0.000000
1.990000,7.223038,0.000000,0.000718,0.028805,0.000000,-0.003046,-0.037565,8.014526,0.044845,0.207331,-100.317192,0.000050,-0.001335,0.000000,0.000000,0.000000,0.000000
4.700000,-4.067483,0.000000,-0.002061,0.068033,0.000000,-0.003098,-0.071662,-4.100925,0.045909,0.127934,158.696854,-0.000272,0.003353,0.000000,0.000000,0.000000,0.000000
-5.510000,-14.779002,0.000000,-0.001768,-0.079757,0.000000,-0.002826,0.079853,-14.897554,0.042556,-0.142556,576.502808,-0.000066,0.010524,0.000000,0.000000,0.000000,0.000000
-1.410000,5.934761,0.000000,-0.001708,-0.020410,0.000000,-0.002761,0.019557,6.023990,0.032031,-0.047546,-171.177505,0.000167,-0.003389,0.000000,0.000000,0.000000,0.000000
1.480000,4.183282,0.000000,-0.001468,0.021423,0.000000,-0.002928,-0.024603,4.285728,0.035421,0.074956,-97.184563,0.000014,-0.001631,0.000000,0.000000,0.000000,0.000000
-2.510000,-5.775535,0.000000,-0.001109,-0.036332,0.000000,-0.002942,0.039144,-5.989967,0.037052,-0.141920,114.136543,-0.000008,0.001780,0.000000,0.000000,0.000000,0.000000
-9.240000,-9.741692,0.000000,-0.000934,-0.133749,0.000000,-0.002935,0.153465,-10.243369,0.035271,-0.639063,169.937332,0.000221,0.001486,0.000000,0.000000,0.000000,0.000000
0.210000,13.678898,0.000000,-0.001059,0.003040,0.000000,-0.003156,-0.004950,14.611297,0.033786,0.023066,-216.617798,0.000263,-0.004042,0.000000,0.000000,0.000000,0.000000
2.580000,3.430581,0.000000,-0.000786,0.037346,0.000000,-0.003419,-0.048357,3.729645,0.037828,0.247176,-50.408028,-0.000061,-0.000278,0.000000,0.000000,0.000000,0.000000
0.210000,-6.354536,0.000000,-0.000504,0.003040,0.000000,-0.001133,-0.003563,-6.405756,0.027223,0.006360,247.888763,-0.000131,0.004712,0.000000,0.000000,0.000000,0.000000
-5.240000,-7.888889,0.000000,-0.000430,-0.075849,0.000000,-0.001002,0.077221,-7.952190,0.022511,-0.137857,307.732361,0.000059,0.005445,0.000000,0.000000,0.000000,0.000000
-0.550000,6.788787,0.000000,-0.000481,-0.007961,0.000000,-0.001061,0.007822,6.891414,0.017066,-0.019017,-195.826172,0.000152,-0.003769,0.000000,0.000000,0.000000,0.000000
-1.360000,-1.172477,0.000000,-0.000315,-0.019686,0.000000,-0.001212,0.020820,-1.202442,0.020835,-0.063428,27.266962,0.000033,0.000352,0.000000,0.000000,0.000000,0.000000
-3.410000,-2.967380,0.000000,-0.000189,-0.049360,0.000000,-0.001245,0.054643,-3.077708,0.020484,-0.198114,58.644569,0.000089,0.000574,0.000000,0.000000,0.000000,0.000000
3.170000,9.524567,0.000000,-0.000156,0.045886,0.000000,-0.001335,-0.053200,10.012094,0.019910,0.221537,-166.100464,0.000046,-0.002547,0.000000,0.000000,0.000000,0.000000
-0.110000,-4.747808,0.000000,0.000162,-0.001592,0.000000,-0.001380,0.002119,-5.073663,0.022457,-0.009873,75.218895,-0.000090,0.001402,0.000000,0.000000,0.000000,0.000000
-0.160000,-0.072375,0.000000,0.000340,-0.002316,0.000000,-0.001290,0.003368,-0.080456,0.021054,-0.017214,1.087407,0.000008,-0.000029,0.000000,0.000000,0.000000,0.000000
-11.490000,-16.400206,0.000000,0.000517,-0.166318,0.000000,-0.001298,0.223131,-18.208399,0.021083,-1.231527,227.913101,0.000259,0.000984,0.000000,0.000000,0.000000,0.000000
-8.100000,4.907033,0.000000,0.000220,-0.117248,0.000000,-0.001557,0.166330,5.568335,0.020099,-0.978770,-65.372589,0.000555,-0.003887,0.000000,0.000000,0.000000,0.000000
-2.580000,7.990214,0.000000,0.000067,-0.037346,0.000000,-0.002111,0.056278,9.290643,0.023986,-0.349445,-103.368668,0.000327,-0.002895,0.000000,0.000000,0.000000,0.000000
-1.740000,-4.197757,0.000000,-0.000400,-0.025187,0.000000,-0.000821,0.025423,-4.231597,0.018279,-0.045386,163.753555,-0.000012,0.002983,0.000000,0.000000,0.000000,0.000000
-0.040000,2.460754,0.000000,-0.000424,-0.000579,0.000000,-0.000809,0.000159,2.479949,0.015296,-0.000284,-95.968620,0.000047,-0.001823,0.000000,0.000000,0.000000,0.000000
-3.950000,-5.659735,0.000000,-0.000266,-0.057176,0.000000,-0.000856,0.059514,-5.746337,0.017120,-0.144689,163.287735,0.000052,0.002704,0.000000,0.000000,0.000000,0.000000
-0.240000,5.370234,0.000000,-0.000293,-0.003474,0.000000,-0.000908,0.003419,5.502888,0.014416,-0.010415,-124.785271,0.000113,-0.002396,0.000000,0.000000,0.000000,0.000000
7.800000,11.637920,0.000000,-0.000155,0.112905,0.000000,-0.001022,-0.125644,12.065714,0.016812,0.455535,-229.907593,-0.000112,-0.003117,0.000000,0.000000,0.000000,0.000000
1.350000,-9.336392,0.000000,0.000336,0.019541,0.000000,-0.000910,-0.022191,-9.816718,0.019928,0.092408,162.859192,-0.000246,0.003339,0.000000,0.000000,0.000000,0.000000
1.720000,0.535576,0.000000,0.000549,0.024897,0.000000,-0.000665,-0.029404,0.570829,0.016589,0.137019,-8.462745,-0.000068,0.000204,0.000000,0.000000,0.000000,0.000000
0.100000,-2.344954,0.000000,0.000781,0.001448,0.000000,-0.000596,-0.000845,-2.552620,0.016385,0.004319,34.499939,-0.000050,0.000665,0.000000,0.000000,0.000000,0.000000
-2.190000,-3.314781,0.000000,0.000950,-0.031700,0.000000,-0.000546,0.043667,-3.681664,0.015720,-0.241013,46.083096,0.000049,0.000219,0.000000,0.000000,0.000000,0.000000
-6.670000,-6.484811,0.000000,0.001028,-0.096548,0.000000,-0.000594,0.138165,-7.363263,0.015501,-0.813031,86.445145,0.000234,-0.000563,0.000000,0.000000,0.000000,0.000000
-5.640000,-11.623446,0.000000,-0.000237,-0.081639,0.000000,-0.000684,0.083395,-11.716374,0.019263,-0.148879,453.398071,0.000003,0.008183,0.000000,0.000000,0.000000,0.000000
-1.760000,5.616310,0.000000,-0.000410,-0.025476,0.000000,-0.000687,0.025665,5.660709,0.011079,-0.045817,-219.057053,0.000177,-0.004287,0.000000,0.000000,0.000000,0.000000
-2.100000,-0.492151,0.000000,-0.000338,-0.030398,0.000000,-0.000864,0.031435,-0.500142,0.015366,-0.076424,14.212004,0.000075,0.000070,0.000000,0.000000,0.000000,0.000000
-6.480000,-6.340061,0.000000,-0.000284,-0.093798,0.000000,-0.000939,0.100509,-6.498005,0.015296,-0.306206,147.350861,0.000149,0.001962,0.000000,0.000000,0.000000,0.000000
-2.500000,5.761060,0.000000,-0.000431,-0.036188,0.000000,-0.001088,0.039736,5.972641,0.013334,-0.144068,-113.806396,0.000220,-0.002548,0.000000,0.000000,0.000000,0.000000
1.650000,6.007136,0.000000,-0.000405,0.023884,0.000000,-0.001308,-0.028065,6.314507,0.015882,0.116870,-104.757568,0.000043,-0.001663,0.000000,0.000000,0.000000,0.000000
-0.810000,-3.560856,0.000000,-0.000202,-0.011725,0.000000,-0.001351,0.013915,-3.805171,0.017545,-0.064842,56.413048,-0.000034,0.000896,0.000000,0.000000,0.000000,0.000000
-1.110000,-0.434251,0.000000,-0.000107,-0.016067,0.000000,-0.001317,0.020240,-0.473594,0.016649,-0.103455,6.400857,0.000046,-0.000160,0.000000,0.000000,0.000000,0.000000
2.780000,5.630785,0.000000,-0.000026,0.040241,0.000000,-0.001362,-0.053854,6.249593,0.016809,0.297236,-78.225662,-0.000027,-0.000677,0.000000,0.000000,0.000000,0.000000
-1.040000,-5.529459,0.000000,0.000219,-0.015054,0.000000,-0.001335,0.021626,-6.278393,0.017486,-0.127256,73.708717,-0.000060,0.001053,0.000000,0.000000,0.000000,0.000000
-2.850000,-16.414679,0.000000,0.000383,-0.041254,0.000000,0.000047,0.042669,-16.545605,0.014041,-0.076174,640.278809,-0.000198,0.011916,0.000000,0.000000,0.000000,0.000000
-2.240000,0.882977,0.000000,0.000307,-0.032424,0.000000,0.000244,0.033513,0.889929,0.002126,-0.059828,-34.438324,0.000108,-0.000836,0.000000,0.000000,0.000000,0.000000
-0.090000,3.112130,0.000000,0.000252,-0.001303,0.000000,0.000137,0.001626,3.159305,0.002962,-0.003952,-89.774727,0.000064,-0.001709,0.000000,0.000000,0.000000,0.000000
4.900000,7.223038,0.000000,0.000299,0.070928,0.000000,0.000073,-0.075911,7.402007,0.004671,0.231268,-167.850327,-0.000065,-0.002550,0.000000,0.000000,0.000000,0.000000
0.100000,-6.948012,0.000000,0.000574,0.001448,0.000000,0.000138,-0.000970,-7.204419,0.007220,0.003518,137.277466,-0.000139,0.002614,0.000000,0.000000,0.000000,0.000000
1.740000,2.373904,0.000000,0.000641,0.025187,0.000000,0.000277,-0.028362,2.495240,0.004607,0.118107,-41.395985,-0.000029,-0.000469,0.000000,0.000000,0.000000,0.000000
2.190000,0.651376,0.000000,0.000783,0.031700,0.000000,0.000306,-0.037337,0.695226,0.005076,0.173986,-10.306978,-0.000088,0.000276,0.000000,0.000000,0.000000,0.000000
4.310000,3.068705,0.000000,0.000950,0.062387,0.000000,0.000394,-0.077913,3.337578,0.004800,0.398250,-45.109043,-0.000147,0.000223,0.000000,0.000000,0.000000,0.000000
-6.440000,-15.560653,0.000000,0.001213,-0.093219,0.000000,0.000541,0.126297,-17.275476,0.004577,-0.697069,216.235764,0.000015,0.002208,0.000000,0.000000,0.000000,0.000000
7.820000,20.641386,0.000000,0.001031,0.113195,0.000000,0.000526,-0.158819,23.430071,0.002368,0.934574,-275.070435,0.000014,-0.002685,0.000000,0.000000,0.000000,0.000000
5.680000,-3.097656,0.000000,0.001454,0.082218,0.000000,0.000512,-0.121491,-3.604340,0.005053,0.754368,40.102264,-0.000397,0.002805,0.000000,0.000000,0.000000,0.000000
-1.520000,-14.330276,0.000000,0.000552,-0.022002,0.000000,0.000159,0.023136,-14.444692,0.016295,-0.041303,558.978027,-0.000210,0.010467,0.000000,0.000000,0.000000,0.000000
-5.200000,-5.326809,0.000000,0.000532,-0.075270,0.000000,0.000369,0.077614,-5.369349,0.005827,-0.138558,207.782074,0.000109,0.003540,0.000000,0.000000,0.000000,0.000000
-11.230000,-8.728440,0.000000,0.000357,-0.162555,0.000000,0.000261,0.170362,-8.861218,0.002287,-0.414182,251.800064,0.000293,0.003641,0.000000,0.000000,0.000000,0.000000
-7.350000,5.616309,0.000000,-0.000099,-0.106391,0.000000,-0.000032,0.114243,5.755735,-0.001354,-0.348048,-130.518936,0.000417,-0.003420,0.000000,0.000000,0.000000,0.000000
-4.820000,3.662181,0.000000,-0.000379,-0.069770,0.000000,-0.000450,0.077113,3.797037,0.002066,-0.279582,-72.351097,0.000280,-0.002120,0.000000,0.000000,0.000000,0.000000
0.210000,7.280938,0.000000,-0.000551,0.003040,0.000000,-0.000730,-0.004150,7.654413,0.004186,0.017280,-126.986557,0.000133,-0.002354,0.000000,0.000000,0.000000,0.000000
3.560000,4.849133,0.000000,-0.000509,0.051531,0.000000,-0.000863,-0.062846,5.180084,0.006540,0.292855,-76.796631,-0.000072,-0.000658,0.000000,0.000000,0.000000,0.000000
-4.580000,-11.782671,0.000000,-0.000327,-0.066296,0.000000,-0.000791,0.083658,-12.818528,0.007197,-0.427619,173.248856,-0.000016,0.002125,0.000000,0.000000,0.000000,0.000000
3.890000,12.260346,0.000000,-0.000494,0.056308,0.000000,-0.000774,-0.075968,13.610501,0.005072,0.419291,-170.361572,0.000052,-0.002096,0.000000,0.000000,0.000000,0.000000
6.340000,3.546381,0.000000,-0.000306,0.091772,0.000000,-0.000827,-0.130378,4.025270,0.007168,0.767211,-47.256916,-0.000277,0.001184,0.000000,0.000000,0.000000,0.000000
-2.400000,-5.920286,0.000000,0.001556,-0.034740,0.000000,0.001433,0.037180,-5.967546,0.003974,-0.066375,230.931000,-0.000012,0.004191,0.000000,0.000000,0.000000,0.000000
-5.520000,-4.516208,0.000000,0.001473,-0.079902,0.000000,0.001445,0.083320,-4.552189,-0.000217,-0.148746,176.159775,0.000139,0.002925,0.000000,0.000000,0.000000,0.000000
-3.310000,3.198981,0.000000,0.001249,-0.047912,0.000000,0.001305,0.051410,3.247601,-0.003143,-0.124988,-92.283730,0.000200,-0.002091,0.000000,0.000000,0.000000,0.000000
-5.840000,-3.662181,0.000000,0.001138,-0.084534,0.000000,0.001105,0.092081,-3.753165,-0.001052,-0.280528,85.108002,0.000178,0.000857,0.000000,0.000000,0.000000,0.000000
-2.650000,4.617533,0.000000,0.000919,-0.038359,0.000000,0.000927,0.043650,4.787510,-0.001908,-0.158257,-91.224182,0.000208,-0.002157,0.000000,0.000000,0.000000,0.000000
3.560000,8.988991,0.000000,0.000848,0.051531,0.000000,0.000719,-0.058563,9.449933,0.000249,0.243870,-156.774231,0.000020,-0.002305,0.000000,0.000000,0.000000,0.000000
2.820000,-1.071152,0.000000,0.001052,0.040820,0.000000,0.000699,-0.048025,-1.144884,0.002553,0.223791,16.973318,-0.000152,0.000931,0.000000,0.000000,0.000000,0.000000
1.960000,-1.244852,0.000000,0.001231,0.028371,0.000000,0.000851,-0.034418,-1.354962,0.001622,0.175928,18.313000,-0.000118,0.000821,0.000000,0.000000,0.000000,0.000000
12.720000,13.606524,0.000000,0.000451,0.184122,0.000000,0.000106,-0.188022,13.714341,0.014362,0.335663,-530.715088,-0.000249,-0.009143,0.000000,0.000000,0.000000,0.000000
16.590000,5.601835,0.000000,0.000985,0.240141,0.000000,0.000354,-0.244871,5.645732,0.023505,0.437151,-218.477524,-0.000555,-0.002937,0.000000,0.000000,0.000000,0.000000
-4.880000,-31.077881,0.000000,0.001924,-0.070638,0.000000,0.000909,0.075881,-31.551340,0.026443,-0.184480,896.561890,-0.000391,0.016483,0.000000,0.000000,0.000000,0.000000
1.130000,8.699491,0.000000,0.001870,0.016357,0.000000,0.001300,-0.015571,8.914634,0.009960,0.047437,-202.151123,0.000127,-0.003730,0.000000,0.000000,0.000000,0.000000
-4.950000,-8.800816,0.000000,0.002102,-0.071651,0.000000,0.001173,0.081962,-9.126126,0.013690,-0.297162,173.894882,0.000049,0.002496,0.000000,0.000000,0.000000,0.000000
-1.410000,5.124159,0.000000,0.002079,-0.020410,0.000000,0.001124,0.025985,5.385789,0.011194,-0.108208,-89.350151,0.000172,-0.001989,0.000000,0.000000,0.000000,0.000000
-3.480000,-2.996330,0.000000,0.002224,-0.050373,0.000000,0.000952,0.063518,-3.202715,0.013183,-0.295987,47.481411,0.000111,0.000102,0.000000,0.000000,0.000000,0.000000
-6.590000,-4.501733,0.000000,0.002294,-0.095390,0.000000,0.000841,0.123879,-4.899421,0.013081,-0.633210,66.218147,0.000242,-0.000459,0.000000,0.000000,0.000000,0.000000
-2.080000,6.528237,0.000000,0.002248,-0.030108,0.000000,0.000599,0.043274,7.244804,0.013540,-0.238843,-90.682625,0.000254,-0.002362,0.000000,0.000000,0.000000,0.000000
5.810000,11.420794,0.000000,0.002407,0.084100,0.000000,0.000345,-0.115674,12.961216,0.015902,0.680685,-152.165451,-0.000068,-0.001036,0.000000,0.000000,0.000000,0.000000
-3.840000,-7.194088,0.000000,-0.001340,-0.055584,0.000000,-0.002191,0.055628,-7.252209,0.037380,-0.099310,280.644623,0.000013,0.005047,0.000000,0.000000,0.000000,0.000000
-2.030000,2.619980,0.000000,-0.001401,-0.029384,0.000000,-0.002204,0.028652,2.640047,0.032333,-0.051150,-102.164047,0.000127,-0.002082,0.000000,0.000000,0.000000,0.000000
-3.050000,-1.476452,0.000000,-0.001172,-0.044149,0.000000,-0.002331,0.044943,-1.500000,0.034415,-0.109265,42.623940,0.000093,0.000515,0.000000,0.000000,0.000000,0.000000
-3.440000,-0.564526,0.000000,-0.000999,-0.049794,0.000000,-0.002424,0.052445,-0.579884,0.033900,-0.159777,13.149640,0.000131,-0.000184,0.000000,0.000000,0.000000,0.000000
-0.930000,3.633231,0.000000,-0.000852,-0.013462,0.000000,-0.002555,0.014014,3.765440,0.034084,-0.050808,-71.749039,0.000109,-0.001496,0.000000,0.000000,0.000000,0.000000
-1.140000,-0.303976,0.000000,-0.000600,-0.016502,0.000000,-0.002664,0.018374,-0.321542,0.035580,-0.076513,5.334383,0.000043,-0.000103,0.000000,0.000000,0.000000,0.000000
4.800000,8.598166,0.000000,-0.000363,0.069480,0.000000,-0.002707,-0.084345,9.183156,0.035683,0.393040,-136.143616,-0.000054,-0.001515,0.000000,0.000000,0.000000,0.000000
-6.640000,-16.559429,0.000000,0.000126,-0.096114,0.000000,-0.002653,0.122047,-18.017513,0.037197,-0.623845,243.515747,-0.000011,0.002926,0.000000,0.000000,0.000000,0.000000
4.140000,15.604077,0.000000,0.000128,0.059927,0.000000,-0.002642,-0.079977,17.319788,0.034271,0.441414,-216.790405,0.000112,-0.002916,0.000000,0.000000,0.000000,0.000000
1.300000,-4.110907,0.000000,0.000586,0.018818,0.000000,-0.002754,-0.025815,-4.670066,0.037187,0.151910,54.826862,-0.000158,0.001454,0.000000,0.000000,0.000000,0.000000
-2.380000,4.053007,0.000000,-0.000753,-0.034451,0.000000,-0.001509,0.034582,4.084422,0.032870,-0.061737,-158.058212,0.000171,-0.003163,0.000000,0.000000,0.000000,0.000000
-0.110000,3.285831,0.000000,-0.000767,-0.001592,0.000000,-0.001680,0.000845,3.311068,0.036033,-0.001509,-128.131104,0.000065,-0.002424,0.000000,0.000000,0.000000,0.000000
0.390000,0.723751,0.000000,-0.000409,0.005645,0.000000,-0.001745,-0.006332,0.733435,0.038457,0.015393,-20.841263,-0.000003,-0.000348,0.000000,0.000000,0.000000,0.000000
0.440000,0.072375,0.000000,-0.000032,0.006369,0.000000,-0.001741,-0.006880,0.072464,0.038805,0.020961,-1.643225,-0.000017,0.000026,0.000000,0.000000,0.000000,0.000000
-2.110000,-3.691131,0.000000,0.000346,-0.030542,0.000000,-0.001724,0.034326,-3.829190,0.038779,-0.124451,72.963753,0.000020,0.001045,0.000000,0.000000,0.000000,0.000000
2.120000,6.122936,0.000000,0.000612,0.030687,0.000000,-0.001745,-0.034751,6.434637,0.037734,0.144710,-106.750511,0.000028,-0.001632,0.000000,0.000000,0.000000,0.000000
-2.690000,-6.962487,0.000000,0.001066,-0.038938,0.000000,-0.001772,0.048311,-7.441089,0.039366,-0.225122,110.316856,-0.000010,0.001483,0.000000,0.000000,0.000000,0.000000
-3.750000,-1.534353,0.000000,0.001320,-0.054281,0.000000,-0.001762,0.070511,-1.672631,0.037883,-0.360418,22.606443,0.000159,-0.000550,0.000000,0.000000,0.000000,0.000000
-3.700000,0.072375,0.000000,0.001537,-0.053558,0.000000,-0.001921,0.073686,0.076369,0.038433,-0.406692,-0.955906,0.000200,-0.001117,0.000000,0.000000,0.000000,0.000000
2.180000,8.511315,0.000000,0.001766,0.031556,0.000000,-0.002122,-0.042181,9.656970,0.039550,0.248215,-113.373421,0.000068,-0.001473,0.000000,0.000000,0.000000,0.000000
1.690000,-0.709276,0.000000,0.002252,0.024463,0.000000,-0.002190,-0.033411,-0.830487,0.041023,0.207458,9.240084,-0.000106,0.000739,0.000000,0.000000,0.000000,0.000000
-2.670000,8.004688,0.000000,-0.002338,-0.038648,0.000000,-0.003424,0.037289,8.067208,0.048225,-0.066569,-312.183319,0.000254,-0.006093,0.000000,0.000000,0.000000,0.000000
-1.730000,1.360652,0.000000,-0.002328,-0.025042,0.000000,-0.003678,0.023256,1.370180,0.054318,-0.041518,-53.022968,0.000088,-0.001105,0.000000,0.000000,0.000000,0.000000
-1.930000,-0.289500,0.000000,-0.001899,-0.027937,0.000000,-0.003766,0.027229,-0.295681,0.055423,-0.066199,8.402064,0.000068,-0.000018,0.000000,0.000000,0.000000,0.000000
-2.070000,-0.202650,0.000000,-0.001493,-0.029963,0.000000,-0.003834,0.030600,-0.209908,0.055441,-0.093224,4.759938,0.000079,-0.000162,0.000000,0.000000,0.000000,0.000000
-2.110000,-0.057900,0.000000,-0.001105,-0.030542,0.000000,-0.003913,0.032713,-0.062717,0.055603,-0.118606,1.195047,0.000087,-0.000298,0.000000,0.000000,0.000000,0.000000
2.190000,6.224261,0.000000,-0.000728,0.031700,0.000000,-0.004000,-0.037470,6.540454,0.055901,0.156035,-108.506020,0.000022,-0.001632,0.000000,0.000000,0.000000,0.000000
5.840000,5.283384,0.000000,-0.000171,0.084534,0.000000,-0.004022,-0.102293,5.640426,0.057533,0.476675,-83.621376,-0.000170,-0.000291,0.000000,0.000000,0.000000,0.000000
-2.940000,-12.709072,0.000000,0.000540,-0.042557,0.000000,-0.003852,0.054654,-13.830504,0.057824,-0.279363,186.926224,-0.000114,0.002784,0.000000,0.000000,0.000000,0.000000
-3.910000,-1.404077,0.000000,0.000881,-0.056597,0.000000,-0.003738,0.076874,-1.563630,0.055039,-0.424289,19.571825,0.000179,-0.000782,0.000000,0.000000,0.000000,0.000000
0.620000,6.557187,0.000000,0.001186,0.008975,0.000000,-0.003917,-0.011028,7.437773,0.055821,0.064893,-87.319901,0.000111,-0.001476,0.000000,0.000000,0.000000,0.000000
-2.890000,-5.080734,0.000000,0.001688,-0.041833,0.000000,-0.004028,0.065467,-5.915610,0.057298,-0.406503,65.817696,0.000065,0.000149,0.000000,0.000000,0.000000,0.000000
-0.940000,2.822630,0.000000,0.002054,-0.013607,0.000000,-0.004092,0.025103,3.362545,0.057149,-0.163072,-35.760120,0.000131,-0.001118,0.000000,0.000000,0.000000,0.000000
-3.990000,-4.588583,0.000000,-0.002595,-0.057755,0.000000,-0.003805,0.056602,-4.626346,0.053705,-0.101047,179.029510,0.000065,0.003119,0.000000,0.000000,0.000000,0.000000
-0.010000,5.761060,0.000000,-0.002624,-0.000145,0.000000,-0.003870,-0.002539,5.805694,0.050586,0.004532,-224.667679,0.000103,-0.004248,0.000000,0.000000,0.000000,0.000000
-2.400000,-3.459531,0.000000,-0.002137,-0.034740,0.000000,-0.003973,0.034094,-3.513852,0.054834,-0.082890,99.849487,0.000026,0.001674,0.000000,0.000000,0.000000,0.000000
-0.060000,3.387156,0.000000,-0.001778,-0.000869,0.000000,-0.003999,-0.000978,3.469111,0.053160,0.002978,-78.666687,0.000063,-0.001485,0.000000,0.000000,0.000000,0.000000
7.830000,11.420794,0.000000,-0.001327,0.113339,0.000000,-0.004062,-0.127428,11.838853,0.054644,0.462005,-225.584839,-0.000121,-0.003019,0.000000,0.000000,0.000000,0.000000
6.660000,-1.693578,0.000000,-0.000537,0.096404,0.000000,-0.003941,-0.112013,-1.783791,0.057663,0.466449,29.593069,-0.000337,0.001828,0.000000,0.000000,0.000000,0.000000
6.090000,-0.825076,0.000000,0.000196,0.088153,0.000000,-0.003604,-0.106221,-0.885269,0.055836,0.494978,13.124440,-0.000303,0.001584,0.000000,0.000000,0.000000,0.000000
7.520000,2.069929,0.000000,0.000904,0.108852,0.000000,-0.003301,-0.136895,2.247390,0.054252,0.699738,-30.374603,-0.000327,0.001315,0.000000,0.000000,0.000000,0.000000
-5.580000,-18.962284,0.000000,0.001679,-0.080771,0.000000,-0.002974,0.110271,-21.055880,0.052937,-0.608620,263.554779,-0.000100,0.003342,0.000000,0.000000,0.000000,0.000000
-1.820000,5.442609,0.000000,0.001912,-0.026345,0.000000,-0.002874,0.040011,6.172579,0.049595,-0.235443,-72.466446,0.000225,-0.002015,0.000000,0.000000,0.000000,0.000000
-1.400000,0.607951,0.000000,0.002316,-0.020265,0.000000,-0.003099,0.033968,0.700482,0.051610,-0.210914,-7.793639,0.000105,-0.000714,0.000000,0.000000,0.000000,0.000000
2.110000,-10.364120,0.000000,-0.002783,0.030542,0.000000,-0.004043,-0.033993,-10.447867,0.056044,0.060685,404.309601,-0.000290,0.007821,0.000000,0.000000,0.000000,0.000000
-5.740000,-11.362894,0.000000,-0.002567,-0.083087,0.000000,-0.003753,0.082444,-11.454388,0.048223,-0.147181,443.259735,0.000007,0.007981,0.000000,0.000000,0.000000,0.000000
-1.920000,5.529459,0.000000,-0.002451,-0.027792,0.000000,-0.003760,0.026500,5.612306,0.040242,-0.064426,-159.479111,0.000178,-0.003209,0.000000,0.000000,0.000000,0.000000
-2.730000,-1.172477,0.000000,-0.002173,-0.039517,0.000000,-0.003938,0.040137,-1.203171,0.043451,-0.122279,27.283495,0.000085,0.000192,0.000000,0.000000,0.000000,0.000000
-0.660000,2.996330,0.000000,-0.001948,-0.009554,0.000000,-0.004024,0.008452,3.104831,0.043259,-0.030642,-59.161388,0.000081,-0.001203,0.000000,0.000000,0.000000,0.000000
3.850000,6.528236,0.000000,-0.001646,0.055729,0.000000,-0.004105,-0.066296,6.860981,0.044463,0.276071,-113.823563,-0.000050,-0.001406,0.000000,0.000000,0.000000,0.000000
-0.630000,-6.484811,0.000000,-0.001161,-0.009119,0.000000,-0.004055,0.009611,-6.930380,0.045869,-0.044784,102.745415,-0.000105,0.001827,0.000000,0.000000,0.000000,0.000000
-10.020000,-13.592049,0.000000,-0.000877,-0.145040,0.000000,-0.003950,0.182821,-14.789380,0.044042,-0.934489,199.885895,0.000215,0.001254,0.000000,0.000000,0.000000,0.000000
2.940000,18.759634,0.000000,-0.000998,0.042557,0.000000,-0.004165,-0.058252,20.822861,0.042789,0.321510,-260.638092,0.000236,-0.004068,0.000000,0.000000,0.000000,0.000000
5.290000,-20.467688,0.000000,-0.000926,0.076573,0.000000,-0.001608,-0.079280,-20.631197,0.029864,0.141532,798.382202,-0.000606,0.015508,0.000000,0.000000,0.000000,0.000000
-3.300000,-12.434047,0.000000,-0.000647,-0.047768,0.000000,-0.001003,0.048247,-12.533274,0.014356,-0.086132,485.010284,-0.000106,0.008922,0.000000,0.000000,0.000000,0.000000
-6.840000,-5.124159,0.000000,-0.000738,-0.099009,0.000000,-0.000897,0.102766,-5.202167,0.005434,-0.249842,147.824600,0.000180,0.002107,0.000000,0.000000,0.000000,0.000000
-12.390000,-8.033639,0.000000,-0.000999,-0.179346,0.000000,-0.001077,0.191687,-8.232972,0.003327,-0.583983,186.693573,0.000362,0.001951,0.000000,0.000000,0.000000,0.000000
-8.400000,5.775537,0.000000,-0.001519,-0.121590,0.000000,-0.001439,0.133435,5.988507,0.001376,-0.483783,-114.108749,0.000474,-0.003473,0.000000,0.000000,0.000000,0.000000
-5.840000,3.705606,0.000000,-0.001872,-0.084534,0.000000,-0.001913,0.095514,3.895983,0.004849,-0.397742,-64.634285,0.000331,-0.002293,0.000000,0.000000,0.000000,0.000000
-1.860000,5.761060,0.000000,-0.002128,-0.026924,0.000000,-0.002244,0.029944,6.154870,0.007142,-0.139536,-91.248184,0.000197,-0.002101,0.000000,0.000000,0.000000,0.000000
5.760000,11.029969,0.000000,-0.002228,0.083376,0.000000,-0.002441,-0.108560,11.999687,0.009243,0.554902,-162.181793,-0.000067,-0.001566,0.000000,0.000000,0.000000,0.000000
5.850000,0.130275,0.000000,-0.002020,0.084679,0.000000,-0.002374,-0.115954,0.144950,0.010809,0.639986,-1.814329,-0.000311,0.001700,0.000000,0.000000,0.000000,0.000000
6.750000,1.302753,0.000000,-0.001823,0.097706,0.000000,-0.002063,-0.140929,1.479333,0.009109,0.829301,-17.367462,-0.000353,0.001911,0.000000,0.000000,0.000000,0.000000
0.240000,-0.347401,0.000000,0.002975,0.003474,0.000000,0.003132,-0.000521,-0.350067,-0.009133,0.000931,13.546846,-0.000007,0.000255,0.000000,0.000000,0.000000,0.000000
-0.260000,-0.723751,0.000000,0.002966,-0.003764,0.000000,0.003139,0.006890,-0.729405,-0.009389,-0.012300,28.226368,0.000005,0.000501,0.000000,0.000000,0.000000,0.000000
0.690000,1.375127,0.000000,0.002914,0.009988,0.000000,0.003134,-0.007398,1.396116,-0.009890,0.017985,-39.671974,0.000006,-0.000703,0.000000,0.000000,0.000000,0.000000
-7.350000,-11.637920,0.000000,0.002926,-0.106391,0.000000,0.003128,0.117495,-11.926698,-0.009186,-0.357954,270.453705,0.000092,0.004154,0.000000,0.000000,0.000000,0.000000
3.540000,15.763303,0.000000,0.002596,0.051242,0.000000,0.003036,-0.054060,16.344042,-0.013340,0.196001,-311.429535,0.000163,-0.005374,0.000000,0.000000,0.000000,0.000000
-3.160000,-9.698268,0.000000,0.002765,-0.045741,0.000000,0.002873,0.056047,-10.196184,-0.007966,-0.233393,169.154510,-0.000042,0.002582,0.000000,0.000000,0.000000,0.000000
2.490000,8.178390,0.000000,0.002660,0.036043,0.000000,0.002914,-0.040314,8.736680,-0.010547,0.187858,-129.524460,0.000056,-0.001949,0.000000,0.000000,0.000000,0.000000
0.530000,-2.837105,0.000000,0.002818,0.007672,0.000000,0.002858,-0.006156,-3.087150,-0.008598,0.031465,41.724384,-0.000075,0.000879,0.000000,0.000000,0.000000,0.000000
-2.150000,-3.879307,0.000000,0.002910,-0.031121,0.000000,0.002933,0.045515,-4.307507,-0.009477,-0.251212,53.916710,0.000042,0.000340,0.000000,0.000000,0.000000,0.000000
0.690000,4.110908,0.000000,0.002910,0.009988,0.000000,0.002892,-0.010021,4.665255,-0.009817,0.058971,-54.770363,0.000061,-0.000878,0.000000,0.000000,0.000000,0.000000
-6.750000,-9.220592,0.000000,0.000084,-0.097706,0.000000,-0.000403,0.100179,-9.294463,0.020708,-0.178843,359.675476,0.000095,0.006328,0.000000,0.000000,0.000000,0.000000
-0.710000,8.742915,0.000000,-0.000130,-0.010277,0.000000,-0.000498,0.010390,8.812081,0.014380,-0.018549,-341.008301,0.000195,-0.006519,0.000000,0.000000,0.000000,0.000000
-10.170000,-13.693374,0.000000,0.000044,-0.147211,0.000000,-0.000693,0.153990,-13.902242,0.020899,-0.374379,395.045624,0.000153,0.006480,0.000000,0.000000,0.000000,0.000000
0.860000,15.965954,0.000000,-0.000226,0.012449,0.000000,-0.000846,-0.013622,16.361498,0.014419,0.041501,-371.018707,0.000273,-0.006925,0.000000,0.000000,0.000000,0.000000
-1.550000,-3.488481,0.000000,0.000002,-0.022436,0.000000,-0.001119,0.024935,-3.618088,0.021344,-0.090406,68.941292,-0.000002,0.001074,0.000000,0.000000,0.000000,0.000000
4.380000,8.583691,0.000000,0.000121,0.063401,0.000000,-0.001117,-0.073118,9.022842,0.020271,0.304480,-149.688797,-0.000027,-0.002013,0.000000,0.000000,0.000000,0.000000
0.730000,-5.283384,0.000000,0.000499,0.010567,0.000000,-0.001090,-0.012159,-5.645935,0.022283,0.056658,83.703041,-0.000140,0.001742,0.000000,0.000000,0.000000,0.000000
-2.760000,-5.051784,0.000000,0.000722,-0.039951,0.000000,-0.000950,0.051580,-5.497610,0.020542,-0.263652,74.302956,0.000036,0.000691,0.000000,0.000000,0.000000,0.000000
-3.790000,-1.490928,0.000000,0.000802,-0.054860,0.000000,-0.000986,0.074445,-1.657187,0.019851,-0.410885,20.742882,0.000170,-0.000720,0.000000,0.000000,0.000000,0.000000
-3.620000,0.246075,0.000000,0.000844,-0.052400,0.000000,-0.001156,0.075391,0.276980,0.020571,-0.443640,-3.251767,0.000209,-0.001260,0.000000,0.000000,0.000000,0.000000
-7.850000,-6.122936,0.000000,0.000899,-0.113629,0.000000,-0.001365,0.172281,-7.123870,0.021831,-1.069729,79.260933,0.000331,-0.001390,0.000000,0.000000,0.000000,0.000000
-3.760000,5.920285,0.000000,0.000782,-0.054426,0.000000,-0.001696,0.088498,7.065260,0.023222,-0.574888,-75.137909,0.000373,-0.002975,0.000000,0.000000,0.000000,0.000000
-6.030000,-3.445056,0.000000,-0.000672,-0.087284,0.000000,-0.001172,0.088734,-3.472991,0.021903,-0.158411,134.397171,0.000174,0.002122,0.000000,0.000000,0.000000,0.000000
-3.410000,3.792457,0.000000,-0.000855,-0.049360,0.000000,-0.001346,0.049664,3.822147,0.019782,-0.088662,-147.908752,0.000206,-0.003044,0.000000,0.000000,0.000000,0.000000
-2.580000,1.201427,0.000000,-0.000783,-0.037346,0.000000,-0.001552,0.038234,1.218955,0.022826,-0.092955,-34.637775,0.000126,-0.000902,0.000000,0.000000,0.000000,0.000000
4.460000,10.190418,0.000000,-0.000679,0.064559,0.000000,-0.001679,-0.070118,10.442315,0.023728,0.213618,-236.793350,0.000008,-0.003904,0.000000,0.000000,0.000000,0.000000
5.630000,1.693578,0.000000,-0.000263,0.081494,0.000000,-0.001686,-0.090856,1.754560,0.027632,0.329409,-33.432480,-0.000213,0.000265,0.000000,0.000000,0.000000,0.000000
5.260000,-0.535576,0.000000,0.000203,0.076139,0.000000,-0.001474,-0.087742,-0.564763,0.027367,0.365377,9.369411,-0.000248,0.001165,0.000000,0.000000,0.000000,0.000000
-1.080000,-9.177166,0.000000,0.000654,-0.015633,0.000000,-0.001226,0.019668,-9.805987,0.026201,-0.091652,145.377319,-0.000132,0.002503,0.000000,0.000000,0.000000,0.000000
-0.650000,0.622426,0.000000,0.000836,-0.009409,0.000000,-0.001094,0.012992,0.674972,0.023699,-0.066409,-9.122581,0.000048,-0.000357,0.000000,0.000000,0.000000,0.000000
-7.600000,-10.060143,0.000000,0.001043,-0.110010,0.000000,-0.001142,0.148526,-11.170634,0.024056,-0.819758,139.821945,0.000190,0.000431,0.000000,0.000000,0.000000,0.000000
0.320000,11.464220,0.000000,0.000963,0.004632,0.000000,-0.001332,-0.005196,13.010879,0.023625,0.030574,-152.748474,0.000232,-0.002810,0.000000,0.000000,0.000000,0.000000
-0.800000,-1.621203,0.000000,0.001221,-0.011580,0.000000,-0.001564,0.019256,-1.888907,0.026435,-0.119564,21.016184,0.000016,0.000080,0.000000,0.000000,0.000000,0.000000
-3.870000,-4.443832,0.000000,0.001439,-0.056018,0.000000,-0.001580,0.092104,-5.309365,0.026356,-0.598311,56.464241,0.000149,-0.000549,0.000000,0.000000,0.000000,0.000000
-5.070000,2.171254,0.000000,-0.001086,-0.073388,0.000000,-0.001716,0.074095,2.187853,0.027737,-0.132276,-84.665123,0.000242,-0.001960,0.000000,0.000000,0.000000,0.000000
-2.400000,3.864832,0.000000,-0.001218,-0.034740,0.000000,-0.001957,0.034323,3.894859,0.029697,-0.061274,-150.722519,0.000166,-0.003016,0.000000,0.000000,0.000000,0.000000
1.900000,6.224261,0.000000,-0.001017,0.027503,0.000000,-0.002124,-0.029824,6.317805,0.032713,0.072507,-179.526520,0.000039,-0.003198,0.000000,0.000000,0.000000,0.000000
1.380000,-0.752701,0.000000,-0.000622,0.019976,0.000000,-0.002162,-0.022138,-0.772871,0.035910,0.067445,17.525877,-0.000075,0.000520,0.000000,0.000000,0.000000,0.000000
4.550000,4.588583,0.000000,-0.000256,0.065861,0.000000,-0.002088,-0.073476,4.755785,0.035390,0.266395,-90.619667,-0.000109,-0.000996,0.000000,0.000000,0.000000,0.000000
2.670000,-2.721305,0.000000,0.000248,0.038648,0.000000,-0.001979,-0.044371,-2.863194,0.036386,0.184772,47.500332,-0.000174,0.001401,0.000000,0.000000,0.000000,0.000000
-2.360000,-7.280938,0.000000,0.000670,-0.034161,0.000000,-0.001805,0.042064,-7.780844,0.034985,-0.196011,115.353836,-0.000033,0.001651,0.000000,0.000000,0.000000,0.000000
-6.490000,-5.978186,0.000000,0.000881,-0.093943,0.000000,-0.001772,0.120251,-6.506448,0.033334,-0.614665,87.937912,0.000202,-0.000001,0.000000,0.000000,0.000000,0.000000
1.120000,11.015494,0.000000,0.000922,0.016212,0.000000,-0.001974,-0.020450,12.225457,0.033335,0.112868,-153.025070,0.000176,-0.002592,0.000000,0.000000,0.000000,0.000000
-2.350000,-5.022834,0.000000,0.001289,-0.034016,0.000000,-0.002150,0.049991,-5.705629,0.035927,-0.294174,66.984428,0.000027,0.000477,0.000000,0.000000,0.000000,0.000000
2.430000,6.919062,0.000000,0.001519,0.035174,0.000000,-0.002177,-0.050627,8.042612,0.035449,0.314356,-89.482948,0.000015,-0.000845,0.000000,0.000000,0.000000,0.000000
0.260000,-3.141081,0.000000,0.001957,0.003764,0.000000,-0.002192,-0.002896,-3.755455,0.036294,0.018810,39.938660,-0.000079,0.000809,0.000000,0.000000,0.000000,0.000000
-2.180000,-4.125382,0.000000,-0.001429,-0.031556,0.000000,-0.002311,0.030938,-4.159131,0.038803,-0.055231,160.949265,0.000005,0.002897,0.000000,0.000000,0.000000,0.000000
-1.920000,0.376351,0.000000,-0.001422,-0.027792,0.000000,-0.002317,0.027000,0.378483,0.035906,-0.048202,-14.646475,0.000080,-0.000413,0.000000,0.000000,0.000000,0.000000
-2.600000,-0.984302,0.000000,-0.001170,-0.037635,0.000000,-0.002397,0.038133,-1.000436,0.036319,-0.092709,28.428352,0.000084,0.000288,0.000000,0.000000,0.000000,0.000000
6.980000,13.867075,0.000000,-0.000959,0.101036,0.000000,-0.002481,-0.109624,14.209696,0.036031,0.333974,-322.223663,-0.000028,-0.005198,0.000000,0.000000,0.000000,0.000000
0.110000,-9.944343,0.000000,-0.000322,0.001592,0.000000,-0.002453,-0.002127,-10.312703,0.041229,0.007711,196.504669,-0.000201,0.003751,0.000000,0.000000,0.000000,0.000000
0.570000,0.665851,0.000000,0.000008,0.008251,0.000000,-0.002252,-0.009524,0.697753,0.037478,0.039662,-11.575709,-0.000012,-0.000119,0.000000,0.000000,0.000000,0.000000
1.590000,1.476453,0.000000,0.000357,0.023015,0.000000,-0.002240,-0.027363,1.574623,0.037597,0.127506,-23.344364,-0.000044,-0.000097,0.000000,0.000000,0.000000,0.000000
-7.000000,-12.434047,0.000000,0.000752,-0.101325,0.000000,-0.002196,0.129450,-13.529922,0.037694,-0.661684,182.863693,0.000094,0.001673,0.000000,0.000000,0.000000,0.000000
1.770000,12.694597,0.000000,0.000786,0.025621,0.000000,-0.002290,-0.033215,14.089351,0.036021,0.183321,-176.355270,0.000177,-0.002846,0.000000,0.000000,0.000000,0.000000
-1.330000,-4.487258,0.000000,0.001195,-0.019252,0.000000,-0.002467,0.028952,-5.097856,0.038868,-0.170369,59.849133,-0.000019,0.000678,0.000000,0.000000,0.000000,0.000000
2.750000,5.905810,0.000000,0.001481,0.039806,0.000000,-0.002448,-0.057652,6.863955,0.038190,0.357975,-76.369087,-0.000026,-0.000479,0.000000,0.000000,0.000000,0.000000
2.570000,-0.260551,0.000000,0.001946,0.037201,0.000000,-0.002422,-0.056513,-0.316612,0.038669,0.367112,3.367118,-0.000159,0.001058,0.000000,0.000000,0.000000,0.000000
-2.420000,5.138634,0.000000,-0.001553,-0.035030,0.000000,-0.002480,0.034373,5.178515,0.040810,-0.061363,-200.397232,0.000191,-0.003962,0.000000,0.000000,0.000000,0.000000
-2.750000,-0.477676,0.000000,-0.001550,-0.039806,0.000000,-0.002671,0.039170,-0.482559,0.044773,-0.069928,18.673964,0.000096,0.000172,0.000000,0.000000,0.000000,0.000000
-2.600000,0.217125,0.000000,-0.001253,-0.037635,0.000000,-0.002767,0.038046,0.218968,0.044601,-0.092498,-6.222188,0.000107,-0.000368,0.000000,0.000000,0.000000,0.000000
9.110000,16.950253,0.000000,-0.000958,0.131867,0.000000,-0.002874,-0.142761,17.368979,0.044969,0.434928,-393.864594,-0.000057,-0.006281,0.000000,0.000000,0.000000,0.000000
6.490000,-3.792457,0.000000,-0.000141,0.093943,0.000000,-0.002817,-0.104556,-3.934798,0.051250,0.379078,74.976089,-0.000357,0.002457,0.000000,0.000000,0.000000,0.000000
-6.180000,-18.339857,0.000000,0.000556,-0.089456,0.000000,-0.002460,0.104007,-19.283934,0.048793,-0.433109,319.920135,-0.000083,0.004882,0.000000,0.000000,0.000000,0.000000
4.330000,15.213251,0.000000,0.000707,0.062677,0.000000,-0.002377,-0.074837,16.249094,0.043912,0.348734,-240.898712,0.000105,-0.003627,0.000000,0.000000,0.000000,0.000000
-0.860000,-7.512538,0.000000,0.001313,-0.012449,0.000000,-0.002482,0.017452,-8.176900,0.047539,-0.089206,110.514915,-0.000108,0.001858,0.000000,0.000000,0.000000,0.000000
-3.080000,-3.213456,0.000000,0.001706,-0.044583,0.000000,-0.002374,0.061908,-3.572019,0.045681,-0.341691,44.710678,0.000100,-0.000081,0.000000,0.000000,0.000000,0.000000
-1.420000,2.402854,0.000000,0.002016,-0.020555,0.000000,-0.002474,0.031959,2.722264,0.045762,-0.188064,-31.959536,0.000138,-0.001114,0.000000,0.000000,0.000000,0.000000
-1.930000,-13.896025,0.000000,-0.002250,-0.027937,0.000000,-0.003465,0.026425,-14.007824,0.053634,-0.047175,542.072205,-0.000194,0.010139,0.000000,0.000000,0.000000,0.000000
-5.680000,-5.428134,0.000000,-0.002198,-0.082218,0.000000,-0.003271,0.081932,-5.472324,0.043496,-0.146268,211.766998,0.000118,0.003595,0.000000,0.000000,0.000000,0.000000
1.100000,9.814068,0.000000,-0.002076,0.015923,0.000000,-0.003389,-0.018821,9.962015,0.039900,0.045758,-283.080322,0.000138,-0.005243,0.000000,0.000000,0.000000,0.000000
1.270000,0.246075,0.000000,-0.001651,0.018383,0.000000,-0.003527,-0.021533,0.250429,0.045143,0.065600,-5.678800,-0.000054,0.000080,0.000000,0.000000,0.000000,0.000000
-3.900000,-7.483588,0.000000,-0.001231,-0.056453,0.000000,-0.003473,0.061368,-7.761325,0.045064,-0.222494,147.889099,0.000019,0.002198,0.000000,0.000000,0.000000,0.000000
1.170000,7.338838,0.000000,-0.001049,0.016936,0.000000,-0.003492,-0.020781,7.713096,0.042865,0.086539,-127.960129,0.000090,-0.002193,0.000000,0.000000,0.000000,0.000000
-1.570000,-3.966157,0.000000,-0.000655,-0.022726,0.000000,-0.003582,0.026653,-4.239839,0.045058,-0.124202,62.857143,-0.000008,0.000858,0.000000,0.000000,0.000000,0.000000
-0.830000,1.071152,0.000000,-0.000384,-0.012014,0.000000,-0.003573,0.014748,1.162201,0.044200,-0.075387,-15.707727,0.000062,-0.000503,0.000000,0.000000,0.000000,0.000000
-1.970000,-1.650153,0.000000,-0.000086,-0.028516,0.000000,-0.003635,0.038024,-1.835411,0.044703,-0.209864,22.973688,0.000068,-0.000132,0.000000,0.000000,0.000000,0.000000
2.190000,6.021611,0.000000,0.000164,0.031700,0.000000,-0.003703,-0.044655,6.831478,0.044835,0.262771,-80.201942,0.000008,-0.000808,0.000000,0.000000,0.000000,0.000000
-0.450000,-3.821407,0.000000,0.000587,-0.006514,0.000000,-0.003712,0.010682,-4.449004,0.045642,-0.066327,49.500092,-0.000055,0.000759,0.000000,0.000000,0.000000,0.000000
-3.590000,-4.849134,0.000000,-0.001264,-0.051965,0.000000,-0.002084,0.051998,-4.888574,0.036027,-0.092829,189.177139,0.000048,0.003330,0.000000,0.000000,0.000000,0.000000
-1.180000,3.488481,0.000000,-0.001318,-0.017081,0.000000,-0.002132,0.016139,3.515442,0.032697,-0.028812,-136.039917,0.000110,-0.002660,0.000000,0.000000,0.000000,0.000000
2.330000,5.080734,0.000000,-0.001044,0.033727,0.000000,-0.002243,-0.036361,5.156806,0.035357,0.088400,-146.535629,-0.000001,-0.002531,0.000000,0.000000,0.000000,0.000000
-2.570000,-7.092762,0.000000,-0.000613,-0.037201,0.000000,-0.002242,0.039324,-7.270330,0.037888,-0.119803,164.864380,-0.000031,0.002802,0.000000,0.000000,0.000000,0.000000
0.130000,3.908257,0.000000,-0.000410,0.001882,0.000000,-0.002210,-0.002547,4.050450,0.035086,0.009234,-77.179779,0.000070,-0.001442,0.000000,0.000000,0.000000,0.000000
2.690000,3.705607,0.000000,-0.000091,0.038938,0.000000,-0.002280,-0.045096,3.893557,0.036527,0.187792,-64.594040,-0.000048,-0.000712,0.000000,0.000000,0.000000,0.000000
1.410000,-1.852803,0.000000,0.000338,0.020410,0.000000,-0.002232,-0.024239,-1.981991,0.037240,0.112952,29.383739,-0.000103,0.000863,0.000000,0.000000,0.000000,0.000000
-6.750000,-11.811621,0.000000,0.000714,-0.097706,0.000000,-0.002129,0.124812,-12.852681,0.036376,-0.637977,173.710434,0.000094,0.001562,0.000000,0.000000,0.000000,0.000000
-0.250000,9.408766,0.000000,0.000747,-0.003619,0.000000,-0.002223,0.005838,10.441760,0.034814,-0.032223,-130.698685,0.000213,-0.002565,0.000000,0.000000,0.000000,0.000000
-2.540000,-3.314780,0.000000,0.001058,-0.036767,0.000000,-0.002437,0.053558,-3.766698,0.037379,-0.315165,44.221256,0.000073,-0.000010,0.000000,0.000000,0.000000,0.000000
-8.850000,-8.395514,0.000000,-0.001585,-0.128104,0.000000,-0.002425,0.129629,-8.463172,0.037125,-0.231418,327.506287,0.000190,0.005575,0.000000,0.000000,0.000000,0.000000
-9.950000,-1.592252,0.000000,-0.001843,-0.144027,0.000000,-0.002615,0.145582,-1.605644,0.031550,-0.259897,62.134907,0.000363,0.000463,0.000000,0.000000,0.000000,0.000000
-10.920000,-1.404077,0.000000,-0.001970,-0.158067,0.000000,-0.002978,0.163236,-1.426336,0.031087,-0.396858,40.530712,0.000414,-0.000307,0.000000,0.000000,0.000000,0.000000
-9.310000,2.330478,0.000000,-0.002157,-0.134762,0.000000,-0.003392,0.142524,2.387229,0.031394,-0.434207,-54.133587,0.000430,-0.002199,0.000000,0.000000,0.000000,0.000000
-2.220000,10.262794,0.000000,-0.002288,-0.032135,0.000000,-0.003822,0.033169,10.639509,0.033593,-0.120256,-202.731812,0.000290,-0.004160,0.000000,0.000000,0.000000,0.000000
4.150000,9.220592,0.000000,-0.002122,0.060071,0.000000,-0.004112,-0.071863,9.692018,0.037753,0.299254,-160.790390,-0.000011,-0.002227,0.000000,0.000000,0.000000,0.000000
-0.690000,-7.005912,0.000000,-0.001695,-0.009988,0.000000,-0.004101,0.010014,-7.486473,0.039980,-0.046665,110.989693,-0.000115,0.001979,0.000000,0.000000,0.000000,0.000000
9.900000,15.329051,0.000000,-0.001489,0.143303,0.000000,-0.003986,-0.183619,16.674097,0.038000,0.938569,-225.358826,-0.000181,-0.001732,0.000000,0.000000,0.000000,0.000000
0.560000,-13.519673,0.000000,-0.000844,0.008106,0.000000,-0.003805,-0.011970,-15.011312,0.039732,0.066065,187.895416,-0.000316,0.003740,0.000000,0.000000,0.000000,0.000000
-1.990000,-27.488075,0.000000,0.000043,-0.028805,0.000000,-0.000462,0.029592,-27.707245,0.021506,-0.052829,1072.209839,-0.000444,0.020152,0.000000,0.000000,0.000000,0.000000
-3.690000,-2.460754,0.000000,0.000018,-0.053413,0.000000,-0.000018,0.054707,-2.480360,0.001353,-0.097665,95.984535,0.000102,0.001516,0.000000,0.000000,0.000000,0.000000
-4.480000,-1.143527,0.000000,-0.000131,-0.064848,0.000000,-0.000119,0.067677,-1.160890,-0.000163,-0.164536,32.987808,0.000161,0.000177,0.000000,0.000000,0.000000,0.000000
-2.910000,2.272579,0.000000,-0.000317,-0.042122,0.000000,-0.000280,0.044932,2.329027,-0.000340,-0.136888,-52.813786,0.000165,-0.001371,0.000000,0.000000,0.000000,0.000000
1.180000,5.920286,0.000000,-0.000435,0.017081,0.000000,-0.000446,-0.019465,6.138377,0.001031,0.070573,-116.964447,0.000063,-0.002021,0.000000,0.000000,0.000000,0.000000
0.560000,-0.897452,0.000000,-0.000375,0.008106,0.000000,-0.000509,-0.009800,-0.943573,0.003052,0.040810,15.653855,-0.000044,0.000411,0.000000,0.000000,0.000000,0.000000
-3.620000,-6.050561,0.000000,-0.000346,-0.052400,0.000000,-0.000464,0.062863,-6.463864,0.002642,-0.292932,95.829140,0.000048,0.001021,0.000000,0.000000,0.000000,0.000000
-4.950000,-1.925178,0.000000,-0.000497,-0.071651,0.000000,-0.000512,0.090234,-2.094247,0.001620,-0.461233,28.304804,0.000204,-0.000714,0.000000,0.000000,0.000000,0.000000
-1.800000,4.559633,0.000000,-0.000709,-0.026055,0.000000,-0.000717,0.033899,5.062030,0.002334,-0.187097,-63.361031,0.000187,-0.001705,0.000000,0.000000,0.000000,0.000000
11.130000,18.716208,0.000000,-0.000793,0.161107,0.000000,-0.000904,-0.229243,21.245861,0.004039,1.348986,-249.427689,-0.000218,-0.001071,0.000000,0.000000,0.000000,0.000000
-10.180000,-15.502752,0.000000,0.001653,-0.147356,0.000000,0.001609,0.152578,-15.626137,0.000529,-0.272387,604.697388,0.000117,0.010715,0.000000,0.000000,0.000000,0.000000
-5.180000,7.237513,0.000000,0.001258,-0.074981,0.000000,0.001492,0.078060,7.295275,-0.010186,-0.139356,-282.311249,0.000349,-0.005742,0.000000,0.000000,0.000000,0.000000
-4.280000,1.302752,0.000000,0.001031,-0.061953,0.000000,0.001143,0.065865,1.322616,-0.004444,-0.160130,-37.583427,0.000203,-0.001134,0.000000,0.000000,0.000000,0.000000
2.500000,9.814068,0.000000,0.000854,0.036188,0.000000,0.000940,-0.037977,10.057598,-0.003309,0.115699,-228.069351,0.000087,-0.004003,0.000000,0.000000,0.000000,0.000000
4.120000,2.344954,0.000000,0.000988,0.059637,0.000000,0.000853,-0.065177,2.431077,0.000694,0.236304,-46.323250,-0.000130,-0.000231,0.000000,0.000000,0.000000,0.000000
0.470000,-5.283384,0.000000,0.001200,0.006803,0.000000,0.000983,-0.006474,-5.554866,0.000924,0.026959,92.155128,-0.000122,0.001818,0.000000,0.000000,0.000000,0.000000
-3.100000,-5.167584,0.000000,0.001262,-0.044873,0.000000,0.001106,0.055715,-5.520952,-0.000894,-0.259624,81.850128,0.000046,0.000844,0.000000,0.000000,0.000000,0.000000
3.300000,9.264016,0.000000,0.001180,0.047768,0.000000,0.001059,-0.059080,10.077718,-0.001738,0.301988,-136.205399,0.000031,-0.001764,0.000000,0.000000,0.000000,0.000000
-2.600000,-8.540265,0.000000,0.001378,-0.037635,0.000000,0.001028,0.052178,-9.481646,0.000026,-0.287983,118.681007,-0.000038,0.001471,0.000000,0.000000,0.000000,0.000000
2.880000,7.932314,0.000000,0.001336,0.041688,0.000000,0.001067,-0.057137,9.003516,-0.001446,0.336222,-105.701828,0.000016,-0.001095,0.000000,0.000000,0.000000,0.000000
4.980000,3.039755,0.000000,0.001533,0.072086,0.000000,0.001051,-0.106130,3.534069,-0.000351,0.658986,-39.320431,-0.000220,0.001040,0.000000,0.000000,0.000000,0.000000
-3.900000,1.983078,0.000000,0.000549,-0.056453,0.000000,0.000204,0.058402,1.998454,0.014238,-0.104260,-77.335808,0.000196,-0.001748,0.000000,0.000000,0.000000,0.000000
-3.830000,0.101325,0.000000,0.000431,-0.055439,0.000000,0.000008,0.057206,0.101698,0.015986,-0.102126,-3.935482,0.000156,-0.000348,0.000000,0.000000,0.000000,0.000000
-5.490000,-2.402854,0.000000,0.000446,-0.079468,0.000000,-0.000148,0.083569,-2.439990,0.016334,-0.203172,69.334679,0.000180,0.000764,0.000000,0.000000,0.000000,0.000000
-0.550000,7.150662,0.000000,0.000386,-0.007961,0.000000,-0.000328,0.008971,7.327343,0.015570,-0.027332,-166.157211,0.000163,-0.003222,0.000000,0.000000,0.000000,0.000000
6.060000,9.567992,0.000000,0.000551,0.087719,0.000000,-0.000490,-0.096869,9.919293,0.018792,0.351210,-189.008377,-0.000075,-0.002623,0.000000,0.000000,0.000000,0.000000
0.460000,-8.106014,0.000000,0.001011,0.006659,0.000000,-0.000416,-0.006526,-8.523498,0.021414,0.027174,141.404694,-0.000179,0.002756,0.000000,0.000000,0.000000,0.000000
-2.890000,-4.849134,0.000000,0.001234,-0.041833,0.000000,-0.000237,0.052009,-5.182059,0.018659,-0.242357,76.825912,0.000043,0.000794,0.000000,0.000000,0.000000,0.000000
-1.940000,1.375128,0.000000,0.001321,-0.028082,0.000000,-0.000280,0.037288,1.494021,0.017865,-0.190596,-20.192440,0.000129,-0.000899,0.000000,0.000000,0.000000,0.000000
-1.740000,0.289501,0.000000,0.001458,-0.025187,0.000000,-0.000409,0.035636,0.319025,0.018764,-0.196683,-3.993212,0.000102,-0.000606,0.000000,0.000000,0.000000,0.000000
-0.900000,1.215902,0.000000,0.001613,-0.013028,0.000000,-0.000511,0.020730,1.377433,0.019370,-0.121985,-16.171148,0.000082,-0.000635,0.000000,0.000000,0.000000,0.000000
-0.360000,0.781651,0.000000,0.001813,-0.005211,0.000000,-0.000593,0.010566,0.905764,0.020005,-0.065604,-10.077621,0.000046,-0.000367,0.000000,0.000000,0.000000,0.000000
-8.260000,-12.332722,0.000000,-0.000948,-0.119564,0.000000,-0.001631,0.121521,-12.431534,0.029895,-0.216944,481.073242,0.000093,0.008523,0.000000,0.000000,0.000000,0.000000
-1.870000,9.249541,0.000000,-0.001200,-0.027068,0.000000,-0.001724,0.026487,9.322606,0.021372,-0.047285,-360.764496,0.000248,-0.006975,0.000000,0.000000,0.000000,0.000000
-2.620000,-1.085627,0.000000,-0.001019,-0.037925,0.000000,-0.001972,0.038594,-1.103034,0.028347,-0.093828,31.343773,0.000083,0.000353,0.000000,0.000000,0.000000,0.000000
-1.300000,1.910703,0.000000,-0.000882,-0.018818,0.000000,-0.002055,0.019277,1.957005,0.027994,-0.058730,-44.377670,0.000089,-0.001000,0.000000,0.000000,0.000000,0.000000
-0.850000,0.651376,0.000000,-0.000692,-0.012304,0.000000,-0.002144,0.012905,0.673992,0.028994,-0.046787,-12.842659,0.000048,-0.000368,0.000000,0.000000,0.000000,0.000000
-1.150000,-0.434251,0.000000,-0.000487,-0.016646,0.000000,-0.002191,0.018672,-0.458160,0.029362,-0.077753,7.600861,0.000042,-0.000066,0.000000,0.000000,0.000000,0.000000
1.230000,3.445056,0.000000,-0.000300,0.017804,0.000000,-0.002233,-0.021863,3.678484,0.029428,0.101880,-54.534866,0.000010,-0.000757,0.000000,0.000000,0.000000,0.000000
-1.210000,-3.531906,0.000000,-0.000013,-0.017515,0.000000,-0.002244,0.022195,-3.844523,0.030185,-0.113450,51.960670,-0.000013,0.000678,0.000000,0.000000,0.000000,0.000000
-1.420000,-0.303975,0.000000,0.000169,-0.020555,0.000000,-0.002231,0.027717,-0.339910,0.029506,-0.152976,4.254630,0.000069,-0.000334,0.000000,0.000000,0.000000,0.000000
0.600000,2.923955,0.000000,0.000343,0.008685,0.000000,-0.002299,-0.011812,3.316333,0.029841,0.069505,-38.933949,0.000031,-0.000549,0.000000,0.000000,0.000000,0.000000
-3.630000,-9.524567,0.000000,-0.000371,-0.052544,0.000000,-0.000981,0.053485,-9.600981,0.026325,-0.095482,371.536987,-0.000037,0.006778,0.000000,0.000000,0.000000,0.000000
-2.590000,1.505403,0.000000,-0.000449,-0.037490,0.000000,-0.000944,0.037926,1.516891,0.019547,-0.067707,-58.700382,0.000131,-0.001307,0.000000,0.000000,0.000000,0.000000
-3.700000,-1.606728,0.000000,-0.000357,-0.053558,0.000000,-0.001075,0.055634,-1.631851,0.020854,-0.135256,46.370621,0.000119,0.000515,0.000000,0.000000,0.000000,0.000000
-5.730000,-2.938431,0.000000,-0.000320,-0.082942,0.000000,-0.001195,0.088802,-3.012190,0.020340,-0.270540,68.305397,0.000183,0.000561,0.000000,0.000000,0.000000,0.000000
3.900000,13.939449,0.000000,-0.000377,0.056453,0.000000,-0.001378,-0.063155,14.451902,0.019779,0.228975,-275.375549,0.000102,-0.004596,0.000000,0.000000,0.000000,0.000000
1.030000,-4.154333,0.000000,-0.000013,0.014909,0.000000,-0.001480,-0.017242,-4.368947,0.024375,0.071799,72.480759,-0.000130,0.001575,0.000000,0.000000,0.000000,0.000000
-0.120000,-1.664628,0.000000,0.000226,-0.001737,0.000000,-0.001351,0.002371,-1.779947,0.022800,-0.011048,26.388357,-0.000027,0.000467,0.000000,0.000000,0.000000,0.000000
-2.080000,-2.837105,0.000000,0.000417,-0.030108,0.000000,-0.001323,0.038711,-3.088287,0.022333,-0.197870,41.739754,0.000046,0.000254,0.000000,0.000000,0.000000,0.000000
-4.850000,-4.009582,0.000000,0.000527,-0.070204,0.000000,-0.001370,0.094598,-4.453244,0.022079,-0.522115,55.740906,0.000171,-0.000357,0.000000,0.000000,0.000000,0.000000
16.400000,30.093578,0.000000,-0.000542,0.237390,0.000000,-0.001043,-0.243566,30.332371,0.021810,0.434822,-1173.796387,-0.000085,-0.021049,0.000000,0.000000,0.000000,0.000000
-7.560000,-34.682163,0.000000,0.000153,-0.109431,0.000000,-0.000959,0.112202,-34.959103,0.042859,-0.200307,1352.840942,-0.000358,0.025113,0.000000,0.000000,0.000000,0.000000
-5.640000,2.779205,0.000000,0.000025,-0.081639,0.000000,-0.000600,0.085399,2.820820,0.017745,-0.207622,-80.156326,0.000285,-0.002126,0.000000,0.000000,0.000000,0.000000
-3.860000,2.576555,0.000000,-0.000010,-0.055874,0.000000,-0.000885,0.060043,2.639609,0.019871,-0.182923,-59.856644,0.000212,-0.001624,0.000000,0.000000,0.000000,0.000000
1.630000,7.946789,0.000000,0.000034,0.023594,0.000000,-0.001097,-0.026182,8.238346,0.021495,0.094926,-156.978561,0.000085,-0.002713,0.000000,0.000000,0.000000,0.000000
-0.720000,-3.401631,0.000000,0.000320,-0.010422,0.000000,-0.001182,0.012413,-3.577713,0.024208,-0.051689,59.354191,-0.000034,0.000989,0.000000,0.000000,0.000000,0.000000
-4.600000,-5.616310,0.000000,0.000505,-0.066585,0.000000,-0.001148,0.081021,-6.001665,0.023219,-0.377551,88.976868,0.000106,0.000662,0.000000,0.000000,0.000000,0.000000
2.660000,10.508868,0.000000,0.000527,0.038504,0.000000,-0.001253,-0.048160,11.430484,0.022557,0.246169,-154.488739,0.000086,-0.002261,0.000000,0.000000,0.000000,0.000000
7.050000,6.354537,0.000000,0.000861,0.102049,0.000000,-0.001339,-0.135333,7.051891,0.024818,0.746941,-88.267967,-0.000233,0.000353,0.000000,0.000000,0.000000,0.000000
3.950000,-4.733333,0.000000,-0.000683,0.057176,0.000000,-0.001406,-0.059166,-4.771759,0.031397,0.105626,184.656647,-0.000250,0.003782,0.000000,0.000000,0.000000,0.000000
0.930000,-4.371458,0.000000,-0.000453,0.013462,0.000000,-0.001156,-0.014248,-4.406916,0.027615,0.025435,170.537994,-0.000122,0.003291,0.000000,0.000000,0.000000,0.000000
-2.560000,-5.051784,0.000000,-0.000187,-0.037056,0.000000,-0.001035,0.038555,-5.129406,0.024324,-0.093735,145.757019,0.000007,0.002500,0.000000,0.000000,0.000000,0.000000
2.090000,6.730887,0.000000,-0.000086,0.030253,0.000000,-0.001042,-0.032608,6.896944,0.021824,0.099342,-156.397354,0.000042,-0.002697,0.000000,0.000000,0.000000,0.000000
-4.520000,-9.567992,0.000000,0.000225,-0.065427,0.000000,-0.001085,0.072959,-9.921730,0.024521,-0.264520,189.054810,0.000009,0.002869,0.000000,0.000000,0.000000,0.000000
-5.860000,-1.939654,0.000000,0.000244,-0.084824,0.000000,-0.001094,0.098294,-2.040549,0.021652,-0.409318,33.852673,0.000227,-0.000471,0.000000,0.000000,0.000000,0.000000
-4.240000,2.344954,0.000000,0.000207,-0.061374,0.000000,-0.001321,0.074367,2.503546,0.022124,-0.346544,-37.115971,0.000248,-0.001639,0.000000,0.000000,0.000000,0.000000
-7.740000,-5.066258,0.000000,0.000239,-0.112037,0.000000,-0.001569,0.142384,-5.513363,0.023763,-0.727795,74.515877,0.000280,-0.000555,0.000000,0.000000,0.000000,0.000000
-3.430000,6.238736,0.000000,0.000124,-0.049649,0.000000,-0.001850,0.066569,6.923811,0.024318,-0.367415,-86.664787,0.000311,-0.002634,0.000000,0.000000,0.000000,0.000000
-3.850000,-0.607951,0.000000,0.000192,-0.055729,0.000000,-0.002160,0.079181,-0.692545,0.026951,-0.465942,8.130522,0.000200,-0.001102,0.000000,0.000000,0.000000,0.000000
11.480000,22.190214,0.000000,0.000241,0.166173,0.000000,-0.002361,-0.249607,25.805147,0.028053,1.549866,-287.110809,-0.000187,-0.001242,0.000000,0.000000,0.000000,0.000000
-4.200000,-0.868501,0.000000,-0.000224,-0.060795,0.000000,-0.000838,0.062083,-0.876081,0.026335,-0.110833,33.902435,0.000152,0.000344,0.000000,0.000000,0.000000,0.000000
0.710000,7.107237,0.000000,-0.000325,0.010277,0.000000,-0.000989,-0.010856,7.163104,0.025990,0.019380,-277.196472,0.000106,-0.005197,0.000000,0.000000,0.000000,0.000000
2.530000,2.634454,0.000000,0.000002,0.036622,0.000000,-0.001095,-0.038294,2.673398,0.031187,0.093101,-75.967201,-0.000053,-0.001177,0.000000,0.000000,0.000000,0.000000
-1.860000,-6.354536,0.000000,0.000414,-0.026924,0.000000,-0.001042,0.029382,-6.513692,0.032364,-0.089515,147.706604,-0.000044,0.002557,0.000000,0.000000,0.000000,0.000000
-0.950000,1.317227,0.000000,0.000629,-0.013751,0.000000,-0.000998,0.015981,1.364046,0.029807,-0.057940,-25.991369,0.000069,-0.000654,0.000000,0.000000,0.000000,0.000000
-0.960000,-0.014475,0.000000,0.000888,-0.013896,0.000000,-0.001068,0.017083,-0.017311,0.030461,-0.071136,0.287195,0.000046,-0.000186,0.000000,0.000000,0.000000,0.000000
0.650000,2.330479,0.000000,0.001152,0.009409,0.000000,-0.001113,-0.009971,2.487148,0.030647,0.046465,-36.872868,0.000020,-0.000572,0.000000,0.000000,0.000000,0.000000
-0.400000,-1.519878,0.000000,0.001492,-0.005790,0.000000,-0.001133,0.009235,-1.656473,0.031219,-0.047204,22.388062,-0.000006,0.000297,0.000000,0.000000,0.000000,0.000000
-0.020000,0.550051,0.000000,0.001797,-0.000290,0.000000,-0.001127,0.002790,0.607100,0.030922,-0.015401,-7.599019,0.000019,-0.000186,0.000000,0.000000,0.000000,0.000000
6.210000,9.017941,0.000000,0.002129,0.089890,0.000000,-0.001146,-0.124266,10.232526,0.031108,0.731242,-120.130463,-0.000142,-0.000296,0.000000,0.000000,0.000000,0.000000
8.550000,3.387156,0.000000,0.002736,0.123761,0.000000,-0.001004,-0.182055,3.934242,0.031404,1.130420,-43.772800,-0.000418,0.002229,0.000000,0.000000,0.000000,0.000000
-2.470000,-2.475230,0.000000,-0.001691,-0.035753,0.000000,-0.002764,0.034987,-2.496059,0.047173,-0.062461,96.592041,0.000048,0.001656,0.000000,0.000000,0.000000,0.000000
1.360000,5.543935,0.000000,-0.001676,0.019686,0.000000,-0.002813,-0.021872,5.586928,0.045517,0.039047,-216.201920,0.000047,-0.003991,0.000000,0.000000,0.000000,0.000000
-4.090000,-7.888889,0.000000,-0.001168,-0.059203,0.000000,-0.002859,0.060689,-8.010431,0.049508,-0.147546,227.624146,0.000012,0.003918,0.000000,0.000000,0.000000,0.000000
-1.890000,3.184506,0.000000,-0.000926,-0.027358,0.000000,-0.002872,0.028409,3.261643,0.045590,-0.086551,-73.962082,0.000139,-0.001642,0.000000,0.000000,0.000000,0.000000
-3.630000,-2.518655,0.000000,-0.000591,-0.052544,0.000000,-0.003010,0.057736,-2.613774,0.047231,-0.209329,49.804482,0.000106,0.000380,0.000000,0.000000,0.000000,0.000000
-0.750000,4.168808,0.000000,-0.000338,-0.010856,0.000000,-0.003117,0.012154,4.379972,0.046852,-0.050611,-72.663681,0.000116,-0.001513,0.000000,0.000000,0.000000,0.000000
-2.190000,-2.084404,0.000000,0.000036,-0.031700,0.000000,-0.003232,0.038327,-2.230046,0.048365,-0.178598,33.061241,0.000061,0.000146,0.000000,0.000000,0.000000,0.000000
-3.080000,-1.288277,0.000000,0.000348,-0.044583,0.000000,-0.003293,0.056979,-1.405228,0.048219,-0.291251,18.992361,0.000127,-0.000428,0.000000,0.000000,0.000000,0.000000
-5.530000,-3.546381,0.000000,0.000623,-0.080047,0.000000,-0.003421,0.107891,-3.941209,0.048648,-0.595480,49.331802,0.000217,-0.000676,0.000000,0.000000,0.000000,0.000000
-2.100000,-4.371458,0.000000,-0.002022,-0.030398,0.000000,-0.003030,0.029157,-4.407286,0.044637,-0.052052,170.552338,-0.000005,0.003090,0.000000,0.000000,0.000000,0.000000
-2.650000,-0.796127,0.000000,-0.001998,-0.038359,0.000000,-0.003025,0.037230,-0.803437,0.041547,-0.066464,31.091274,0.000086,0.000403,0.000000,0.000000,0.000000,0.000000
-3.730000,-1.563303,0.000000,-0.001738,-0.053992,0.000000,-0.003110,0.054643,-1.588356,0.041144,-0.132848,45.134666,0.000118,0.000495,0.000000,0.000000,0.000000,0.000000
-3.490000,0.347401,0.000000,-0.001543,-0.050518,0.000000,-0.003228,0.052639,0.354450,0.040649,-0.160366,-8.037635,0.000149,-0.000587,0.000000,0.000000,0.000000,0.000000
3.600000,10.262793,0.000000,-0.001348,0.052110,0.000000,-0.003377,-0.059407,10.638908,0.041236,0.215388,-202.720367,0.000040,-0.003255,0.000000,0.000000,0.000000,0.000000
0.150000,-4.993884,0.000000,-0.000850,0.002171,0.000000,-0.003417,-0.003491,-5.252542,0.044491,0.014536,87.139603,-0.000109,0.001695,0.000000,0.000000,0.000000,0.000000
1.710000,2.258104,0.000000,-0.000509,0.024752,0.000000,-0.003308,-0.030507,2.409640,0.042796,0.142158,-35.723789,-0.000037,-0.000295,0.000000,0.000000,0.000000,0.000000
-0.210000,-2.779205,0.000000,-0.000106,-0.003040,0.000000,-0.003271,0.003721,-3.026584,0.043091,-0.019020,40.905804,-0.000047,0.000724,0.000000,0.000000,0.000000,0.000000
-7.380000,-10.378593,0.000000,0.000215,-0.106826,0.000000,-0.003224,0.143160,-11.525131,0.042367,-0.790139,144.259155,0.000169,0.000593,0.000000,0.000000,0.000000,0.000000
-4.420000,4.284608,0.000000,0.000233,-0.063980,0.000000,-0.003393,0.090923,4.859935,0.041774,-0.535038,-57.055931,0.000338,-0.002529,0.000000,0.000000,0.000000,0.000000
-4.070000,0.506626,0.000000,0.000377,-0.058913,0.000000,-0.003731,0.089189,0.584922,0.044303,-0.553797,-6.507905,0.000252,-0.001617,0.000000,0.000000,0.000000,0.000000
-8.430000,-15.705404,0.000000,-0.001263,-0.122024,0.000000,-0.002028,0.123726,-15.831122,0.033650,-0.220879,612.629761,0.000034,0.011006,0.000000,0.000000,0.000000,0.000000
-4.440000,5.775536,0.000000,-0.001513,-0.064269,0.000000,-0.002063,0.064256,5.820954,0.022645,-0.114712,-225.258209,0.000284,-0.004596,0.000000,0.000000,0.000000,0.000000
-15.220000,-15.604077,0.000000,-0.001451,-0.220310,0.000000,-0.002347,0.228868,-15.842074,0.027241,-0.556421,450.167908,0.000319,0.007027,0.000000,0.000000,0.000000,0.000000
-5.510000,14.055249,0.000000,-0.001906,-0.079757,0.000000,-0.002665,0.083674,14.403372,0.020213,-0.254918,-326.615601,0.000498,-0.006887,0.000000,0.000000,0.000000,0.000000
2.970000,12.274822,0.000000,-0.001935,0.042991,0.000000,-0.003164,-0.049926,12.725910,0.027100,0.181013,-242.487381,0.000105,-0.004089,0.000000,0.000000,0.000000,0.000000
9.660000,9.683792,0.000000,-0.001604,0.139829,0.000000,-0.003269,-0.163423,10.179230,0.031189,0.680531,-168.873230,-0.000250,-0.001349,0.000000,0.000000,0.000000,0.000000
1.120000,-12.361672,0.000000,-0.000995,0.016212,0.000000,-0.003019,-0.020780,-13.207798,0.032539,0.096835,195.810410,-0.000306,0.003972,0.000000,0.000000,0.000000,0.000000
11.030000,14.344749,0.000000,-0.000760,0.159660,0.000000,-0.002713,-0.203438,15.603642,0.028567,1.039872,-210.891083,-0.000254,-0.001188,0.000000,0.000000,0.000000,0.000000
-0.240000,-16.313354,0.000000,-0.000109,-0.003474,0.000000,-0.002459,0.004500,-18.112307,0.029754,-0.024836,226.710312,-0.000330,0.004228,0.000000,0.000000,0.000000,0.000000
-6.500000,-9.061366,0.000000,0.000065,-0.094088,0.000000,-0.002129,0.133316,-10.288201,0.025526,-0.784500,120.784103,0.000166,0.000157,0.000000,0.000000,0.000000,0.000000
-0.520000,8.656065,0.000000,-0.000022,-0.007527,0.000000,-0.002295,0.011289,10.064996,0.025369,-0.070096,-111.984215,0.000221,-0.002310,0.000000,0.000000,0.000000,0.000000
1.660000,-6.209785,0.000000,-0.000079,0.024029,0.000000,-0.000517,-0.024637,-6.259654,0.018757,0.043982,242.234955,-0.000186,0.004710,0.000000,0.000000,0.000000,0.000000
-12.100000,-19.917637,0.000000,0.000032,-0.175148,0.000000,-0.000331,0.179366,-20.076405,0.014047,-0.320210,776.912964,0.000105,0.013836,0.000000,0.000000,0.000000,0.000000
-12.370000,-0.390825,0.000000,-0.000449,-0.179056,0.000000,-0.000437,0.186776,-0.396733,0.000211,-0.454086,11.273544,0.000498,-0.001040,0.000000,0.000000,0.000000,0.000000
-2.460000,14.344750,0.000000,-0.000945,-0.035609,0.000000,-0.000934,0.037257,14.700754,0.001252,-0.113504,-333.359100,0.000378,-0.006617,0.000000,0.000000,0.000000,0.000000
-2.020000,0.636901,0.000000,-0.001000,-0.029240,0.000000,-0.001313,0.031383,0.660158,0.007869,-0.113782,-12.579056,0.000097,-0.000534,0.000000,0.000000,0.000000,0.000000
2.940000,7.179613,0.000000,-0.001043,0.042557,0.000000,-0.001409,-0.050379,7.547778,0.008403,0.209788,-125.217491,0.000006,-0.001803,0.000000,0.000000,0.000000,0.000000
-5.450000,-12.144547,0.000000,-0.000878,-0.078889,0.000000,-0.001416,0.094209,-12.974380,0.010205,-0.439002,192.349915,0.000009,0.002458,0.000000,0.000000,0.000000,0.000000
-0.770000,6.774312,0.000000,-0.001080,-0.011146,0.000000,-0.001425,0.012765,7.369595,0.007747,-0.065248,-99.603775,0.000174,-0.002067,0.000000,0.000000,0.000000,0.000000
0.570000,1.939654,0.000000,-0.001090,0.008251,0.000000,-0.001599,-0.012492,2.153132,0.009814,0.068949,-26.950583,0.000007,-0.000320,0.000000,0.000000,0.000000,0.000000
-1.990000,-3.705607,0.000000,-0.001051,-0.028805,0.000000,-0.001606,0.039299,-4.206525,0.010134,-0.231254,49.384853,0.000027,0.000310,0.000000,0.000000,0.000000,0.000000
-3.380000,4.342508,0.000000,0.001441,-0.048926,0.000000,0.001487,0.051568,4.377057,-0.003148,-0.092061,-169.382538,0.000222,-0.003457,0.000000,0.000000,0.000000,0.000000
-0.670000,3.922732,0.000000,0.001303,-0.009698,0.000000,0.001264,0.011264,3.953859,0.000308,-0.020109,-153.005737,0.000105,-0.002945,0.000000,0.000000,0.000000,0.000000
-3.140000,-3.575331,0.000000,0.001332,-0.045452,0.000000,0.001159,0.048923,-3.629907,0.003254,-0.118942,103.147324,0.000063,0.001637,0.000000,0.000000,0.000000,0.000000
-0.960000,3.155556,0.000000,0.001255,-0.013896,0.000000,0.001096,0.016284,3.233599,0.001617,-0.049610,-73.326149,0.000105,-0.001526,0.000000,0.000000,0.000000,0.000000
0.590000,2.243629,0.000000,0.001284,0.008540,0.000000,0.000991,-0.008063,2.325829,0.003142,0.029235,-44.317787,0.000022,-0.000757,0.000000,0.000000,0.000000,0.000000
4.890000,6.224261,0.000000,0.001391,0.070783,0.000000,0.000969,-0.080181,6.542974,0.003900,0.333891,-108.547829,-0.000093,-0.001151,0.000000,0.000000,0.000000,0.000000
0.370000,-6.542711,0.000000,0.001694,0.005356,0.000000,0.001062,-0.004422,-6.990565,0.005050,0.020608,103.637672,-0.000144,0.002020,0.000000,0.000000,0.000000,0.000000
-7.290000,-11.087870,0.000000,0.001814,-0.105523,0.000000,0.001206,0.136120,-12.063384,0.003030,-0.695777,163.042709,0.000140,0.001201,0.000000,0.000000,0.000000,0.000000
9.280000,23.985117,0.000000,0.001621,0.134328,0.000000,0.001066,-0.177487,26.625570,0.001829,0.979604,-333.270142,0.000024,-0.003663,0.000000,0.000000,0.000000,0.000000
6.720000,-3.705607,0.000000,0.002138,0.097272,0.000000,0.001042,-0.134706,-4.208393,0.005492,0.792680,49.406788,-0.000444,0.003086,0.000000,0.000000,0.000000,0.000000
7.630000,1.317227,0.000000,0.002561,0.110444,0.000000,0.001486,-0.162286,1.529608,0.002405,1.007672,-17.018581,-0.000409,0.002398,0.000000,0.000000,0.000000,0.000000
-0.430000,2.677880,0.000000,-0.000250,-0.006224,0.000000,-0.000835,0.006179,2.698536,0.025156,-0.011032,-104.427437,0.000069,-0.002012,0.000000,0.000000,0.000000,0.000000
-5.570000,-7.440163,0.000000,-0.000206,-0.080626,0.000000,-0.000903,0.082342,-7.500026,0.027167,-0.146999,290.234619,0.000081,0.005102,0.000000,0.000000,0.000000,0.000000
0.490000,8.771866,0.000000,-0.000217,0.007093,0.000000,-0.000984,-0.007644,8.904433,0.022066,0.018584,-253.028091,0.000148,-0.004750,0.000000,0.000000,0.000000,0.000000
-12.230000,-18.412231,0.000000,0.000055,-0.177030,0.000000,-0.001132,0.190331,-18.870266,0.026816,-0.579851,427.908325,0.000157,0.006543,0.000000,0.000000,0.000000,0.000000
-8.690000,5.124160,0.000000,-0.000250,-0.125788,0.000000,-0.001289,0.139510,5.311880,0.020273,-0.505809,-101.215851,0.000478,-0.003297,0.000000,0.000000,0.000000,0.000000
20.379999,42.078899,0.000000,-0.000400,0.295001,0.000000,-0.001767,-0.341329,44.236561,0.023570,1.421372,-733.883789,-0.000087,-0.010045,0.000000,0.000000,0.000000,0.000000
-1.200000,-31.237104,0.000000,0.000709,-0.017370,0.000000,-0.001680,0.021833,-33.373150,0.033615,-0.101741,494.769135,-0.000573,0.009112,0.000000,0.000000,0.000000,0.000000
-2.260000,-1.534353,0.000000,0.000895,-0.032714,0.000000,-0.001107,0.042621,-1.671437,0.024503,-0.217856,22.590305,0.000085,-0.000178,0.000000,0.000000,0.000000,0.000000
0.670000,4.241182,0.000000,0.001043,0.009698,0.000000,-0.001192,-0.011576,4.705689,0.024682,0.063891,-58.900745,0.000058,-0.000942,0.000000,0.000000,0.000000,0.000000
-4.960000,-8.149439,0.000000,0.001321,-0.071796,0.000000,-0.001250,0.103531,-9.253929,0.025624,-0.609229,108.641693,0.000105,0.000411,0.000000,0.000000,0.000000,0.000000
-2.470000,3.604281,0.000000,0.001371,-0.035753,0.000000,-0.001354,0.055846,4.188468,0.025213,-0.346759,-46.601334,0.000230,-0.001821,0.000000,0.000000,0.000000,0.000000
-1.220000,7.005912,0.000000,-0.001818,-0.017660,0.000000,-0.002484,0.016287,7.060940,0.029894,-0.029076,-273.242920,0.000177,-0.005249,0.000000,0.000000,0.000000,0.000000
-5.020000,-5.500510,0.000000,-0.001796,-0.072665,0.000000,-0.002662,0.072563,-5.545078,0.035143,-0.129541,214.582397,0.000091,0.003722,0.000000,0.000000,0.000000,0.000000
-0.360000,6.745362,0.000000,-0.001722,-0.005211,0.000000,-0.002753,0.003648,6.846934,0.031420,-0.008870,-194.562256,0.000139,-0.003715,0.000000,0.000000,0.000000,0.000000
2.730000,4.472783,0.000000,-0.001443,0.039517,0.000000,-0.002892,-0.044024,4.582421,0.035135,0.134121,-103.912468,-0.000033,-0.001598,0.000000,0.000000,0.000000,0.000000
2.510000,-0.318451,0.000000,-0.001035,0.036332,0.000000,-0.002859,-0.041527,-0.331888,0.036733,0.150559,6.324010,-0.000119,0.000530,0.000000,0.000000,0.000000,0.000000
-0.940000,-4.993884,0.000000,-0.000646,-0.013607,0.000000,-0.002741,0.014976,-5.252103,0.036203,-0.062364,87.132301,-0.000059,0.001480,0.000000,0.000000,0.000000,0.000000
-0.190000,1.085627,0.000000,-0.000411,-0.002750,0.000000,-0.002682,0.002825,1.157590,0.034723,-0.013166,-17.161688,0.000030,-0.000363,0.000000,0.000000,0.000000,0.000000
-4.850000,-6.745362,0.000000,-0.000147,-0.070204,0.000000,-0.002712,0.088843,-7.340682,0.035086,-0.454122,99.212997,0.000101,0.000651,0.000000,0.000000,0.000000,0.000000
-2.120000,3.951682,0.000000,-0.000083,-0.030687,0.000000,-0.002813,0.040931,4.384190,0.034435,-0.225910,-54.876568,0.000194,-0.001651,0.000000,0.000000,0.000000,0.000000
4.470000,9.539042,0.000000,0.000095,0.064703,0.000000,-0.003007,-0.091483,10.825071,0.036087,0.538332,-127.086990,-0.000043,-0.000947,0.000000,0.000000,0.000000,0.000000
4.110000,-0.521100,0.000000,0.000549,0.059492,0.000000,-0.002964,-0.088668,-0.609844,0.037034,0.550557,6.785189,-0.000251,0.001619,0.000000,0.000000,0.000000,0.000000
-4.740000,1.404078,0.000000,-0.000658,-0.068612,0.000000,-0.001365,0.069652,1.414478,0.030715,-0.124345,-54.737221,0.000216,-0.001376,0.000000,0.000000,0.000000,0.000000
-1.010000,5.399184,0.000000,-0.000769,-0.014620,0.000000,-0.001581,0.014181,5.441330,0.032091,-0.025317,-210.567596,0.000141,-0.004053,0.000000,0.000000,0.000000,0.000000
-3.550000,-3.676656,0.000000,-0.000470,-0.051386,0.000000,-0.001722,0.053245,-3.733768,0.036144,-0.129448,106.098633,0.000073,0.001666,0.000000,0.000000,0.000000,0.000000
6.770000,14.938227,0.000000,-0.000295,0.097996,0.000000,-0.001795,-0.105643,15.307397,0.034478,0.321847,-347.115479,0.000004,-0.005705,0.000000,0.000000,0.000000,0.000000
5.290000,-2.142304,0.000000,0.000345,0.076573,0.000000,-0.001799,-0.084712,-2.223390,0.040183,0.307134,42.365856,-0.000271,0.001644,0.000000,0.000000,0.000000,0.000000
0.580000,-6.817738,0.000000,0.000919,0.008396,0.000000,-0.001528,-0.008639,-7.170128,0.038539,0.035974,118.952316,-0.000159,0.002347,0.000000,0.000000,0.000000,0.000000
4.830000,6.151886,0.000000,0.001295,0.069914,0.000000,-0.001369,-0.082868,6.569130,0.036193,0.386154,-97.389740,-0.000099,-0.000804,0.000000,0.000000,0.000000,0.000000
-5.300000,-14.663202,0.000000,0.001862,-0.076718,0.000000,-0.001269,0.099651,-15.955460,0.036996,-0.509365,215.646072,-0.000032,0.002707,0.000000,0.000000,0.000000,0.000000
-0.290000,7.251988,0.000000,0.002009,-0.004198,0.000000,-0.001237,0.008302,8.046747,0.034290,-0.045819,-100.720497,0.000175,-0.002036,0.000000,0.000000,0.000000,0.000000
1.820000,-2.923955,0.000000,-0.002249,0.026345,0.000000,-0.003371,-0.029162,-2.948392,0.049682,0.052061,114.096329,-0.000135,0.002305,0.000000,0.000000,0.000000,0.000000
-3.870000,-8.236289,0.000000,-0.002060,-0.056018,0.000000,-0.003236,0.055248,-8.302917,0.047377,-0.098630,321.304779,-0.000008,0.005813,0.000000,0.000000,0.000000,0.000000
-7.210000,-4.834659,0.000000,-0.001847,-0.104365,0.000000,-0.003229,0.107207,-4.909439,0.041564,-0.260640,139.506454,0.000197,0.001926,0.000000,0.000000,0.000000,0.000000
-2.650000,6.600612,0.000000,-0.001803,-0.038359,0.000000,-0.003426,0.039290,6.762898,0.039639,-0.119699,-153.357697,0.000234,-0.003231,0.000000,0.000000,0.000000,0.000000
-4.420000,-2.562079,0.000000,-0.001567,-0.063980,0.000000,-0.003660,0.069359,-2.658363,0.042870,-0.251470,50.654099,0.000137,0.000285,0.000000,0.000000,0.000000,0.000000
0.550000,7.194088,0.000000,-0.001421,0.007961,0.000000,-0.003796,-0.010841,7.561045,0.042585,0.045143,-125.437599,0.000114,-0.002254,0.000000,0.000000,0.000000,0.000000
0.400000,-0.217125,0.000000,-0.001070,0.005790,0.000000,-0.003910,-0.008284,-0.234574,0.044839,0.038602,3.477640,-0.000027,0.000174,0.000000,0.000000,0.000000,0.000000
2.450000,2.967381,0.000000,-0.000733,0.035464,0.000000,-0.003883,-0.045904,3.225206,0.044664,0.234637,-43.590286,-0.000063,-0.000191,0.000000,0.000000,0.000000,0.000000
0.680000,-2.562080,0.000000,-0.000316,0.009843,0.000000,-0.003820,-0.013587,-2.847646,0.044855,0.074992,35.643768,-0.000091,0.000878,0.000000,0.000000,0.000000,0.000000
-0.110000,-0.130275,0.000000,-0.000573,-0.001592,0.000000,-0.001344,0.001125,-0.132150,0.033353,-0.002008,5.113911,0.000001,0.000090,0.000000,0.000000,0.000000,0.000000
-11.700000,-16.776554,0.000000,-0.000497,-0.169358,0.000000,-0.001345,0.172896,-16.910812,0.033263,-0.308659,654.411438,0.000147,0.011556,0.000000,0.000000,0.000000,0.000000
-5.880000,8.424464,0.000000,-0.000762,-0.085113,0.000000,-0.001492,0.088209,8.551814,0.021707,-0.214453,-243.008057,0.000400,-0.005203,0.000000,0.000000,0.000000,0.000000
