ovf,-0.000000,ovf,0.000003,-0.000000,-0.000000,-12998235.000000,0.000000,ovf,-1037553.437500,ovf,-0.000001,ovf,0.000000,-0.000000,ovf,ovf,ovf
0.100000,-0.115800,0.000000,0.000000,0.001448,0.000000,0.000000,-0.001456,-0.116030,0.000000,0.001315,8.875424,-0.000006,0.000172,0.000000,0.000000,0.000000,0.000000
0.310000,0.303976,0.000000,0.000004,0.004487,0.000000,0.000006,-0.004510,0.304581,-0.000172,0.004073,-23.298159,-0.000006,-0.000430,0.000000,0.000000,0.000000,0.000000
0.010000,-0.434251,0.000000,0.000019,0.000145,0.000000,0.000013,-0.000128,-0.436936,0.000259,0.000202,19.126644,-0.000009,0.000364,0.000000,0.000000,0.000000,0.000000
0.170000,0.231600,0.000000,0.000018,0.002461,0.000000,0.000021,-0.002535,0.234539,-0.000105,0.005660,-7.258450,-0.000002,-0.000123,0.000000,0.000000,0.000000,0.000000
0.080000,-0.130275,0.000000,0.000026,0.001158,0.000000,0.000024,-0.001206,-0.133087,0.000018,0.003446,3.217122,-0.000006,0.000070,0.000000,0.000000,0.000000,0.000000
-0.030000,-0.159225,0.000000,0.000029,-0.000434,0.000000,0.000029,0.000510,-0.164453,-0.000052,-0.001757,3.294206,-0.000002,0.000057,0.000000,0.000000,0.000000,0.000000
-0.030000,0.000000,0.000000,0.000028,-0.000434,0.000000,0.000031,0.000528,-0.000001,-0.000110,-0.002110,0.000019,0.000001,-0.000006,0.000000,0.000000,0.000000,0.000000
-1.700000,-2.417329,0.000000,0.000027,-0.024608,0.000000,0.000030,0.029327,-2.568937,-0.000104,-0.132255,39.353771,0.000031,0.000387,0.000000,0.000000,0.000000,0.000000
-1.180000,0.752701,0.000000,-0.000045,-0.017081,0.000000,-0.000001,0.021265,0.814088,-0.000491,-0.105797,-11.304434,0.000073,-0.000501,0.000000,0.000000,0.000000,0.000000
3.250000,6.412436,0.000000,-0.000096,0.047044,0.000000,-0.000074,-0.061981,7.072248,0.000010,0.334478,-90.536873,-0.000034,-0.000809,0.000000,0.000000,0.000000,0.000000
2.520000,-1.056677,0.000000,0.000039,0.036477,0.000000,-0.000040,-0.050663,-1.190999,0.000818,0.292570,14.247935,-0.000160,0.001063,0.000000,0.000000,0.000000,0.000000
0.870000,-2.388379,0.000000,0.000144,0.012593,0.000000,0.000119,-0.018369,-2.756285,-0.000245,0.112273,31.154785,-0.000102,0.000892,0.000000,0.000000,0.000000,0.000000
0.900000,0.043425,0.000000,0.000182,0.013028,0.000000,0.000221,-0.020181,0.051348,-0.001136,0.129364,-0.553377,-0.000053,0.000338,0.000000,0.000000,0.000000,0.000000
1.450000,0.796126,0.000000,0.000222,0.020989,0.000000,0.000274,-0.034831,0.968723,-0.001474,0.232423,-10.029325,-0.000076,0.000438,0.000000,0.000000,0.000000,0.000000
0.460000,-1.433028,0.000000,0.000286,0.006659,0.000000,0.000350,-0.011439,-1.795927,-0.001912,0.078961,17.974672,-0.000065,0.000553,0.000000,0.000000,0.000000,0.000000
4.300000,4.834659,0.000000,0.001589,0.062243,0.000000,0.001596,-0.062034,4.873008,0.000863,0.110744,-188.574738,-0.000075,-0.003272,0.000000,0.000000,0.000000,0.000000
-5.620000,-14.359225,0.000000,0.001821,-0.081350,0.000000,0.001671,0.085158,-14.473617,0.004135,-0.152026,560.097351,-0.000044,0.010200,0.000000,0.000000,0.000000,0.000000
-1.640000,5.761060,0.000000,0.001570,-0.023739,0.000000,0.001715,0.026467,5.848696,-0.006065,-0.064345,-166.196350,0.000182,-0.003340,0.000000,0.000000,0.000000,0.000000
0.190000,2.648930,0.000000,0.001518,0.002750,0.000000,0.001532,-0.001325,2.714556,-0.002725,0.004035,-61.556156,0.000047,-0.001149,0.000000,0.000000,0.000000,0.000000
-4.980000,-7.483588,0.000000,0.001558,-0.072086,0.000000,0.001485,0.081840,-7.759467,-0.001577,-0.296721,147.853714,0.000074,0.001999,0.000000,0.000000,0.000000,0.000000
5.000000,14.446075,0.000000,0.001381,0.072375,0.000000,0.001411,-0.082032,15.187082,-0.003576,0.341601,-251.953461,0.000066,-0.003850,0.000000,0.000000,0.000000,0.000000
5.660000,0.955351,0.000000,0.001647,0.081929,0.000000,0.001345,-0.096952,1.019959,0.000274,0.451785,-15.121262,-0.000243,0.000943,0.000000,0.000000,0.000000,0.000000
-8.310000,-20.221611,0.000000,0.001951,-0.120287,0.000000,0.001588,0.155018,-21.999607,-0.000669,-0.792374,297.335754,0.000003,0.003485,0.000000,0.000000,0.000000,0.000000
1.830000,14.677677,0.000000,0.001676,0.026489,0.000000,0.001585,-0.033186,16.293518,-0.004153,0.183165,-203.944687,0.000219,-0.003373,0.000000,0.000000,0.000000,0.000000
3.690000,2.692355,0.000000,0.001840,0.053413,0.000000,0.001366,-0.073025,3.054978,-0.000781,0.429715,-35.865631,-0.000140,0.000489,0.000000,0.000000,0.000000,0.000000
2.280000,3.806931,0.000000,0.000723,0.033003,0.000000,0.000297,-0.033004,3.836717,0.017587,0.058920,-148.472549,-0.000016,-0.002653,0.000000,0.000000,0.000000,0.000000
-3.260000,-8.019164,0.000000,0.000856,-0.047189,0.000000,0.000313,0.049193,-8.083504,0.020240,-0.087820,312.813904,-0.000020,0.005690,0.000000,0.000000,0.000000,0.000000
-1.300000,2.837105,0.000000,0.000884,-0.018818,0.000000,0.000333,0.020602,2.879636,0.014549,-0.050088,-81.827629,0.000110,-0.001695,0.000000,0.000000,0.000000,0.000000
4.590000,8.525789,0.000000,0.001009,0.066440,0.000000,0.000223,-0.070325,8.736469,0.016245,0.214250,-198.111038,-0.000025,-0.003169,0.000000,0.000000,0.000000,0.000000
-5.950000,-15.256677,0.000000,0.001407,-0.086126,0.000000,0.000248,0.097276,-15.819920,0.019413,-0.352685,301.442566,-0.000036,0.004760,0.000000,0.000000,0.000000,0.000000
8.340000,20.684813,0.000000,0.001349,0.120722,0.000000,0.000284,-0.137933,21.744825,0.014653,0.574384,-360.746277,0.000039,-0.005286,0.000000,0.000000,0.000000,0.000000
-0.870000,-13.331498,0.000000,0.001921,-0.012593,0.000000,0.000245,0.017527,-14.244121,0.019939,-0.081676,211.174286,-0.000222,0.003787,0.000000,0.000000,0.000000,0.000000
-2.770000,-2.750255,0.000000,0.002109,-0.040096,0.000000,0.000468,0.053522,-2.994159,0.016152,-0.273577,40.467560,0.000088,0.000019,0.000000,0.000000,0.000000,0.000000
0.720000,5.051784,0.000000,0.002231,0.010422,0.000000,0.000379,-0.010955,5.605548,0.016133,0.060464,-70.164192,0.000076,-0.001165,0.000000,0.000000,0.000000,0.000000
-1.550000,0.521101,0.000000,-0.000736,-0.022436,0.000000,-0.001580,0.022308,0.524330,0.036593,-0.039825,-20.290436,0.000070,-0.000490,0.000000,0.000000,0.000000,0.000000
-3.140000,-2.301529,0.000000,-0.000708,-0.045452,0.000000,-0.001650,0.045813,-2.320758,0.037083,-0.081787,89.808266,0.000080,0.001480,0.000000,0.000000,0.000000,0.000000
-2.440000,1.013252,0.000000,-0.000498,-0.035319,0.000000,-0.001730,0.036413,1.027444,0.035603,-0.088527,-29.195812,0.000118,-0.000795,0.000000,0.000000,0.000000,0.000000
3.540000,8.656065,0.000000,-0.000260,0.051242,0.000000,-0.001847,-0.055354,8.869272,0.036398,0.168640,-201.122513,0.000018,-0.003351,0.000000,0.000000,0.000000,0.000000
2.600000,-1.360652,0.000000,0.000245,0.037635,0.000000,-0.001865,-0.041551,-1.412905,0.039748,0.150648,26.922373,-0.000139,0.000923,0.000000,0.000000,0.000000,0.000000
10.590000,11.565546,0.000000,0.000710,0.153291,0.000000,-0.001726,-0.176304,12.156400,0.038825,0.734170,-201.674469,-0.000246,-0.001834,0.000000,0.000000,0.000000,0.000000
-4.300000,-21.553314,0.000000,0.001525,-0.062243,0.000000,-0.001480,0.077009,-23.028738,0.040659,-0.358852,341.409424,-0.000227,0.005497,0.000000,0.000000,0.000000,0.000000
0.730000,7.280938,0.000000,0.001711,0.010567,0.000000,-0.001252,-0.011230,7.917377,0.035162,0.057404,-107.007324,0.000120,-0.001881,0.000000,0.000000,0.000000,0.000000
4.180000,4.993884,0.000000,0.002123,0.060506,0.000000,-0.001372,-0.078084,5.539664,0.037043,0.430965,-69.339539,-0.000107,-0.000144,0.000000,0.000000,0.000000,0.000000
8.850000,-8.294189,0.000000,-0.002165,0.128104,0.000000,-0.003372,-0.133258,-8.361431,0.053242,0.237895,323.569153,-0.000519,0.006771,0.000000,0.000000,0.000000,0.000000
-0.430000,-13.432825,0.000000,-0.001692,-0.006224,0.000000,-0.002853,0.004641,-13.540776,0.046472,-0.008285,523.998413,-0.000243,0.009887,0.000000,0.000000,0.000000,0.000000
4.730000,7.469113,0.000000,-0.001383,0.068467,0.000000,-0.002610,-0.073045,7.581474,0.036585,0.177585,-215.434906,-0.000054,-0.003617,0.000000,0.000000,0.000000,0.000000
-1.500000,-9.017941,0.000000,-0.000842,-0.021713,0.000000,-0.002557,0.022431,-9.243346,0.040202,-0.068338,209.605118,-0.000114,0.003791,0.000000,0.000000,0.000000,0.000000
-0.930000,0.825076,0.000000,-0.000591,-0.013462,0.000000,-0.002442,0.014304,0.853679,0.036411,-0.051860,-16.266537,0.000055,-0.000455,0.000000,0.000000,0.000000,0.000000
0.610000,2.229154,0.000000,-0.000318,0.008830,0.000000,-0.002497,-0.010570,2.341396,0.036867,0.044016,-38.843727,0.000016,-0.000616,0.000000,0.000000,0.000000,0.000000
-0.330000,-1.360652,0.000000,0.000018,-0.004777,0.000000,-0.002513,0.005791,-1.456121,0.037482,-0.026984,21.587523,-0.000012,0.000337,0.000000,0.000000,0.000000,0.000000
0.420000,1.085627,0.000000,0.000314,0.006080,0.000000,-0.002501,-0.007312,1.178135,0.037145,0.037376,-15.923087,0.000003,-0.000201,0.000000,0.000000,0.000000,0.000000
-0.650000,-1.548828,0.000000,0.000642,-0.009409,0.000000,-0.002504,0.013442,-1.722767,0.037346,-0.074192,21.563740,0.000004,0.000208,0.000000,0.000000,0.000000,0.000000
1.670000,3.358206,0.000000,0.000929,0.024173,0.000000,-0.002507,-0.032913,3.808234,0.037138,0.193678,-44.708893,-0.000017,-0.000323,0.000000,0.000000,0.000000,0.000000
2.950000,1.852804,0.000000,0.001319,0.042701,0.000000,-0.002490,-0.062251,2.150391,0.037461,0.386531,-23.925478,-0.000128,0.000593,0.000000,0.000000,0.000000,0.000000
-1.940000,-1.172477,0.000000,-0.001228,-0.028082,0.000000,-0.002098,0.027585,-1.182732,0.038091,-0.049246,45.769150,0.000052,0.000732,0.000000,0.000000,0.000000,0.000000
-3.510000,-2.272579,0.000000,-0.001213,-0.050807,0.000000,-0.002150,0.050779,-2.291561,0.037359,-0.090653,88.678398,0.000094,0.001433,0.000000,0.000000,0.000000,0.000000
1.960000,7.917839,0.000000,-0.001025,0.028371,0.000000,-0.002244,-0.030740,8.037010,0.035927,0.074735,-228.379425,0.000069,-0.004125,0.000000,0.000000,0.000000,0.000000
4.410000,3.546381,0.000000,-0.000588,0.063835,0.000000,-0.002313,-0.069241,3.632693,0.040051,0.210947,-82.376122,-0.000119,-0.000982,0.000000,0.000000,0.000000,0.000000
0.950000,-5.008358,0.000000,-0.000045,0.013751,0.000000,-0.002194,-0.015332,-5.194968,0.041033,0.055589,98.988136,-0.000140,0.002027,0.000000,0.000000,0.000000,0.000000
-1.600000,-3.691131,0.000000,0.000343,-0.023160,0.000000,-0.002055,0.027157,-3.882965,0.039006,-0.113087,64.418327,0.000000,0.000910,0.000000,0.000000,0.000000,0.000000
2.610000,6.093986,0.000000,0.000622,0.037780,0.000000,-0.002055,-0.044874,6.507402,0.038096,0.209107,-96.474617,0.000002,-0.001263,0.000000,0.000000,0.000000,0.000000
-0.470000,-4.458308,0.000000,0.001085,-0.006803,0.000000,-0.002057,0.010003,-4.853544,0.039359,-0.051132,65.598091,-0.000065,0.001106,0.000000,0.000000,0.000000,0.000000
-5.580000,-7.396739,0.000000,0.001423,-0.080771,0.000000,-0.001992,0.109929,-8.215260,0.038253,-0.606731,102.829750,0.000142,0.000304,0.000000,0.000000,0.000000,0.000000
1.200000,9.814068,0.000000,0.001556,0.017370,0.000000,-0.002134,-0.022393,11.136072,0.037949,0.131769,-130.738159,0.000150,-0.002120,0.000000,0.000000,0.000000,0.000000
-1.990000,-4.617533,0.000000,0.001982,-0.028805,0.000000,-0.002284,0.046312,-5.375592,0.040069,-0.287564,59.809402,0.000023,0.000359,0.000000,0.000000,0.000000,0.000000
-4.810000,-11.290520,0.000000,-0.001815,-0.069625,0.000000,-0.002816,0.069533,-11.381372,0.044183,-0.124133,440.434296,-0.000027,0.008003,0.000000,0.000000,0.000000,0.000000
-0.810000,5.790010,0.000000,-0.001898,-0.011725,0.000000,-0.002789,0.010061,5.835213,0.036180,-0.017962,-225.809982,0.000138,-0.004339,0.000000,0.000000,0.000000,0.000000
-2.570000,-2.547604,0.000000,-0.001569,-0.037201,0.000000,-0.002927,0.037261,-2.587611,0.040519,-0.090589,73.529472,0.000052,0.001155,0.000000,0.000000,0.000000,0.000000
-6.300000,-5.399185,0.000000,-0.001335,-0.091193,0.000000,-0.002978,0.096579,-5.534693,0.039364,-0.294233,125.506508,0.000156,0.001578,0.000000,0.000000,0.000000,0.000000
1.010000,10.581244,0.000000,-0.001280,0.014620,0.000000,-0.003134,-0.017669,10.969255,0.037786,0.064061,-209.015015,0.000160,-0.003787,0.000000,0.000000,0.000000,0.000000
-0.460000,-2.127829,0.000000,-0.000911,-0.006659,0.000000,-0.003294,0.006641,-2.239244,0.041573,-0.027656,37.149021,-0.000025,0.000636,0.000000,0.000000,0.000000,0.000000
-2.490000,-2.938430,0.000000,-0.000614,-0.036043,0.000000,-0.003269,0.042786,-3.141655,0.040937,-0.199377,46.576180,0.000056,0.000341,0.000000,0.000000,0.000000,0.000000
-2.850000,-0.521101,0.000000,-0.000408,-0.041254,0.000000,-0.003326,0.051798,-0.569704,0.040596,-0.264768,7.699834,0.000129,-0.000571,0.000000,0.000000,0.000000,0.000000
-3.550000,-1.013252,0.000000,-0.000222,-0.051386,0.000000,-0.003455,0.068429,-1.128002,0.041167,-0.377680,14.119113,0.000164,-0.000753,0.000000,0.000000,0.000000,0.000000
-3.100000,0.651376,0.000000,-0.000068,-0.044873,0.000000,-0.003618,0.063442,0.735885,0.041920,-0.373326,-8.639331,0.000185,-0.001172,0.000000,0.000000,0.000000,0.000000
-1.580000,-2.185729,0.000000,-0.001036,-0.022871,0.000000,-0.001736,0.022428,-2.203860,0.030702,-0.040040,85.284554,0.000019,0.001509,0.000000,0.000000,0.000000,0.000000
-6.980000,-7.816514,0.000000,-0.001024,-0.101036,0.000000,-0.001755,0.102401,-7.879384,0.029193,-0.182810,304.914948,0.000128,0.005276,0.000000,0.000000,0.000000,0.000000
2.690000,13.997350,0.000000,-0.001089,0.038938,0.000000,-0.001883,-0.041857,14.209353,0.023917,0.101762,-403.772491,0.000156,-0.007380,0.000000,0.000000,0.000000,0.000000
6.460000,5.457084,0.000000,-0.000707,0.093509,0.000000,-0.002038,-0.101264,5.591208,0.031297,0.308505,-126.788055,-0.000168,-0.001553,0.000000,0.000000,0.000000,0.000000
5.690000,-1.114577,0.000000,-0.000162,0.082363,0.000000,-0.001870,-0.091710,-1.157318,0.032850,0.332505,22.052252,-0.000270,0.001320,0.000000,0.000000,0.000000,0.000000
1.910000,-5.471560,0.000000,0.000347,0.027647,0.000000,-0.001600,-0.031545,-5.754293,0.031530,0.131361,95.463631,-0.000194,0.002161,0.000000,0.000000,0.000000,0.000000
0.970000,-1.360652,0.000000,0.000694,0.014041,0.000000,-0.001407,-0.016118,-1.455830,0.029369,0.075110,21.583208,-0.000071,0.000608,0.000000,0.000000,0.000000,0.000000
1.620000,0.940877,0.000000,0.001005,0.023450,0.000000,-0.001336,-0.028464,1.020952,0.028761,0.145491,-13.798687,-0.000058,0.000131,0.000000,0.000000,0.000000,0.000000
2.470000,1.230377,0.000000,0.001350,0.035753,0.000000,-0.001278,-0.046013,1.362799,0.028630,0.253958,-17.058052,-0.000099,0.000364,0.000000,0.000000,0.000000,0.000000
-1.630000,-5.934761,0.000000,0.001739,-0.023594,0.000000,-0.001180,0.035871,-6.740467,0.028266,-0.211082,79.133476,-0.000030,0.000927,0.000000,0.000000,0.000000,0.000000
-4.100000,-14.706625,0.000000,-0.001267,-0.059348,0.000000,-0.002092,0.059554,-14.824466,0.036244,-0.106318,573.674438,-0.000120,0.010573,0.000000,0.000000,0.000000,0.000000
-2.510000,2.301529,0.000000,-0.001341,-0.036332,0.000000,-0.001973,0.035828,2.319233,0.025671,-0.063961,-89.749245,0.000141,-0.001892,0.000000,0.000000,0.000000,0.000000
-1.750000,1.100102,0.000000,-0.001196,-0.025331,0.000000,-0.002114,0.025239,1.115960,0.027563,-0.061361,-31.711075,0.000089,-0.000763,0.000000,0.000000,0.000000,0.000000
0.330000,3.010805,0.000000,-0.001025,0.004777,0.000000,-0.002203,-0.006236,3.084408,0.028326,0.018998,-69.943047,0.000041,-0.001272,0.000000,0.000000,0.000000,0.000000
5.030000,6.803262,0.000000,-0.000768,0.072809,0.000000,-0.002244,-0.081766,7.052446,0.029597,0.296452,-134.381683,-0.000088,-0.001740,0.000000,0.000000,0.000000,0.000000
-1.480000,-9.423242,0.000000,-0.000309,-0.021423,0.000000,-0.002157,0.024397,-9.908525,0.031338,-0.101593,164.382263,-0.000121,0.002841,0.000000,0.000000,0.000000,0.000000
0.770000,3.256881,0.000000,-0.000136,0.011146,0.000000,-0.002035,-0.013625,3.477458,0.028497,0.063490,-51.554569,0.000029,-0.000810,0.000000,0.000000,0.000000,0.000000
-6.830000,-11.001019,0.000000,0.000132,-0.098864,0.000000,-0.002064,0.125543,-11.970040,0.029306,-0.641713,161.781097,0.000113,0.001329,0.000000,0.000000,0.000000,0.000000
-3.180000,5.283384,0.000000,0.000078,-0.046031,0.000000,-0.002177,0.061667,5.862978,0.027977,-0.340356,-73.386436,0.000278,-0.002313,0.000000,0.000000,0.000000,0.000000
4.960000,11.782671,0.000000,0.000177,0.071796,0.000000,-0.002455,-0.101409,13.372356,0.030290,0.596745,-156.992264,-0.000022,-0.001354,0.000000,0.000000,0.000000,0.000000
0.190000,4.603058,0.000000,-0.000439,0.002750,0.000000,-0.001071,-0.003198,4.638978,0.027320,0.005710,-179.518326,0.000079,-0.003381,0.000000,0.000000,0.000000,0.000000
-3.170000,-4.863609,0.000000,-0.000365,-0.045886,0.000000,-0.001150,0.046608,-4.903065,0.030701,-0.083207,189.737885,0.000033,0.003374,0.000000,0.000000,0.000000,0.000000
-2.860000,0.448726,0.000000,-0.000232,-0.041399,0.000000,-0.001183,0.043050,0.454605,0.027327,-0.104662,-12.918052,0.000125,-0.000534,0.000000,0.000000,0.000000,0.000000
-4.390000,-2.214679,0.000000,-0.000085,-0.063545,0.000000,-0.001308,0.068207,-2.270846,0.027861,-0.207796,51.494453,0.000141,0.000414,0.000000,0.000000,0.000000,0.000000
-2.640000,2.533129,0.000000,-0.000010,-0.038214,0.000000,-0.001449,0.042456,2.624990,0.027447,-0.153929,-50.018188,0.000164,-0.001364,0.000000,0.000000,0.000000,0.000000
-1.300000,1.939654,0.000000,0.000142,-0.018818,0.000000,-0.001614,0.021907,2.037395,0.028812,-0.091228,-33.800343,0.000098,-0.000884,0.000000,0.000000,0.000000,0.000000
2.160000,5.008359,0.000000,0.000352,0.031266,0.000000,-0.001711,-0.037333,5.348296,0.029696,0.173966,-79.290428,0.000000,-0.001029,0.000000,0.000000,0.000000,0.000000
-5.510000,-11.102345,0.000000,0.000713,-0.079757,0.000000,-0.001711,0.102049,-12.080654,0.030725,-0.521622,163.276123,0.000047,0.001683,0.000000,0.000000,0.000000,0.000000
-1.000000,6.528237,0.000000,0.000751,-0.014475,0.000000,-0.001759,0.020364,7.244449,0.029042,-0.112395,-90.678177,0.000192,-0.002024,0.000000,0.000000,0.000000,0.000000
11.010000,17.384506,0.000000,0.000985,0.159370,0.000000,-0.001951,-0.224268,19.730621,0.031067,1.319705,-231.638687,-0.000233,-0.000813,0.000000,0.000000,0.000000,0.000000
-2.170000,-17.326605,0.000000,-0.000863,-0.031411,0.000000,-0.001720,0.031368,-17.465328,0.037257,-0.055998,675.869934,-0.000245,0.012648,0.000000,0.000000,0.000000,0.000000
-2.700000,-0.767176,0.000000,-0.000859,-0.039083,0.000000,-0.001475,0.039137,-0.773873,0.024609,-0.069869,29.947193,0.000092,0.000355,0.000000,0.000000,0.000000,0.000000
-2.990000,-0.419776,0.000000,-0.000745,-0.043280,0.000000,-0.001566,0.044480,-0.426943,0.024254,-0.108140,12.131993,0.000112,-0.000063,0.000000,0.000000,0.000000,0.000000
2.510000,7.961264,0.000000,-0.000651,0.036332,0.000000,-0.001678,-0.039750,8.157821,0.024318,0.121100,-184.989395,0.000047,-0.003175,0.000000,0.000000,0.000000,0.000000
1.070000,-2.084404,0.000000,-0.000314,0.015488,0.000000,-0.001725,-0.017561,-2.162552,0.027493,0.063668,41.206608,-0.000089,0.000958,0.000000,0.000000,0.000000,0.000000
0.500000,-0.825077,0.000000,-0.000043,0.007238,0.000000,-0.001636,-0.008412,-0.868996,0.026534,0.035031,14.416633,-0.000039,0.000366,0.000000,0.000000,0.000000,0.000000
-2.820000,-4.805708,0.000000,0.000203,-0.040820,0.000000,-0.001597,0.049540,-5.135783,0.026168,-0.230851,76.139847,0.000037,0.000817,0.000000,0.000000,0.000000,0.000000
0.310000,4.530683,0.000000,0.000306,0.004487,0.000000,-0.001634,-0.005302,4.926825,0.025352,0.027102,-66.588509,0.000079,-0.001189,0.000000,0.000000,0.000000,0.000000
-2.650000,-4.284608,0.000000,0.000545,-0.038359,0.000000,-0.001713,0.052031,-4.758927,0.026541,-0.287174,59.567108,0.000050,0.000353,0.000000,0.000000,0.000000,0.000000
2.330000,7.208563,0.000000,0.000661,0.033727,0.000000,-0.001764,-0.046820,8.180078,0.026188,0.275510,-96.034599,0.000028,-0.001074,0.000000,0.000000,0.000000,0.000000
-3.490000,2.200204,0.000000,-0.000584,-0.050518,0.000000,-0.001219,0.051194,2.217014,0.027574,-0.091393,-85.793602,0.000180,-0.001870,0.000000,0.000000,0.000000,0.000000
-2.850000,0.926402,0.000000,-0.000654,-0.041254,0.000000,-0.001400,0.041570,0.933039,0.029444,-0.074212,-36.106586,0.000130,-0.000881,0.000000,0.000000,0.000000,0.000000
-3.690000,-1.215902,0.000000,-0.000483,-0.053413,0.000000,-0.001530,0.055350,-1.235407,0.030325,-0.134566,35.105282,0.000126,0.000302,0.000000,0.000000,0.000000,0.000000
-4.290000,-0.868502,0.000000,-0.000356,-0.062098,0.000000,-0.001656,0.066360,-0.891323,0.030022,-0.202168,20.211939,0.000162,-0.000165,0.000000,0.000000,0.000000,0.000000
-1.430000,4.139857,0.000000,-0.000260,-0.020699,0.000000,-0.001818,0.022714,4.290805,0.030187,-0.082354,-81.759659,0.000142,-0.001771,0.000000,0.000000,0.000000,0.000000
-0.020000,2.040979,0.000000,-0.000039,-0.000290,0.000000,-0.001960,0.000289,2.143781,0.031958,-0.001204,-35.565296,0.000041,-0.000673,0.000000,0.000000,0.000000,0.000000
-3.030000,-4.356983,0.000000,0.000241,-0.043859,0.000000,-0.002001,0.053257,-4.656859,0.032631,-0.248174,69.039635,0.000056,0.000637,0.000000,0.000000,0.000000,0.000000
-2.030000,1.447503,0.000000,0.000393,-0.029384,0.000000,-0.002057,0.037762,1.572156,0.031994,-0.193022,-21.248478,0.000132,-0.000926,0.000000,0.000000,0.000000,0.000000
-2.700000,-0.969827,0.000000,0.000590,-0.039083,0.000000,-0.002189,0.053059,-1.079615,0.032920,-0.292849,13.513449,0.000123,-0.000535,0.000000,0.000000,0.000000,0.000000
-0.960000,2.518655,0.000000,0.000761,-0.013896,0.000000,-0.002312,0.020754,2.855653,0.033454,-0.122128,-33.525536,0.000110,-0.000964,0.000000,0.000000,0.000000,0.000000
-8.470000,-31.396330,0.000000,-0.001133,-0.122603,0.000000,-0.001878,0.124450,-31.646816,0.032694,-0.222172,1224.662720,-0.000263,0.022590,0.000000,0.000000,0.000000,0.000000
-1.430000,10.190418,0.000000,-0.001387,-0.020699,0.000000,-0.001615,0.019774,10.271266,0.010104,-0.035301,-397.475586,0.000248,-0.007663,0.000000,0.000000,0.000000,0.000000
-6.070000,-6.716413,0.000000,-0.001295,-0.087863,0.000000,-0.001864,0.090527,-6.819006,0.017767,-0.220089,193.768646,0.000115,0.003088,0.000000,0.000000,0.000000,0.000000
-3.830000,3.242406,0.000000,-0.001431,-0.055439,0.000000,-0.001979,0.058048,3.322416,0.014680,-0.176845,-75.340187,0.000220,-0.001911,0.000000,0.000000,0.000000,0.000000
-1.190000,3.821407,0.000000,-0.001476,-0.017225,0.000000,-0.002199,0.017502,3.961596,0.016590,-0.063455,-75.486717,0.000122,-0.001597,0.000000,0.000000,0.000000,0.000000
-4.500000,-4.791233,0.000000,-0.001415,-0.065138,0.000000,-0.002321,0.073630,-5.037745,0.018188,-0.306613,83.576111,0.000104,0.000756,0.000000,0.000000,0.000000,0.000000
-2.670000,2.648930,0.000000,-0.001508,-0.038648,0.000000,-0.002424,0.044852,2.829250,0.017432,-0.209007,-41.944653,0.000175,-0.001361,0.000000,0.000000,0.000000,0.000000
-0.050000,3.792457,0.000000,-0.001533,-0.000724,0.000000,-0.002599,-0.001026,4.125089,0.018793,0.005245,-55.752655,0.000075,-0.001039,0.000000,0.000000,0.000000,0.000000
-4.400000,-6.296636,0.000000,-0.001458,-0.063690,0.000000,-0.002674,0.083232,-6.990829,0.019832,-0.459382,87.503647,0.000093,0.000416,0.000000,0.000000,0.000000,0.000000
-0.910000,-3.589806,0.000000,0.001511,-0.013172,0.000000,0.001486,0.015041,-3.618424,-0.000135,-0.026851,140.025101,-0.000028,0.002578,0.000000,0.000000,0.000000,0.000000
2.350000,4.718858,0.000000,0.001478,0.034016,0.000000,0.001514,-0.033316,4.756387,-0.002713,0.059477,-184.061798,-0.000000,-0.003329,0.000000,0.000000,0.000000,0.000000
-5.540000,-11.420795,0.000000,0.001605,-0.080192,0.000000,0.001514,0.085538,-11.594547,0.000617,-0.207959,329.470276,0.000012,0.005682,0.000000,0.000000,0.000000,0.000000
-1.860000,5.326809,0.000000,0.001374,-0.026924,0.000000,0.001502,0.030414,5.459003,-0.005066,-0.092658,-123.790146,0.000186,-0.002605,0.000000,0.000000,0.000000,0.000000
-2.880000,-1.476453,0.000000,0.001319,-0.041688,0.000000,0.001316,0.047794,-1.530982,-0.002460,-0.173281,29.172291,0.000100,0.000088,0.000000,0.000000,0.000000,0.000000
-4.150000,-1.838328,0.000000,0.001228,-0.060071,0.000000,0.001216,0.070830,-1.932851,-0.002549,-0.294951,32.065960,0.000155,-0.000191,0.000000,0.000000,0.000000,0.000000
-3.370000,1.129052,0.000000,0.001090,-0.048781,0.000000,0.001061,0.060226,1.205913,-0.002358,-0.280645,-17.878096,0.000185,-0.001097,0.000000,0.000000,0.000000,0.000000
0.690000,5.876860,0.000000,0.000992,0.009988,0.000000,0.000876,-0.011407,6.392946,-0.001261,0.058309,-86.403877,0.000090,-0.001476,0.000000,0.000000,0.000000,0.000000
-2.410000,-4.487258,0.000000,0.001074,-0.034885,0.000000,0.000786,0.048093,-4.982104,0.000216,-0.265439,62.360607,0.000036,0.000466,0.000000,0.000000,0.000000,0.000000
12.400000,21.437513,0.000000,0.001032,0.179490,0.000000,0.000750,-0.252689,24.334013,-0.000250,1.486953,-285.682770,-0.000223,-0.001388,0.000000,0.000000,0.000000,0.000000
6.230000,-8.931090,0.000000,0.001618,0.090179,0.000000,0.000973,-0.133221,-10.388581,0.001138,0.827198,115.584442,-0.000557,0.004429,0.000000,0.000000,0.000000,0.000000
-8.470000,-10.016718,0.000000,0.000881,-0.122603,0.000000,0.000533,0.126474,-10.096788,0.014095,-0.225785,390.723602,0.000152,0.006779,0.000000,0.000000,0.000000,0.000000
-5.070000,4.921509,0.000000,0.000584,-0.073388,0.000000,0.000381,0.075740,4.960433,0.007316,-0.135213,-191.957916,0.000299,-0.004013,0.000000,0.000000,0.000000,0.000000
5.080000,14.692150,0.000000,0.000503,0.073533,0.000000,0.000083,-0.076370,14.915015,0.011329,0.185669,-423.824585,0.000075,-0.007515,0.000000,0.000000,0.000000,0.000000
8.570000,5.051783,0.000000,0.000901,0.124051,0.000000,0.000007,-0.132362,5.176167,0.018845,0.403246,-117.376450,-0.000260,-0.001118,0.000000,0.000000,0.000000,0.000000
-1.180000,-14.113150,0.000000,0.001462,-0.017081,0.000000,0.000268,0.020606,-14.634315,0.019962,-0.074709,278.851318,-0.000221,0.005080,0.000000,0.000000,0.000000,0.000000
-0.730000,0.651376,0.000000,0.001601,-0.010567,0.000000,0.000489,0.014060,0.683435,0.014882,-0.058547,-11.338180,0.000051,-0.000382,0.000000,0.000000,0.000000,0.000000
1.600000,3.372681,0.000000,0.001771,0.023160,0.000000,0.000437,-0.025830,3.601335,0.015265,0.120364,-53.391098,-0.000002,-0.000685,0.000000,0.000000,0.000000,0.000000
-7.760000,-13.548625,0.000000,0.002053,-0.112326,0.000000,0.000439,0.145051,-14.741467,0.015949,-0.741428,199.238342,0.000113,0.001768,0.000000,0.000000,0.000000,0.000000
-6.140000,2.344955,0.000000,0.001951,-0.088877,0.000000,0.000326,0.121476,2.600929,0.014181,-0.670461,-32.555614,0.000378,-0.002433,0.000000,0.000000,0.000000,0.000000
-1.150000,7.223038,0.000000,0.001930,-0.016646,0.000000,-0.000052,0.026304,8.196424,0.016614,-0.154784,-96.226501,0.000226,-0.002236,0.000000,0.000000,0.000000,0.000000
-2.400000,1.722528,0.000000,-0.001171,-0.034740,0.000000,-0.001895,0.034446,1.735457,0.031818,-0.061494,-67.158386,0.000126,-0.001434,0.000000,0.000000,0.000000,0.000000
-1.220000,1.708053,0.000000,-0.001189,-0.017660,0.000000,-0.002020,0.016864,1.720834,0.033252,-0.030107,-66.592514,0.000078,-0.001340,0.000000,0.000000,0.000000,0.000000
-3.450000,-3.227931,0.000000,-0.000921,-0.049939,0.000000,-0.002098,0.051260,-3.278128,0.034592,-0.124622,93.151169,0.000076,0.001429,0.000000,0.000000,0.000000,0.000000
-6.380000,-4.241182,0.000000,-0.000765,-0.092351,0.000000,-0.002175,0.098436,-4.347766,0.033163,-0.299890,98.591377,0.000184,0.001053,0.000000,0.000000,0.000000,0.000000
1.220000,11.001019,0.000000,-0.000748,0.017660,0.000000,-0.002358,-0.020457,11.404677,0.032110,0.074167,-217.311798,0.000160,-0.003916,0.000000,0.000000,0.000000,0.000000
1.270000,0.072375,0.000000,-0.000401,0.018383,0.000000,-0.002519,-0.021705,0.074033,0.036026,0.090384,-1.228210,-0.000058,0.000228,0.000000,0.000000,0.000000,0.000000
-2.050000,-4.805708,0.000000,-0.000056,-0.029674,0.000000,-0.002461,0.035768,-5.136334,0.035797,-0.166673,76.148018,-0.000000,0.000991,0.000000,0.000000,0.000000,0.000000
-0.760000,1.867278,0.000000,0.000145,-0.011001,0.000000,-0.002461,0.014135,2.028733,0.034807,-0.072253,-27.419346,0.000077,-0.000716,0.000000,0.000000,0.000000,0.000000
-0.450000,0.448726,0.000000,0.000402,-0.006514,0.000000,-0.002537,0.009250,0.495070,0.035523,-0.051051,-6.196754,0.000034,-0.000254,0.000000,0.000000,0.000000,0.000000
0.870000,1.910703,0.000000,0.000674,0.012593,0.000000,-0.002572,-0.016877,2.165403,0.035777,0.099316,-25.421961,-0.000005,-0.000212,0.000000,0.000000,0.000000,0.000000
-2.300000,-15.850152,0.000000,-0.001085,-0.033293,0.000000,-0.001855,0.033057,-15.977031,0.033730,-0.059014,618.276245,-0.000213,0.011548,0.000000,0.000000,0.000000,0.000000
-2.890000,-0.854027,0.000000,-0.001095,-0.041833,0.000000,-0.001642,0.041712,-0.861340,0.022182,-0.074465,33.331982,0.000097,0.000408,0.000000,0.000000,0.000000,0.000000
1.300000,6.065036,0.000000,-0.001018,0.018818,0.000000,-0.001739,-0.020742,6.156544,0.021774,0.050428,-174.944168,0.000060,-0.003177,0.000000,0.000000,0.000000,0.000000
1.250000,-0.072375,0.000000,-0.000752,0.018094,0.000000,-0.001800,-0.020255,-0.075163,0.024951,0.061708,1.704412,-0.000056,0.000205,0.000000,0.000000,0.000000,0.000000
-2.270000,-5.095209,0.000000,-0.000494,-0.032858,0.000000,-0.001743,0.035966,-5.284068,0.024746,-0.130400,100.685905,-0.000003,0.001553,0.000000,0.000000,0.000000,0.000000
3.870000,8.887665,0.000000,-0.000396,0.056018,0.000000,-0.001741,-0.065185,9.342386,0.023193,0.271447,-154.990021,0.000001,-0.002203,0.000000,0.000000,0.000000,0.000000
-3.130000,-10.132518,0.000000,-0.000034,-0.045307,0.000000,-0.001741,0.054673,-10.826274,0.025396,-0.254772,160.503464,-0.000057,0.002354,0.000000,0.000000,0.000000,0.000000
6.420000,13.823649,0.000000,0.000026,0.092930,0.000000,-0.001684,-0.117816,15.036778,0.023042,0.602217,-203.229614,-0.000034,-0.002224,0.000000,0.000000,0.000000,0.000000
-3.130000,-13.823649,0.000000,0.000493,-0.045307,0.000000,-0.001650,0.061254,-15.348399,0.025265,-0.338077,192.114700,-0.000125,0.002727,0.000000,0.000000,0.000000,0.000000
5.160000,11.999797,0.000000,0.000558,0.074691,0.000000,-0.001525,-0.104969,13.619216,0.022538,0.617691,-159.890411,-0.000026,-0.001362,0.000000,0.000000,0.000000,0.000000
-4.820000,-7.946789,0.000000,-0.000304,-0.069770,0.000000,-0.000887,0.071188,-8.010627,0.025120,-0.127086,309.993774,0.000041,0.005528,0.000000,0.000000,0.000000,0.000000
-2.430000,3.459531,0.000000,-0.000432,-0.035174,0.000000,-0.000928,0.035573,3.486559,0.019591,-0.063506,-134.922211,0.000162,-0.002737,0.000000,0.000000,0.000000,0.000000
-3.380000,-1.375127,0.000000,-0.000318,-0.048926,0.000000,-0.001090,0.050831,-1.396785,0.022328,-0.123579,39.691010,0.000111,0.000422,0.000000,0.000000,0.000000,0.000000
1.050000,6.412436,0.000000,-0.000252,0.015199,0.000000,-0.001201,-0.016607,6.570612,0.021906,0.050593,-148.997345,0.000079,-0.002685,0.000000,0.000000,0.000000,0.000000
0.990000,-0.086850,0.000000,0.000012,0.014330,0.000000,-0.001280,-0.015912,-0.091342,0.024591,0.057691,1.740485,-0.000045,0.000194,0.000000,0.000000,0.000000,0.000000
1.530000,0.781651,0.000000,0.000272,0.022147,0.000000,-0.001235,-0.025276,0.820206,0.024397,0.105254,-13.607210,-0.000053,0.000027,0.000000,0.000000,0.000000,0.000000
1.340000,-0.275025,0.000000,0.000557,0.019397,0.000000,-0.001182,-0.022751,-0.295665,0.024370,0.106017,4.383344,-0.000067,0.000370,0.000000,0.000000,0.000000,0.000000
0.370000,-1.404078,0.000000,0.000838,0.005356,0.000000,-0.001115,-0.005730,-1.529648,0.024000,0.029287,20.673958,-0.000044,0.000470,0.000000,0.000000,0.000000,0.000000
-0.590000,8.858716,0.000000,-0.000678,-0.008540,0.000000,-0.001371,0.008123,8.928418,0.030109,-0.014501,-345.510315,0.000191,-0.006582,0.000000,0.000000,0.000000,0.000000
-9.860000,-13.418348,0.000000,-0.000629,-0.142724,0.000000,-0.001562,0.145491,-13.525981,0.036691,-0.259734,523.425903,0.000137,0.009221,0.000000,0.000000,0.000000,0.000000
-8.310000,2.243628,0.000000,-0.000766,-0.120287,0.000000,-0.001699,0.124988,2.276831,0.027470,-0.303869,-64.698357,0.000381,-0.002064,0.000000,0.000000,0.000000,0.000000
-5.650000,3.850358,0.000000,-0.000836,-0.081784,0.000000,-0.002080,0.087003,3.944711,0.029534,-0.265059,-89.451561,0.000309,-0.002407,0.000000,0.000000,0.000000,0.000000
7.320000,18.774109,0.000000,-0.000793,0.105957,0.000000,-0.002390,-0.118631,19.464079,0.031941,0.430109,-370.880646,0.000047,-0.005855,0.000000,0.000000,0.000000,0.000000
-3.890000,-16.226503,0.000000,-0.000183,-0.056308,0.000000,-0.002437,0.064851,-17.061270,0.037796,-0.270055,283.046173,-0.000148,0.004640,0.000000,0.000000,0.000000,0.000000
-2.260000,2.359429,0.000000,-0.000063,-0.032714,0.000000,-0.002289,0.039430,2.518367,0.033156,-0.183739,-37.335712,0.000155,-0.001213,0.000000,0.000000,0.000000,0.000000
-5.520000,-4.718859,0.000000,0.000126,-0.079902,0.000000,-0.002443,0.101488,-5.136163,0.034369,-0.518758,69.417839,0.000177,-0.000087,0.000000,0.000000,0.000000,0.000000
-5.180000,0.492151,0.000000,0.000177,-0.074981,0.000000,-0.002620,0.100518,0.543496,0.034455,-0.554790,-6.802894,0.000282,-0.001629,0.000000,0.000000,0.000000,0.000000
1.030000,-7.541488,0.000000,-0.001597,0.014909,0.000000,-0.002257,-0.016833,-7.602154,0.029460,0.030051,294.186737,-0.000190,0.005655,0.000000,0.000000,0.000000,0.000000
-0.100000,-1.635678,0.000000,-0.001486,-0.001448,0.000000,-0.002067,-0.000040,-1.649231,0.023806,0.000071,63.821644,-0.000031,0.001198,0.000000,0.000000,0.000000,0.000000
-0.550000,-0.651376,0.000000,-0.001297,-0.007961,0.000000,-0.002036,0.006969,-0.661956,0.022607,-0.016943,18.810122,0.000006,0.000308,0.000000,0.000000,0.000000,0.000000
-1.820000,-1.838328,0.000000,-0.001138,-0.026345,0.000000,-0.002042,0.027092,-1.884760,0.022299,-0.082537,42.739437,0.000038,0.000585,0.000000,0.000000,0.000000,0.000000
0.240000,2.981855,0.000000,-0.001045,0.003474,0.000000,-0.002080,-0.005022,3.090763,0.021714,0.018207,-58.893322,0.000045,-0.001067,0.000000,0.000000,0.000000,0.000000
0.110000,-0.188175,0.000000,-0.000868,0.001592,0.000000,-0.002125,-0.002843,-0.198951,0.022781,0.011839,3.300601,-0.000012,0.000096,0.000000,0.000000,0.000000,0.000000
-3.580000,-5.341284,0.000000,-0.000704,-0.051821,0.000000,-0.002113,0.061731,-5.707360,0.022684,-0.287658,84.613678,0.000059,0.000824,0.000000,0.000000,0.000000,0.000000
-4.190000,-0.882977,0.000000,-0.000703,-0.060650,0.000000,-0.002172,0.076022,-0.961854,0.021860,-0.388588,12.999947,0.000187,-0.000807,0.000000,0.000000,0.000000,0.000000
-5.240000,-1.519878,0.000000,-0.000733,-0.075849,0.000000,-0.002359,0.100462,-1.688645,0.022667,-0.554482,21.136629,0.000239,-0.001098,0.000000,0.000000,0.000000,0.000000
0.140000,7.787563,0.000000,-0.000813,0.002027,0.000000,-0.002599,-0.004021,8.838580,0.023765,0.023663,-103.765457,0.000156,-0.001899,0.000000,0.000000,0.000000,0.000000
-3.640000,-5.471560,0.000000,-0.000674,-0.052689,0.000000,-0.002755,0.078245,-6.365325,0.025664,-0.485839,70.821281,0.000091,0.000030,0.000000,0.000000,0.000000,0.000000
-5.280000,-7.237514,0.000000,0.000359,-0.076428,0.000000,0.000105,0.078650,-7.295363,0.010530,-0.140408,282.314636,0.000074,0.004966,0.000000,0.000000,0.000000,0.000000
-6.830000,-2.243629,0.000000,0.000178,-0.098864,0.000000,0.000030,0.101410,-2.261624,0.005565,-0.181039,87.519913,0.000231,0.001158,0.000000,0.000000,0.000000,0.000000
-2.120000,6.817738,0.000000,-0.000048,-0.030687,0.000000,-0.000201,0.032040,6.921211,0.004406,-0.077896,-196.672882,0.000217,-0.003937,0.000000,0.000000,0.000000,0.000000
2.370000,6.499286,0.000000,-0.000054,0.034306,0.000000,-0.000418,-0.036930,6.660187,0.008343,0.112509,-151.028564,0.000026,-0.002548,0.000000,0.000000,0.000000,0.000000
3.230000,1.244852,0.000000,0.000142,0.046754,0.000000,-0.000444,-0.051801,1.290101,0.010891,0.187808,-24.582378,-0.000116,0.000047,0.000000,0.000000,0.000000,0.000000
3.660000,0.622426,0.000000,0.000376,0.052979,0.000000,-0.000328,-0.060781,0.653599,0.010844,0.253107,-10.843191,-0.000152,0.000479,0.000000,0.000000,0.000000,0.000000
4.300000,0.926402,0.000000,0.000631,0.062243,0.000000,-0.000177,-0.074405,0.988737,0.010365,0.346718,-14.658385,-0.000182,0.000659,0.000000,0.000000,0.000000,0.000000
5.490000,1.722528,0.000000,0.000918,0.079468,0.000000,0.000006,-0.099614,1.872748,0.009705,0.509176,-25.311131,-0.000234,0.000897,0.000000,0.000000,0.000000,0.000000
-1.410000,-9.987767,0.000000,0.001261,-0.020410,0.000000,0.000239,0.028984,-11.089198,0.008808,-0.159970,138.802612,-0.000131,0.002194,0.000000,0.000000,0.000000,0.000000
0.610000,2.923955,0.000000,0.001322,0.008830,0.000000,0.000371,-0.010630,3.317616,0.006615,0.062553,-38.949017,0.000034,-0.000572,0.000000,0.000000,0.000000,0.000000
0.810000,8.612639,0.000000,0.000247,0.011725,0.000000,-0.000180,-0.011706,8.680656,0.017994,0.020898,-335.922424,0.000133,-0.006303,0.000000,0.000000,0.000000,0.000000
-3.910000,-6.832212,0.000000,0.000323,-0.056597,0.000000,-0.000312,0.058281,-6.887192,0.024297,-0.104044,266.519257,0.000027,0.004777,0.000000,0.000000,0.000000,0.000000
-2.530000,1.997554,0.000000,0.000364,-0.036622,0.000000,-0.000339,0.038677,2.027196,0.019521,-0.094031,-57.604721,0.000143,-0.001354,0.000000,0.000000,0.000000,0.000000
-1.760000,1.114577,0.000000,0.000471,-0.025476,0.000000,-0.000482,0.027888,1.141243,0.020875,-0.084962,-25.879208,0.000097,-0.000717,0.000000,0.000000,0.000000,0.000000
-5.680000,-5.674210,0.000000,0.000616,-0.082218,0.000000,-0.000579,0.092053,-5.884463,0.021592,-0.333749,112.126213,0.000137,0.001222,0.000000,0.000000,0.000000,0.000000
4.660000,14.967176,0.000000,0.000591,0.067454,0.000000,-0.000716,-0.077258,15.733707,0.020370,0.321721,-261.021912,0.000089,-0.004074,0.000000,0.000000,0.000000,0.000000
2.690000,-2.851580,0.000000,0.001019,0.038938,0.000000,-0.000805,-0.045792,-3.048380,0.024445,0.213388,45.193340,-0.000182,0.001440,0.000000,0.000000,0.000000,0.000000
-5.760000,-12.231398,0.000000,0.001368,-0.083376,0.000000,-0.000623,0.107469,-13.308673,0.023004,-0.549327,179.873398,0.000039,0.001917,0.000000,0.000000,0.000000,0.000000
3.950000,14.055251,0.000000,0.001367,0.057176,0.000000,-0.000662,-0.074641,15.600707,0.021087,0.411966,-195.272827,0.000093,-0.002587,0.000000,0.000000,0.000000,0.000000
5.790000,2.663405,0.000000,0.001785,0.083810,0.000000,-0.000756,-0.116145,3.020072,0.023674,0.683454,-35.455826,-0.000257,0.001182,0.000000,0.000000,0.000000,0.000000
-6.960000,-16.487053,0.000000,-0.001132,-0.100746,0.000000,-0.001948,0.102080,-16.619047,0.035743,-0.182236,643.120850,-0.000038,0.011682,0.000000,0.000000,0.000000,0.000000
-3.720000,4.689909,0.000000,-0.001319,-0.053847,0.000000,-0.001910,0.053784,4.726647,0.024060,-0.096016,-182.910934,0.000235,-0.003745,0.000000,0.000000,0.000000,0.000000
8.730000,18.021404,0.000000,-0.001220,0.126367,0.000000,-0.002145,-0.133422,18.294447,0.027805,0.324373,-519.854309,-0.000015,-0.008959,0.000000,0.000000,0.000000,0.000000
4.950000,-5.471560,0.000000,-0.000547,0.071651,0.000000,-0.002130,-0.077599,-5.608863,0.036764,0.236408,127.188385,-0.000316,0.003064,0.000000,0.000000,0.000000,0.000000
1.310000,-5.268909,0.000000,-0.000050,0.018962,0.000000,-0.001814,-0.021129,-5.464729,0.033700,0.076604,104.128342,-0.000160,0.002173,0.000000,0.000000,0.000000,0.000000
4.310000,4.342508,0.000000,0.000285,0.062387,0.000000,-0.001654,-0.071758,4.563329,0.031527,0.298817,-75.705544,-0.000107,-0.000629,0.000000,0.000000,0.000000,0.000000
-3.000000,-10.581244,0.000000,0.000752,-0.043425,0.000000,-0.001546,0.053350,-11.306402,0.032156,-0.248605,167.621521,-0.000070,0.002503,0.000000,0.000000,0.000000,0.000000
-3.280000,-0.405301,0.000000,0.000910,-0.047478,0.000000,-0.001477,0.061363,-0.443550,0.029653,-0.313658,5.994796,0.000158,-0.000740,0.000000,0.000000,0.000000,0.000000
-2.230000,1.519878,0.000000,0.001061,-0.032279,0.000000,-0.001634,0.044591,1.684212,0.030393,-0.246112,-21.081154,0.000152,-0.001064,0.000000,0.000000,0.000000,0.000000
1.770000,5.790010,0.000000,0.001264,0.025621,0.000000,-0.001787,-0.034488,6.568936,0.031456,0.202946,-77.119698,0.000031,-0.000909,0.000000,0.000000,0.000000,0.000000
-4.400000,-17.138432,0.000000,-0.001558,-0.063690,0.000000,-0.002392,0.063703,-17.275614,0.036845,-0.113724,668.528564,-0.000155,0.012353,0.000000,0.000000,0.000000,0.000000
-3.750000,0.940877,0.000000,-0.001642,-0.054281,0.000000,-0.002237,0.053897,0.947804,0.024493,-0.096218,-36.677940,0.000164,-0.000978,0.000000,0.000000,0.000000,0.000000
-5.500000,-2.533130,0.000000,-0.001573,-0.079613,0.000000,-0.002401,0.081608,-2.572387,0.025470,-0.198405,73.096863,0.000172,0.000849,0.000000,0.000000,0.000000,0.000000
0.360000,8.482365,0.000000,-0.001598,0.005211,0.000000,-0.002573,-0.007319,8.691974,0.024621,0.022296,-197.102051,0.000144,-0.003673,0.000000,0.000000,0.000000,0.000000
1.900000,2.229154,0.000000,-0.001369,0.027503,0.000000,-0.002717,-0.032085,2.310062,0.028294,0.116329,-44.017349,-0.000043,-0.000512,0.000000,0.000000,0.000000,0.000000
-0.800000,-3.908257,0.000000,-0.001083,-0.011580,0.000000,-0.002674,0.012129,-4.110202,0.028806,-0.050507,68.188187,-0.000045,0.001155,0.000000,0.000000,0.000000,0.000000
1.810000,3.777982,0.000000,-0.000922,0.026200,0.000000,-0.002629,-0.032754,4.034505,0.027651,0.152630,-59.812996,-0.000012,-0.000722,0.000000,0.000000,0.000000,0.000000
-1.940000,-5.428134,0.000000,-0.000656,-0.028082,0.000000,-0.002617,0.034780,-5.906953,0.028373,-0.177776,79.835442,-0.000018,0.001032,0.000000,0.000000,0.000000,0.000000
-5.050000,-4.501733,0.000000,-0.000555,-0.073099,0.000000,-0.002599,0.097023,-4.999381,0.027341,-0.535499,62.576843,0.000168,-0.000266,0.000000,0.000000,0.000000,0.000000
-3.120000,2.793680,0.000000,-0.000588,-0.045162,0.000000,-0.002767,0.063115,3.169303,0.027606,-0.371400,-37.207809,0.000230,-0.001709,0.000000,0.000000,0.000000,0.000000
-0.030000,4.472783,0.000000,-0.000545,-0.000434,0.000000,-0.002997,-0.000167,5.199800,0.029315,0.001037,-57.853531,0.000098,-0.001089,0.000000,0.000000,0.000000,0.000000
0.370000,5.355760,0.000000,0.000255,0.005356,0.000000,-0.000130,-0.005181,5.397921,0.016209,0.009250,-208.887741,0.000088,-0.003928,0.000000,0.000000,0.000000,0.000000
-5.580000,-8.612640,0.000000,0.000309,-0.080771,0.000000,-0.000218,0.083017,-8.681671,0.020137,-0.148205,335.961731,0.000060,0.005968,0.000000,0.000000,0.000000,0.000000
-3.820000,2.547605,0.000000,0.000230,-0.055295,0.000000,-0.000278,0.058064,2.585807,0.014169,-0.141165,-73.478203,0.000206,-0.001784,0.000000,0.000000,0.000000,0.000000
-2.000000,2.634454,0.000000,0.000236,-0.028950,0.000000,-0.000484,0.031369,2.699083,0.015953,-0.095567,-61.205288,0.000136,-0.001414,0.000000,0.000000,0.000000,0.000000
-0.240000,2.547605,0.000000,0.000324,-0.003474,0.000000,-0.000620,0.004221,2.640457,0.017368,-0.015303,-50.312901,0.000061,-0.000991,0.000000,0.000000,0.000000,0.000000
5.420000,8.192864,0.000000,0.000492,0.078455,0.000000,-0.000681,-0.090084,8.611971,0.018359,0.375132,-142.872467,-0.000081,-0.001689,0.000000,0.000000,0.000000,0.000000
5.210000,-0.303976,0.000000,0.000908,0.075415,0.000000,-0.000600,-0.089978,-0.326434,0.020048,0.419286,4.839507,-0.000249,0.001229,0.000000,0.000000,0.000000,0.000000
-2.290000,-10.856270,0.000000,0.001321,-0.033148,0.000000,-0.000351,0.043712,-11.812363,0.018819,-0.223432,159.650024,-0.000105,0.002416,0.000000,0.000000,0.000000,0.000000
-1.830000,0.665851,0.000000,0.001424,-0.026489,0.000000,-0.000246,0.037332,0.737033,0.016402,-0.206045,-9.225388,0.000115,-0.000737,0.000000,0.000000,0.000000,0.000000
1.980000,5.514985,0.000000,0.001556,0.028661,0.000000,-0.000361,-0.038379,6.257753,0.017139,0.225843,-73.466400,0.000014,-0.000779,0.000000,0.000000,0.000000,0.000000
0.180000,-15.126402,0.000000,-0.000747,0.002606,0.000000,-0.001407,-0.003363,-15.247412,0.028762,0.006005,590.041504,-0.000298,0.011190,0.000000,0.000000,0.000000,0.000000
-1.530000,-2.475229,0.000000,-0.000671,-0.022147,0.000000,-0.001109,0.021989,-2.495337,0.017572,-0.039256,96.564095,0.000013,0.001702,0.000000,0.000000,0.000000,0.000000
-6.280000,-6.875638,0.000000,-0.000589,-0.090903,0.000000,-0.001122,0.094445,-6.980648,0.015871,-0.229613,198.361832,0.000123,0.003132,0.000000,0.000000,0.000000,0.000000
-1.740000,6.571662,0.000000,-0.000734,-0.025187,0.000000,-0.001245,0.026281,6.734262,0.012739,-0.080067,-152.708328,0.000198,-0.003114,0.000000,0.000000,0.000000,0.000000
8.130000,14.286851,0.000000,-0.000680,0.117682,0.000000,-0.001443,-0.131535,14.812369,0.015853,0.476894,-282.244110,-0.000076,-0.004049,0.000000,0.000000,0.000000,0.000000
1.870000,-9.061366,0.000000,-0.000194,0.027068,0.000000,-0.001368,-0.031501,-9.527426,0.019902,0.131179,158.059830,-0.000265,0.003355,0.000000,0.000000,0.000000,0.000000
-1.890000,-5.442610,0.000000,0.000017,-0.027358,0.000000,-0.001102,0.033059,-5.815465,0.016546,-0.154049,86.216393,-0.000020,0.001210,0.000000,0.000000,0.000000,0.000000
3.840000,8.294189,0.000000,0.000067,0.055584,0.000000,-0.001082,-0.070405,9.021930,0.015337,0.359873,-121.935928,-0.000020,-0.001338,0.000000,0.000000,0.000000,0.000000
0.230000,-5.225484,0.000000,0.000361,0.003329,0.000000,-0.001062,-0.003970,-5.802527,0.016674,0.021913,72.629776,-0.000121,0.001437,0.000000,0.000000,0.000000,0.000000
1.630000,2.026504,0.000000,0.000504,0.023594,0.000000,-0.000942,-0.032695,2.298723,0.015237,0.192393,-26.987150,-0.000045,0.000007,0.000000,0.000000,0.000000,0.000000
3.960000,3.372681,0.000000,0.000710,0.057321,0.000000,-0.000897,-0.085159,3.920563,0.015231,0.528773,-43.620590,-0.000156,0.000604,0.000000,0.000000,0.000000,0.000000
-4.310000,-5.283384,0.000000,0.000324,-0.062387,0.000000,-0.000098,0.064256,-5.325878,0.017714,-0.114711,206.099838,0.000073,0.003591,0.000000,0.000000,0.000000,0.000000
-5.850000,-2.229154,0.000000,0.000199,-0.084679,0.000000,-0.000171,0.086906,-2.247257,0.014123,-0.155147,86.963921,0.000192,0.001220,0.000000,0.000000,0.000000,0.000000
-1.170000,6.774312,0.000000,0.000095,-0.016936,0.000000,-0.000363,0.017810,6.876813,0.012902,-0.043298,-195.411285,0.000178,-0.003820,0.000000,0.000000,0.000000,0.000000
-0.310000,1.244852,0.000000,0.000211,-0.004487,0.000000,-0.000541,0.005049,1.274972,0.016722,-0.015383,-28.911673,0.000037,-0.000582,0.000000,0.000000,0.000000,0.000000
-0.800000,-0.709276,0.000000,0.000366,-0.011580,0.000000,-0.000579,0.013276,-0.736386,0.017304,-0.048132,14.031547,0.000022,0.000137,0.000000,0.000000,0.000000,0.000000
1.880000,3.879307,0.000000,0.000502,0.027213,0.000000,-0.000601,-0.030864,4.077165,0.017167,0.128527,-67.640091,-0.000006,-0.000933,0.000000,0.000000,0.000000,0.000000
1.220000,-0.955352,0.000000,0.000757,0.017660,0.000000,-0.000594,-0.020413,-1.022111,0.018101,0.095120,15.153164,-0.000075,0.000546,0.000000,0.000000,0.000000,0.000000
4.900000,5.326810,0.000000,0.000988,0.070928,0.000000,-0.000520,-0.088694,5.793167,0.017555,0.453362,-78.297554,-0.000130,-0.000257,0.000000,0.000000,0.000000,0.000000
0.580000,-6.253211,0.000000,0.001382,0.008396,0.000000,-0.000390,-0.009380,-6.944135,0.017812,0.051772,86.919197,-0.000157,0.001786,0.000000,0.000000,0.000000,0.000000
4.130000,5.138634,0.000000,0.001603,0.059782,0.000000,-0.000233,-0.082379,5.830602,0.016026,0.484762,-68.451614,-0.000112,0.000012,0.000000,0.000000,0.000000,0.000000
-0.670000,3.546381,0.000000,-0.000394,-0.009698,0.000000,-0.001055,0.009597,3.573862,0.028554,-0.017133,-138.300674,0.000094,-0.002665,0.000000,0.000000,0.000000,0.000000
-5.310000,-6.716412,0.000000,-0.000351,-0.076862,0.000000,-0.001149,0.078340,-6.770617,0.031219,-0.139855,262.008087,0.000084,0.004588,0.000000,0.000000,0.000000,0.000000
-0.940000,6.325586,0.000000,-0.000309,-0.013607,0.000000,-0.001233,0.013906,6.420821,0.026631,-0.033807,-182.453827,0.000159,-0.003555,0.000000,0.000000,0.000000,0.000000
2.370000,4.791233,0.000000,-0.000065,0.034306,0.000000,-0.001392,-0.036942,4.908792,0.030186,0.112546,-111.313362,-0.000007,-0.001797,0.000000,0.000000,0.000000,0.000000
-1.180000,-5.138634,0.000000,0.000327,-0.017081,0.000000,-0.001385,0.019345,-5.329646,0.031982,-0.070136,101.554359,-0.000049,0.001737,0.000000,0.000000,0.000000,0.000000
4.530000,8.265240,0.000000,0.000563,0.065572,0.000000,-0.001336,-0.075116,8.687323,0.030246,0.312802,-144.122543,-0.000039,-0.001886,0.000000,0.000000,0.000000,0.000000
-0.450000,-7.208563,0.000000,0.001051,-0.006514,0.000000,-0.001297,0.009135,-7.703477,0.032132,-0.042569,114.206863,-0.000121,0.002051,0.000000,0.000000,0.000000,0.000000
-6.640000,-8.960041,0.000000,0.001331,-0.096114,0.000000,-0.001176,0.123576,-9.750329,0.030081,-0.631656,131.780579,0.000150,0.000783,0.000000,0.000000,0.000000,0.000000
0.240000,9.958817,0.000000,0.001357,0.003474,0.000000,-0.001326,-0.002832,11.052471,0.029298,0.015628,-138.342911,0.000201,-0.002579,0.000000,0.000000,0.000000,0.000000
1.340000,1.592253,0.000000,0.001682,0.019397,0.000000,-0.001527,-0.025083,1.803532,0.031877,0.147604,-21.173573,-0.000034,0.000003,0.000000,0.000000,0.000000,0.000000
-11.170000,-24.433844,0.000000,-0.001808,-0.161686,0.000000,-0.002716,0.163792,-24.629122,0.040217,-0.292406,953.093262,-0.000023,0.017256,0.000000,0.000000,0.000000,0.000000
-8.050000,4.516208,0.000000,-0.002150,-0.116524,0.000000,-0.002693,0.117107,4.551632,0.022961,-0.209063,-176.138229,0.000403,-0.003933,0.000000,0.000000,0.000000,0.000000
-3.160000,7.078288,0.000000,-0.002248,-0.045741,0.000000,-0.003096,0.045482,7.185127,0.026894,-0.110576,-204.172318,0.000258,-0.004158,0.000000,0.000000,0.000000,0.000000
-22.490000,-27.980225,0.000000,-0.002133,-0.325543,0.000000,-0.003354,0.347602,-28.675533,0.031052,-1.058985,650.255737,0.000397,0.009456,0.000000,0.000000,0.000000,0.000000
4.810000,39.516819,0.000000,-0.002909,0.069625,0.000000,-0.003751,-0.080607,40.971767,0.021596,0.292249,-780.701477,0.000557,-0.014010,0.000000,0.000000,0.000000,0.000000
1.290000,-5.095209,0.000000,-0.002498,0.018673,0.000000,-0.004308,-0.024462,-5.358054,0.035606,0.101867,88.890022,-0.000169,0.001985,0.000000,0.000000,0.000000,0.000000
-2.430000,-5.384710,0.000000,-0.002260,-0.035174,0.000000,-0.004140,0.039748,-5.753898,0.033621,-0.185223,85.303635,-0.000001,0.001111,0.000000,0.000000,0.000000,0.000000
-0.970000,2.113354,0.000000,-0.002198,-0.014041,0.000000,-0.004138,0.015019,2.297728,0.032511,-0.076769,-31.054947,0.000084,-0.000798,0.000000,0.000000,0.000000,0.000000
-2.500000,-2.214679,0.000000,-0.002088,-0.036188,0.000000,-0.004223,0.045606,-2.460018,0.033308,-0.251710,30.791845,0.000077,-0.000096,0.000000,0.000000,0.000000,0.000000
-2.930000,13.360449,0.000000,0.000919,-0.042412,0.000000,0.000763,0.044385,13.466506,0.005886,-0.079237,-521.124390,0.000375,-0.010082,0.000000,0.000000,0.000000,0.000000
-3.380000,-0.651376,0.000000,0.000820,-0.048926,0.000000,0.000388,0.050934,-0.657008,0.015967,-0.090930,25.424767,0.000125,0.000254,0.000000,0.000000,0.000000,0.000000
-2.760000,0.897452,0.000000,0.000854,-0.039951,0.000000,0.000264,0.042671,0.910463,0.015713,-0.103742,-25.871681,0.000132,-0.000771,0.000000,0.000000,0.000000,0.000000
-4.160000,-2.026503,0.000000,0.000922,-0.060216,0.000000,0.000131,0.065712,-2.077645,0.016484,-0.200194,47.113358,0.000138,0.000352,0.000000,0.000000,0.000000,0.000000
13.670000,25.808969,0.000000,0.000933,0.197874,0.000000,-0.000007,-0.218860,26.758509,0.016132,0.793499,-509.873260,-0.000086,-0.007509,0.000000,0.000000,0.000000,0.000000
0.780000,-18.658308,0.000000,0.001737,0.011291,0.000000,0.000079,-0.011038,-19.617550,0.023641,0.045966,325.454803,-0.000401,0.006301,0.000000,0.000000,0.000000,0.000000
-7.510000,-11.999797,0.000000,0.001992,-0.108707,0.000000,0.000480,0.133685,-12.821315,0.017340,-0.622959,190.080658,0.000120,0.001902,0.000000,0.000000,0.000000,0.000000
-3.150000,6.311111,0.000000,0.001905,-0.045596,0.000000,0.000360,0.060240,6.863688,0.015438,-0.307915,-92.766182,0.000293,-0.002593,0.000000,0.000000,0.000000,0.000000
5.280000,12.202447,0.000000,0.002017,0.076428,0.000000,0.000068,-0.099520,13.543710,0.018031,0.549281,-169.525543,-0.000013,-0.001719,0.000000,0.000000,0.000000,0.000000
-3.300000,-17.558205,0.000000,-0.002110,-0.047768,0.000000,-0.002967,0.046835,-17.698736,0.038266,-0.083612,684.902466,-0.000208,0.012746,0.000000,0.000000,0.000000,0.000000
-6.860000,-5.153110,0.000000,-0.002149,-0.099299,0.000000,-0.002758,0.099471,-5.194650,0.025521,-0.177579,201.021606,0.000171,0.003302,0.000000,0.000000,0.000000,0.000000
-4.640000,3.213456,0.000000,-0.002246,-0.067164,0.000000,-0.002930,0.067887,3.261717,0.022218,-0.165047,-92.684837,0.000245,-0.002208,0.000000,0.000000,0.000000,0.000000
-2.240000,3.474006,0.000000,-0.002254,-0.032424,0.000000,-0.003175,0.032426,3.559452,0.024426,-0.098789,-80.715286,0.000155,-0.001791,0.000000,0.000000,0.000000,0.000000
3.240000,7.932314,0.000000,-0.002171,0.046899,0.000000,-0.003329,-0.054531,8.223557,0.026217,0.197709,-156.696762,0.000008,-0.002429,0.000000,0.000000,0.000000,0.000000
2.200000,-1.505403,0.000000,-0.001861,0.031845,0.000000,-0.003337,-0.038946,-1.583828,0.028646,0.162182,26.275684,-0.000135,0.000941,0.000000,0.000000,0.000000,0.000000
-0.350000,-3.691132,0.000000,-0.001610,-0.005066,0.000000,-0.003202,0.004174,-3.944495,0.027706,-0.019451,58.478580,-0.000063,0.001053,0.000000,0.000000,0.000000,0.000000
2.220000,3.720081,0.000000,-0.001480,0.032135,0.000000,-0.003139,-0.042628,4.045746,0.026653,0.217893,-54.680294,-0.000039,-0.000448,0.000000,0.000000,0.000000,0.000000
3.150000,1.346178,0.000000,-0.001251,0.045596,0.000000,-0.003100,-0.062655,1.493009,0.027101,0.345809,-18.687870,-0.000141,0.000582,0.000000,0.000000,0.000000,0.000000
1.430000,-2.489705,0.000000,-0.000991,0.020699,0.000000,-0.002959,-0.030713,-2.827735,0.026518,0.180733,33.197784,-0.000136,0.001116,0.000000,0.000000,0.000000,0.000000
0.900000,-0.767176,0.000000,-0.000812,0.013028,0.000000,-0.002823,-0.020818,-0.893850,0.025402,0.129263,9.945072,-0.000073,0.000536,0.000000,0.000000,0.000000,0.000000
-0.740000,6.195311,0.000000,0.000876,-0.010712,0.000000,0.000616,0.011894,6.244271,0.010358,-0.021234,-241.639648,0.000151,-0.004634,0.000000,0.000000,0.000000,0.000000
-5.000000,-6.166361,0.000000,0.000874,-0.072375,0.000000,0.000466,0.074999,-6.215830,0.014991,-0.133891,240.539047,0.000085,0.004201,0.000000,0.000000,0.000000,0.000000
-5.040000,-0.057900,0.000000,0.000795,-0.072954,0.000000,0.000381,0.077123,-0.059231,0.010790,-0.187499,1.683103,0.000207,-0.000483,0.000000,0.000000,0.000000,0.000000
-5.020000,0.028950,0.000000,0.000721,-0.072665,0.000000,0.000174,0.078875,0.029067,0.011273,-0.240296,-0.659136,0.000214,-0.000662,0.000000,0.000000,0.000000,0.000000
-7.780000,-3.995107,0.000000,0.000652,-0.112616,0.000000,-0.000040,0.125874,-4.143018,0.011935,-0.456369,78.943626,0.000262,0.000262,0.000000,0.000000,0.000000,0.000000
-0.940000,9.900918,0.000000,0.000465,-0.013607,0.000000,-0.000302,0.016259,10.408072,0.011674,-0.067706,-172.669724,0.000241,-0.003453,0.000000,0.000000,0.000000,0.000000
1.630000,3.720082,0.000000,0.000577,0.023594,0.000000,-0.000542,-0.027796,3.972926,0.015127,0.129527,-58.900066,-0.000000,-0.000759,0.000000,0.000000,0.000000,0.000000
-2.710000,-6.282161,0.000000,0.000803,-0.039227,0.000000,-0.000542,0.050765,-6.835809,0.015885,-0.259487,92.389397,0.000008,0.001049,0.000000,0.000000,0.000000,0.000000
6.890000,13.896025,0.000000,0.000850,0.099733,0.000000,-0.000550,-0.132249,15.424750,0.014836,0.729923,-193.070358,-0.000066,-0.001683,0.000000,0.000000,0.000000,0.000000
8.130000,1.794904,0.000000,0.001307,0.117682,0.000000,-0.000484,-0.164782,2.035144,0.016520,0.969662,-23.892715,-0.000407,0.002174,0.000000,0.000000,0.000000,0.000000
-5.100000,-12.781447,0.000000,0.000035,-0.073823,0.000000,-0.000576,0.075688,-12.883773,0.025997,-0.135120,498.573883,-0.000038,0.009071,0.000000,0.000000,0.000000,0.000000
-6.700000,-2.316004,0.000000,-0.000102,-0.096983,0.000000,-0.000537,0.099196,-2.334855,0.016926,-0.177087,90.353806,0.000224,0.001215,0.000000,0.000000,0.000000,0.000000
3.230000,14.373701,0.000000,-0.000218,0.046754,0.000000,-0.000761,-0.049120,14.591637,0.015711,0.119421,-414.635437,0.000143,-0.007530,0.000000,0.000000,0.000000,0.000000
1.220000,-2.909480,0.000000,0.000130,0.017660,0.000000,-0.000904,-0.018841,-2.982714,0.023242,0.057400,67.636993,-0.000108,0.001450,0.000000,0.000000,0.000000,0.000000
6.770000,8.033639,0.000000,0.000386,0.097996,0.000000,-0.000797,-0.108474,8.328305,0.021792,0.393284,-158.692688,-0.000136,-0.001944,0.000000,0.000000,0.000000,0.000000
-3.210000,-14.446075,0.000000,0.000889,-0.046465,0.000000,-0.000661,0.054717,-15.188956,0.023735,-0.227853,251.984573,-0.000139,0.004159,0.000000,0.000000,0.000000,0.000000
-7.420000,-6.093986,0.000000,0.000965,-0.107405,0.000000,-0.000522,0.130872,-6.511895,0.019577,-0.609847,96.541206,0.000231,0.000171,0.000000,0.000000,0.000000,0.000000
-3.670000,5.428134,0.000000,0.000866,-0.053123,0.000000,-0.000753,0.068468,5.903317,0.019406,-0.349972,-79.786293,0.000297,-0.002458,0.000000,0.000000,0.000000,0.000000
-4.430000,-1.100102,0.000000,0.000933,-0.064124,0.000000,-0.001049,0.087010,-1.223556,0.021864,-0.480234,15.315155,0.000212,-0.001004,0.000000,0.000000,0.000000,0.000000
2.480000,10.002242,0.000000,0.000973,0.035898,0.000000,-0.001261,-0.049453,11.351376,0.022868,0.291005,-133.265823,0.000081,-0.001734,0.000000,0.000000,0.000000,0.000000
-2.960000,-5.732111,0.000000,-0.000770,-0.042846,0.000000,-0.001424,0.043150,-5.778401,0.028538,-0.077033,223.611511,0.000007,0.004029,0.000000,0.000000,0.000000,0.000000
-5.030000,-2.996331,0.000000,-0.000817,-0.072809,0.000000,-0.001431,0.073713,-3.020755,0.024509,-0.131595,116.896637,0.000142,0.001850,0.000000,0.000000,0.000000,0.000000
0.060000,7.367788,0.000000,-0.000811,0.000869,0.000000,-0.001573,-0.001757,7.479048,0.022659,0.004271,-212.524368,0.000137,-0.004016,0.000000,0.000000,0.000000,0.000000
-3.380000,-4.979409,0.000000,-0.000573,-0.048926,0.000000,-0.001710,0.051969,-5.104052,0.026675,-0.158326,115.741150,0.000044,0.001771,0.000000,0.000000,0.000000,0.000000
-0.840000,3.676657,0.000000,-0.000496,-0.012159,0.000000,-0.001753,0.012961,3.810872,0.024905,-0.046991,-72.614716,0.000107,-0.001505,0.000000,0.000000,0.000000,0.000000
-0.670000,0.246075,0.000000,-0.000310,-0.009698,0.000000,-0.001861,0.010847,0.257199,0.026410,-0.045171,-4.266928,0.000034,-0.000200,0.000000,0.000000,0.000000,0.000000
0.970000,2.373904,0.000000,-0.000120,0.014041,0.000000,-0.001895,-0.017102,2.534294,0.026610,0.079692,-37.571831,0.000002,-0.000495,0.000000,0.000000,0.000000,0.000000
-5.090000,-8.771866,0.000000,0.000139,-0.073678,0.000000,-0.001896,0.093611,-9.544825,0.027106,-0.478492,129.003098,0.000072,0.001149,0.000000,0.000000,0.000000,0.000000
-3.600000,2.156779,0.000000,0.000140,-0.052110,0.000000,-0.001969,0.069882,2.392155,0.025956,-0.385697,-29.942417,0.000234,-0.001612,0.000000,0.000000,0.000000,0.000000
15.340000,27.415697,0.000000,0.000206,0.222047,0.000000,-0.002203,-0.314118,31.118347,0.027569,1.848433,-365.331268,-0.000261,-0.001915,0.000000,0.000000,0.000000,0.000000
-5.050000,-29.514578,0.000000,0.001065,-0.073099,0.000000,-0.001942,0.111562,-34.329865,0.029483,-0.692717,381.957703,-0.000348,0.005362,0.000000,0.000000,0.000000,0.000000
-0.080000,4.588583,0.000000,-0.000346,-0.001158,0.000000,-0.000908,0.000891,4.624462,0.024279,-0.001591,-178.956558,0.000091,-0.003403,0.000000,0.000000,0.000000,0.000000
-2.490000,-3.488481,0.000000,-0.000290,-0.036043,0.000000,-0.000999,0.036607,-3.516926,0.027682,-0.065352,136.097366,0.000032,0.002406,0.000000,0.000000,0.000000,0.000000
-3.470000,-1.418553,0.000000,-0.000148,-0.050228,0.000000,-0.001031,0.052371,-1.440990,0.025276,-0.127323,40.947117,0.000114,0.000426,0.000000,0.000000,0.000000,0.000000
-3.670000,-0.289501,0.000000,-0.000053,-0.053123,0.000000,-0.001145,0.057040,-0.297772,0.024849,-0.173774,6.752371,0.000148,-0.000343,0.000000,0.000000,0.000000,0.000000
1.190000,7.034862,0.000000,0.000031,0.017225,0.000000,-0.001294,-0.019108,7.292639,0.025192,0.069276,-138.958450,0.000086,-0.002443,0.000000,0.000000,0.000000,0.000000
1.660000,0.680326,0.000000,0.000330,0.024029,0.000000,-0.001380,-0.027383,0.713470,0.027635,0.114029,-11.836462,-0.000061,0.000089,0.000000,0.000000,0.000000,0.000000
-2.830000,-6.499286,0.000000,0.000651,-0.040964,0.000000,-0.001319,0.050256,-6.945296,0.027546,-0.234187,102.966545,0.000005,0.001316,0.000000,0.000000,0.000000,0.000000
-7.220000,-6.354536,0.000000,0.000782,-0.104510,0.000000,-0.001324,0.133527,-6.915300,0.026230,-0.682523,93.463753,0.000230,-0.000079,0.000000,0.000000,0.000000,0.000000
-0.760000,9.350866,0.000000,0.000733,-0.011001,0.000000,-0.001554,0.015693,10.378172,0.026309,-0.086615,-129.902756,0.000239,-0.002694,0.000000,0.000000,0.000000,0.000000
-2.420000,-14.055249,0.000000,-0.001140,-0.035030,0.000000,-0.001841,0.034772,-14.167775,0.030843,-0.062076,548.261963,-0.000175,0.010218,0.000000,0.000000,0.000000,0.000000
1.410000,5.543935,0.000000,-0.001161,0.020410,0.000000,-0.001666,-0.022086,5.587547,0.020625,0.039428,-216.225861,0.000046,-0.004006,0.000000,0.000000,0.000000,0.000000
0.240000,-1.693578,0.000000,-0.000885,0.003474,0.000000,-0.001713,-0.004558,-1.720106,0.024631,0.011081,48.878490,-0.000045,0.000963,0.000000,0.000000,0.000000,0.000000
-3.820000,-5.876860,0.000000,-0.000671,-0.055295,0.000000,-0.001668,0.058710,-6.023624,0.023668,-0.178862,136.593658,0.000045,0.002101,0.000000,0.000000,0.000000,0.000000
0.330000,6.007135,0.000000,-0.000645,0.004777,0.000000,-0.001713,-0.006026,6.227392,0.021568,0.021847,-118.660591,0.000102,-0.002192,0.000000,0.000000,0.000000,0.000000
-1.290000,-2.344954,0.000000,-0.000441,-0.018673,0.000000,-0.001814,0.021066,-2.466572,0.023759,-0.087723,40.920391,0.000010,0.000542,0.000000,0.000000,0.000000,0.000000
2.470000,5.442610,0.000000,-0.000312,0.035753,0.000000,-0.001824,-0.043554,5.812895,0.023218,0.202956,-86.178291,-0.000008,-0.001084,0.000000,0.000000,0.000000,0.000000
-4.420000,-9.973292,0.000000,-0.000023,-0.063980,0.000000,-0.001816,0.081107,-10.851550,0.024301,-0.414576,146.664154,0.000014,0.001658,0.000000,0.000000,0.000000,0.000000
-7.390000,-4.299083,0.000000,-0.000029,-0.106970,0.000000,-0.001830,0.143028,-4.774346,0.022644,-0.789413,59.760109,0.000296,-0.001007,0.000000,0.000000,0.000000,0.000000
-0.720000,9.654841,0.000000,-0.000159,-0.010422,0.000000,-0.002127,0.014532,10.957762,0.023651,-0.085513,-128.644775,0.000246,-0.002665,0.000000,0.000000,0.000000,0.000000
-4.370000,-5.283384,0.000000,-0.000012,-0.063256,0.000000,-0.002373,0.095136,-6.147087,0.026316,-0.590723,68.393127,0.000140,-0.000298,0.000000,0.000000,0.000000,0.000000
-0.650000,9.481141,0.000000,0.000019,-0.009409,0.000000,-0.000375,0.009695,9.556108,0.016780,-0.017308,-369.800476,0.000207,-0.007048,0.000000,0.000000,0.000000,0.000000
-0.260000,0.564526,0.000000,0.000035,-0.003764,0.000000,-0.000582,0.003889,0.568398,0.023828,-0.006942,-21.995768,0.000021,-0.000422,0.000000,0.000000,0.000000,0.000000
-2.240000,-2.866055,0.000000,0.000262,-0.032424,0.000000,-0.000603,0.034181,-2.910494,0.024251,-0.083100,82.704491,0.000037,0.001342,0.000000,0.000000,0.000000,0.000000
4.600000,9.900917,0.000000,0.000398,0.066585,0.000000,-0.000640,-0.071138,10.145512,0.022909,0.216727,-230.062927,-0.000000,-0.003772,0.000000,0.000000,0.000000,0.000000
-0.350000,-7.165138,0.000000,0.000845,-0.005066,0.000000,-0.000640,0.006569,-7.430620,0.026681,-0.023817,141.587662,-0.000123,0.002624,0.000000,0.000000,0.000000,0.000000
1.590000,2.808155,0.000000,0.001078,0.023015,0.000000,-0.000517,-0.025348,2.950472,0.024058,0.105554,-48.948273,-0.000012,-0.000646,0.000000,0.000000,0.000000,0.000000
4.830000,4.689908,0.000000,0.001403,0.069914,0.000000,-0.000504,-0.082737,5.008032,0.024704,0.385546,-74.245903,-0.000129,-0.000362,0.000000,0.000000,0.000000,0.000000
-0.670000,-7.961264,0.000000,0.001876,-0.009698,0.000000,-0.000375,0.014678,-8.663668,0.025066,-0.075025,117.093826,-0.000124,0.002015,0.000000,0.000000,0.000000,0.000000
-7.010000,-9.177166,0.000000,0.002127,-0.101470,0.000000,-0.000251,0.138554,-10.190971,0.023051,-0.764720,127.559570,0.000182,0.000343,0.000000,0.000000,0.000000,0.000000
0.060000,10.233844,0.000000,0.002125,0.000869,0.000000,-0.000433,0.001779,11.613474,0.022708,-0.010470,-136.342865,0.000224,-0.002611,0.000000,0.000000,0.000000,0.000000
0.630000,0.825076,0.000000,0.002434,0.009119,0.000000,-0.000658,-0.010057,0.955270,0.025318,0.062447,-10.628431,-0.000010,-0.000028,0.000000,0.000000,0.000000,0.000000
-0.780000,-1.244852,0.000000,-0.001504,-0.011291,0.000000,-0.002393,0.010112,-1.255697,0.039133,-0.018052,48.592728,0.000004,0.000871,0.000000,0.000000,0.000000,0.000000
-3.320000,-3.676656,0.000000,-0.001441,-0.048057,0.000000,-0.002396,0.047730,-3.706817,0.038262,-0.085209,143.445724,0.000059,0.002484,0.000000,0.000000,0.000000,0.000000
1.510000,6.991437,0.000000,-0.001251,0.021857,0.000000,-0.002455,-0.024165,7.096554,0.035778,0.058750,-201.655457,0.000069,-0.003664,0.000000,0.000000,0.000000,0.000000
0.780000,-1.056677,0.000000,-0.000844,0.011291,0.000000,-0.002524,-0.013042,-1.084513,0.039442,0.039732,24.592764,-0.000056,0.000580,0.000000,0.000000,0.000000,0.000000
3.320000,3.676656,0.000000,-0.000476,0.048057,0.000000,-0.002468,-0.053935,3.810134,0.038862,0.195548,-72.600662,-0.000074,-0.000847,0.000000,0.000000,0.000000,0.000000
2.790000,-0.767176,0.000000,-0.000001,0.040385,0.000000,-0.002395,-0.046666,-0.808931,0.039709,0.194327,13.420158,-0.000141,0.000781,0.000000,0.000000,0.000000,0.000000
3.380000,0.854027,0.000000,0.000450,0.048926,0.000000,-0.002253,-0.058541,0.909561,0.038928,0.272796,-13.484567,-0.000141,0.000481,0.000000,0.000000,0.000000,0.000000
-0.810000,-6.065036,0.000000,0.000929,-0.011725,0.000000,-0.002112,0.016047,-6.601332,0.038446,-0.082022,89.220314,-0.000081,0.001467,0.000000,0.000000,0.000000,0.000000
-6.290000,-7.932314,0.000000,0.001235,-0.091048,0.000000,-0.002031,0.123423,-8.809608,0.036980,-0.681205,110.269150,0.000167,0.000243,0.000000,0.000000,0.000000,0.000000
1.460000,11.218145,0.000000,0.001318,0.021134,0.000000,-0.002198,-0.028058,12.730178,0.036737,0.165105,-149.453033,0.000165,-0.002384,0.000000,0.000000,0.000000,0.000000
-0.810000,-3.285831,0.000000,0.001735,-0.011725,0.000000,-0.002363,0.020247,-3.826490,0.039121,-0.125716,42.573933,-0.000018,0.000470,0.000000,0.000000,0.000000,0.000000
-3.080000,2.388379,0.000000,-0.001764,-0.044583,0.000000,-0.002708,0.043939,2.406376,0.041684,-0.078441,-93.121483,0.000164,-0.001976,0.000000,0.000000,0.000000,0.000000
2.660000,8.308665,0.000000,-0.001786,0.038504,0.000000,-0.002872,-0.041252,8.373699,0.043660,0.073644,-324.043854,0.000047,-0.005933,0.000000,0.000000,0.000000,0.000000
1.800000,-1.244852,0.000000,-0.001227,0.026055,0.000000,-0.002919,-0.028530,-1.265409,0.049593,0.069362,35.957809,-0.000101,0.000879,0.000000,0.000000,0.000000,0.000000
-1.940000,-5.413660,0.000000,-0.000720,-0.028082,0.000000,-0.002818,0.029409,-5.550028,0.048714,-0.089595,125.854240,-0.000025,0.002139,0.000000,0.000000,0.000000,0.000000
-0.200000,2.518655,0.000000,-0.000387,-0.002895,0.000000,-0.002792,0.002787,2.609058,0.046575,-0.010106,-49.714615,0.000057,-0.000973,0.000000,0.000000,0.000000,0.000000
2.130000,3.372681,0.000000,0.000019,0.030832,0.000000,-0.002849,-0.035603,3.542854,0.047547,0.148260,-58.775883,-0.000029,-0.000710,0.000000,0.000000,0.000000,0.000000
3.500000,1.983078,0.000000,0.000525,0.050663,0.000000,-0.002820,-0.060548,2.115069,0.048257,0.282146,-31.356672,-0.000124,0.000171,0.000000,0.000000,0.000000,0.000000
2.420000,-1.563303,0.000000,0.001093,0.035030,0.000000,-0.002696,-0.043037,-1.704771,0.048086,0.219986,23.040831,-0.000148,0.001031,0.000000,0.000000,0.000000,0.000000
-2.880000,-7.671764,0.000000,0.001620,-0.041688,0.000000,-0.002548,0.057922,-8.521394,0.047055,-0.319689,106.661606,-0.000004,0.001153,0.000000,0.000000,0.000000,0.000000
-2.470000,-10.074618,0.000000,-0.002493,-0.035753,0.000000,-0.003681,0.034177,-10.155991,0.052709,-0.061013,393.014679,-0.000100,0.007275,0.000000,0.000000,0.000000,0.000000
-5.780000,-4.791234,0.000000,-0.002464,-0.083666,0.000000,-0.003581,0.083142,-4.830395,0.045435,-0.148427,186.925751,0.000134,0.003124,0.000000,0.000000,0.000000,0.000000
-3.440000,3.387156,0.000000,-0.002327,-0.049794,0.000000,-0.003715,0.049638,3.437358,0.042310,-0.120678,-97.675835,0.000199,-0.002182,0.000000,0.000000,0.000000,0.000000
-9.970000,-9.452192,0.000000,-0.002098,-0.144316,0.000000,-0.003914,0.152857,-9.688380,0.044492,-0.465685,219.696854,0.000230,0.002904,0.000000,0.000000,0.000000,0.000000
-0.020000,14.402651,0.000000,-0.002179,-0.000290,0.000000,-0.004143,-0.002100,14.931401,0.041588,0.007613,-284.512177,0.000277,-0.005372,0.000000,0.000000,0.000000,0.000000
-0.830000,-1.172477,0.000000,-0.001837,-0.012014,0.000000,-0.004420,0.011760,-1.234932,0.046960,-0.048972,20.487499,0.000008,0.000265,0.000000,0.000000,0.000000,0.000000
3.690000,6.542712,0.000000,-0.001544,0.053413,0.000000,-0.004428,-0.066368,6.987019,0.046694,0.309267,-103.585098,-0.000047,-0.001125,0.000000,0.000000,0.000000,0.000000
0.740000,-4.270133,0.000000,-0.001069,0.010712,0.000000,-0.004381,-0.014939,-4.648425,0.047819,0.076360,62.825798,-0.000128,0.001398,0.000000,0.000000,0.000000,0.000000
0.610000,-0.188175,0.000000,-0.000727,0.008830,0.000000,-0.004252,-0.012782,-0.212179,0.046421,0.070546,2.655834,-0.000038,0.000239,0.000000,0.000000,0.000000,0.000000
-6.410000,-10.161468,0.000000,-0.000550,-0.092785,0.000000,-0.001268,0.094514,-10.243061,0.031079,-0.168730,396.384094,0.000062,0.007049,0.000000,0.000000,0.000000,0.000000
2.640000,13.099898,0.000000,-0.000726,0.038214,0.000000,-0.001330,-0.039871,13.203493,0.024030,0.071178,-510.946411,0.000142,-0.009495,0.000000,0.000000,0.000000,0.000000
2.050000,-0.854027,0.000000,-0.000306,0.029674,0.000000,-0.001472,-0.031351,-0.868160,0.033526,0.076219,24.669592,-0.000102,0.000691,0.000000,0.000000,0.000000,0.000000
0.410000,-2.373904,0.000000,0.000083,0.005935,0.000000,-0.001371,-0.006289,-2.434265,0.032835,0.019161,55.200195,-0.000063,0.001096,0.000000,0.000000,0.000000,0.000000
-0.360000,-1.114577,0.000000,0.000398,-0.005211,0.000000,-0.001308,0.006233,-1.157378,0.031739,-0.022598,22.053404,-0.000005,0.000354,0.000000,0.000000,0.000000,0.000000
-7.010000,-9.625892,0.000000,0.000680,-0.101470,0.000000,-0.001303,0.118033,-10.121861,0.031385,-0.491515,167.921509,0.000128,0.001849,0.000000,0.000000,0.000000,0.000000
0.990000,11.580021,0.000000,0.000678,0.014330,0.000000,-0.001430,-0.016487,12.368692,0.029535,0.076826,-183.370377,0.000189,-0.003268,0.000000,0.000000,0.000000,0.000000
0.550000,-0.636901,0.000000,0.001024,0.007961,0.000000,-0.001620,-0.008798,-0.695791,0.032803,0.044971,9.403967,-0.000037,0.000306,0.000000,0.000000,0.000000,0.000000
-1.910000,-3.560856,0.000000,0.001356,-0.027647,0.000000,-0.001583,0.038790,-3.956420,0.032497,-0.214092,49.522194,0.000030,0.000358,0.000000,0.000000,0.000000,0.000000
-3.210000,-2.026504,0.000000,-0.001166,-0.046465,0.000000,-0.002061,0.046475,-2.043581,0.039136,-0.082968,79.082115,0.000087,0.001272,0.000000,0.000000,0.000000,0.000000
-4.390000,-1.708053,0.000000,-0.001198,-0.063545,0.000000,-0.002148,0.063838,-1.722559,0.037864,-0.113965,66.659271,0.000140,0.000952,0.000000,0.000000,0.000000,0.000000
-4.970000,-0.839551,0.000000,-0.001034,-0.071941,0.000000,-0.002288,0.074150,-0.853518,0.036912,-0.180271,24.253538,0.000184,-0.000030,0.000000,0.000000,0.000000,0.000000
-5.630000,-0.955352,0.000000,-0.000906,-0.081494,0.000000,-0.002472,0.086616,-0.980554,0.036942,-0.263881,22.235371,0.000215,-0.000293,0.000000,0.000000,0.000000,0.000000
-1.310000,6.253211,0.000000,-0.000815,-0.018962,0.000000,-0.002688,0.020167,6.481745,0.037235,-0.073117,-123.507195,0.000177,-0.002536,0.000000,0.000000,0.000000,0.000000
1.070000,3.445056,0.000000,-0.000540,0.015488,0.000000,-0.002864,-0.018520,3.619573,0.039771,0.077122,-60.048653,0.000018,-0.000924,0.000000,0.000000,0.000000,0.000000
-0.890000,-2.837105,0.000000,-0.000166,-0.012883,0.000000,-0.002883,0.015357,-3.033563,0.040695,-0.071562,44.973671,-0.000016,0.000660,0.000000,0.000000,0.000000,0.000000
-2.490000,-2.316004,0.000000,0.000121,-0.036043,0.000000,-0.002867,0.045862,-2.522559,0.040035,-0.234421,34.093651,0.000076,0.000010,0.000000,0.000000,0.000000,0.000000
1.400000,5.630785,0.000000,0.000341,0.020265,0.000000,-0.002943,-0.026648,6.247522,0.040025,0.147076,-78.199738,0.000046,-0.001083,0.000000,0.000000,0.000000,0.000000
-4.610000,-8.699491,0.000000,0.000726,-0.066730,0.000000,-0.002989,0.095514,-9.879216,0.041108,-0.562055,115.982590,0.000071,0.000678,0.000000,0.000000,0.000000,0.000000
-2.370000,3.242406,0.000000,0.000863,-0.034306,0.000000,-0.003060,0.052903,3.766656,0.040430,-0.328488,-41.908211,0.000214,-0.001683,0.000000,0.000000,0.000000,0.000000
0.950000,-2.489705,0.000000,-0.001388,0.013751,0.000000,-0.002203,-0.015417,-2.510370,0.035876,0.027523,97.145844,-0.000090,0.001917,0.000000,0.000000,0.000000,0.000000
-0.340000,-1.867278,0.000000,-0.001265,-0.004922,0.000000,-0.002113,0.003744,-1.882946,0.033959,-0.006684,72.865913,-0.000025,0.001358,0.000000,0.000000,0.000000,0.000000
2.170000,3.633231,0.000000,-0.000983,0.031411,0.000000,-0.002088,-0.033876,3.687394,0.032601,0.082358,-104.780876,-0.000022,-0.001764,0.000000,0.000000,0.000000,0.000000
6.140000,5.746584,0.000000,-0.000592,0.088877,0.000000,-0.002066,-0.096161,5.887739,0.034365,0.292958,-133.512283,-0.000149,-0.001732,0.000000,0.000000,0.000000,0.000000
-0.490000,-9.596942,0.000000,-0.000025,-0.007093,0.000000,-0.001917,0.007854,-9.952301,0.036097,-0.028476,189.637329,-0.000167,0.003517,0.000000,0.000000,0.000000,0.000000
0.170000,0.955352,0.000000,0.000247,0.002461,0.000000,-0.001750,-0.002558,1.002333,0.032580,0.010653,-16.628687,0.000012,-0.000293,0.000000,0.000000,0.000000,0.000000
-0.320000,-0.709276,0.000000,0.000549,-0.004632,0.000000,-0.001763,0.006257,-0.760146,0.032873,-0.029157,11.269441,0.000003,0.000135,0.000000,0.000000,0.000000,0.000000
8.550000,12.839348,0.000000,0.000833,0.123761,0.000000,-0.001765,-0.155892,13.964870,0.032738,0.796843,-188.742264,-0.000157,-0.001419,0.000000,0.000000,0.000000,0.000000
-3.020000,-16.747604,0.000000,0.001499,-0.043715,0.000000,-0.001608,0.060471,-18.595682,0.034156,-0.333754,232.760666,-0.000188,0.003507,0.000000,0.000000,0.000000,0.000000
-0.980000,2.952905,0.000000,0.001686,-0.014186,0.000000,-0.001420,0.022474,3.348174,0.030649,-0.132249,-39.307762,0.000125,-0.001109,0.000000,0.000000,0.000000,0.000000
-6.010000,-7.280938,0.000000,0.001971,-0.086995,0.000000,-0.001544,0.133829,-8.472453,0.031758,-0.830974,94.265411,0.000201,-0.000461,0.000000,0.000000,0.000000,0.000000
-3.460000,-3.112131,0.000000,-0.001385,-0.050084,0.000000,-0.002238,0.049950,-3.137789,0.037523,-0.089173,121.425598,0.000075,0.002059,0.000000,0.000000,0.000000,0.000000
-7.610000,-6.007135,0.000000,-0.001431,-0.110155,0.000000,-0.002314,0.111322,-6.055758,0.035464,-0.198736,234.344620,0.000186,0.003896,0.000000,0.000000,0.000000,0.000000
2.500000,14.634251,0.000000,-0.001453,0.036188,0.000000,-0.002500,-0.039362,14.855699,0.031568,0.095696,-422.139038,0.000174,-0.007742,0.000000,0.000000,0.000000,0.000000
-1.360000,-5.587359,0.000000,-0.001011,-0.019686,0.000000,-0.002674,0.020072,-5.727581,0.039310,-0.061149,129.880493,-0.000054,0.002308,0.000000,0.000000,0.000000,0.000000
-2.140000,-1.129052,0.000000,-0.000754,-0.030977,0.000000,-0.002620,0.033587,-1.172419,0.037001,-0.121772,22.340006,0.000069,0.000089,0.000000,0.000000,0.000000,0.000000
2.440000,6.629562,0.000000,-0.000536,0.035319,0.000000,-0.002689,-0.041430,6.967639,0.036912,0.172523,-115.593010,0.000020,-0.001722,0.000000,0.000000,0.000000,0.000000
1.780000,-0.955352,0.000000,-0.000124,0.025766,0.000000,-0.002708,-0.031265,-1.023162,0.038634,0.145692,15.168746,-0.000104,0.000685,0.000000,0.000000,0.000000,0.000000
-1.870000,-5.283384,0.000000,0.000258,-0.027068,0.000000,-0.002605,0.034654,-5.750629,0.037950,-0.177133,77.722633,-0.000015,0.000991,0.000000,0.000000,0.000000,0.000000
-2.540000,-0.969827,0.000000,0.000486,-0.036767,0.000000,-0.002590,0.049822,-1.079876,0.036958,-0.274985,13.516718,0.000114,-0.000490,0.000000,0.000000,0.000000,0.000000
0.210000,3.980632,0.000000,0.000688,0.003040,0.000000,-0.002704,-0.003330,4.514924,0.037448,0.019596,-53.005474,0.000076,-0.000950,0.000000,0.000000,0.000000,0.000000
0.570000,0.521101,0.000000,0.001009,0.008251,0.000000,-0.002780,-0.010893,0.601757,0.038398,0.067638,-6.695214,-0.000018,0.000058,0.000000,0.000000,0.000000,0.000000
-6.210000,-3.459531,0.000000,-0.001242,-0.089890,0.000000,-0.002052,0.090850,-3.487909,0.035569,-0.162188,134.974457,0.000180,0.002117,0.000000,0.000000,0.000000,0.000000
-2.500000,5.370234,0.000000,-0.001400,-0.036188,0.000000,-0.002232,0.035619,5.412145,0.033452,-0.063588,-209.438202,0.000198,-0.004142,0.000000,0.000000,0.000000,0.000000
0.660000,4.574108,0.000000,-0.001158,0.009554,0.000000,-0.002430,-0.011202,4.642412,0.037594,0.027233,-131.918610,0.000057,-0.002417,0.000000,0.000000,0.000000,0.000000
8.130000,10.812844,0.000000,-0.000777,0.117682,0.000000,-0.002488,-0.127320,11.079480,0.040010,0.387888,-251.241913,-0.000135,-0.003704,0.000000,0.000000,0.000000,0.000000
-1.110000,-13.374924,0.000000,-0.000065,-0.016067,0.000000,-0.002353,0.017783,-13.869823,0.043714,-0.064474,264.284210,-0.000214,0.004837,0.000000,0.000000,0.000000,0.000000
0.670000,2.576555,0.000000,0.000237,0.009698,0.000000,-0.002139,-0.010933,2.706339,0.038877,0.045527,-44.898125,0.000022,-0.000736,0.000000,0.000000,0.000000,0.000000
-1.380000,-2.967381,0.000000,0.000617,-0.019976,0.000000,-0.002161,0.024869,-3.172961,0.039613,-0.115886,47.040295,0.000007,0.000579,0.000000,0.000000,0.000000,0.000000
-5.660000,-6.195311,0.000000,0.000913,-0.081929,0.000000,-0.002168,0.105057,-6.743091,0.039035,-0.536997,91.136269,0.000156,0.000272,0.000000,0.000000,0.000000,0.000000
-0.500000,7.469113,0.000000,0.001033,-0.007238,0.000000,-0.002324,0.011061,8.288004,0.038763,-0.061051,-103.740273,0.000187,-0.002130,0.000000,0.000000,0.000000,0.000000
3.070000,14.301324,0.000000,-0.001969,0.044438,0.000000,-0.002956,-0.047416,14.414021,0.043705,0.084648,-557.791077,0.000144,-0.010329,0.000000,0.000000,0.000000,0.000000
-3.010000,-8.800816,0.000000,-0.001745,-0.043570,0.000000,-0.003101,0.042824,-8.872121,0.054034,-0.076451,343.331726,-0.000052,0.006313,0.000000,0.000000,0.000000,0.000000
-2.780000,0.332925,0.000000,-0.001432,-0.040241,0.000000,-0.003048,0.040584,0.336434,0.047721,-0.098667,-9.560109,0.000116,-0.000460,0.000000,0.000000,0.000000,0.000000
-5.060000,-3.300306,0.000000,-0.001118,-0.073244,0.000000,-0.003165,0.077521,-3.384156,0.048180,-0.236172,76.740227,0.000145,0.000815,0.000000,0.000000,0.000000,0.000000
6.610000,16.892355,0.000000,-0.000916,0.095680,0.000000,-0.003310,-0.107347,17.512236,0.047365,0.389197,-333.688995,0.000041,-0.005267,0.000000,0.000000,0.000000,0.000000
2.150000,-6.455861,0.000000,-0.000206,0.031121,0.000000,-0.003351,-0.036198,-6.790208,0.052632,0.150737,112.649445,-0.000227,0.002550,0.000000,0.000000,0.000000,0.000000
-10.730000,-18.643831,0.000000,0.000306,-0.155317,0.000000,-0.003124,0.187938,-19.920710,0.050082,-0.875768,295.331757,0.000132,0.003218,0.000000,0.000000,0.000000,0.000000
2.160000,18.658308,0.000000,0.000268,0.031266,0.000000,-0.003256,-0.039310,20.294437,0.046863,0.200934,-274.289490,0.000278,-0.004656,0.000000,0.000000,0.000000,0.000000
1.330000,-1.201427,0.000000,0.000779,0.019252,0.000000,-0.003534,-0.024706,-1.338319,0.051519,0.136362,16.751638,-0.000093,0.000695,0.000000,0.000000,0.000000,0.000000
-0.610000,-12.680122,0.000000,-0.002664,-0.008830,0.000000,-0.003787,0.006427,-12.782140,0.050075,-0.011474,494.640900,-0.000224,0.009334,0.000000,0.000000,0.000000,0.000000
-13.010000,-17.949032,0.000000,-0.002570,-0.188320,0.000000,-0.003563,0.190189,-18.092710,0.040741,-0.339531,700.148376,0.000172,0.012322,0.000000,0.000000,0.000000,0.000000
2.360000,22.248114,0.000000,-0.002860,0.034161,0.000000,-0.003735,-0.038714,22.585522,0.028420,0.094121,-641.789429,0.000323,-0.011920,0.000000,0.000000,0.000000,0.000000
-0.900000,-4.718858,0.000000,-0.002449,-0.013028,0.000000,-0.004057,0.011370,-4.837368,0.040340,-0.034639,109.693733,-0.000061,0.002005,0.000000,0.000000,0.000000,0.000000
-1.000000,-0.144750,0.000000,-0.002205,-0.014475,0.000000,-0.003996,0.013636,-0.151627,0.038335,-0.049438,2.889200,0.000034,-0.000083,0.000000,0.000000,0.000000,0.000000
0.510000,2.185729,0.000000,-0.001981,0.007382,0.000000,-0.004030,-0.010819,2.296132,0.038418,0.045053,-38.092793,0.000014,-0.000599,0.000000,0.000000,0.000000,0.000000
6.190000,8.221814,0.000000,-0.001706,0.089600,0.000000,-0.004044,-0.110265,8.781384,0.039017,0.513824,-130.187225,-0.000132,-0.001074,0.000000,0.000000,0.000000,0.000000
6.480000,0.419775,0.000000,-0.001200,0.093798,0.000000,-0.003912,-0.120472,0.454275,0.040091,0.615793,-6.139756,-0.000317,0.001551,0.000000,0.000000,0.000000,0.000000
0.120000,-3.922732,0.000000,0.000230,0.001737,0.000000,-0.000358,-0.001480,-3.954586,0.024892,0.002642,153.033829,-0.000078,0.002902,0.000000,0.000000,0.000000,0.000000
-1.400000,-2.200204,0.000000,0.000295,-0.020265,0.000000,-0.000280,0.021051,-2.218284,0.021990,-0.037582,85.842743,0.000015,0.001518,0.000000,0.000000,0.000000,0.000000
-4.460000,-4.429358,0.000000,0.000445,-0.064559,0.000000,-0.000295,0.067976,-4.497440,0.020472,-0.165263,127.799110,0.000099,0.001970,0.000000,0.000000,0.000000,0.000000
2.030000,9.394291,0.000000,0.000454,0.029384,0.000000,-0.000394,-0.031095,9.626501,0.018502,0.094732,-218.293686,0.000098,-0.003881,0.000000,0.000000,0.000000,0.000000
4.140000,3.054230,0.000000,0.000759,0.059927,0.000000,-0.000492,-0.065753,3.165387,0.022383,0.238395,-60.315254,-0.000118,-0.000490,0.000000,0.000000,0.000000,0.000000
1.380000,-3.995107,0.000000,0.001161,0.019976,0.000000,-0.000374,-0.021739,-4.201802,0.022873,0.090528,69.707817,-0.000138,0.001566,0.000000,0.000000,0.000000,0.000000
1.240000,-0.202650,0.000000,0.001451,0.017949,0.000000,-0.000236,-0.019924,-0.218480,0.021307,0.092841,3.239038,-0.000058,0.000310,0.000000,0.000000,0.000000,0.000000
1.600000,0.521101,0.000000,0.001745,0.023160,0.000000,-0.000178,-0.027158,0.564506,0.020998,0.138818,-7.629580,-0.000063,0.000230,0.000000,0.000000,0.000000,0.000000
-2.460000,-5.876861,0.000000,0.002065,-0.035609,0.000000,-0.000115,0.050386,-6.526974,0.020767,-0.278095,81.697617,0.000013,0.000794,0.000000,0.000000,0.000000,0.000000
2.400000,7.034862,0.000000,0.002228,0.034740,0.000000,-0.000128,-0.046036,7.982319,0.019973,0.270900,-93.712906,0.000027,-0.001043,0.000000,0.000000,0.000000,0.000000
-1.550000,-6.209786,0.000000,-0.001266,-0.022436,0.000000,-0.002121,0.021765,-6.260086,0.037528,-0.038856,242.251648,-0.000060,0.004484,0.000000,0.000000,0.000000,0.000000
-6.770000,-7.555963,0.000000,-0.001236,-0.097996,0.000000,-0.002061,0.099072,-7.616850,0.033045,-0.176866,294.755493,0.000124,0.005094,0.000000,0.000000,0.000000,0.000000
-2.850000,5.674211,0.000000,-0.001257,-0.041254,0.000000,-0.002185,0.041826,5.759583,0.027950,-0.101688,-163.664108,0.000222,-0.003383,0.000000,0.000000,0.000000,0.000000
-7.520000,-6.759838,0.000000,-0.001102,-0.108852,0.000000,-0.002407,0.115810,-6.928786,0.031334,-0.352821,157.119400,0.000182,0.002027,0.000000,0.000000,0.000000,0.000000
5.600000,18.991234,0.000000,-0.001168,0.081060,0.000000,-0.002589,-0.091380,19.689421,0.029307,0.331307,-375.174438,0.000125,-0.006211,0.000000,0.000000,0.000000,0.000000
0.030000,-8.062590,0.000000,-0.000662,0.000434,0.000000,-0.002714,-0.001267,-8.478209,0.035518,0.005277,140.653381,-0.000164,0.002689,0.000000,0.000000,0.000000,0.000000
1.370000,1.939653,0.000000,-0.000405,0.019831,0.000000,-0.002550,-0.024438,2.070072,0.032829,0.113878,-30.689569,-0.000027,-0.000278,0.000000,0.000000,0.000000,0.000000
6.910000,8.019164,0.000000,-0.000094,0.100022,0.000000,-0.002523,-0.126963,8.721498,0.033107,0.648971,-117.875435,-0.000178,-0.000476,0.000000,0.000000,0.000000,0.000000
1.670000,-7.584913,0.000000,0.000452,0.024173,0.000000,-0.002345,-0.031726,-8.423212,0.033583,0.175104,105.432693,-0.000245,0.002471,0.000000,0.000000,0.000000,0.000000
3.660000,2.880530,0.000000,0.000779,0.052979,0.000000,-0.002100,-0.073913,3.266622,0.031112,0.434942,-38.350342,-0.000138,0.000446,0.000000,0.000000,0.000000,0.000000
-0.970000,-6.701937,0.000000,0.001194,-0.014041,0.000000,-0.001963,0.022917,-7.798308,0.030666,-0.142298,86.764793,-0.000085,0.001257,0.000000,0.000000,0.000000,0.000000
-1.010000,-0.057900,0.000000,0.001424,-0.014620,0.000000,-0.001877,0.025718,-0.073286,0.029409,-0.167063,0.779386,0.000068,-0.000439,0.000000,0.000000,0.000000,0.000000
-6.510000,-8.033639,0.000000,-0.000487,-0.094232,0.000000,-0.001190,0.096060,-8.098296,0.030408,-0.171490,313.386353,0.000106,0.005471,0.000000,0.000000,0.000000,0.000000
-2.490000,5.818961,0.000000,-0.000668,-0.036043,0.000000,-0.001297,0.036220,5.864625,0.024937,-0.064662,-226.948196,0.000209,-0.004482,0.000000,0.000000,0.000000,0.000000
-7.120000,-6.701937,0.000000,-0.000492,-0.103062,0.000000,-0.001505,0.107262,-6.804792,0.029419,-0.260773,193.364746,0.000161,0.002964,0.000000,0.000000,0.000000,0.000000
5.050000,17.616106,0.000000,-0.000537,0.073099,0.000000,-0.001666,-0.079144,18.052109,0.026455,0.241116,-409.355499,0.000127,-0.007104,0.000000,0.000000,0.000000,0.000000
2.420000,-3.806932,0.000000,-0.000036,0.035030,0.000000,-0.001794,-0.038969,-3.948901,0.033559,0.141284,75.244812,-0.000180,0.001820,0.000000,0.000000,0.000000,0.000000
-1.570000,-5.775535,0.000000,0.000346,-0.022726,0.000000,-0.001613,0.026659,-6.073877,0.031739,-0.111016,100.765518,-0.000043,0.001604,0.000000,0.000000,0.000000,0.000000
2.380000,5.717635,0.000000,0.000558,0.034451,0.000000,-0.001571,-0.040930,6.105908,0.030135,0.190731,-90.522308,0.000005,-0.001201,0.000000,0.000000,0.000000,0.000000
-0.200000,-3.734557,0.000000,0.000942,-0.002895,0.000000,-0.001576,0.004866,-4.065526,0.031336,-0.024872,54.947632,-0.000064,0.000975,0.000000,0.000000,0.000000,0.000000
-7.280000,-10.248319,0.000000,0.001222,-0.105378,0.000000,-0.001512,0.142571,-11.380143,0.030361,-0.786890,142.444351,0.000170,0.000567,0.000000,0.000000,0.000000,0.000000
0.310000,10.986545,0.000000,0.001211,0.004487,0.000000,-0.001682,-0.004638,12.467944,0.029794,0.027295,-146.374390,0.000223,-0.002699,0.000000,0.000000,0.000000,0.000000
-2.050000,-4.487258,0.000000,-0.001167,-0.029674,0.000000,-0.001987,0.029273,-4.523821,0.035918,-0.052260,175.062027,-0.000007,0.003178,0.000000,0.000000,0.000000,0.000000
-2.770000,-1.042202,0.000000,-0.001161,-0.040096,0.000000,-0.001980,0.039866,-1.051282,0.032739,-0.071169,40.682308,0.000088,0.000572,0.000000,0.000000,0.000000,0.000000
-10.260000,-10.841795,0.000000,-0.000978,-0.148514,0.000000,-0.002068,0.154283,-11.007626,0.032167,-0.375091,312.792297,0.000209,0.004907,0.000000,0.000000,0.000000,0.000000
-3.320000,10.045668,0.000000,-0.001155,-0.048057,0.000000,-0.002276,0.050411,10.293885,0.027260,-0.153580,-233.427505,0.000331,-0.004844,0.000000,0.000000,0.000000,0.000000
4.050000,10.668094,0.000000,-0.001025,0.058624,0.000000,-0.002607,-0.066288,11.059547,0.032105,0.240333,-210.735504,0.000029,-0.003331,0.000000,0.000000,0.000000,0.000000
7.200000,4.559633,0.000000,-0.000579,0.104220,0.000000,-0.002637,-0.121093,4.791608,0.035436,0.504258,-79.492699,-0.000237,-0.000135,0.000000,0.000000,0.000000,0.000000
-8.320000,-22.465239,0.000000,-0.000001,-0.120432,0.000000,-0.002400,0.145438,-24.002026,0.035571,-0.677727,355.838776,-0.000061,0.004905,0.000000,0.000000,0.000000,0.000000
-4.680000,5.268909,0.000000,-0.000089,-0.067743,0.000000,-0.002339,0.085796,5.729723,0.030666,-0.438546,-77.440094,0.000341,-0.002662,0.000000,0.000000,0.000000,0.000000
-0.390000,6.209785,0.000000,-0.000023,-0.005645,0.000000,-0.002680,0.007519,6.891039,0.033328,-0.041501,-86.254593,0.000150,-0.001741,0.000000,0.000000,0.000000,0.000000
-0.200000,0.275025,0.000000,0.000222,-0.002895,0.000000,-0.002830,0.004414,0.309049,0.035068,-0.025974,-3.628259,0.000018,-0.000136,0.000000,0.000000,0.000000,0.000000
-2.980000,-3.343731,0.000000,-0.000905,-0.043136,0.000000,-0.001557,0.043307,-3.371021,0.028528,-0.077313,130.451141,0.000053,0.002261,0.000000,0.000000,0.000000,0.000000
-5.460000,-3.589806,0.000000,-0.000954,-0.079034,0.000000,-0.001610,0.079946,-3.618989,0.026267,-0.142722,140.046967,0.000148,0.002262,0.000000,0.000000,0.000000,0.000000
7.930000,19.382059,0.000000,-0.000955,0.114787,0.000000,-0.001758,-0.121035,19.675890,0.024005,0.294259,-559.109497,0.000045,-0.009795,0.000000,0.000000,0.000000,0.000000
4.300000,-5.254434,0.000000,-0.000335,0.062243,0.000000,-0.001803,-0.067259,-5.386249,0.033800,0.204908,122.140335,-0.000284,0.002885,0.000000,0.000000,0.000000,0.000000
-1.110000,-7.830989,0.000000,0.000115,-0.016067,0.000000,-0.001519,0.017984,-8.121063,0.030915,-0.065202,154.743759,-0.000105,0.002748,0.000000,0.000000,0.000000,0.000000
0.420000,2.214679,0.000000,0.000328,0.006080,0.000000,-0.001414,-0.006646,2.326516,0.028167,0.027675,-38.596859,0.000026,-0.000661,0.000000,0.000000,0.000000,0.000000
-1.610000,-2.938430,0.000000,0.000609,-0.023305,0.000000,-0.001440,0.028879,-3.141302,0.028828,-0.134574,46.570946,0.000019,0.000519,0.000000,0.000000,0.000000,0.000000
-4.970000,-4.863608,0.000000,0.000806,-0.071941,0.000000,-0.001459,0.092255,-5.293511,0.028309,-0.471559,71.544464,0.000149,0.000078,0.000000,0.000000,0.000000,0.000000
-1.090000,5.616310,0.000000,0.000866,-0.015778,0.000000,-0.001608,0.022259,6.232085,0.028231,-0.122857,-78.006516,0.000178,-0.001810,0.000000,0.000000,0.000000,0.000000
6.120000,10.436493,0.000000,0.001094,0.088587,0.000000,-0.001786,-0.123887,11.843616,0.030040,0.729013,-139.044769,-0.000111,-0.000657,0.000000,0.000000,0.000000,0.000000
-3.080000,-13.317023,0.000000,0.001631,-0.044583,0.000000,-0.001675,0.069518,-15.492218,0.030698,-0.431655,172.368042,-0.000105,0.002097,0.000000,0.000000,0.000000,0.000000
-1.340000,1.273802,0.000000,-0.001165,-0.019397,0.000000,-0.001918,0.018745,1.283130,0.033039,-0.033464,-49.654343,0.000075,-0.001035,0.000000,0.000000,0.000000,0.000000
-5.930000,-6.644036,0.000000,-0.001139,-0.085837,0.000000,-0.001993,0.086722,-6.697701,0.034074,-0.154819,259.186432,0.000108,0.004491,0.000000,0.000000,0.000000,0.000000
-5.900000,0.043424,0.000000,-0.001108,-0.085403,0.000000,-0.002100,0.088150,0.043143,0.029583,-0.214309,-1.225937,0.000239,-0.000611,0.000000,0.000000,0.000000,0.000000
0.070000,8.641590,0.000000,-0.001083,0.001013,0.000000,-0.002340,-0.002254,8.854831,0.030194,0.006865,-200.795029,0.000161,-0.003782,0.000000,0.000000,0.000000,0.000000
5.260000,7.512539,0.000000,-0.000797,0.076139,0.000000,-0.002501,-0.085499,7.787623,0.033976,0.309985,-148.390198,-0.000084,-0.001964,0.000000,0.000000,0.000000,0.000000
-2.210000,-10.812844,0.000000,-0.000289,-0.031990,0.000000,-0.002417,0.036630,-11.369707,0.035941,-0.152534,188.623245,-0.000116,0.003163,0.000000,0.000000,0.000000,0.000000
1.880000,5.920286,0.000000,-0.000108,0.027213,0.000000,-0.002301,-0.032994,6.322474,0.032778,0.153750,-93.732986,0.000031,-0.001365,0.000000,0.000000,0.000000,0.000000
-1.430000,-4.791234,0.000000,0.000247,-0.020699,0.000000,-0.002331,0.026564,-5.214940,0.034143,-0.135780,70.482536,-0.000027,0.000970,0.000000,0.000000,0.000000,0.000000
-3.980000,-3.691132,0.000000,0.000463,-0.057611,0.000000,-0.002304,0.077669,-4.100570,0.033173,-0.428680,51.326515,0.000133,-0.000190,0.000000,0.000000,0.000000,0.000000
12.160000,12.491946,0.000000,-0.000811,0.176016,0.000000,-0.001510,-0.180979,12.590540,0.030509,0.323090,-487.226379,-0.000251,-0.008351,0.000000,0.000000,0.000000,0.000000
-3.420000,-22.552090,0.000000,-0.000261,-0.049505,0.000000,-0.001259,0.050420,-22.732437,0.038860,-0.090012,879.695618,-0.000294,0.016429,0.000000,0.000000,0.000000,0.000000
-6.940000,-5.095209,0.000000,-0.000184,-0.100457,0.000000,-0.000965,0.104859,-5.173425,0.022431,-0.254931,147.007858,0.000186,0.002064,0.000000,0.000000,0.000000,0.000000
-2.860000,5.905811,0.000000,-0.000272,-0.041399,0.000000,-0.001152,0.044202,6.051487,0.020368,-0.134665,-137.225494,0.000234,-0.002967,0.000000,0.000000,0.000000,0.000000
-3.660000,-1.158002,0.000000,-0.000179,-0.052979,0.000000,-0.001385,0.058676,-1.201840,0.023334,-0.212737,22.900608,0.000136,-0.000136,0.000000,0.000000,0.000000,0.000000
-5.260000,-2.316005,0.000000,-0.000123,-0.076139,0.000000,-0.001521,0.087835,-2.436212,0.023471,-0.365764,40.416718,0.000191,-0.000224,0.000000,0.000000,0.000000,0.000000
-2.300000,4.284608,0.000000,-0.000138,-0.033293,0.000000,-0.001712,0.040039,4.575703,0.023694,-0.186579,-67.836456,0.000195,-0.001789,0.000000,0.000000,0.000000,0.000000
-2.510000,-0.303976,0.000000,-0.000027,-0.036332,0.000000,-0.001907,0.046041,-0.332562,0.025483,-0.235338,4.494742,0.000118,-0.000548,0.000000,0.000000,0.000000,0.000000
-1.800000,1.027727,0.000000,0.000074,-0.026055,0.000000,-0.002025,0.034945,1.138790,0.026031,-0.192874,-14.254148,0.000116,-0.000791,0.000000,0.000000,0.000000,0.000000
2.110000,5.659735,0.000000,0.000204,0.030542,0.000000,-0.002141,-0.042958,6.422201,0.026822,0.252786,-75.397026,0.000005,-0.000742,0.000000,0.000000,0.000000,0.000000
-9.000000,-9.278491,0.000000,-0.000435,-0.130275,0.000000,-0.000976,0.133000,-9.352870,0.023450,-0.237436,361.935608,0.000183,0.006212,0.000000,0.000000,0.000000,0.000000
-1.150000,11.362895,0.000000,-0.000731,-0.016646,0.000000,-0.001159,0.016296,11.452851,0.017237,-0.029092,-443.200348,0.000261,-0.008482,0.000000,0.000000,0.000000,0.000000
-2.070000,-1.331702,0.000000,-0.000538,-0.029963,0.000000,-0.001420,0.030771,-1.352800,0.025719,-0.074810,38.441120,0.000057,0.000541,0.000000,0.000000,0.000000,0.000000
-0.170000,2.750255,0.000000,-0.000394,-0.002461,0.000000,-0.001477,0.002222,2.817441,0.025178,-0.006768,-63.889210,0.000059,-0.001229,0.000000,0.000000,0.000000,0.000000
0.740000,1.317227,0.000000,-0.000167,0.010712,0.000000,-0.001536,-0.012089,1.364392,0.026407,0.043830,-25.997978,-0.000007,-0.000371,0.000000,0.000000,0.000000,0.000000
-4.160000,-7.092762,0.000000,0.000098,-0.060216,0.000000,-0.001529,0.069692,-7.458317,0.026779,-0.290214,123.733360,0.000047,0.001559,0.000000,0.000000,0.000000,0.000000
1.970000,8.873191,0.000000,0.000151,0.028516,0.000000,-0.001576,-0.034255,9.477476,0.025220,0.159623,-140.507034,0.000087,-0.002232,0.000000,0.000000,0.000000,0.000000
0.050000,-2.779205,0.000000,0.000467,0.000724,0.000000,-0.001663,-0.000326,-3.025702,0.027452,0.001665,40.893879,-0.000058,0.000783,0.000000,0.000000,0.000000,0.000000
-3.710000,-5.442610,0.000000,0.000703,-0.053702,0.000000,-0.001605,0.072764,-6.044566,0.026669,-0.401608,75.659363,0.000082,0.000345,0.000000,0.000000,0.000000,0.000000
-0.110000,5.211009,0.000000,0.000786,-0.001592,0.000000,-0.001687,0.003368,5.912460,0.026324,-0.019817,-69.412643,0.000121,-0.001369,0.000000,0.000000,0.000000,0.000000
-2.130000,-1.708053,0.000000,-0.000420,-0.030832,0.000000,-0.001072,0.031208,-1.722348,0.028170,-0.055713,66.651115,0.000052,0.001114,0.000000,0.000000,0.000000,0.000000
-5.510000,-4.892559,0.000000,-0.000435,-0.079757,0.000000,-0.001124,0.081218,-4.932147,0.027057,-0.144993,190.863327,0.000126,0.003220,0.000000,0.000000,0.000000,0.000000
-9.440000,-5.688684,0.000000,-0.000430,-0.136644,0.000000,-0.001250,0.142444,-5.775948,0.023837,-0.346308,164.129135,0.000276,0.002165,0.000000,0.000000,0.000000,0.000000
1.960000,16.501528,0.000000,-0.000613,0.028371,0.000000,-0.001526,-0.031152,16.910097,0.021672,0.094906,-383.458893,0.000235,-0.007008,0.000000,0.000000,0.000000,0.000000
4.360000,3.474006,0.000000,-0.000285,0.063111,0.000000,-0.001761,-0.070452,3.600514,0.028680,0.255429,-68.606430,-0.000123,-0.000595,0.000000,0.000000,0.000000,0.000000
0.420000,-5.703160,0.000000,0.000146,0.006080,0.000000,-0.001638,-0.006856,-5.997582,0.029275,0.028551,99.499794,-0.000132,0.001962,0.000000,0.000000,0.000000,0.000000
-3.070000,-5.051784,0.000000,0.000406,-0.044438,0.000000,-0.001506,0.054155,-5.398819,0.027313,-0.252358,80.039459,0.000045,0.000829,0.000000,0.000000,0.000000,0.000000
0.560000,5.254434,0.000000,0.000518,0.008106,0.000000,-0.001551,-0.009623,5.713995,0.026483,0.049187,-77.227524,0.000082,-0.001331,0.000000,0.000000,0.000000,0.000000
1.120000,0.810601,0.000000,0.000788,0.016212,0.000000,-0.001633,-0.020629,0.897189,0.027814,0.113857,-11.230040,-0.000039,0.000098,0.000000,0.000000,0.000000,0.000000
-3.820000,-7.150663,0.000000,0.001086,-0.055295,0.000000,-0.001594,0.079832,-8.120185,0.027716,-0.469774,95.331451,0.000062,0.000534,0.000000,0.000000,0.000000,0.000000
3.320000,10.335168,0.000000,0.001183,0.048057,0.000000,-0.001656,-0.070511,12.016667,0.027182,0.437817,-133.698715,0.000037,-0.001348,0.000000,0.000000,0.000000,0.000000
-2.320000,1.433028,0.000000,-0.000833,-0.033582,0.000000,-0.001551,0.033606,1.443652,0.031273,-0.059995,-55.866184,0.000118,-0.001218,0.000000,0.000000,0.000000,0.000000
-10.660000,-12.072172,0.000000,-0.000849,-0.154304,0.000000,-0.001669,0.157122,-12.168980,0.032491,-0.280499,470.912964,0.000194,0.008160,0.000000,0.000000,0.000000,0.000000
-3.220000,10.769419,0.000000,-0.001053,-0.046610,0.000000,-0.001863,0.047640,10.932343,0.024331,-0.115822,-310.653107,0.000336,-0.006211,0.000000,0.000000,0.000000,0.000000
5.410000,12.491947,0.000000,-0.000916,0.078310,0.000000,-0.002199,-0.085152,12.800683,0.030541,0.259419,-290.272461,0.000011,-0.004783,0.000000,0.000000,0.000000,0.000000
-4.570000,-14.446075,0.000000,-0.000396,-0.066151,0.000000,-0.002210,0.073073,-14.979917,0.035324,-0.264935,285.436646,-0.000086,0.004697,0.000000,0.000000,0.000000,0.000000
-1.650000,4.226708,0.000000,-0.000321,-0.023884,0.000000,-0.002124,0.027226,4.441817,0.030627,-0.113376,-73.689674,0.000158,-0.001711,0.000000,0.000000,0.000000,0.000000
12.960000,21.148012,0.000000,-0.000122,0.187596,0.000000,-0.002282,-0.226696,22.590300,0.032338,1.056379,-334.909363,-0.000186,-0.003481,0.000000,0.000000,0.000000,0.000000
-5.290000,-26.416922,0.000000,0.000703,-0.076573,0.000000,-0.002096,0.097997,-28.741474,0.035819,-0.500913,388.455444,-0.000279,0.006007,0.000000,0.000000,0.000000,0.000000
13.780000,4.530683,0.000000,-0.000716,0.199466,0.000000,-0.001454,-0.204888,4.565917,0.032037,0.365773,-176.691025,-0.000467,-0.002367,0.000000,0.000000,0.000000,0.000000
6.270000,-10.870744,0.000000,-0.000100,0.090758,0.000000,-0.000986,-0.093029,-10.958082,0.034404,0.166079,424.053833,-0.000458,0.008483,0.000000,0.000000,0.000000,0.000000
-3.180000,-13.678900,0.000000,0.000402,-0.046031,0.000000,-0.000528,0.048556,-13.887756,0.025921,-0.118048,394.634003,-0.000131,0.007137,0.000000,0.000000,0.000000,0.000000
-4.620000,-2.084404,0.000000,0.000463,-0.066875,0.000000,-0.000397,0.072375,-2.137017,0.018783,-0.220494,48.459694,0.000156,0.000308,0.000000,0.000000,0.000000,0.000000
5.330000,14.402651,0.000000,0.000463,0.077152,0.000000,-0.000553,-0.085224,14.932055,0.018476,0.308989,-284.524658,0.000052,-0.004552,0.000000,0.000000,0.000000,0.000000
-3.200000,-12.347198,0.000000,0.000905,-0.046320,0.000000,-0.000605,0.054568,-12.982352,0.023028,-0.227232,215.377014,-0.000098,0.003472,0.000000,0.000000,0.000000,0.000000
-9.400000,-8.974515,0.000000,0.000981,-0.136065,0.000000,-0.000506,0.165503,-9.589170,0.019556,-0.771227,142.162949,0.000266,0.000599,0.000000,0.000000,0.000000,0.000000
-6.670000,3.951682,0.000000,0.000799,-0.096548,0.000000,-0.000773,0.123451,4.297177,0.018957,-0.631022,-58.078510,0.000415,-0.002808,0.000000,0.000000,0.000000,0.000000
-0.950000,8.279715,0.000000,0.000737,-0.013751,0.000000,-0.001188,0.019377,9.189411,0.021764,-0.106950,-115.023132,0.000226,-0.002462,0.000000,0.000000,0.000000,0.000000
-4.510000,-15.184301,0.000000,-0.000560,-0.065282,0.000000,-0.001179,0.066334,-15.305732,0.026879,-0.118422,592.298340,-0.000111,0.010899,0.000000,0.000000,0.000000,0.000000
-3.780000,1.056677,0.000000,-0.000671,-0.054716,0.000000,-0.001069,0.055336,1.064699,0.015980,-0.098787,-41.201546,0.000170,-0.001068,0.000000,0.000000,0.000000,0.000000
-7.440000,-5.297859,0.000000,-0.000668,-0.107694,0.000000,-0.001239,0.111921,-5.378922,0.017047,-0.272101,152.847275,0.000201,0.002160,0.000000,0.000000,0.000000,0.000000
4.170000,16.805504,0.000000,-0.000841,0.060361,0.000000,-0.001439,-0.065780,17.221947,0.014887,0.200402,-390.530487,0.000148,-0.006857,0.000000,0.000000,0.000000,0.000000
-0.010000,-6.050561,0.000000,-0.000495,-0.000145,0.000000,-0.001587,-0.000390,-6.274449,0.021744,0.001413,119.557243,-0.000120,0.002280,0.000000,0.000000,0.000000,0.000000
-2.990000,-4.313558,0.000000,-0.000339,-0.043280,0.000000,-0.001467,0.049617,-4.535950,0.019463,-0.206618,75.251343,0.000049,0.000862,0.000000,0.000000,0.000000,0.000000
2.800000,8.381040,0.000000,-0.000315,0.040530,0.000000,-0.001515,-0.049326,8.952333,0.018602,0.229854,-132.721619,0.000036,-0.001893,0.000000,0.000000,0.000000,0.000000
5.540000,3.966157,0.000000,-0.000044,0.080192,0.000000,-0.001551,-0.101752,4.313215,0.020495,0.520105,-58.295265,-0.000194,0.000307,0.000000,0.000000,0.000000,0.000000
9.610000,0.289501,0.000000,0.000548,0.139105,0.000000,0.000069,-0.141815,0.291258,0.020010,0.253172,-11.271034,-0.000378,0.000471,0.000000,0.000000,0.000000,0.000000
-3.170000,-18.499083,0.000000,0.000974,-0.045886,0.000000,0.000447,0.047980,-18.646755,0.019539,-0.085655,721.588745,-0.000223,0.013431,0.000000,0.000000,0.000000,0.000000
-3.960000,-1.143527,0.000000,0.000925,-0.057321,0.000000,0.000669,0.060910,-1.161205,0.006108,-0.148082,32.996773,0.000143,0.000199,0.000000,0.000000,0.000000,0.000000
0.660000,6.687462,0.000000,0.000845,0.009554,0.000000,0.000526,-0.009360,6.853009,0.005909,0.028514,-155.401077,0.000104,-0.002866,0.000000,0.000000,0.000000,0.000000
-0.760000,-2.055454,0.000000,0.000980,-0.011001,0.000000,0.000422,0.013315,-2.131827,0.008774,-0.048275,40.621151,-0.000005,0.000644,0.000000,0.000000,0.000000,0.000000
-1.690000,-1.346177,0.000000,0.001059,-0.024463,0.000000,0.000426,0.029490,-1.416044,0.008131,-0.122802,23.492144,0.000053,0.000111,0.000000,0.000000,0.000000,0.000000
-12.740000,-15.994904,0.000000,0.001104,-0.184412,0.000000,0.000373,0.224037,-17.088324,0.008019,-1.043987,253.340622,0.000282,0.001973,0.000000,0.000000,0.000000,0.000000
1.960000,21.278288,0.000000,0.000683,0.028371,0.000000,0.000091,-0.035113,23.147488,0.006046,0.179481,-312.849915,0.000343,-0.005442,0.000000,0.000000,0.000000,0.000000
