0.475724,0.129959,-0.000000,nan,-0.000000,ovf,0.000003,-0.061450,-0.000000,-198.278610,0.000000,0.000000,-4150149.750000,ovf,-0.000001,ovf,0.000000,-0.000000
2.490000,3.474006,0.000000,0.000000,0.036043,0.000000,0.000000,-0.036257,3.480901,0.000000,0.032746,-266.262726,-0.000032,-0.004953,0.000000,0.000000,0.000000,0.000000
2.530000,0.057900,0.000000,0.000097,0.036622,0.000000,0.000032,-0.036742,0.057949,0.004953,0.033184,-4.432661,-0.000098,0.000015,0.000000,0.000000,0.000000,0.000000
0.680000,-2.677880,0.000000,0.000248,0.009843,0.000000,0.000130,-0.009773,-2.694521,0.004938,0.015424,117.951202,-0.000077,0.002275,0.000000,0.000000,0.000000,0.000000
-0.750000,-2.069929,0.000000,0.000305,-0.010856,0.000000,0.000208,0.011587,-2.096288,0.002663,-0.025865,64.875214,-0.000008,0.001154,0.000000,0.000000,0.000000,0.000000
-0.480000,0.390826,0.000000,0.000296,-0.006948,0.000000,0.000216,0.007715,0.399149,0.001509,-0.022048,-9.648663,0.000028,-0.000244,0.000000,0.000000,0.000000,0.000000
-1.250000,-1.114577,0.000000,0.000302,-0.018094,0.000000,0.000187,0.020219,-1.151295,0.001753,-0.069731,23.061928,0.000033,0.000249,0.000000,0.000000,0.000000,0.000000
-1.600000,-0.506626,0.000000,0.000276,-0.023160,0.000000,0.000155,0.026736,-0.530352,0.001505,-0.106957,9.158783,0.000062,-0.000116,0.000000,0.000000,0.000000,0.000000
-1.370000,0.332926,0.000000,0.000236,-0.019831,0.000000,0.000092,0.023889,0.353617,0.001621,-0.107731,-5.417088,0.000071,-0.000394,0.000000,0.000000,0.000000,0.000000
0.060000,2.069929,0.000000,0.000208,0.000869,0.000000,0.000021,-0.000825,2.238349,0.002015,0.004105,-31.081757,0.000040,-0.000577,0.000000,0.000000,0.000000,0.000000
0.060000,-0.000000,0.000000,0.000241,0.000869,0.000000,-0.000019,-0.000825,-0.000336,0.002592,0.004450,0.004304,-0.000002,0.000013,0.000000,0.000000,0.000000,0.000000
1.010000,1.375127,0.000000,0.000277,0.014620,0.000000,-0.000017,-0.019943,1.549405,0.002578,0.115165,-18.535555,-0.000025,-0.000039,0.000000,0.000000,0.000000,0.000000
-1.280000,-3.314781,0.000000,0.000354,-0.018528,0.000000,0.000008,0.027862,-3.825773,0.002618,-0.170289,43.243404,0.000003,0.000358,0.000000,0.000000,0.000000,0.000000
0.230000,2.185729,0.000000,0.000337,0.003329,0.000000,0.000005,-0.004700,2.587209,0.002260,0.030129,-27.882559,0.000036,-0.000447,0.000000,0.000000,0.000000,0.000000
0.660000,0.622426,0.000000,0.000386,0.009554,0.000000,-0.000031,-0.015376,0.756763,0.002707,0.102599,-7.834867,-0.000027,0.000130,0.000000,0.000000,0.000000,0.000000
-0.350000,-1.461978,0.000000,0.000455,-0.005066,0.000000,-0.000004,0.009912,-1.832864,0.002577,-0.068415,18.344349,-0.000008,0.000162,0.000000,0.000000,0.000000,0.000000
1.050000,-0.940877,0.000000,0.001017,0.015199,0.000000,0.001047,-0.014340,-0.948535,0.004601,0.025600,36.706226,-0.000057,0.000764,0.000000,0.000000,0.000000,0.000000
-2.600000,-5.283384,0.000000,0.001231,-0.037635,0.000000,0.001103,0.039795,-5.325560,0.003837,-0.071043,206.087540,0.000007,0.003709,0.000000,0.000000,0.000000,0.000000
2.120000,6.832211,0.000000,0.001151,0.030687,0.000000,0.001096,-0.030887,6.935948,0.000128,0.075091,-197.091660,0.000048,-0.003536,0.000000,0.000000,0.000000,0.000000
1.020000,-1.592253,0.000000,0.001301,0.014765,0.000000,0.001049,-0.014471,-1.632109,0.003664,0.044086,37.010235,-0.000070,0.000827,0.000000,0.000000,0.000000,0.000000
5.180000,6.021611,0.000000,0.001409,0.074981,0.000000,0.001119,-0.081760,6.242949,0.002837,0.296431,-118.957024,-0.000103,-0.001452,0.000000,0.000000,0.000000,0.000000
6.550000,1.983079,0.000000,0.001710,0.094811,0.000000,0.001222,-0.107576,2.084071,0.004289,0.447972,-34.574707,-0.000251,0.000560,0.000000,0.000000,0.000000,0.000000
1.210000,-7.729664,0.000000,0.002083,0.017515,0.000000,0.001473,-0.018637,-8.258646,0.003729,0.086844,122.437439,-0.000206,0.002552,0.000000,0.000000,0.000000,0.000000
-6.020000,-10.465444,0.000000,0.002240,-0.087140,0.000000,0.001679,0.113347,-11.386327,0.001177,-0.579376,153.891922,0.000091,0.001342,0.000000,0.000000,0.000000,0.000000
-3.160000,4.139857,0.000000,0.002106,-0.045741,0.000000,0.001588,0.063993,4.594563,-0.000165,-0.353194,-57.509789,0.000260,-0.002047,0.000000,0.000000,0.000000,0.000000
-4.840000,-14.909277,0.000000,-0.000650,-0.070059,0.000000,-0.001134,0.071118,-15.028367,0.021158,-0.126961,581.565063,-0.000093,0.010672,0.000000,0.000000,0.000000,0.000000
-2.060000,4.024057,0.000000,-0.000789,-0.029819,0.000000,-0.001041,0.029724,4.055827,0.010486,-0.053063,-156.951630,0.000157,-0.003135,0.000000,0.000000,0.000000,0.000000
-7.120000,-7.324363,0.000000,-0.000752,-0.103062,0.000000,-0.001199,0.106989,-7.436099,0.013621,-0.260110,211.303955,0.000148,0.003303,0.000000,0.000000,0.000000,0.000000
0.490000,11.015494,0.000000,-0.000959,0.007093,0.000000,-0.001347,-0.008654,11.288496,0.010318,0.026364,-255.981583,0.000190,-0.004782,0.000000,0.000000,0.000000,0.000000
0.190000,-0.434251,0.000000,-0.000827,0.002750,0.000000,-0.001537,-0.003976,-0.450862,0.015099,0.014415,8.591011,-0.000020,0.000210,0.000000,0.000000,0.000000,0.000000
-2.230000,-3.502956,0.000000,-0.000716,-0.032279,0.000000,-0.001517,0.036470,-3.683374,0.014889,-0.151871,61.107109,0.000029,0.000746,0.000000,0.000000,0.000000,0.000000
15.070000,25.041792,0.000000,-0.000715,0.218139,0.000000,-0.001546,-0.264298,26.751476,0.014143,1.231596,-396.600403,-0.000208,-0.004180,0.000000,0.000000,0.000000,0.000000
-5.250000,-29.413250,0.000000,0.000023,-0.075994,0.000000,-0.001338,0.096401,-31.999504,0.018323,-0.492753,432.489349,-0.000345,0.006864,0.000000,0.000000,0.000000,0.000000
4.820000,14.576350,0.000000,-0.000104,0.069770,0.000000,-0.000993,-0.093451,16.180834,0.011459,0.515785,-202.534225,0.000054,-0.002452,0.000000,0.000000,0.000000,0.000000
5.090000,0.390826,0.000000,0.000195,0.073678,0.000000,-0.001047,-0.104049,0.442322,0.013911,0.612279,-5.192882,-0.000273,0.001562,0.000000,0.000000,0.000000,0.000000
1.330000,-5.442610,0.000000,0.000505,0.019252,0.000000,-0.000774,-0.028200,-6.331449,0.012349,0.175102,70.444374,-0.000196,0.001805,0.000000,0.000000,0.000000,0.000000
0.690000,-0.926402,0.000000,0.000662,0.009988,0.000000,-0.000579,-0.014949,-1.107668,0.010544,0.097111,11.779866,-0.000061,0.000482,0.000000,0.000000,0.000000,0.000000
-2.230000,3.589806,0.000000,0.001240,-0.032279,0.000000,0.000932,0.034356,3.617983,0.012085,-0.061333,-140.008057,0.000162,-0.002818,0.000000,0.000000,0.000000,0.000000
-1.430000,1.158002,0.000000,0.001184,-0.020699,0.000000,0.000771,0.022406,1.166771,0.014903,-0.040000,-45.151478,0.000082,-0.000958,0.000000,0.000000,0.000000,0.000000
-2.740000,-1.896228,0.000000,0.001304,-0.039662,0.000000,0.000689,0.042839,-1.925724,0.015861,-0.104149,54.721317,0.000079,0.000756,0.000000,0.000000,0.000000,0.000000
3.070000,8.409989,0.000000,0.001371,0.044438,0.000000,0.000609,-0.046289,8.617795,0.015104,0.141022,-195.419907,0.000038,-0.003320,0.000000,0.000000,0.000000,0.000000
-0.480000,-5.138634,0.000000,0.001710,-0.006948,0.000000,0.000571,0.009621,-5.329226,0.018425,-0.034883,101.546387,-0.000075,0.001835,0.000000,0.000000,0.000000,0.000000
-0.480000,0.000000,0.000000,0.001902,-0.006948,0.000000,0.000646,0.010226,-0.001552,0.016590,-0.042585,0.025744,0.000028,-0.000118,0.000000,0.000000,0.000000,0.000000
1.620000,3.039755,0.000000,0.002108,0.023450,0.000000,0.000619,-0.025773,3.245445,0.016708,0.120099,-48.114906,-0.000008,-0.000586,0.000000,0.000000,0.000000,0.000000
-2.890000,-6.528237,0.000000,0.002418,-0.041833,0.000000,0.000627,0.056117,-7.104389,0.017294,-0.286841,96.019379,0.000017,0.001043,0.000000,0.000000,0.000000,0.000000
1.630000,6.542712,0.000000,0.002552,0.023594,0.000000,0.000610,-0.028143,7.260478,0.016251,0.155330,-90.878822,0.000061,-0.001303,0.000000,0.000000,0.000000,0.000000
7.270000,8.163915,0.000000,0.002894,0.105233,0.000000,0.000548,-0.144909,9.263693,0.017553,0.852720,-108.756310,-0.000217,0.000250,0.000000,0.000000,0.000000,0.000000
11.490000,6.108461,0.000000,0.003490,0.166318,0.000000,0.000765,-0.244937,7.099834,0.017304,1.520872,-78.993500,-0.000528,0.002618,0.000000,0.000000,0.000000,0.000000
-4.520000,-0.000000,0.000000,-0.001377,-0.065427,0.000000,-0.002401,0.065688,-0.001098,0.044804,-0.117267,0.042490,0.000179,-0.000321,0.000000,0.000000,0.000000,0.000000
0.520000,7.295413,0.000000,-0.001447,0.007527,0.000000,-0.002579,-0.009188,7.352334,0.045125,0.016404,-284.519287,0.000114,-0.005342,0.000000,0.000000,0.000000,0.000000
6.050000,8.004689,0.000000,-0.000959,0.087574,0.000000,-0.002693,-0.092582,8.124664,0.050467,0.225085,-230.870193,-0.000097,-0.003753,0.000000,0.000000,0.000000,0.000000
0.080000,-8.641590,0.000000,-0.000221,0.001158,0.000000,-0.002597,-0.001482,-8.858365,0.054220,0.004515,200.875168,-0.000172,0.003823,0.000000,0.000000,0.000000,0.000000
-1.660000,-2.518655,0.000000,0.000244,-0.024029,0.000000,-0.002425,0.026974,-2.614117,0.050397,-0.097799,49.811008,0.000024,0.000672,0.000000,0.000000,0.000000,0.000000
0.890000,3.691131,0.000000,0.000634,0.012883,0.000000,-0.002449,-0.014153,3.877333,0.049726,0.058938,-64.324890,0.000035,-0.001060,0.000000,0.000000,0.000000,0.000000
-2.530000,-4.950459,0.000000,0.001137,-0.036622,0.000000,-0.002484,0.045600,-5.292435,0.050786,-0.212489,78.462273,0.000023,0.000913,0.000000,0.000000,0.000000,0.000000
-4.280000,-2.533130,0.000000,0.001500,-0.061953,0.000000,-0.002507,0.080469,-2.760156,0.049873,-0.411317,37.304890,0.000165,-0.000408,0.000000,0.000000,0.000000,0.000000
-9.300000,-29.876453,0.000000,-0.003265,-0.134618,0.000000,-0.004592,0.134626,-30.115438,0.059246,-0.240338,1165.401733,-0.000206,0.021418,0.000000,0.000000,0.000000,0.000000
-0.570000,12.636698,0.000000,-0.003489,-0.008251,0.000000,-0.004385,0.004876,12.736383,0.037828,-0.008704,-492.870209,0.000255,-0.009396,0.000000,0.000000,0.000000,0.000000
-4.070000,-5.066259,0.000000,-0.003114,-0.058913,0.000000,-0.004640,0.058351,-5.144646,0.047224,-0.141862,146.190079,0.000060,0.002402,0.000000,0.000000,0.000000,0.000000
-4.990000,-1.331702,0.000000,-0.002927,-0.072230,0.000000,-0.004700,0.074488,-1.366298,0.044822,-0.226930,30.982630,0.000176,-0.000032,0.000000,0.000000,0.000000,0.000000
3.400000,12.144547,0.000000,-0.002802,0.049215,0.000000,-0.004875,-0.057807,12.590088,0.044854,0.209584,-239.899338,0.000082,-0.003976,0.000000,0.000000,0.000000,0.000000
0.220000,-4.603058,0.000000,-0.002327,0.003185,0.000000,-0.004957,-0.006368,-4.841499,0.048829,0.026519,80.320374,-0.000109,0.001600,0.000000,0.000000,0.000000,0.000000
-0.640000,-1.244852,0.000000,-0.002007,-0.009264,0.000000,-0.004848,0.008763,-1.332300,0.047229,-0.040836,19.751833,-0.000001,0.000261,0.000000,0.000000,0.000000,0.000000
-0.270000,0.535576,0.000000,-0.001739,-0.003908,0.000000,-0.004847,0.002751,0.580002,0.046969,-0.014060,-7.839022,0.000018,-0.000187,0.000000,0.000000,0.000000,0.000000
0.220000,0.709276,0.000000,-0.001468,0.003185,0.000000,-0.004865,-0.006223,0.784490,0.047156,0.034345,-9.819393,-0.000002,-0.000093,0.000000,0.000000,0.000000,0.000000
1.780000,2.258104,0.000000,-0.001187,0.025766,0.000000,-0.004863,-0.038164,2.560098,0.047248,0.224578,-30.055700,-0.000055,0.000039,0.000000,0.000000,0.000000,0.000000
1.460000,-0.463201,0.000000,-0.000850,0.021134,0.000000,-0.004808,-0.033070,-0.542246,0.047210,0.205336,6.033082,-0.000100,0.000670,0.000000,0.000000,0.000000,0.000000
-0.790000,2.677880,0.000000,-0.000226,-0.011435,0.000000,-0.000812,0.011539,2.698534,0.025191,-0.020600,-104.427353,0.000082,-0.002034,0.000000,0.000000,0.000000,0.000000
-5.950000,-7.469112,0.000000,-0.000196,-0.086126,0.000000,-0.000895,0.087984,-7.529208,0.027225,-0.157072,291.363892,0.000095,0.005096,0.000000,0.000000,0.000000,0.000000
-1.720000,6.122935,0.000000,-0.000221,-0.024897,0.000000,-0.000990,0.025805,6.215240,0.022129,-0.062736,-176.612061,0.000187,-0.003523,0.000000,0.000000,0.000000,0.000000
2.530000,6.151886,0.000000,-0.000050,0.036622,0.000000,-0.001177,-0.039415,6.303402,0.025652,0.120078,-142.938019,0.000012,-0.002375,0.000000,0.000000,0.000000,0.000000
5.740000,4.646483,0.000000,0.000312,0.083087,0.000000,-0.001190,-0.091987,4.816083,0.028028,0.333508,-91.768646,-0.000158,-0.000831,0.000000,0.000000,0.000000,0.000000
6.480000,1.071152,0.000000,0.000817,0.093798,0.000000,-0.001032,-0.107437,1.124134,0.028859,0.447393,-18.649357,-0.000269,0.000859,0.000000,0.000000,0.000000,0.000000
-1.740000,-11.898471,0.000000,0.001359,-0.025187,0.000000,-0.000763,0.032058,-12.713548,0.028000,-0.149386,188.482971,-0.000154,0.003163,0.000000,0.000000,0.000000,0.000000
-2.390000,-0.940877,0.000000,0.001557,-0.034595,0.000000,-0.000610,0.045847,-1.026147,0.024837,-0.234349,13.868895,0.000105,-0.000377,0.000000,0.000000,0.000000,0.000000
-1.630000,1.100102,0.000000,0.001739,-0.023594,0.000000,-0.000714,0.033881,1.218220,0.025214,-0.187000,-15.248361,0.000115,-0.000794,0.000000,0.000000,0.000000,0.000000
-0.720000,1.317227,0.000000,0.001963,-0.010422,0.000000,-0.000829,0.017537,1.491638,0.026008,-0.103195,-17.511917,0.000075,-0.000609,0.000000,0.000000,0.000000,0.000000
1.110000,-7.729663,0.000000,-0.001412,0.016067,0.000000,-0.002278,-0.017807,-7.792059,0.038130,0.031789,301.535645,-0.000196,0.005797,0.000000,0.000000,0.000000,0.000000
-5.550000,-9.640368,0.000000,-0.001277,-0.080336,0.000000,-0.002083,0.080949,-9.717812,0.032333,-0.144512,376.058105,0.000035,0.006719,0.000000,0.000000,0.000000,0.000000
-8.700000,-4.559633,0.000000,-0.001272,-0.125933,0.000000,-0.002118,0.130362,-4.629724,0.025614,-0.316934,131.558075,0.000265,0.001621,0.000000,0.000000,0.000000,0.000000
-1.410000,10.552293,0.000000,-0.001424,-0.020410,0.000000,-0.002383,0.020406,10.813264,0.023993,-0.062168,-245.205124,0.000259,-0.004814,0.000000,0.000000,0.000000,0.000000
6.830000,11.927421,0.000000,-0.001256,0.098864,0.000000,-0.002642,-0.111264,12.365479,0.028807,0.403399,-235.619537,-0.000067,-0.003361,0.000000,0.000000,0.000000,0.000000
2.220000,-6.672987,0.000000,-0.000735,0.032135,0.000000,-0.002575,-0.037980,-7.017087,0.032169,0.158157,116.413361,-0.000235,0.002638,0.000000,0.000000,0.000000,0.000000
-1.970000,-6.065036,0.000000,-0.000420,-0.028516,0.000000,-0.002340,0.033930,-6.481113,0.029530,-0.158110,96.084869,-0.000031,0.001387,0.000000,0.000000,0.000000,0.000000
1.120000,4.472783,0.000000,-0.000287,0.016212,0.000000,-0.002309,-0.020924,4.863914,0.028143,0.106953,-65.738251,0.000036,-0.000958,0.000000,0.000000,0.000000,0.000000
2.270000,1.664628,0.000000,-0.000026,0.032858,0.000000,-0.002345,-0.043981,1.845649,0.029101,0.242744,-23.101845,-0.000084,0.000221,0.000000,0.000000,0.000000,0.000000
7.300000,7.280939,0.000000,0.000283,0.105668,0.000000,-0.002260,-0.149221,8.262275,0.028881,0.878094,-96.999603,-0.000247,0.000538,0.000000,0.000000,0.000000,0.000000
-2.720000,-24.260143,0.000000,-0.000418,-0.039372,0.000000,-0.001035,0.039950,-24.453754,0.026670,-0.071320,946.306885,-0.000355,0.017724,0.000000,0.000000,0.000000,0.000000
-0.210000,3.633231,0.000000,-0.000460,-0.003040,0.000000,-0.000681,0.002641,3.661916,0.008945,-0.004715,-141.708191,0.000077,-0.002729,0.000000,0.000000,0.000000,0.000000
-1.980000,-2.562080,0.000000,-0.000363,-0.028661,0.000000,-0.000758,0.029592,-2.601399,0.011674,-0.071943,73.921280,0.000031,0.001210,0.000000,0.000000,0.000000,0.000000
0.430000,3.488481,0.000000,-0.000352,0.006224,0.000000,-0.000789,-0.007068,3.574627,0.010464,0.021532,-81.059395,0.000049,-0.001479,0.000000,0.000000,0.000000,0.000000
1.160000,1.056677,0.000000,-0.000234,0.016791,0.000000,-0.000837,-0.018920,1.095019,0.011943,0.068595,-20.865164,-0.000031,-0.000207,0.000000,0.000000,0.000000,0.000000
-2.550000,-5.370234,0.000000,-0.000086,-0.036911,0.000000,-0.000807,0.042551,-5.646475,0.012150,-0.177192,93.674927,0.000008,0.001295,0.000000,0.000000,0.000000,0.000000
3.640000,8.960041,0.000000,-0.000100,0.052689,0.000000,-0.000815,-0.063750,9.571322,0.010855,0.297069,-141.898346,0.000009,-0.001886,0.000000,0.000000,0.000000,0.000000
2.710000,-1.346178,0.000000,0.000151,0.039227,0.000000,-0.000824,-0.049555,-1.465497,0.012740,0.253300,19.806931,-0.000162,0.001064,0.000000,0.000000,0.000000,0.000000
0.220000,-3.604281,0.000000,0.000363,0.003185,0.000000,-0.000662,-0.003774,-4.002379,0.011677,0.020831,50.097454,-0.000086,0.001003,0.000000,0.000000,0.000000,0.000000
0.220000,-0.000000,0.000000,0.000472,0.003185,0.000000,-0.000576,-0.003841,-0.001244,0.010674,0.022605,0.014603,-0.000010,0.000060,0.000000,0.000000,0.000000,0.000000
4.360000,-1.461977,0.000000,0.000883,0.063111,0.000000,0.000573,-0.063680,-1.473970,0.012484,0.113684,57.039425,-0.000200,0.001387,0.000000,0.000000,0.000000,0.000000
-2.810000,-10.378593,0.000000,0.001085,-0.040675,0.000000,0.000773,0.042758,-10.461472,0.011096,-0.076333,404.836121,-0.000082,0.007457,0.000000,0.000000,0.000000,0.000000
0.290000,4.487258,0.000000,0.001028,0.004198,0.000000,0.000855,-0.003314,4.555241,0.003640,0.008058,-129.441559,0.000077,-0.002443,0.000000,0.000000,0.000000,0.000000
-4.800000,-7.367788,0.000000,0.001124,-0.069480,0.000000,0.000778,0.075886,-7.551028,0.006083,-0.231190,171.229584,0.000062,0.002621,0.000000,0.000000,0.000000,0.000000
-2.900000,2.750255,0.000000,0.000997,-0.041978,0.000000,0.000716,0.047758,2.851159,0.003461,-0.173151,-54.327747,0.000183,-0.001502,0.000000,0.000000,0.000000,0.000000
0.640000,5.124159,0.000000,0.000961,0.009264,0.000000,0.000533,-0.009594,5.386489,0.004963,0.039951,-89.361763,0.000076,-0.001581,0.000000,0.000000,0.000000,0.000000
0.730000,0.130275,0.000000,0.001085,0.010567,0.000000,0.000457,-0.011451,0.138320,0.006544,0.053359,-2.050642,-0.000028,0.000108,0.000000,0.000000,0.000000,0.000000
-4.140000,-7.049337,0.000000,0.001220,-0.059927,0.000000,0.000485,0.077543,-7.669907,0.006436,-0.396361,103.662651,0.000065,0.000891,0.000000,0.000000,0.000000,0.000000
0.160000,-5.124159,0.000000,0.000066,0.002316,0.000000,-0.000311,-0.002264,-5.165330,0.016026,0.004041,199.886993,-0.000104,0.003794,0.000000,0.000000,0.000000,0.000000
-0.140000,-0.434251,0.000000,0.000111,-0.002027,0.000000,-0.000207,0.002189,-0.438026,0.012232,-0.003908,16.950636,-0.000002,0.000303,0.000000,0.000000,0.000000,0.000000
-0.960000,-1.186952,0.000000,0.000224,-0.013896,0.000000,-0.000205,0.014766,-1.205433,0.011928,-0.035900,34.253532,0.000017,0.000551,0.000000,0.000000,0.000000,0.000000
-15.580000,-21.162489,0.000000,0.000300,-0.225521,0.000000,-0.000222,0.242713,-21.688118,0.011377,-0.739438,491.806854,0.000246,0.007311,0.000000,0.000000,0.000000,0.000000
-0.690000,21.553312,0.000000,-0.000283,-0.009988,0.000000,-0.000468,0.010785,22.347002,0.004066,-0.039101,-425.813660,0.000452,-0.008182,0.000000,0.000000,0.000000,0.000000
-0.090000,0.868502,0.000000,-0.000210,-0.001303,0.000000,-0.000920,0.001263,0.912385,0.012248,-0.005258,-15.136448,0.000020,-0.000286,0.000000,0.000000,0.000000,0.000000
-4.030000,-5.703160,0.000000,-0.000114,-0.058334,0.000000,-0.000940,0.070309,-6.093492,0.012534,-0.327634,90.338226,0.000075,0.000825,0.000000,0.000000,0.000000,0.000000
5.700000,14.084199,0.000000,-0.000188,0.082508,0.000000,-0.001015,-0.104871,15.321166,0.011709,0.536049,-207.073273,0.000006,-0.002472,0.000000,0.000000,0.000000,0.000000
2.060000,-5.268909,0.000000,0.000150,0.029819,0.000000,-0.001021,-0.039680,-5.850411,0.014182,0.219005,73.229134,-0.000218,0.001984,0.000000,0.000000,0.000000,0.000000
3.770000,2.475230,0.000000,0.000334,0.054571,0.000000,-0.000803,-0.076797,2.808472,0.012198,0.451910,-32.971634,-0.000154,0.000594,0.000000,0.000000,0.000000,0.000000
-0.050000,2.460754,0.000000,0.000753,-0.000724,0.000000,0.000428,0.001549,2.479945,0.013249,-0.002765,-95.968445,0.000051,-0.001826,0.000000,0.000000,0.000000,0.000000
-4.650000,-6.658512,0.000000,0.000785,-0.067309,0.000000,0.000377,0.069721,-6.711893,0.015075,-0.124468,259.735596,0.000061,0.004585,0.000000,0.000000,0.000000,0.000000
-3.410000,1.794903,0.000000,0.000716,-0.049360,0.000000,0.000315,0.052366,1.821751,0.010490,-0.127311,-51.766823,0.000176,-0.001333,0.000000,0.000000,0.000000,0.000000
7.910000,16.385729,0.000000,0.000710,0.114497,0.000000,0.000139,-0.122299,16.791668,0.011823,0.372589,-380.773407,-0.000013,-0.006200,0.000000,0.000000,0.000000,0.000000
6.860000,-1.519877,0.000000,0.001221,0.099299,0.000000,0.000153,-0.108994,-1.577060,0.018023,0.395169,30.050287,-0.000325,0.001649,0.000000,0.000000,0.000000,0.000000
-0.950000,-11.304995,0.000000,0.001692,-0.013751,0.000000,0.000477,0.017844,-11.886504,0.016373,-0.074307,197.196915,-0.000176,0.003530,0.000000,0.000000,0.000000,0.000000
-3.650000,-3.908257,0.000000,0.001835,-0.052834,0.000000,0.000653,0.066021,-4.176757,0.012843,-0.307650,61.921936,0.000100,0.000334,0.000000,0.000000,0.000000,0.000000
-0.580000,4.443833,0.000000,0.001876,-0.008396,0.000000,0.000554,0.013026,4.832539,0.012510,-0.066581,-65.314194,0.000127,-0.001417,0.000000,0.000000,0.000000,0.000000
-3.390000,-4.067482,0.000000,0.002059,-0.049070,0.000000,0.000427,0.068383,-4.517773,0.013927,-0.377424,56.548607,0.000099,0.000052,0.000000,0.000000,0.000000,0.000000
2.270000,8.192865,0.000000,0.002138,0.032858,0.000000,0.000328,-0.043499,9.297406,0.013875,0.255971,-109.152115,0.000058,-0.001374,0.000000,0.000000,0.000000,0.000000
4.120000,2.677880,0.000000,0.002467,0.059637,0.000000,0.000270,-0.085999,3.111011,0.015249,0.533986,-34.613434,-0.000174,0.000792,0.000000,0.000000,0.000000,0.000000
-4.070000,-3.097656,0.000000,-0.000976,-0.058913,0.000000,-0.001734,0.059401,-3.123104,0.033110,-0.106044,120.857315,0.000102,0.002000,0.000000,0.000000,0.000000,0.000000
-1.770000,3.329256,0.000000,-0.001056,-0.025621,0.000000,-0.001835,0.025152,3.354980,0.031110,-0.044902,-129.830383,0.000131,-0.002583,0.000000,0.000000,0.000000,0.000000
-2.610000,-1.215902,0.000000,-0.000817,-0.037780,0.000000,-0.001967,0.038654,-1.235495,0.033694,-0.093974,35.107803,0.000081,0.000415,0.000000,0.000000,0.000000,0.000000
5.250000,11.377370,0.000000,-0.000624,0.075994,0.000000,-0.002048,-0.082349,11.658288,0.033278,0.250879,-264.367157,-0.000002,-0.004328,0.000000,0.000000,0.000000,0.000000
1.430000,-5.529459,0.000000,-0.000080,0.020699,0.000000,-0.002046,-0.023092,-5.735075,0.037606,0.083722,109.279671,-0.000171,0.002304,0.000000,0.000000,0.000000,0.000000
4.470000,4.400408,0.000000,0.000293,0.064703,0.000000,-0.001874,-0.074425,4.623969,0.035303,0.309922,-76.711563,-0.000113,-0.000618,0.000000,0.000000,0.000000,0.000000
-0.120000,-6.644037,0.000000,0.000799,-0.001737,0.000000,-0.001761,0.003063,-7.100555,0.035921,-0.014273,105.268303,-0.000126,0.001956,0.000000,0.000000,0.000000,0.000000
0.270000,0.564526,0.000000,0.001113,0.003908,0.000000,-0.001635,-0.003544,0.611090,0.033965,0.018117,-8.259195,0.000002,-0.000111,0.000000,0.000000,0.000000,0.000000
-1.700000,-2.851580,0.000000,0.001451,-0.024608,0.000000,-0.001637,0.034852,-3.169211,0.034076,-0.192359,39.668770,0.000034,0.000231,0.000000,0.000000,0.000000,0.000000
3.330000,7.280938,0.000000,0.001715,0.048202,0.000000,-0.001672,-0.065823,8.260833,0.033845,0.387338,-96.982681,-0.000022,-0.000789,0.000000,0.000000,0.000000,0.000000
-5.530000,-12.824872,0.000000,0.002201,-0.080047,0.000000,-0.001650,0.123723,-14.920664,0.034634,-0.768224,166.008881,0.000052,0.001067,0.000000,0.000000,0.000000,0.000000
-3.550000,1.737003,0.000000,-0.001886,-0.051386,0.000000,-0.002803,0.050777,1.749852,0.040640,-0.090648,-67.715446,0.000170,-0.001529,0.000000,0.000000,0.000000,0.000000
-5.460000,-2.764730,0.000000,-0.001929,-0.079034,0.000000,-0.002973,0.078947,-2.787716,0.042169,-0.140939,107.878525,0.000160,0.001664,0.000000,0.000000,0.000000,0.000000
-7.590000,-3.083180,0.000000,-0.001787,-0.109865,0.000000,-0.003134,0.113022,-3.131308,0.040505,-0.274777,88.979134,0.000246,0.000938,0.000000,0.000000,0.000000,0.000000
2.200000,14.171051,0.000000,-0.001758,0.031845,0.000000,-0.003380,-0.036116,14.521173,0.039567,0.110030,-329.286835,0.000177,-0.005939,0.000000,0.000000,0.000000,0.000000
-0.040000,-3.242406,0.000000,-0.001299,-0.000579,0.000000,-0.003557,-0.000800,-3.363942,0.045506,0.002900,64.098648,-0.000066,0.001233,0.000000,0.000000,0.000000,0.000000
2.580000,3.792457,0.000000,-0.000950,0.037346,0.000000,-0.003491,-0.044249,3.984645,0.044273,0.184265,-66.105194,-0.000044,-0.000756,0.000000,0.000000,0.000000,0.000000
-0.570000,-4.559633,0.000000,-0.000494,-0.008251,0.000000,-0.003447,0.009367,-4.873908,0.045029,-0.043650,72.257454,-0.000067,0.001252,0.000000,0.000000,0.000000,0.000000
-2.270000,-2.460755,0.000000,-0.000178,-0.032858,0.000000,-0.003380,0.041443,-2.680164,0.043777,-0.211838,36.223759,0.000061,0.000111,0.000000,0.000000,0.000000,0.000000
-4.570000,-3.329256,0.000000,0.000063,-0.066151,0.000000,-0.003441,0.088557,-3.699443,0.043667,-0.488774,46.305634,0.000169,-0.000446,0.000000,0.000000,0.000000,0.000000
-2.910000,2.402855,0.000000,0.000208,-0.042122,0.000000,-0.003611,0.059938,2.723688,0.044112,-0.352706,-31.976261,0.000213,-0.001559,0.000000,0.000000,0.000000,0.000000
0.730000,5.268909,0.000000,0.000423,0.010567,0.000000,-0.003824,-0.015260,6.123437,0.045671,0.094751,-68.130005,0.000074,-0.001031,0.000000,0.000000,0.000000,0.000000
-1.760000,-2.301529,0.000000,-0.001435,-0.025476,0.000000,-0.002257,0.024700,-2.320706,0.036245,-0.044095,89.806252,0.000023,0.001583,0.000000,0.000000,0.000000,0.000000
-6.090000,-6.267686,0.000000,-0.001418,-0.088153,0.000000,-0.002280,0.088808,-6.318362,0.034662,-0.158543,244.506775,0.000121,0.004198,0.000000,0.000000,0.000000,0.000000
-3.240000,4.125382,0.000000,-0.001389,-0.046899,0.000000,-0.002401,0.047591,4.187137,0.030464,-0.115703,-118.981560,0.000208,-0.002574,0.000000,0.000000,0.000000,0.000000
0.140000,4.892559,0.000000,-0.001238,0.002027,0.000000,-0.002609,-0.003508,5.012675,0.033038,0.010688,-113.669044,0.000085,-0.002119,0.000000,0.000000,0.000000,0.000000
1.440000,1.881753,0.000000,-0.000943,0.020844,0.000000,-0.002694,-0.024212,1.949416,0.035157,0.087783,-37.145370,-0.000029,-0.000462,0.000000,0.000000,0.000000,0.000000
3.560000,3.068705,0.000000,-0.000598,0.051531,0.000000,-0.002665,-0.060234,3.224179,0.035619,0.250830,-53.489082,-0.000102,-0.000333,0.000000,0.000000,0.000000,0.000000
1.610000,-2.822630,0.000000,-0.000167,0.023305,0.000000,-0.002563,-0.028345,-3.017779,0.035952,0.132085,44.739674,-0.000134,0.001205,0.000000,0.000000,0.000000,0.000000
2.860000,1.809378,0.000000,0.000180,0.041399,0.000000,-0.002429,-0.052272,1.965732,0.034747,0.267190,-26.567860,-0.000104,0.000217,0.000000,0.000000,0.000000,0.000000
-0.300000,-4.574108,0.000000,0.000579,-0.004343,0.000000,-0.002325,0.006583,-5.080968,0.034530,-0.036332,63.598080,-0.000078,0.001106,0.000000,0.000000,0.000000,0.000000
-1.370000,-1.548828,0.000000,0.000849,-0.019831,0.000000,-0.002247,0.029282,-1.761597,0.033424,-0.172311,20.681252,0.000046,-0.000077,0.000000,0.000000,0.000000,0.000000
-1.120000,0.361876,0.000000,0.001080,-0.016212,0.000000,-0.002293,0.026012,0.416955,0.033501,-0.161512,-4.639081,0.000078,-0.000525,0.000000,0.000000,0.000000,0.000000
-2.750000,-0.897452,0.000000,-0.001004,-0.039806,0.000000,-0.001749,0.039807,-0.905388,0.032624,-0.071065,35.036545,0.000090,0.000472,0.000000,0.000000,0.000000,0.000000
-4.540000,-2.591030,0.000000,-0.001033,-0.065717,0.000000,-0.001840,0.066229,-2.612418,0.032152,-0.118234,101.094872,0.000130,0.001594,0.000000,0.000000,0.000000,0.000000
-2.470000,2.996330,0.000000,-0.000935,-0.035753,0.000000,-0.001969,0.036411,3.040880,0.030558,-0.088522,-86.409554,0.000156,-0.001879,0.000000,0.000000,0.000000,0.000000
3.050000,7.990214,0.000000,-0.000747,0.044149,0.000000,-0.002125,-0.048254,8.187145,0.032437,0.147008,-185.654373,0.000024,-0.003114,0.000000,0.000000,0.000000,0.000000
-0.490000,-5.124159,0.000000,-0.000315,-0.007093,0.000000,-0.002149,0.007532,-5.314689,0.035551,-0.027308,101.269379,-0.000080,0.001849,0.000000,0.000000,0.000000,0.000000
1.610000,3.039755,0.000000,-0.000044,0.023305,0.000000,-0.002069,-0.026978,3.193699,0.033702,0.112345,-52.983410,-0.000012,-0.000703,0.000000,0.000000,0.000000,0.000000
0.250000,-1.968603,0.000000,0.000319,0.003619,0.000000,-0.002057,-0.003985,-2.105502,0.034404,0.018571,31.214832,-0.000051,0.000643,0.000000,0.000000,0.000000,0.000000
-0.800000,-1.519878,0.000000,0.000624,-0.011580,0.000000,-0.002006,0.015476,-1.656244,0.033762,-0.079107,22.384975,0.000011,0.000209,0.000000,0.000000,0.000000,0.000000
-2.850000,-2.967380,0.000000,0.000888,-0.041254,0.000000,-0.002017,0.056362,-3.297391,0.033553,-0.311078,41.273182,0.000090,-0.000060,0.000000,0.000000,0.000000,0.000000
-2.890000,-0.057900,0.000000,0.001071,-0.041833,0.000000,-0.002107,0.060750,-0.069349,0.033613,-0.357485,0.814157,0.000163,-0.000951,0.000000,0.000000,0.000000,0.000000
-0.060000,7.570438,0.000000,-0.001338,-0.000869,0.000000,-0.002133,-0.000398,7.629800,0.034991,0.000711,-295.256622,0.000143,-0.005587,0.000000,0.000000,0.000000,0.000000
-1.810000,-2.533129,0.000000,-0.001256,-0.026200,0.000000,-0.002276,0.025540,-2.554265,0.040578,-0.045594,98.844460,0.000020,0.001759,0.000000,0.000000,0.000000,0.000000
-0.770000,1.505403,0.000000,-0.000972,-0.011146,0.000000,-0.002296,0.010639,1.527004,0.038819,-0.025864,-43.391308,0.000058,-0.000895,0.000000,0.000000,0.000000,0.000000
-0.890000,-0.173700,0.000000,-0.000647,-0.012883,0.000000,-0.002354,0.013151,-0.179668,0.039714,-0.040064,4.074210,0.000032,-0.000030,0.000000,0.000000,0.000000,0.000000
-2.510000,-2.344954,0.000000,-0.000333,-0.036332,0.000000,-0.002386,0.040006,-2.433338,0.039743,-0.145044,46.366322,0.000062,0.000486,0.000000,0.000000,0.000000,0.000000
-1.280000,1.780428,0.000000,-0.000094,-0.018528,0.000000,-0.002448,0.021300,1.869439,0.039258,-0.088698,-31.013952,0.000093,-0.000828,0.000000,0.000000,0.000000,0.000000
-0.020000,1.823853,0.000000,0.000197,-0.000290,0.000000,-0.002541,0.000587,1.945645,0.040086,-0.002738,-28.844887,0.000038,-0.000552,0.000000,0.000000,0.000000,0.000000
1.050000,1.548828,0.000000,0.000542,0.015199,0.000000,-0.002579,-0.018587,1.681674,0.040638,0.095005,-22.728674,-0.000019,-0.000172,0.000000,0.000000,0.000000,0.000000
-3.420000,-21.234863,0.000000,-0.001566,-0.049505,0.000000,-0.002542,0.049185,-21.404781,0.042893,-0.087806,828.318298,-0.000272,0.015447,0.000000,0.000000,0.000000,0.000000
6.390000,14.200001,0.000000,-0.001598,0.092495,0.000000,-0.002269,-0.096341,14.312298,0.027446,0.171992,-553.854614,0.000011,-0.010051,0.000000,0.000000,0.000000,0.000000
-4.570000,-15.864628,0.000000,-0.001005,-0.066151,0.000000,-0.002280,0.068126,-16.106989,0.037497,-0.165626,457.695587,-0.000121,0.008237,0.000000,0.000000,0.000000,0.000000
-0.110000,6.455862,0.000000,-0.000934,-0.001592,0.000000,-0.002160,0.000707,6.614890,0.029260,-0.002154,-150.001389,0.000127,-0.002861,0.000000,0.000000,0.000000,0.000000
-0.190000,-0.115800,0.000000,-0.000668,-0.002750,0.000000,-0.002287,0.002314,-0.121610,0.032121,-0.008389,2.317227,0.000004,0.000026,0.000000,0.000000,0.000000,0.000000
-0.610000,-0.607951,0.000000,-0.000412,-0.008830,0.000000,-0.002291,0.009727,-0.640959,0.032095,-0.040506,10.633497,0.000014,0.000092,0.000000,0.000000,0.000000,0.000000
-5.000000,-6.354536,0.000000,-0.000177,-0.072375,0.000000,-0.002305,0.087190,-6.790646,0.032003,-0.406296,100.673798,0.000107,0.000807,0.000000,0.000000,0.000000,0.000000
-4.330000,0.969826,0.000000,-0.000132,-0.062677,0.000000,-0.002412,0.079317,1.052812,0.031196,-0.405428,-14.229280,0.000234,-0.001368,0.000000,0.000000,0.000000,0.000000
0.290000,6.687462,0.000000,-0.000060,0.004198,0.000000,-0.002646,-0.005695,7.421407,0.032563,0.031430,-92.893158,0.000125,-0.001671,0.000000,0.000000,0.000000,0.000000
-0.800000,-1.577778,0.000000,0.000205,-0.011580,0.000000,-0.002771,0.016687,-1.794071,0.034235,-0.098197,21.062506,0.000011,0.000136,0.000000,0.000000,0.000000,0.000000
1.160000,2.837105,0.000000,0.000425,0.016791,0.000000,-0.002782,-0.024619,3.296215,0.034098,0.152863,-36.674034,-0.000004,-0.000281,0.000000,0.000000,0.000000,0.000000
3.840000,3.879307,0.000000,0.000729,0.055584,0.000000,-0.002778,-0.087932,4.627545,0.034380,0.571209,-49.213203,-0.000150,0.000614,0.000000,0.000000,0.000000,0.000000
-3.690000,1.577778,0.000000,-0.000701,-0.053413,0.000000,-0.001361,0.054040,1.589613,0.028736,-0.096475,-61.514561,0.000177,-0.001427,0.000000,0.000000,0.000000,0.000000
-3.570000,0.173701,0.000000,-0.000777,-0.051676,0.000000,-0.001538,0.052115,0.174339,0.030163,-0.093038,-6.746550,0.000144,-0.000377,0.000000,0.000000,0.000000,0.000000
-0.220000,4.849133,0.000000,-0.000635,-0.003185,0.000000,-0.001682,0.002666,4.921819,0.030540,-0.006482,-139.858231,0.000100,-0.002665,0.000000,0.000000,0.000000,0.000000
10.930000,16.139656,0.000000,-0.000342,0.158212,0.000000,-0.001782,-0.170414,16.538700,0.033205,0.519174,-375.036926,-0.000148,-0.005692,0.000000,0.000000,0.000000,0.000000
4.530000,-9.264016,0.000000,0.000453,0.065572,0.000000,-0.001634,-0.072367,-9.607362,0.038897,0.262374,183.064636,-0.000377,0.004187,0.000000,0.000000,0.000000,0.000000
3.520000,-1.461978,0.000000,0.000965,0.050952,0.000000,-0.001257,-0.057758,-1.539361,0.034710,0.240520,25.537970,-0.000185,0.001126,0.000000,0.000000,0.000000,0.000000
-3.580000,-10.277268,0.000000,0.001441,-0.051821,0.000000,-0.001072,0.064321,-10.982023,0.033584,-0.299729,162.812485,-0.000034,0.002270,0.000000,0.000000,0.000000,0.000000
-7.370000,-5.486035,0.000000,0.001621,-0.106681,0.000000,-0.001038,0.137344,-5.971252,0.031314,-0.702035,80.704460,0.000259,-0.000375,0.000000,0.000000,0.000000,0.000000
-2.200000,7.483588,0.000000,0.001651,-0.031845,0.000000,-0.001297,0.044799,8.304274,0.031689,-0.247261,-103.943924,0.000278,-0.002636,0.000000,0.000000,0.000000,0.000000
3.490000,8.236290,0.000000,0.001910,0.050518,0.000000,-0.001575,-0.068827,9.345119,0.034325,0.405012,-109.712265,-0.000010,-0.000977,0.000000,0.000000,0.000000,0.000000
-5.930000,-11.276044,0.000000,-0.002253,-0.085837,0.000000,-0.003282,0.085686,-11.366800,0.045723,-0.152970,439.870361,0.000017,0.007917,0.000000,0.000000,0.000000,0.000000
-3.730000,3.184506,0.000000,-0.002377,-0.053992,0.000000,-0.003298,0.052848,3.208967,0.037806,-0.094346,-124.180016,0.000204,-0.002621,0.000000,0.000000,0.000000,0.000000
-1.060000,3.864832,0.000000,-0.002175,-0.015344,0.000000,-0.003502,0.013771,3.922346,0.040427,-0.033481,-111.457260,0.000111,-0.002196,0.000000,0.000000,0.000000,0.000000
-5.330000,-6.180836,0.000000,-0.001863,-0.077152,0.000000,-0.003613,0.080920,-6.335806,0.042623,-0.246528,143.672791,0.000099,0.002058,0.000000,0.000000,0.000000,0.000000
7.530000,18.614883,0.000000,-0.001759,0.108997,0.000000,-0.003712,-0.123083,19.298742,0.040565,0.446251,-367.730225,0.000032,-0.005760,0.000000,0.000000,0.000000,0.000000
3.860000,-5.312335,0.000000,-0.001100,0.055874,0.000000,-0.003744,-0.065832,-5.587371,0.046325,0.274138,92.694397,-0.000284,0.002507,0.000000,0.000000,0.000000,0.000000
-3.280000,-10.335169,0.000000,-0.000610,-0.047478,0.000000,-0.003460,0.056600,-11.043791,0.043818,-0.263752,163.728226,-0.000055,0.002382,0.000000,0.000000,0.000000,0.000000
-1.000000,3.300306,0.000000,-0.000430,-0.014475,0.000000,-0.003405,0.017811,3.587483,0.041436,-0.091043,-48.486633,0.000116,-0.001169,0.000000,0.000000,0.000000,0.000000
-1.060000,-0.086850,0.000000,-0.000157,-0.015344,0.000000,-0.003521,0.020311,-0.099726,0.042604,-0.112103,1.248268,0.000053,-0.000277,0.000000,0.000000,0.000000,0.000000
-0.900000,-10.175942,0.000000,-0.000307,-0.013028,0.000000,-0.001083,0.013107,-10.257722,0.033353,-0.023399,396.951447,-0.000159,0.007453,0.000000,0.000000,0.000000,0.000000
0.640000,2.229154,0.000000,-0.000261,0.009264,0.000000,-0.000924,-0.009753,2.246225,0.025900,0.017411,-86.924011,0.000016,-0.001613,0.000000,0.000000,0.000000,0.000000
0.030000,-0.882977,0.000000,0.000029,0.000434,0.000000,-0.000941,-0.000424,-0.897368,0.027512,0.001031,25.499573,-0.000018,0.000489,0.000000,0.000000,0.000000,0.000000
-2.970000,-4.342508,0.000000,0.000289,-0.042991,0.000000,-0.000923,0.046518,-4.451488,0.027024,-0.141718,100.943390,0.000042,0.001527,0.000000,0.000000,0.000000,0.000000
1.500000,6.470336,0.000000,0.000416,0.021713,0.000000,-0.000964,-0.023667,6.707222,0.025497,0.085808,-127.803581,0.000063,-0.002191,0.000000,0.000000,0.000000,0.000000
-0.630000,-3.083180,0.000000,0.000742,-0.009119,0.000000,-0.001027,0.011394,-3.243255,0.027687,-0.047448,53.805546,-0.000031,0.000895,0.000000,0.000000,0.000000,0.000000
2.090000,3.937207,0.000000,0.000979,0.030253,0.000000,-0.000996,-0.035352,4.203942,0.026793,0.164736,-62.324963,-0.000016,-0.000736,0.000000,0.000000,0.000000,0.000000
1.600000,-0.709276,0.000000,0.001340,0.023160,0.000000,-0.000980,-0.027671,-0.774288,0.027529,0.141443,10.464890,-0.000089,0.000582,0.000000,0.000000,0.000000,0.000000
-2.420000,-5.818960,0.000000,0.001688,-0.035030,0.000000,-0.000891,0.049107,-6.462968,0.026947,-0.271037,80.896461,0.000011,0.000798,0.000000,0.000000,0.000000,0.000000
1.750000,6.036086,0.000000,0.001877,0.025331,0.000000,-0.000901,-0.033210,6.848283,0.026149,0.195423,-80.399261,0.000040,-0.000995,0.000000,0.000000,0.000000,0.000000
0.670000,-1.563303,0.000000,0.002254,0.009698,0.000000,-0.000941,-0.011198,-1.822499,0.027144,0.069532,20.277317,-0.000065,0.000574,0.000000,0.000000,0.000000,0.000000
-2.910000,-3.097656,0.000000,-0.001252,-0.042122,0.000000,-0.002129,0.041938,-3.123229,0.038414,-0.074869,120.862122,0.000054,0.002085,0.000000,0.000000,0.000000,0.000000
-1.660000,1.809378,0.000000,-0.001274,-0.024029,0.000000,-0.002183,0.023298,1.822890,0.036329,-0.041593,-70.541847,0.000097,-0.001452,0.000000,0.000000,0.000000,0.000000
-1.150000,0.738226,0.000000,-0.000994,-0.016646,0.000000,-0.002280,0.016368,0.748206,0.037781,-0.039793,-21.261000,0.000058,-0.000508,0.000000,0.000000,0.000000,0.000000
1.140000,3.314781,0.000000,-0.000699,0.016502,0.000000,-0.002339,-0.018487,3.395440,0.038289,0.056322,-76.996101,0.000014,-0.001305,0.000000,0.000000,0.000000,0.000000
7.550000,9.278491,0.000000,-0.000306,0.109286,0.000000,-0.002353,-0.121790,9.618219,0.039593,0.441561,-183.271515,-0.000147,-0.002273,0.000000,0.000000,0.000000,0.000000
-0.810000,-12.101122,0.000000,0.000368,-0.011725,0.000000,-0.002206,0.013972,-12.724631,0.041867,-0.058184,211.101410,-0.000203,0.003844,0.000000,0.000000,0.000000,0.000000
-4.030000,-4.660958,0.000000,0.000679,-0.058334,0.000000,-0.002003,0.071267,-4.982127,0.038023,-0.332095,73.861839,0.000099,0.000493,0.000000,0.000000,0.000000,0.000000
0.590000,6.687462,0.000000,0.000856,0.008540,0.000000,-0.002101,-0.009744,7.271981,0.037530,0.049808,-98.284462,0.000111,-0.001727,0.000000,0.000000,0.000000,0.000000
-1.320000,-2.764730,0.000000,0.001235,-0.019107,0.000000,-0.002213,0.027207,-3.073083,0.039257,-0.150161,38.465538,0.000015,0.000325,0.000000,0.000000,0.000000,0.000000
-0.940000,0.550051,0.000000,0.001541,-0.013607,0.000000,-0.002228,0.021448,0.619979,0.038932,-0.126213,-7.278589,0.000070,-0.000480,0.000000,0.000000,0.000000,0.000000
3.150000,5.920286,0.000000,0.001872,0.045596,0.000000,-0.002298,-0.065773,6.880352,0.039411,0.408399,-76.551521,-0.000048,-0.000344,0.000000,0.000000,0.000000,0.000000
-4.320000,-0.911927,0.000000,-0.001852,-0.062532,0.000000,-0.002872,0.062236,-0.920260,0.045028,-0.111105,35.612064,0.000151,0.000374,0.000000,0.000000,0.000000,0.000000
-6.690000,-3.430581,0.000000,-0.001914,-0.096838,0.000000,-0.003023,0.097193,-3.458928,0.044653,-0.173511,133.852936,0.000197,0.002064,0.000000,0.000000,0.000000,0.000000
-6.080000,0.882977,0.000000,-0.001800,-0.088008,0.000000,-0.003220,0.090151,0.895060,0.042589,-0.219174,-25.433985,0.000260,-0.001078,0.000000,0.000000,0.000000,0.000000
5.950000,17.413456,0.000000,-0.001671,0.086126,0.000000,-0.003480,-0.094365,17.843834,0.043667,0.287487,-404.632629,0.000082,-0.006882,0.000000,0.000000,0.000000,0.000000
3.930000,-2.923955,0.000000,-0.001011,0.056887,0.000000,-0.003562,-0.064342,-3.034088,0.050549,0.233277,57.813389,-0.000232,0.001738,0.000000,0.000000,0.000000,0.000000
2.320000,-2.330479,0.000000,-0.000449,0.033582,0.000000,-0.003331,-0.039322,-2.452862,0.048811,0.163747,40.692944,-0.000152,0.001210,0.000000,0.000000,0.000000,0.000000
3.190000,1.259327,0.000000,0.000039,0.046175,0.000000,-0.003178,-0.055716,1.342114,0.047600,0.259631,-19.897337,-0.000125,0.000323,0.000000,0.000000,0.000000,0.000000
0.470000,-3.937207,0.000000,0.000564,0.006803,0.000000,-0.003053,-0.007913,-4.286983,0.047277,0.040445,57.940742,-0.000102,0.001206,0.000000,0.000000,0.000000,0.000000
-3.310000,-5.471560,0.000000,0.000976,-0.047912,0.000000,-0.002951,0.065385,-6.078415,0.046071,-0.360878,76.083046,0.000062,0.000462,0.000000,0.000000,0.000000,0.000000
1.510000,6.976962,0.000000,0.001235,0.021857,0.000000,-0.003013,-0.029201,7.915116,0.045609,0.171834,-92.923935,0.000071,-0.001296,0.000000,0.000000,0.000000,0.000000
-2.800000,-6.238736,0.000000,0.001703,-0.040530,0.000000,-0.003084,0.063530,-7.261479,0.046904,-0.394470,80.791977,0.000034,0.000465,0.000000,0.000000,0.000000,0.000000
-2.690000,0.159225,0.000000,0.002002,-0.038938,0.000000,-0.003118,0.065625,0.183772,0.046439,-0.426305,-1.954384,0.000181,-0.001191,0.000000,0.000000,0.000000,0.000000
-5.100000,-0.188175,0.000000,-0.002048,-0.073823,0.000000,-0.003086,0.073596,-0.190767,0.045942,-0.131386,7.382272,0.000195,-0.000213,0.000000,0.000000,0.000000,0.000000
-2.300000,4.053007,0.000000,-0.002138,-0.033293,0.000000,-0.003281,0.031899,4.084149,0.046156,-0.056946,-158.047623,0.000163,-0.003146,0.000000,0.000000,0.000000,0.000000
-2.390000,-0.130275,0.000000,-0.001788,-0.034595,0.000000,-0.003445,0.034308,-0.133830,0.049302,-0.083409,3.802922,0.000090,-0.000148,0.000000,0.000000,0.000000,0.000000
5.690000,11.695821,0.000000,-0.001455,0.082363,0.000000,-0.003535,-0.090088,11.984048,0.049450,0.274457,-271.754181,-0.000017,-0.004403,0.000000,0.000000,0.000000,0.000000
5.900000,0.303976,0.000000,-0.000768,0.085403,0.000000,-0.003518,-0.095762,0.312508,0.053853,0.347194,-5.954720,-0.000253,0.000835,0.000000,0.000000,0.000000,0.000000
-4.010000,-14.344750,0.000000,-0.000079,-0.058045,0.000000,-0.003264,0.066978,-15.083917,0.053018,-0.278911,250.241959,-0.000104,0.003982,0.000000,0.000000,0.000000,0.000000
0.190000,6.079511,0.000000,0.000178,0.002750,0.000000,-0.003161,-0.003107,6.491370,0.049036,0.014478,-96.236923,0.000115,-0.001790,0.000000,0.000000,0.000000,0.000000
-3.970000,-6.021611,0.000000,0.000616,-0.057466,0.000000,-0.003275,0.073656,-6.554857,0.050826,-0.376494,88.592178,0.000075,0.000662,0.000000,0.000000,0.000000,0.000000
-0.680000,4.762283,0.000000,0.000879,-0.009843,0.000000,-0.003350,0.014341,5.282241,0.050164,-0.079150,-66.117401,0.000139,-0.001467,0.000000,0.000000,0.000000,0.000000
6.610000,10.552293,0.000000,0.001287,0.095680,0.000000,-0.003489,-0.133656,11.973090,0.051631,0.786503,-140.564789,-0.000135,-0.000531,0.000000,0.000000,0.000000,0.000000
-2.000000,-12.462997,0.000000,0.002008,-0.028950,0.000000,-0.003354,0.046569,-14.501206,0.052163,-0.289156,161.341949,-0.000148,0.002274,0.000000,0.000000,0.000000,0.000000
-6.640000,-0.998777,0.000000,-0.002211,-0.096114,0.000000,-0.003375,0.096266,-1.007950,0.051437,-0.171858,39.005478,0.000242,0.000269,0.000000,0.000000,0.000000,0.000000
-0.860000,8.366565,0.000000,-0.002349,-0.012449,0.000000,-0.003616,0.010341,8.431892,0.051168,-0.018461,-326.295776,0.000187,-0.006229,0.000000,0.000000,0.000000,0.000000
-2.200000,-1.939654,0.000000,-0.001865,-0.031845,0.000000,-0.003804,0.031351,-1.970988,0.057396,-0.076220,56.007515,0.000047,0.000866,0.000000,0.000000,0.000000,0.000000
4.580000,9.814068,0.000000,-0.001459,0.066296,0.000000,-0.003851,-0.072823,10.055292,0.056531,0.221859,-228.017090,-0.000007,-0.003719,0.000000,0.000000,0.000000,0.000000
4.010000,-0.825076,0.000000,-0.000758,0.058045,0.000000,-0.003844,-0.065348,-0.858467,0.060249,0.236924,16.357754,-0.000193,0.000957,0.000000,0.000000,0.000000,0.000000
4.990000,1.418552,0.000000,-0.000089,0.072230,0.000000,-0.003651,-0.083563,1.487786,0.059292,0.347977,-24.682352,-0.000198,0.000472,0.000000,0.000000,0.000000,0.000000
-3.620000,-12.462997,0.000000,0.000621,-0.052400,0.000000,-0.003453,0.064030,-13.318430,0.058820,-0.298371,197.450577,-0.000079,0.002931,0.000000,0.000000,0.000000,0.000000
3.310000,10.031192,0.000000,0.000964,0.047912,0.000000,-0.003375,-0.059538,10.908153,0.055889,0.304327,-147.429169,0.000046,-0.001974,0.000000,0.000000,0.000000,0.000000
-0.580000,-5.630785,0.000000,0.001608,-0.008396,0.000000,-0.003421,0.013379,-6.256491,0.057863,-0.073843,78.312012,-0.000082,0.001287,0.000000,0.000000,0.000000,0.000000
1.310000,2.735780,0.000000,0.002097,0.018962,0.000000,-0.003338,-0.023881,3.099205,0.056576,0.140526,-36.384846,-0.000006,-0.000311,0.000000,0.000000,0.000000,0.000000
-1.250000,-3.705606,0.000000,0.002678,-0.018094,0.000000,-0.003332,0.031247,-4.317091,0.056887,-0.194021,48.032402,0.000003,0.000385,0.000000,0.000000,0.000000,0.000000
-7.830000,-2.489704,0.000000,-0.003401,-0.113339,0.000000,-0.004793,0.112707,-2.510957,0.062170,-0.201208,97.168549,0.000257,0.001295,0.000000,0.000000,0.000000,0.000000
-1.140000,9.683792,0.000000,-0.003561,-0.016502,0.000000,-0.005051,0.013250,9.759402,0.060875,-0.023654,-377.667511,0.000220,-0.007218,0.000000,0.000000,0.000000,0.000000
-9.200000,-11.666870,0.000000,-0.003006,-0.133170,0.000000,-0.005271,0.136117,-11.846324,0.068092,-0.330926,336.624725,0.000143,0.005492,0.000000,0.000000,0.000000,0.000000
-0.350000,12.810397,0.000000,-0.002852,-0.005066,0.000000,-0.005414,0.002380,13.125901,0.062600,-0.007249,-297.647217,0.000255,-0.005666,0.000000,0.000000,0.000000,0.000000
-0.040000,0.448726,0.000000,-0.002319,-0.000579,0.000000,-0.005669,-0.001933,0.462161,0.068266,0.007009,-8.806297,0.000003,-0.000137,0.000000,0.000000,0.000000,0.000000
1.980000,2.923955,0.000000,-0.001790,0.028661,0.000000,-0.005672,-0.035185,3.070372,0.068403,0.146517,-50.937424,-0.000037,-0.000568,0.000000,0.000000,0.000000,0.000000
-1.340000,-4.805708,0.000000,-0.001187,-0.019397,0.000000,-0.005635,0.021991,-5.138143,0.068971,-0.102474,76.174835,-0.000038,0.001166,0.000000,0.000000,0.000000,0.000000
-2.200000,-1.244852,0.000000,-0.000736,-0.031845,0.000000,-0.005597,0.039451,-1.358916,0.067805,-0.201653,18.366428,0.000081,-0.000200,0.000000,0.000000,0.000000,0.000000
-3.140000,-1.360653,0.000000,-0.000328,-0.045452,0.000000,-0.005678,0.060350,-1.515745,0.068005,-0.333087,18.972458,0.000134,-0.000541,0.000000,0.000000,0.000000,0.000000
-2.370000,1.114577,0.000000,0.000037,-0.034306,0.000000,-0.005813,0.048627,1.259345,0.068546,-0.286149,-14.784779,0.000155,-0.001053,0.000000,0.000000,0.000000,0.000000
-1.280000,-11.551069,0.000000,-0.002618,-0.018528,0.000000,-0.003785,0.016409,-11.644157,0.051914,-0.029294,450.603455,-0.000176,0.008455,0.000000,0.000000,0.000000,0.000000
-5.310000,-5.833435,0.000000,-0.002545,-0.076862,0.000000,-0.003609,0.076093,-5.880830,0.043459,-0.135844,227.575272,0.000095,0.003926,0.000000,0.000000,0.000000,0.000000
-3.870000,2.084404,0.000000,-0.002418,-0.056018,0.000000,-0.003703,0.056052,2.114911,0.039533,-0.136272,-60.097225,0.000191,-0.001514,0.000000,0.000000,0.000000,0.000000
1.330000,7.527013,0.000000,-0.002241,0.019252,0.000000,-0.003895,-0.023100,7.712288,0.041046,0.070376,-174.886337,0.000083,-0.003118,0.000000,0.000000,0.000000,0.000000
-0.570000,-2.750255,0.000000,-0.001845,-0.008251,0.000000,-0.003978,0.007119,-2.853479,0.044165,-0.025809,54.371956,-0.000035,0.000965,0.000000,0.000000,0.000000,0.000000
1.080000,2.388379,0.000000,-0.001548,0.015633,0.000000,-0.003943,-0.019852,2.508766,0.043199,0.082667,-41.620392,-0.000006,-0.000566,0.000000,0.000000,0.000000,0.000000
1.920000,1.215902,0.000000,-0.001190,0.027792,0.000000,-0.003937,-0.034999,1.296448,0.043765,0.163093,-19.220316,-0.000070,0.000078,0.000000,0.000000,0.000000,0.000000
2.600000,0.984302,0.000000,-0.000805,0.037635,0.000000,-0.003867,-0.048748,1.067958,0.043687,0.249174,-14.433983,-0.000112,0.000401,0.000000,0.000000,0.000000,0.000000
-1.260000,-5.587359,0.000000,-0.000397,-0.018239,0.000000,-0.003755,0.023861,-6.205936,0.043287,-0.131697,77.679214,-0.000053,0.001114,0.000000,0.000000,0.000000,0.000000
0.500000,2.547605,0.000000,-0.000156,0.007238,0.000000,-0.003703,-0.010470,2.888424,0.042173,0.061608,-33.910275,0.000026,-0.000478,0.000000,0.000000,0.000000,0.000000
-0.590000,-14.084201,0.000000,-0.000666,-0.008540,0.000000,-0.001376,0.008137,-14.196980,0.030858,-0.014527,549.392151,-0.000247,0.010364,0.000000,0.000000,0.000000,0.000000
0.890000,2.142304,0.000000,-0.000614,0.012883,0.000000,-0.001129,-0.013820,2.158841,0.020493,0.024671,-83.542427,0.000004,-0.001534,0.000000,0.000000,0.000000,0.000000
-5.900000,-9.828543,0.000000,-0.000375,-0.085403,0.000000,-0.001133,0.088917,-9.978669,0.022027,-0.216173,283.553558,0.000052,0.004787,0.000000,0.000000,0.000000,0.000000
-7.010000,-1.606728,0.000000,-0.000456,-0.101470,0.000000,-0.001185,0.108570,-1.647288,0.017240,-0.330762,37.354443,0.000262,-0.000196,0.000000,0.000000,0.000000,0.000000
5.790000,18.528032,0.000000,-0.000592,0.083810,0.000000,-0.001447,-0.093796,19.209658,0.017437,0.340066,-366.032776,0.000110,-0.006011,0.000000,0.000000,0.000000,0.000000
0.640000,-7.454638,0.000000,-0.000166,0.009264,0.000000,-0.001557,-0.010896,-7.838483,0.023447,0.045374,130.040314,-0.000178,0.002596,0.000000,0.000000,0.000000,0.000000
0.230000,-0.593476,0.000000,0.000033,0.003329,0.000000,-0.001379,-0.003980,-0.635430,0.020851,0.018548,9.420479,-0.000022,0.000224,0.000000,0.000000,0.000000,0.000000
3.420000,4.617533,0.000000,0.000215,0.049505,0.000000,-0.001356,-0.062506,5.021701,0.020627,0.319502,-67.870804,-0.000074,-0.000421,0.000000,0.000000,0.000000,0.000000
7.990000,0.882976,0.000000,0.000004,0.115655,0.000000,-0.000527,-0.118358,0.889411,0.022630,0.211297,-34.418266,-0.000303,-0.000079,0.000000,0.000000,0.000000,0.000000
-1.250000,-13.374924,0.000000,0.000372,-0.018094,0.000000,-0.000224,0.018907,-13.481897,0.022709,-0.033753,521.719971,-0.000204,0.009788,0.000000,0.000000,0.000000,0.000000
-2.360000,-1.606728,0.000000,0.000455,-0.034161,0.000000,-0.000020,0.036199,-1.631644,0.012922,-0.088006,46.364735,0.000067,0.000622,0.000000,0.000000,0.000000,0.000000
-2.630000,-0.390826,0.000000,0.000489,-0.038069,0.000000,-0.000087,0.041443,-0.401136,0.012300,-0.126257,9.096298,0.000104,-0.000170,0.000000,0.000000,0.000000,0.000000
-12.700000,-14.576350,0.000000,0.000514,-0.183833,0.000000,-0.000192,0.204865,-15.113983,0.012471,-0.742758,287.991211,0.000268,0.003444,0.000000,0.000000,0.000000,0.000000
-2.190000,15.213251,0.000000,0.000098,-0.031700,0.000000,-0.000460,0.036742,15.993234,0.009026,-0.153001,-265.327484,0.000402,-0.005444,0.000000,0.000000,0.000000,0.000000
-2.500000,-0.448726,0.000000,0.000139,-0.036188,0.000000,-0.000861,0.043869,-0.480403,0.014471,-0.204425,7.122144,0.000109,-0.000408,0.000000,0.000000,0.000000,0.000000
-0.980000,2.200204,0.000000,0.000166,-0.014186,0.000000,-0.000970,0.018200,2.392381,0.014879,-0.093028,-32.334236,0.000094,-0.000863,0.000000,0.000000,0.000000,0.000000
6.180000,10.364119,0.000000,0.000258,0.089456,0.000000,-0.001064,-0.119296,11.504141,0.015742,0.658428,-143.996414,-0.000105,-0.000944,0.000000,0.000000,0.000000,0.000000
6.880000,1.013252,0.000000,0.000654,0.099588,0.000000,-0.000959,-0.140087,1.148305,0.016686,0.824343,-13.481169,-0.000357,0.001976,0.000000,0.000000,0.000000,0.000000
-3.330000,0.636901,0.000000,0.000438,-0.048202,0.000000,-0.000033,0.049853,0.641434,0.019711,-0.089000,-24.822096,0.000148,-0.000714,0.000000,0.000000,0.000000,0.000000
-5.840000,-3.633231,0.000000,0.000356,-0.084534,0.000000,-0.000180,0.086918,-3.662671,0.020425,-0.155169,141.737366,0.000165,0.002265,0.000000,0.000000,0.000000,0.000000
-2.280000,5.153109,0.000000,0.000306,-0.033003,0.000000,-0.000346,0.034833,5.230766,0.018160,-0.084685,-148.637268,0.000193,-0.003048,0.000000,0.000000,0.000000,0.000000
-1.490000,1.143527,0.000000,0.000426,-0.021568,0.000000,-0.000539,0.023639,1.170903,0.021208,-0.072017,-26.551786,0.000086,-0.000692,0.000000,0.000000,0.000000,0.000000
4.140000,8.149439,0.000000,0.000583,0.059927,0.000000,-0.000625,-0.065949,8.448323,0.021899,0.239103,-160.979584,-0.000019,-0.002400,0.000000,0.000000,0.000000,0.000000
-1.910000,-8.757390,0.000000,0.000992,-0.027647,0.000000,-0.000606,0.033092,-9.208463,0.024300,-0.137803,152.768250,-0.000085,0.002524,0.000000,0.000000,0.000000,0.000000
-3.900000,-2.880530,0.000000,0.001144,-0.056453,0.000000,-0.000521,0.069556,-3.079175,0.021775,-0.324125,45.649887,0.000130,-0.000017,0.000000,0.000000,0.000000,0.000000
-1.380000,3.647706,0.000000,0.001219,-0.019976,0.000000,-0.000651,0.026878,3.966076,0.021792,-0.137386,-53.603508,0.000148,-0.001387,0.000000,0.000000,0.000000,0.000000
-5.880000,-6.513762,0.000000,0.001408,-0.085113,0.000000,-0.000799,0.115717,-7.233825,0.023179,-0.638675,90.545212,0.000176,-0.000011,0.000000,0.000000,0.000000,0.000000
4.430000,14.923752,0.000000,0.001417,0.064124,0.000000,-0.000975,-0.088791,16.937670,0.023189,0.522494,-198.849243,0.000080,-0.002352,0.000000,0.000000,0.000000,0.000000
1.790000,-3.821407,0.000000,0.001866,0.025910,0.000000,-0.001055,-0.036169,-4.448271,0.025541,0.224578,49.491924,-0.000182,0.001549,0.000000,0.000000,0.000000,0.000000
-4.300000,-3.893782,0.000000,-0.001062,-0.062243,0.000000,-0.001830,0.062722,-3.925571,0.033609,-0.111973,151.911041,0.000096,0.002571,0.000000,0.000000,0.000000,0.000000
-5.310000,-1.461977,0.000000,-0.001150,-0.076862,0.000000,-0.001926,0.077521,-1.474352,0.031038,-0.138393,57.054188,0.000182,0.000701,0.000000,0.000000,0.000000,0.000000
-2.800000,3.633231,0.000000,-0.001087,-0.040530,0.000000,-0.002107,0.041247,3.687483,0.030337,-0.100279,-104.783401,0.000181,-0.002257,0.000000,0.000000,0.000000,0.000000
1.820000,6.687462,0.000000,-0.000915,0.026345,0.000000,-0.002288,-0.029298,6.852087,0.032593,0.089259,-155.380157,0.000050,-0.002697,0.000000,0.000000,0.000000,0.000000
1.310000,-0.738226,0.000000,-0.000541,0.018962,0.000000,-0.002339,-0.021674,-0.767154,0.035290,0.078580,14.617831,-0.000073,0.000494,0.000000,0.000000,0.000000,0.000000
1.930000,0.897452,0.000000,-0.000194,0.027937,0.000000,-0.002265,-0.032504,0.941456,0.034796,0.135356,-15.618747,-0.000070,0.000069,0.000000,0.000000,0.000000,0.000000
-0.800000,-3.951682,0.000000,0.000178,-0.011580,0.000000,-0.002195,0.014199,-4.223994,0.034726,-0.066166,62.622242,-0.000041,0.001007,0.000000,0.000000,0.000000,0.000000
0.130000,1.346177,0.000000,0.000432,0.001882,0.000000,-0.002154,-0.001838,1.461780,0.033720,0.009395,-19.756683,0.000023,-0.000351,0.000000,0.000000,0.000000,0.000000
-6.590000,-9.727218,0.000000,0.000729,-0.095390,0.000000,-0.002177,0.128554,-10.801657,0.034070,-0.709527,135.203491,0.000143,0.000641,0.000000,0.000000,0.000000,0.000000
-2.460000,5.978186,0.000000,0.000747,-0.035609,0.000000,-0.002320,0.051478,6.782741,0.033429,-0.302923,-79.629784,0.000267,-0.002328,0.000000,0.000000,0.000000,0.000000
-1.290000,1.693578,0.000000,0.000943,-0.018673,0.000000,-0.002587,0.029507,1.965676,0.035757,-0.183214,-21.870316,0.000117,-0.000905,0.000000,0.000000,0.000000,0.000000
-0.110000,1.722528,0.000000,-0.001255,-0.001592,0.000000,-0.002009,0.000423,1.735425,0.033182,-0.000755,-67.157166,0.000034,-0.001272,0.000000,0.000000,0.000000,0.000000
-2.940000,-4.096433,0.000000,-0.001180,-0.042557,0.000000,-0.002043,0.042365,-4.129846,0.034454,-0.075632,159.816010,0.000036,0.002824,0.000000,0.000000,0.000000,0.000000
-0.790000,3.112130,0.000000,-0.001010,-0.011435,0.000000,-0.002079,0.010902,3.158410,0.031630,-0.026505,-89.749260,0.000089,-0.001776,0.000000,0.000000,0.000000,0.000000
3.350000,5.992661,0.000000,-0.000747,0.048491,0.000000,-0.002168,-0.052922,6.139985,0.033406,0.161228,-139.232315,-0.000027,-0.002197,0.000000,0.000000,0.000000,0.000000
1.150000,-3.184506,0.000000,-0.000303,0.016646,0.000000,-0.002141,-0.018836,-3.303601,0.035603,0.068291,62.948856,-0.000113,0.001381,0.000000,0.000000,0.000000,0.000000
1.190000,0.057900,0.000000,0.000041,0.017225,0.000000,-0.002028,-0.019857,0.058796,0.034222,0.082687,-0.975430,-0.000052,0.000203,0.000000,0.000000,0.000000,0.000000
-2.480000,-5.312335,0.000000,0.000386,-0.035898,0.000000,-0.001975,0.043818,-5.677611,0.034020,-0.204186,84.172646,0.000011,0.001041,0.000000,0.000000,0.000000,0.000000
-1.300000,1.708053,0.000000,0.000575,-0.018818,0.000000,-0.001986,0.024593,1.855444,0.032978,-0.125708,-25.077257,0.000102,-0.000817,0.000000,0.000000,0.000000,0.000000
-2.610000,-1.896228,0.000000,0.000818,-0.037780,0.000000,-0.002088,0.051623,-2.108248,0.033795,-0.284920,26.388777,0.000100,-0.000270,0.000000,0.000000,0.000000,0.000000
1.800000,6.383486,0.000000,0.001011,0.026055,0.000000,-0.002188,-0.035461,7.242575,0.034065,0.208673,-85.028275,0.000041,-0.001045,0.000000,0.000000,0.000000,0.000000
-4.530000,-9.698268,0.000000,-0.001338,-0.065572,0.000000,-0.002169,0.065855,-9.776283,0.036560,-0.117567,378.320801,-0.000007,0.006847,0.000000,0.000000,0.000000,0.000000
-2.860000,2.417330,0.000000,-0.001428,-0.041399,0.000000,-0.002162,0.040926,2.435854,0.029712,-0.073063,-94.262238,0.000157,-0.001995,0.000000,0.000000,0.000000,0.000000
-2.150000,1.027727,0.000000,-0.001258,-0.031121,0.000000,-0.002319,0.031229,1.042344,0.031707,-0.075924,-29.619207,0.000104,-0.000763,0.000000,0.000000,0.000000,0.000000
-1.680000,0.680326,0.000000,-0.001065,-0.024318,0.000000,-0.002423,0.024992,0.695929,0.032470,-0.076141,-15.781105,0.000081,-0.000503,0.000000,0.000000,0.000000,0.000000
5.610000,10.552293,0.000000,-0.000859,0.081205,0.000000,-0.002503,-0.091197,10.939402,0.032973,0.330646,-208.446136,-0.000040,-0.003052,0.000000,0.000000,0.000000,0.000000
-0.310000,-8.569216,0.000000,-0.000338,-0.004487,0.000000,-0.002464,0.004795,-9.010955,0.036025,-0.019967,149.491577,-0.000158,0.002782,0.000000,0.000000,0.000000,0.000000
-2.420000,-3.054230,0.000000,-0.000077,-0.035030,0.000000,-0.002306,0.042210,-3.265049,0.033243,-0.196695,48.405537,0.000053,0.000379,0.000000,0.000000,0.000000,0.000000
4.260000,9.669317,0.000000,0.000092,0.061664,0.000000,-0.002359,-0.078082,10.516598,0.032863,0.399116,-142.137100,-0.000012,-0.001612,0.000000,0.000000,0.000000,0.000000
-0.150000,-6.383486,0.000000,0.000545,-0.002171,0.000000,-0.002347,0.003633,-7.089595,0.034476,-0.020053,88.739899,-0.000124,0.001629,0.000000,0.000000,0.000000,0.000000
2.820000,4.299083,0.000000,0.000815,0.040820,0.000000,-0.002222,-0.056645,4.876714,0.032847,0.333326,-57.252914,-0.000061,-0.000185,0.000000,0.000000,0.000000,0.000000
-3.700000,-9.437716,0.000000,0.001215,-0.053558,0.000000,-0.002162,0.082392,-10.980330,0.033032,-0.511592,122.168312,0.000015,0.000930,0.000000,0.000000,0.000000,0.000000
-4.710000,-3.850357,0.000000,-0.000865,-0.068177,0.000000,-0.001589,0.068997,-3.881758,0.031587,-0.123175,150.215546,0.000113,0.002509,0.000000,0.000000,0.000000,0.000000
-2.170000,3.676656,0.000000,-0.000973,-0.031411,0.000000,-0.001702,0.031165,3.705191,0.029077,-0.055637,-143.382797,0.000154,-0.002870,0.000000,0.000000,0.000000,0.000000
2.130000,6.224261,0.000000,-0.000765,0.030832,0.000000,-0.001856,-0.033042,6.317809,0.031948,0.080332,-179.526642,0.000030,-0.003177,0.000000,0.000000,0.000000,0.000000
2.080000,-0.072375,0.000000,-0.000362,0.030108,0.000000,-0.001886,-0.032750,-0.075668,0.035124,0.099774,1.715868,-0.000090,0.000308,0.000000,0.000000,0.000000,0.000000
-1.360000,-4.979409,0.000000,0.000035,-0.019686,0.000000,-0.001796,0.021916,-5.164643,0.034816,-0.079457,98.410294,-0.000038,0.001648,0.000000,0.000000,0.000000,0.000000
1.890000,4.704383,0.000000,0.000279,0.027358,0.000000,-0.001758,-0.031289,4.943674,0.033168,0.130294,-82.015465,0.000009,-0.001204,0.000000,0.000000,0.000000,0.000000
-3.680000,-8.062590,0.000000,0.000666,-0.053268,0.000000,-0.001767,0.065133,-8.615841,0.034372,-0.303515,127.732971,0.000013,0.001600,0.000000,0.000000,0.000000,0.000000
-3.980000,-0.434251,0.000000,0.000818,-0.057611,0.000000,-0.001780,0.074097,-0.475231,0.032772,-0.378745,6.422980,0.000191,-0.000906,0.000000,0.000000,0.000000,0.000000
-0.780000,4.632008,0.000000,0.000962,-0.011291,0.000000,-0.001971,0.016387,5.138887,0.033678,-0.090446,-64.323044,0.000141,-0.001461,0.000000,0.000000,0.000000,0.000000
-1.360000,-0.839551,0.000000,0.001247,-0.019686,0.000000,-0.002112,0.029640,-0.956892,0.035139,-0.174418,11.233972,0.000062,-0.000256,0.000000,0.000000,0.000000,0.000000
-0.360000,1.447503,0.000000,0.001515,-0.005211,0.000000,-0.002174,0.010117,1.679035,0.035395,-0.062822,-18.681122,0.000059,-0.000523,0.000000,0.000000,0.000000,0.000000
2.990000,19.526810,0.000000,-0.001650,0.043280,0.000000,-0.002510,-0.045916,19.681194,0.038021,0.081970,-761.619263,0.000248,-0.014199,0.000000,0.000000,0.000000,0.000000
0.730000,-3.271356,0.000000,-0.001442,0.010567,0.000000,-0.002758,-0.012296,-3.298654,0.052219,0.021951,127.650703,-0.000096,0.002503,0.000000,0.000000,0.000000,0.000000
-11.630000,-17.891132,0.000000,-0.000954,-0.168345,0.000000,-0.002662,0.175046,-18.164728,0.049716,-0.425570,516.168274,0.000130,0.008618,0.000000,0.000000,0.000000,0.000000
1.030000,18.325382,0.000000,-0.001052,0.014909,0.000000,-0.002791,-0.017156,18.778410,0.041098,0.052265,-425.825409,0.000309,-0.007938,0.000000,0.000000,0.000000,0.000000
2.410000,1.997554,0.000000,-0.000586,0.034885,0.000000,-0.003100,-0.039418,2.068677,0.049036,0.142915,-39.417854,-0.000068,-0.000345,0.000000,0.000000,0.000000,0.000000
-1.330000,-5.413660,0.000000,-0.000064,-0.019252,0.000000,-0.003032,0.022170,-5.694379,0.049381,-0.092323,94.469650,-0.000048,0.001540,0.000000,0.000000,0.000000,0.000000
4.040000,7.773089,0.000000,0.000293,0.058479,0.000000,-0.002985,-0.070268,8.300657,0.047841,0.327443,-123.060249,-0.000033,-0.001447,0.000000,0.000000,0.000000,0.000000
0.900000,-4.545158,0.000000,0.000881,0.013028,0.000000,-0.002952,-0.015403,-4.948664,0.049289,0.078734,66.883675,-0.000135,0.001482,0.000000,0.000000,0.000000,0.000000
-4.260000,-7.469113,0.000000,0.001341,-0.061664,0.000000,-0.002817,0.084265,-8.296319,0.047807,-0.465083,103.844368,0.000071,0.000706,0.000000,0.000000,0.000000,0.000000
-3.560000,1.013252,0.000000,0.001592,-0.051531,0.000000,-0.002888,0.075220,1.145048,0.047101,-0.442635,-13.442936,0.000225,-0.001453,0.000000,0.000000,0.000000,0.000000
-1.820000,2.518654,0.000000,0.001882,-0.026345,0.000000,-0.003113,0.042461,2.923325,0.048554,-0.263650,-32.525219,0.000170,-0.001326,0.000000,0.000000,0.000000,0.000000
-0.490000,4.414883,0.000000,-0.002248,-0.007093,0.000000,-0.003387,0.005077,4.448792,0.050399,-0.009064,-172.158554,0.000098,-0.003282,0.000000,0.000000,0.000000,0.000000
-0.580000,-0.130275,0.000000,-0.002147,-0.008396,0.000000,-0.003484,0.006398,-0.132597,0.053681,-0.011421,5.131216,0.000015,0.000072,0.000000,0.000000,0.000000,0.000000
-5.150000,-6.615087,0.000000,-0.001686,-0.074546,0.000000,-0.003499,0.076193,-6.717366,0.053609,-0.185238,190.880447,0.000079,0.003113,0.000000,0.000000,0.000000,0.000000
6.840000,17.355556,0.000000,-0.001452,0.099009,0.000000,-0.003578,-0.107976,17.784166,0.050496,0.328954,-403.279510,0.000045,-0.006752,0.000000,0.000000,0.000000,0.000000
1.610000,-7.570438,0.000000,-0.000687,0.023305,0.000000,-0.003622,-0.026662,-7.852129,0.057248,0.096665,149.619339,-0.000221,0.003107,0.000000,0.000000,0.000000,0.000000
-0.890000,-3.618756,0.000000,-0.000159,-0.012883,0.000000,-0.003401,0.014702,-3.807643,0.054141,-0.061221,63.168728,-0.000032,0.001025,0.000000,0.000000,0.000000,0.000000
2.440000,4.820184,0.000000,0.000258,0.035319,0.000000,-0.003370,-0.042342,5.145724,0.053116,0.197308,-76.287239,-0.000017,-0.000913,0.000000,0.000000,0.000000,0.000000
0.280000,-3.126606,0.000000,0.000818,0.004053,0.000000,-0.003352,-0.004102,-3.405767,0.054029,0.020970,46.030655,-0.000076,0.000930,0.000000,0.000000,0.000000,0.000000
-1.640000,-2.779205,0.000000,0.001291,-0.023739,0.000000,-0.003277,0.033476,-3.090291,0.053099,-0.184764,38.680923,0.000032,0.000231,0.000000,0.000000,0.000000,0.000000
1.640000,4.747808,0.000000,0.001691,0.023739,0.000000,-0.003309,-0.031219,5.383757,0.052868,0.183711,-63.205627,0.000017,-0.000700,0.000000,0.000000,0.000000,0.000000
-3.390000,5.847910,0.000000,-0.002720,-0.049070,0.000000,-0.003999,0.047589,5.893074,0.056759,-0.084957,-228.049103,0.000240,-0.004547,0.000000,0.000000,0.000000,0.000000
-5.870000,-3.589806,0.000000,-0.002718,-0.084968,0.000000,-0.004239,0.084216,-3.619811,0.061305,-0.150344,140.078796,0.000159,0.002254,0.000000,0.000000,0.000000,0.000000
-6.440000,-0.825076,0.000000,-0.002426,-0.093219,0.000000,-0.004398,0.094946,-0.839478,0.059051,-0.230831,23.854580,0.000241,-0.000177,0.000000,0.000000,0.000000,0.000000
-0.010000,9.307442,0.000000,-0.002178,-0.000145,0.000000,-0.004638,-0.002185,9.536081,0.059228,0.006658,-216.243271,0.000174,-0.004076,0.000000,0.000000,0.000000,0.000000
0.050000,0.086850,0.000000,-0.001656,0.000724,0.000000,-0.004813,-0.002645,0.087077,0.063304,0.009589,-1.659218,-0.000006,0.000002,0.000000,0.000000,0.000000,0.000000
7.340000,10.552294,0.000000,-0.001145,0.106247,0.000000,-0.004807,-0.124089,11.090222,0.063302,0.516735,-183.986603,-0.000126,-0.002086,0.000000,0.000000,0.000000,0.000000
-6.370000,-19.845259,0.000000,-0.000327,-0.092206,0.000000,-0.004681,0.110957,-21.204987,0.065388,-0.517048,314.371674,-0.000101,0.004558,0.000000,0.000000,0.000000,0.000000
8.450000,21.451988,0.000000,-0.000100,0.122314,0.000000,-0.004580,-0.155241,23.332773,0.060830,0.793513,-315.354156,0.000022,-0.003833,0.000000,0.000000,0.000000,0.000000
0.240000,-11.883996,0.000000,0.000754,0.003474,0.000000,-0.004602,-0.003637,-13.198428,0.064664,0.020075,165.203674,-0.000260,0.003190,0.000000,0.000000,0.000000,0.000000
3.580000,4.834659,0.000000,0.001266,0.051821,0.000000,-0.004342,-0.071583,5.481913,0.061474,0.421234,-64.357979,-0.000089,-0.000085,0.000000,0.000000,0.000000,0.000000
-0.090000,-5.312334,0.000000,0.001925,-0.001303,0.000000,-0.004253,0.004856,-6.185550,0.061559,-0.030152,68.821075,-0.000104,0.001222,0.000000,0.000000,0.000000,0.000000
-0.110000,-3.575331,0.000000,-0.003069,-0.001592,0.000000,-0.004384,-0.001378,-3.605141,0.058597,0.002461,139.511063,-0.000072,0.002646,0.000000,0.000000,0.000000,0.000000
-0.470000,-0.521101,0.000000,-0.002935,-0.006803,0.000000,-0.004312,0.003961,-0.526552,0.055951,-0.007071,20.376429,0.000001,0.000362,0.000000,0.000000,0.000000,0.000000
-3.880000,-4.935984,0.000000,-0.002465,-0.056163,0.000000,-0.004313,0.056154,-5.012742,0.055589,-0.136522,142.441910,0.000057,0.002327,0.000000,0.000000,0.000000,0.000000
-0.470000,4.935984,0.000000,-0.002172,-0.006803,0.000000,-0.004370,0.004977,5.056420,0.053262,-0.015163,-114.661041,0.000109,-0.002216,0.000000,0.000000,0.000000,0.000000
1.150000,2.344954,0.000000,-0.001742,0.016646,0.000000,-0.004479,-0.020435,2.428779,0.055479,0.074089,-46.279465,-0.000009,-0.000672,0.000000,0.000000,0.000000,0.000000
1.020000,-0.188175,0.000000,-0.001254,0.014765,0.000000,-0.004470,-0.018509,-0.200851,0.056151,0.077075,3.332115,-0.000054,0.000273,0.000000,0.000000,0.000000,0.000000
3.730000,3.922732,0.000000,-0.000781,0.053992,0.000000,-0.004416,-0.066146,4.187184,0.055878,0.308234,-62.076530,-0.000100,-0.000342,0.000000,0.000000,0.000000,0.000000
-2.730000,-9.350866,0.000000,-0.000199,-0.039517,0.000000,-0.004316,0.049862,-10.176702,0.056220,-0.254868,137.543228,-0.000058,0.001916,0.000000,0.000000,0.000000,0.000000
-2.690000,0.057900,0.000000,0.000107,-0.038938,0.000000,-0.004259,0.052220,0.059875,0.054304,-0.288215,-0.749456,0.000142,-0.000797,0.000000,0.000000,0.000000,0.000000
-1.930000,1.100102,0.000000,0.000414,-0.027937,0.000000,-0.004401,0.040143,1.243790,0.055102,-0.236225,-14.602171,0.000132,-0.000914,0.000000,0.000000,0.000000,0.000000
1.470000,4.921509,0.000000,0.000755,0.021278,0.000000,-0.004533,-0.030873,5.718192,0.056016,0.191700,-63.621201,0.000025,-0.000684,0.000000,0.000000,0.000000,0.000000
0.770000,-1.013252,0.000000,0.001241,0.011146,0.000000,-0.004558,-0.015878,-1.216265,0.056700,0.103142,12.934775,-0.000066,0.000525,0.000000,0.000000,0.000000,0.000000
-2.560000,-4.067482,0.000000,-0.001933,-0.037056,0.000000,-0.002979,0.036070,-4.100938,0.046216,-0.064394,158.697357,0.000020,0.002830,0.000000,0.000000,0.000000,0.000000
2.090000,6.730887,0.000000,-0.001923,0.030253,0.000000,-0.002999,-0.032945,6.783387,0.043386,0.058814,-262.502258,0.000039,-0.004817,0.000000,0.000000,0.000000,0.000000
1.680000,-0.593476,0.000000,-0.001404,0.024318,0.000000,-0.003039,-0.026898,-0.604067,0.048203,0.065394,17.165152,-0.000084,0.000511,0.000000,0.000000,0.000000,0.000000
0.660000,-1.476452,0.000000,-0.000915,0.009554,0.000000,-0.002954,-0.011251,-1.515057,0.047692,0.034278,34.355934,-0.000059,0.000742,0.000000,0.000000,0.000000,0.000000
2.490000,2.648930,0.000000,-0.000479,0.036043,0.000000,-0.002895,-0.040587,2.744132,0.046949,0.147153,-52.288383,-0.000058,-0.000593,0.000000,0.000000,0.000000,0.000000
-1.700000,-6.065036,0.000000,0.000033,-0.024608,0.000000,-0.002838,0.028471,-6.379094,0.047543,-0.118560,105.829056,-0.000044,0.001684,0.000000,0.000000,0.000000,0.000000
-2.400000,-1.013252,0.000000,0.000361,-0.034740,0.000000,-0.002794,0.042390,-1.085688,0.045859,-0.197533,16.095715,0.000094,-0.000233,0.000000,0.000000,0.000000,0.000000
-4.410000,-2.909480,0.000000,0.000662,-0.063835,0.000000,-0.002888,0.081792,-3.168898,0.046091,-0.418082,42.829250,0.000161,-0.000320,0.000000,0.000000,0.000000,0.000000
-3.550000,1.244852,0.000000,0.000881,-0.051386,0.000000,-0.003049,0.069904,1.377724,0.046411,-0.385821,-17.244864,0.000215,-0.001370,0.000000,0.000000,0.000000,0.000000
0.830000,6.340061,0.000000,0.001141,0.012014,0.000000,-0.003264,-0.015396,7.192021,0.047780,0.090599,-84.434753,0.000094,-0.001351,0.000000,0.000000,0.000000,0.000000
-4.490000,0.796127,0.000000,-0.002448,-0.064993,0.000000,-0.003526,0.064150,0.801329,0.047983,-0.114522,-31.009672,0.000189,-0.000894,0.000000,0.000000,0.000000,0.000000
0.600000,7.367788,0.000000,-0.002510,0.008685,0.000000,-0.003714,-0.011462,7.425239,0.048878,0.020463,-287.340515,0.000109,-0.005384,0.000000,0.000000,0.000000,0.000000
-0.900000,-2.171254,0.000000,-0.002002,-0.013028,0.000000,-0.003824,0.011530,-2.205986,0.054262,-0.028032,62.685211,-0.000011,0.001121,0.000000,0.000000,0.000000,0.000000
-1.060000,-0.231600,0.000000,-0.001579,-0.015344,0.000000,-0.003813,0.014794,-0.239462,0.053141,-0.045070,5.430125,0.000036,-0.000021,0.000000,0.000000,0.000000,0.000000
0.440000,2.171254,0.000000,-0.001176,0.006369,0.000000,-0.003848,-0.008385,2.248683,0.053162,0.030400,-42.847805,0.000020,-0.000729,0.000000,0.000000,0.000000,0.000000
3.090000,3.835882,0.000000,-0.000716,0.044728,0.000000,-0.003868,-0.052509,4.029651,0.053891,0.218661,-66.851837,-0.000066,-0.000673,0.000000,0.000000,0.000000,0.000000
-2.520000,-8.120489,0.000000,-0.000147,-0.036477,0.000000,-0.003802,0.043874,-8.678748,0.054564,-0.204446,128.665588,-0.000046,0.001885,0.000000,0.000000,0.000000,0.000000
-2.630000,-0.159226,0.000000,0.000179,-0.038069,0.000000,-0.003757,0.048504,-0.177202,0.052679,-0.247931,2.394974,0.000128,-0.000629,0.000000,0.000000,0.000000,0.000000
-1.390000,1.794903,0.000000,0.000500,-0.020120,0.000000,-0.003885,0.027579,1.988027,0.053308,-0.152216,-24.883980,0.000112,-0.000882,0.000000,0.000000,0.000000,0.000000
-1.580000,-0.275026,0.000000,0.000877,-0.022871,0.000000,-0.003997,0.033625,-0.317432,0.054190,-0.197867,3.726675,0.000085,-0.000463,0.000000,0.000000,0.000000,0.000000
-2.260000,-11.623446,0.000000,-0.002450,-0.032714,0.000000,-0.003547,0.031098,-11.717035,0.048788,-0.055518,453.423706,-0.000138,0.008436,0.000000,0.000000,0.000000,0.000000
-2.710000,-0.651376,0.000000,-0.002423,-0.039227,0.000000,-0.003409,0.037684,-0.657485,0.040352,-0.067274,25.443224,0.000090,0.000284,0.000000,0.000000,0.000000,0.000000
-8.130000,-7.845464,0.000000,-0.002185,-0.117682,0.000000,-0.003499,0.120780,-7.965923,0.040068,-0.293638,226.359406,0.000176,0.003491,0.000000,0.000000,0.000000,0.000000
-7.170000,1.389603,0.000000,-0.002216,-0.103786,0.000000,-0.003675,0.109168,1.422788,0.036577,-0.332584,-32.263615,0.000322,-0.001517,0.000000,0.000000,0.000000,0.000000
0.770000,11.493171,0.000000,-0.002220,0.011146,0.000000,-0.003997,-0.014853,11.914952,0.038094,0.053852,-227.034897,0.000185,-0.004150,0.000000,0.000000,0.000000,0.000000
1.430000,0.955352,0.000000,-0.001889,0.020699,0.000000,-0.004181,-0.026101,1.002370,0.042244,0.108689,-16.629299,-0.000052,-0.000013,0.000000,0.000000,0.000000,0.000000
4.580000,4.559633,0.000000,-0.001545,0.066296,0.000000,-0.004130,-0.081927,4.868795,0.042257,0.381771,-72.181648,-0.000129,-0.000334,0.000000,0.000000,0.000000,0.000000
-2.660000,-10.479918,0.000000,-0.001077,-0.038504,0.000000,-0.004000,0.047463,-11.403547,0.042591,-0.242609,154.124680,-0.000087,0.002263,0.000000,0.000000,0.000000,0.000000
3.450000,8.844241,0.000000,-0.000924,0.049939,0.000000,-0.003913,-0.068026,9.815607,0.040329,0.375455,-122.861176,0.000002,-0.001315,0.000000,0.000000,0.000000,0.000000
3.780000,0.477676,0.000000,-0.000521,0.054716,0.000000,-0.003915,-0.078212,0.539055,0.041644,0.460242,-6.328535,-0.000201,0.001128,0.000000,0.000000,0.000000,0.000000
2.360000,-2.055454,0.000000,-0.000108,0.034161,0.000000,-0.003714,-0.051551,-2.394104,0.040516,0.320089,26.637051,-0.000184,0.001368,0.000000,0.000000,0.000000,0.000000
-2.410000,-23.811417,0.000000,-0.000217,-0.034885,0.000000,-0.000844,0.035563,-24.001474,0.026915,-0.063488,928.804688,-0.000358,0.017413,0.000000,0.000000,0.000000,0.000000
1.420000,5.543935,0.000000,-0.000246,0.020555,0.000000,-0.000486,-0.021298,5.587791,0.009502,0.038021,-216.235321,0.000049,-0.004024,0.000000,0.000000,0.000000,0.000000
-2.140000,-5.153109,0.000000,-0.000061,-0.030977,0.000000,-0.000535,0.032329,-5.231903,0.013526,-0.078598,148.669571,-0.000012,0.002610,0.000000,0.000000,0.000000,0.000000
-2.750000,-0.882977,0.000000,-0.000045,-0.039806,0.000000,-0.000523,0.042736,-0.905360,0.010916,-0.130197,20.530237,0.000098,0.000032,0.000000,0.000000,0.000000,0.000000
-2.310000,0.636901,0.000000,-0.000056,-0.033437,0.000000,-0.000622,0.037097,0.659800,0.010885,-0.134498,-12.572234,0.000113,-0.000602,0.000000,0.000000,0.000000,0.000000
-0.500000,2.619980,0.000000,-0.000048,-0.007238,0.000000,-0.000734,0.008307,2.753726,0.011487,-0.034592,-45.684269,0.000074,-0.000957,0.000000,0.000000,0.000000,0.000000
-0.820000,-0.463201,0.000000,0.000037,-0.011870,0.000000,-0.000809,0.014379,-0.495691,0.012444,-0.067005,7.348803,0.000029,-0.000040,0.000000,0.000000,0.000000,0.000000
-2.850000,-2.938430,0.000000,0.000109,-0.041254,0.000000,-0.000838,0.052454,-3.197641,0.012484,-0.268120,43.217716,0.000081,0.000093,0.000000,0.000000,0.000000,0.000000
-0.300000,3.691131,0.000000,0.000095,-0.004343,0.000000,-0.000919,0.005934,4.096601,0.012391,-0.032753,-51.276833,0.000093,-0.001060,0.000000,0.000000,0.000000,0.000000
7.740000,11.637920,0.000000,0.000188,0.112037,0.000000,-0.001013,-0.158373,13.209469,0.013451,0.931947,-155.079956,-0.000178,-0.000414,0.000000,0.000000,0.000000,0.000000
-3.690000,0.332926,0.000000,0.000636,-0.053413,0.000000,0.000272,0.055381,0.335153,0.015045,-0.098869,-12.969676,0.000156,-0.000512,0.000000,0.000000,0.000000,0.000000
-4.050000,-0.521101,0.000000,0.000529,-0.058624,0.000000,0.000115,0.060567,-0.525672,0.015557,-0.108126,20.342369,0.000154,0.000094,0.000000,0.000000,0.000000,0.000000
-1.790000,3.271356,0.000000,0.000529,-0.025910,0.000000,-0.000039,0.027648,3.320486,0.015463,-0.067218,-94.354828,0.000137,-0.001969,0.000000,0.000000,0.000000,0.000000
-0.170000,2.344954,0.000000,0.000637,-0.002461,0.000000,-0.000176,0.003330,2.402277,0.017432,-0.010144,-54.474800,0.000054,-0.001055,0.000000,0.000000,0.000000,0.000000
2.800000,4.299083,0.000000,0.000822,0.040530,0.000000,-0.000230,-0.044127,4.456280,0.018487,0.159987,-84.912735,-0.000035,-0.001173,0.000000,0.000000,0.000000,0.000000
1.170000,-2.359429,0.000000,0.001144,0.016936,0.000000,-0.000195,-0.018247,-2.482003,0.019660,0.075985,41.176384,-0.000096,0.000987,0.000000,0.000000,0.000000,0.000000
4.510000,4.834659,0.000000,0.001402,0.065282,0.000000,-0.000099,-0.077145,5.163077,0.018673,0.359487,-76.544495,-0.000111,-0.000479,0.000000,0.000000,0.000000,0.000000
1.210000,-4.776759,0.000000,0.001812,0.017515,0.000000,0.000012,-0.019913,-5.198835,0.019152,0.101787,70.264862,-0.000152,0.001607,0.000000,0.000000,0.000000,0.000000
-0.640000,-2.677880,0.000000,0.002094,-0.009264,0.000000,0.000164,0.015191,-2.975440,0.017545,-0.083842,37.243340,-0.000015,0.000475,0.000000,0.000000,0.000000,0.000000
5.360000,8.685016,0.000000,0.002312,0.077586,0.000000,0.000179,-0.106585,9.855674,0.017070,0.627200,-115.706200,-0.000102,-0.000495,0.000000,0.000000,0.000000,0.000000
-2.310000,-0.057900,0.000000,-0.000971,-0.033437,0.000000,-0.001816,0.033330,-0.059270,0.036802,-0.059502,2.293610,0.000089,-0.000117,0.000000,0.000000,0.000000,0.000000
-0.970000,1.939653,0.000000,-0.000974,-0.014041,0.000000,-0.001905,0.013379,1.954171,0.036918,-0.023885,-75.622154,0.000073,-0.001496,0.000000,0.000000,0.000000,0.000000
-4.110000,-4.545158,0.000000,-0.000655,-0.059492,0.000000,-0.001978,0.061529,-4.615535,0.038414,-0.149588,131.154877,0.000079,0.002082,0.000000,0.000000,0.000000,0.000000
0.810000,7.121713,0.000000,-0.000489,0.011725,0.000000,-0.002057,-0.013127,7.296885,0.036333,0.039992,-165.466553,0.000103,-0.003029,0.000000,0.000000,0.000000,0.000000
1.870000,1.534353,0.000000,-0.000104,0.027068,0.000000,-0.002159,-0.030197,1.588822,0.039362,0.109481,-30.274391,-0.000052,-0.000272,0.000000,0.000000,0.000000,0.000000
2.100000,0.332925,0.000000,0.000325,0.030398,0.000000,-0.002107,-0.034748,0.347524,0.039633,0.144698,-5.765412,-0.000087,0.000283,0.000000,0.000000,0.000000,0.000000
1.640000,-0.665851,0.000000,0.000766,0.023739,0.000000,-0.002020,-0.027744,-0.714274,0.039350,0.129282,10.589371,-0.000088,0.000550,0.000000,0.000000,0.000000,0.000000
-5.820000,-10.798368,0.000000,0.001191,-0.084245,0.000000,-0.001932,0.108346,-11.750791,0.038801,-0.553809,158.817825,0.000071,0.001508,0.000000,0.000000,0.000000,0.000000
-4.400000,2.055454,0.000000,0.001306,-0.063690,0.000000,-0.002003,0.086929,2.278078,0.037293,-0.479786,-28.514519,0.000278,-0.001841,0.000000,0.000000,0.000000,0.000000
-0.610000,5.486035,0.000000,0.001491,-0.008830,0.000000,-0.002281,0.014613,6.223064,0.039133,-0.085991,-73.059151,0.000157,-0.001613,0.000000,0.000000,0.000000,0.000000
0.190000,1.158002,0.000000,0.001842,0.002750,0.000000,-0.002438,-0.001366,1.341582,0.040746,0.008481,-14.926579,0.000021,-0.000257,0.000000,0.000000,0.000000,0.000000
3.190000,4.342508,0.000000,0.002239,0.046175,0.000000,-0.002459,-0.070430,5.178459,0.041002,0.457516,-55.072075,-0.000092,0.000195,0.000000,0.000000,0.000000,0.000000
5.030000,2.663405,0.000000,0.002774,0.072809,0.000000,-0.002366,-0.119955,3.263226,0.040807,0.809453,-33.408325,-0.000263,0.001557,0.000000,0.000000,0.000000,0.000000
-5.250000,-1.071151,0.000000,-0.002054,-0.075994,0.000000,-0.003094,0.075813,-1.080767,0.046012,-0.135344,41.823326,0.000185,0.000423,0.000000,0.000000,0.000000,0.000000
-2.230000,4.371458,0.000000,-0.002151,-0.032279,0.000000,-0.003279,0.030848,4.405147,0.045589,-0.055072,-170.469543,0.000167,-0.003378,0.000000,0.000000,0.000000,0.000000
-1.010000,1.765953,0.000000,-0.001801,-0.014620,0.000000,-0.003445,0.013405,1.791232,0.048967,-0.032591,-50.899593,0.000070,-0.001046,0.000000,0.000000,0.000000,0.000000
-0.860000,0.217125,0.000000,-0.001408,-0.012449,0.000000,-0.003515,0.011867,0.220510,0.050013,-0.036153,-5.000365,0.000036,-0.000191,0.000000,0.000000,0.000000,0.000000
2.470000,4.820184,0.000000,-0.001019,0.035753,0.000000,-0.003551,-0.040865,4.995299,0.050203,0.148159,-95.183533,-0.000016,-0.001401,0.000000,0.000000,0.000000,0.000000
4.710000,3.242406,0.000000,-0.000491,0.068177,0.000000,-0.003535,-0.079344,3.405797,0.051604,0.330408,-56.502125,-0.000150,-0.000174,0.000000,0.000000,0.000000,0.000000
-5.400000,-14.634251,0.000000,0.000130,-0.078165,0.000000,-0.003385,0.094552,-15.637321,0.051778,-0.440603,231.828949,-0.000040,0.003198,0.000000,0.000000,0.000000,0.000000
-2.880000,3.647706,0.000000,0.000316,-0.041688,0.000000,-0.003345,0.053268,3.964527,0.048580,-0.272279,-53.582573,0.000219,-0.001757,0.000000,0.000000,0.000000,0.000000
-2.990000,-0.159225,0.000000,0.000611,-0.043280,0.000000,-0.003564,0.058702,-0.181143,0.050337,-0.323996,2.267355,0.000155,-0.000830,0.000000,0.000000,0.000000,0.000000
1.950000,7.150663,0.000000,0.000905,0.028226,0.000000,-0.003719,-0.038686,8.112052,0.051167,0.227649,-95.235977,0.000049,-0.001186,0.000000,0.000000,0.000000,0.000000
4.930000,4.313557,0.000000,0.001410,0.071362,0.000000,-0.003768,-0.105226,5.010904,0.052353,0.653375,-55.751854,-0.000190,0.000714,0.000000,0.000000,0.000000,0.000000
1.350000,-2.750255,0.000000,-0.002464,0.019541,0.000000,-0.003584,-0.022417,-2.773303,0.049789,0.040019,107.320770,-0.000113,0.002139,0.000000,0.000000,0.000000,0.000000
1.440000,0.130275,0.000000,-0.002293,0.020844,0.000000,-0.003471,-0.023690,0.130188,0.047650,0.042293,-5.038003,-0.000061,0.000015,0.000000,0.000000,0.000000,0.000000
-2.050000,-5.051784,0.000000,-0.001813,-0.029674,0.000000,-0.003410,0.029135,-5.130081,0.047635,-0.070833,145.776215,-0.000018,0.002569,0.000000,0.000000,0.000000,0.000000
0.160000,3.198981,0.000000,-0.001509,0.002316,0.000000,-0.003392,-0.004111,3.276584,0.045066,0.012526,-74.300896,0.000051,-0.001378,0.000000,0.000000,0.000000,0.000000
2.750000,3.749032,0.000000,-0.001117,0.039806,0.000000,-0.003443,-0.045478,3.884913,0.046444,0.164886,-74.025543,-0.000050,-0.000953,0.000000,0.000000,0.000000,0.000000
0.930000,-2.634454,0.000000,-0.000619,0.013462,0.000000,-0.003393,-0.016271,-2.772299,0.047397,0.067754,45.992397,-0.000096,0.001056,0.000000,0.000000,0.000000,0.000000
-4.610000,-8.019164,0.000000,-0.000206,-0.066730,0.000000,-0.003297,0.080337,-8.569925,0.046341,-0.374360,127.052254,0.000055,0.001391,0.000000,0.000000,0.000000,0.000000
-4.790000,-0.260550,0.000000,-0.000033,-0.069335,0.000000,-0.003352,0.087886,-0.286758,0.044950,-0.449231,3.875677,0.000232,-0.001144,0.000000,0.000000,0.000000,0.000000
2.830000,11.029969,0.000000,0.000132,0.040964,0.000000,-0.003584,-0.054611,12.240973,0.046095,0.301414,-153.219284,0.000084,-0.002084,0.000000,0.000000,0.000000,0.000000
1.290000,-2.229154,0.000000,0.000617,0.018673,0.000000,-0.003668,-0.025566,-2.534959,0.048178,0.150442,29.760569,-0.000117,0.000974,0.000000,0.000000,0.000000,0.000000
4.390000,4.487258,0.000000,0.001041,0.063545,0.000000,-0.003550,-0.094023,5.213696,0.047204,0.583811,-58.008133,-0.000155,0.000479,0.000000,0.000000,0.000000,0.000000
0.310000,9.596942,0.000000,-0.001723,0.004487,0.000000,-0.002698,-0.006259,9.672232,0.042963,0.011173,-374.294281,0.000167,-0.007058,0.000000,0.000000,0.000000,0.000000
-1.510000,-2.634454,0.000000,-0.001609,-0.021857,0.000000,-0.002864,0.020732,-2.656622,0.050021,-0.037011,102.805489,0.000005,0.001860,0.000000,0.000000,0.000000,0.000000
4.490000,8.685016,0.000000,-0.001228,0.064993,0.000000,-0.002870,-0.069250,8.815435,0.048162,0.168360,-250.499146,-0.000020,-0.004291,0.000000,0.000000,0.000000,0.000000
1.330000,-4.574108,0.000000,-0.000576,0.019252,0.000000,-0.002849,-0.021311,-4.689830,0.052453,0.064925,106.348122,-0.000146,0.002197,0.000000,0.000000,0.000000,0.000000
0.410000,-1.331702,0.000000,-0.000073,0.005935,0.000000,-0.002703,-0.006676,-1.383373,0.050256,0.024205,26.359652,-0.000044,0.000561,0.000000,0.000000,0.000000,0.000000
-1.250000,-2.402854,0.000000,0.000389,-0.018094,0.000000,-0.002659,0.021356,-2.529247,0.049695,-0.088933,41.960167,0.000010,0.000553,0.000000,0.000000,0.000000,0.000000
1.020000,3.285831,0.000000,0.000780,0.014765,0.000000,-0.002669,-0.016888,3.506644,0.049142,0.078697,-51.987278,0.000021,-0.000773,0.000000,0.000000,0.000000,0.000000
-3.340000,-6.311111,0.000000,0.001273,-0.048347,0.000000,-0.002689,0.062925,-6.870047,0.049915,-0.321642,92.852127,0.000040,0.000890,0.000000,0.000000,0.000000,0.000000
-3.110000,0.332925,0.000000,0.001588,-0.045017,0.000000,-0.002730,0.062331,0.364739,0.049025,-0.344025,-4.565403,0.000175,-0.001019,0.000000,0.000000,0.000000,0.000000
1.130000,6.137411,0.000000,0.001922,0.016357,0.000000,-0.002905,-0.020439,6.961236,0.050044,0.120271,-81.725311,0.000076,-0.001220,0.000000,0.000000,0.000000,0.000000
0.650000,-0.694801,0.000000,0.002446,0.009409,0.000000,-0.002981,-0.010473,-0.814736,0.051264,0.065030,9.064834,-0.000044,0.000350,0.000000,0.000000,0.000000,0.000000
-4.590000,4.892559,0.000000,-0.002762,-0.066440,0.000000,-0.004044,0.065331,4.930122,0.056924,-0.116630,-190.784943,0.000270,-0.003929,0.000000,0.000000,0.000000,0.000000
-6.170000,-2.287054,0.000000,-0.002807,-0.089311,0.000000,-0.004314,0.088571,-2.306682,0.060853,-0.158119,89.263573,0.000195,0.001270,0.000000,0.000000,0.000000,0.000000
-6.520000,-0.506626,0.000000,-0.002523,-0.094377,0.000000,-0.004510,0.096055,-0.516197,0.059583,-0.233528,14.668249,0.000250,-0.000356,0.000000,0.000000,0.000000,0.000000
-6.770000,-0.361876,0.000000,-0.002274,-0.097996,0.000000,-0.004759,0.102882,-0.373169,0.059939,-0.313435,8.462113,0.000271,-0.000687,0.000000,0.000000,0.000000,0.000000
1.860000,12.491947,0.000000,-0.002054,0.026924,0.000000,-0.005030,-0.032203,12.949298,0.060626,0.116754,-246.743958,0.000158,-0.004355,0.000000,0.000000,0.000000,0.000000
3.710000,2.677880,0.000000,-0.001468,0.053702,0.000000,-0.005188,-0.063748,2.811784,0.064981,0.265463,-46.647453,-0.000119,-0.000157,0.000000,0.000000,0.000000,0.000000
-1.060000,-6.904587,0.000000,-0.000814,-0.015344,0.000000,-0.005068,0.017546,-7.380260,0.065138,-0.081762,109.415031,-0.000092,0.001851,0.000000,0.000000,0.000000,0.000000
-3.630000,-3.720082,0.000000,-0.000372,-0.052544,0.000000,-0.004976,0.066163,-4.051513,0.063287,-0.338190,54.758240,0.000102,0.000119,0.000000,0.000000,0.000000,0.000000
-8.190000,-6.600611,0.000000,-0.000043,-0.118550,0.000000,-0.005078,0.158497,-7.332578,0.063169,-0.874790,91.781303,0.000290,-0.000629,0.000000,0.000000,0.000000,0.000000
-0.860000,10.610193,0.000000,0.000093,-0.012449,0.000000,-0.005368,0.017759,12.038627,0.063797,-0.104503,-141.334198,0.000275,-0.002958,0.000000,0.000000,0.000000,0.000000
-4.170000,-12.824872,0.000000,-0.002686,-0.060361,0.000000,-0.003827,0.059169,-12.928061,0.050860,-0.105631,500.287689,-0.000085,0.009193,0.000000,0.000000,0.000000,0.000000
-10.550000,-9.235067,0.000000,-0.002728,-0.152712,0.000000,-0.003741,0.153567,-9.309461,0.041667,-0.274153,360.255798,0.000239,0.006063,0.000000,0.000000,0.000000,0.000000
-7.840000,3.922732,0.000000,-0.002853,-0.113484,0.000000,-0.003981,0.115691,3.981357,0.035604,-0.281267,-113.134102,0.000388,-0.002914,0.000000,0.000000,0.000000,0.000000
-4.240000,5.211010,0.000000,-0.002870,-0.061374,0.000000,-0.004369,0.062881,5.339021,0.038518,-0.191569,-121.069374,0.000270,-0.002805,0.000000,0.000000,0.000000,0.000000
-0.060000,6.050560,0.000000,-0.002745,-0.000869,0.000000,-0.004639,-0.002086,6.271824,0.041324,0.007562,-119.507225,0.000113,-0.002237,0.000000,0.000000,0.000000,0.000000
1.550000,2.330479,0.000000,-0.002457,0.022436,0.000000,-0.004752,-0.028763,2.448137,0.043561,0.119776,-40.614555,-0.000032,-0.000441,0.000000,0.000000,0.000000,0.000000
-4.330000,-8.511315,0.000000,-0.002116,-0.062677,0.000000,-0.004720,0.073136,-9.094808,0.044002,-0.340806,134.833847,0.000026,0.001632,0.000000,0.000000,0.000000,0.000000
8.800000,19.005709,0.000000,-0.002043,0.127380,0.000000,-0.004746,-0.164129,20.673809,0.042370,0.838944,-279.416931,-0.000053,-0.003024,0.000000,0.000000,0.000000,0.000000
3.270000,-8.004689,0.000000,-0.001426,0.047333,0.000000,-0.004693,-0.065213,-8.889055,0.045394,0.359930,111.263596,-0.000345,0.003086,0.000000,0.000000,0.000000,0.000000
-0.120000,-4.907034,0.000000,-0.001055,-0.001737,0.000000,-0.004349,0.000966,-5.573060,0.042308,-0.005686,65.428047,-0.000102,0.001218,0.000000,0.000000,0.000000,0.000000
3.030000,4.559633,0.000000,-0.000832,0.043859,0.000000,-0.004246,-0.067228,5.299993,0.041090,0.417434,-58.968269,-0.000081,0.000010,0.000000,0.000000,0.000000,0.000000
-0.140000,-2.576555,0.000000,0.000136,-0.002027,0.000000,-0.000386,0.002270,-2.597626,0.022120,-0.004052,100.522453,-0.000043,0.001892,0.000000,0.000000,0.000000,0.000000
-2.800000,-3.850357,0.000000,0.000184,-0.040530,0.000000,-0.000343,0.041687,-3.881510,0.020228,-0.074421,150.205963,0.000039,0.002639,0.000000,0.000000,0.000000,0.000000
-4.790000,-2.880530,0.000000,0.000248,-0.069335,0.000000,-0.000382,0.072765,-2.924953,0.017588,-0.176906,83.115364,0.000141,0.001090,0.000000,0.000000,0.000000,0.000000
-0.760000,5.833435,0.000000,0.000219,-0.011001,0.000000,-0.000524,0.012060,5.977416,0.016498,-0.036740,-135.545822,0.000146,-0.002668,0.000000,0.000000,0.000000,0.000000
1.180000,2.808155,0.000000,0.000374,0.017081,0.000000,-0.000669,-0.018566,2.910499,0.019166,0.067312,-55.458447,0.000005,-0.000863,0.000000,0.000000,0.000000,0.000000
2.890000,2.475230,0.000000,0.000617,0.041833,0.000000,-0.000674,-0.047624,2.600841,0.020029,0.198319,-43.147911,-0.000080,-0.000279,0.000000,0.000000,0.000000,0.000000
-0.620000,-5.080734,0.000000,0.000937,-0.008975,0.000000,-0.000594,0.011969,-5.429477,0.020308,-0.055776,80.493965,-0.000070,0.001374,0.000000,0.000000,0.000000,0.000000
-3.370000,-3.980632,0.000000,0.001112,-0.048781,0.000000,-0.000524,0.063272,-4.332391,0.018934,-0.323417,58.554443,0.000089,0.000231,0.000000,0.000000,0.000000,0.000000
-1.490000,2.721305,0.000000,0.001178,-0.021568,0.000000,-0.000613,0.030422,3.018821,0.018703,-0.167906,-37.786343,0.000139,-0.001170,0.000000,0.000000,0.000000,0.000000
6.750000,11.927421,0.000000,0.001332,0.097706,0.000000,-0.000752,-0.136463,13.536736,0.019873,0.803018,-158.922104,-0.000113,-0.000835,0.000000,0.000000,0.000000,0.000000
1.870000,-7.063812,0.000000,0.001838,0.027068,0.000000,-0.000639,-0.037953,-8.218825,0.020708,0.235659,91.443520,-0.000258,0.002370,0.000000,0.000000,0.000000,0.000000
-0.370000,-3.242406,0.000000,0.002153,-0.005356,0.000000,-0.000381,0.012036,-3.874930,0.018337,-0.078189,41.209259,-0.000040,0.000564,0.000000,0.000000,0.000000,0.000000
-2.370000,-10.581244,0.000000,-0.000800,-0.034306,0.000000,-0.001463,0.034376,-10.666108,0.028950,-0.061369,412.755127,-0.000109,0.007648,0.000000,0.000000,0.000000,0.000000
-2.820000,-0.651376,0.000000,-0.000823,-0.040820,0.000000,-0.001354,0.040952,-0.657068,0.021301,-0.073109,25.427101,0.000099,0.000270,0.000000,0.000000,0.000000,0.000000
1.210000,5.833435,0.000000,-0.000745,0.017515,0.000000,-0.001453,-0.019095,5.921425,0.021032,0.046424,-168.263016,0.000060,-0.003061,0.000000,0.000000,0.000000,0.000000
1.540000,0.477676,0.000000,-0.000484,0.022292,0.000000,-0.001513,-0.024480,0.488535,0.024093,0.074578,-11.078188,-0.000057,-0.000002,0.000000,0.000000,0.000000,0.000000
-1.340000,-4.168808,0.000000,-0.000213,-0.019397,0.000000,-0.001456,0.021319,-4.323571,0.024095,-0.077294,82.384003,-0.000024,0.001351,0.000000,0.000000,0.000000,0.000000
0.190000,2.214679,0.000000,-0.000070,0.002750,0.000000,-0.001432,-0.003259,2.326958,0.022744,0.013572,-38.604198,0.000035,-0.000697,0.000000,0.000000,0.000000,0.000000
-3.780000,-5.746585,0.000000,0.000138,-0.054716,0.000000,-0.001467,0.066243,-6.140714,0.023441,-0.308685,91.038315,0.000063,0.000890,0.000000,0.000000,0.000000,0.000000
-0.660000,4.516208,0.000000,0.000176,-0.009554,0.000000,-0.001530,0.012338,4.911347,0.022551,-0.063066,-66.379326,0.000126,-0.001429,0.000000,0.000000,0.000000,0.000000
0.470000,1.635678,0.000000,0.000347,0.006803,0.000000,-0.001656,-0.008635,1.813700,0.023980,0.047657,-22.701937,0.000011,-0.000298,0.000000,0.000000,0.000000,0.000000
-0.080000,-0.796126,0.000000,0.000568,-0.001158,0.000000,-0.001667,0.002444,-0.906191,0.024278,-0.014379,10.638741,-0.000011,0.000163,0.000000,0.000000,0.000000,0.000000
-3.450000,-3.068706,0.000000,-0.000261,-0.049939,0.000000,-0.000806,0.050922,-3.093707,0.023444,-0.090908,119.719704,0.000079,0.002021,0.000000,0.000000,0.000000,0.000000
-1.600000,2.677880,0.000000,-0.000340,-0.023160,0.000000,-0.000885,0.023366,2.698639,0.021423,-0.041713,-104.431442,0.000114,-0.002094,0.000000,0.000000,0.000000,0.000000
-1.420000,0.260551,0.000000,-0.000180,-0.020555,0.000000,-0.000999,0.021307,0.263699,0.023517,-0.051801,-7.493268,0.000062,-0.000278,0.000000,0.000000,0.000000,0.000000
0.110000,2.214679,0.000000,-0.000013,0.001592,0.000000,-0.001062,-0.001726,2.268582,0.023795,0.005258,-51.443108,0.000038,-0.000959,0.000000,0.000000,0.000000,0.000000
0.770000,0.955352,0.000000,0.000221,0.011146,0.000000,-0.001100,-0.012140,0.989193,0.024754,0.044016,-18.848698,-0.000014,-0.000236,0.000000,0.000000,0.000000,0.000000
-0.430000,-1.737003,0.000000,0.000486,-0.006224,0.000000,-0.001086,0.007754,-1.827772,0.024991,-0.032287,30.322702,-0.000014,0.000487,0.000000,0.000000,0.000000,0.000000
-0.270000,0.231600,0.000000,0.000701,-0.003908,0.000000,-0.001072,0.005567,0.245500,0.024503,-0.025939,-3.639625,0.000020,-0.000140,0.000000,0.000000,0.000000,0.000000
-3.320000,-4.414883,0.000000,0.000928,-0.048057,0.000000,-0.001092,0.062120,-4.805139,0.024643,-0.317528,64.943863,0.000077,0.000371,0.000000,0.000000,0.000000,0.000000
-3.070000,0.361876,0.000000,0.001030,-0.044438,0.000000,-0.001169,0.060811,0.399184,0.024272,-0.335634,-4.996550,0.000172,-0.001003,0.000000,0.000000,0.000000,0.000000
2.350000,7.845464,0.000000,0.001150,0.034016,0.000000,-0.001341,-0.046538,8.902784,0.025275,0.273851,-104.519226,0.000042,-0.001236,0.000000,0.000000,0.000000,0.000000
-1.010000,-4.863608,0.000000,0.001504,-0.014620,0.000000,-0.001383,0.024254,-5.660165,0.026512,-0.150600,62.975586,-0.000042,0.000787,0.000000,0.000000,0.000000,0.000000
-5.840000,-7.266463,0.000000,-0.000905,-0.084534,0.000000,-0.001606,0.085701,-7.325005,0.030651,-0.152996,283.461670,0.000093,0.004952,0.000000,0.000000,0.000000,0.000000
-6.440000,-0.868501,0.000000,-0.001060,-0.093219,0.000000,-0.001699,0.094362,-0.876022,0.025699,-0.168458,33.900150,0.000238,0.000177,0.000000,0.000000,0.000000,0.000000
-0.400000,8.742915,0.000000,-0.001087,-0.005790,0.000000,-0.001938,0.004918,8.874999,0.025522,-0.011957,-252.191681,0.000181,-0.004808,0.000000,0.000000,0.000000,0.000000
1.310000,2.475229,0.000000,-0.000839,0.018962,0.000000,-0.002118,-0.021283,2.535429,0.030330,0.064839,-57.494198,-0.000010,-0.000904,0.000000,0.000000,0.000000,0.000000
1.510000,0.289501,0.000000,-0.000522,0.021857,0.000000,-0.002109,-0.024870,0.298634,0.031234,0.090167,-5.690365,-0.000062,0.000138,0.000000,0.000000,0.000000,0.000000
2.560000,1.519878,0.000000,-0.000199,0.037056,0.000000,-0.002047,-0.043048,1.596042,0.031096,0.179261,-26.478313,-0.000086,-0.000017,0.000000,0.000000,0.000000,0.000000
1.200000,-1.968603,0.000000,0.000166,0.017370,0.000000,-0.001961,-0.020776,-2.105222,0.031113,0.096813,31.210684,-0.000096,0.000853,0.000000,0.000000,0.000000,0.000000
-1.650000,-4.125382,0.000000,0.000474,-0.023884,0.000000,-0.001865,0.030890,-4.490395,0.030260,-0.157894,60.689941,-0.000001,0.000720,0.000000,0.000000,0.000000,0.000000
2.010000,5.297859,0.000000,0.000664,0.029095,0.000000,-0.001864,-0.038025,5.878577,0.029540,0.209869,-73.581680,0.000008,-0.000827,0.000000,0.000000,0.000000,0.000000
0.750000,-1.823853,0.000000,0.001012,0.010856,0.000000,-0.001872,-0.013940,-2.073646,0.030367,0.082027,24.344727,-0.000077,0.000684,0.000000,0.000000,0.000000,0.000000
1.000000,0.361876,0.000000,0.001313,0.014475,0.000000,-0.001795,-0.019800,0.417102,0.029682,0.122940,-4.640722,-0.000046,0.000243,0.000000,0.000000,0.000000,0.000000
-0.630000,3.821407,0.000000,-0.000914,-0.009119,0.000000,-0.001652,0.008479,3.851004,0.032234,-0.015136,-149.025467,0.000096,-0.002863,0.000000,0.000000,0.000000,0.000000
-3.250000,-3.792457,0.000000,-0.000861,-0.047044,0.000000,-0.001748,0.047287,-3.823484,0.035097,-0.084417,147.960480,0.000055,0.002579,0.000000,0.000000,0.000000,0.000000
-2.380000,1.259327,0.000000,-0.000689,-0.034451,0.000000,-0.001803,0.035306,1.277385,0.032519,-0.085835,-36.298134,0.000120,-0.000924,0.000000,0.000000,0.000000,0.000000
-2.180000,0.289501,0.000000,-0.000481,-0.031556,0.000000,-0.001923,0.033399,0.295278,0.033443,-0.101750,-6.695830,0.000096,-0.000400,0.000000,0.000000,0.000000,0.000000
0.290000,3.575331,0.000000,-0.000269,0.004198,0.000000,-0.002018,-0.004964,3.705297,0.033843,0.017998,-70.603035,0.000057,-0.001287,0.000000,0.000000,0.000000,0.000000
-2.010000,-3.329256,0.000000,0.000049,-0.029095,0.000000,-0.002075,0.033675,-3.502204,0.035131,-0.140232,58.101498,0.000025,0.000723,0.000000,0.000000,0.000000,0.000000
2.380000,6.354536,0.000000,0.000267,0.034451,0.000000,-0.002100,-0.041281,6.786132,0.034408,0.192366,-100.606873,0.000017,-0.001386,0.000000,0.000000,0.000000,0.000000
-0.290000,-3.864832,0.000000,0.000675,-0.004198,0.000000,-0.002116,0.006179,-4.207452,0.035794,-0.031583,56.865829,-0.000063,0.000994,0.000000,0.000000,0.000000,0.000000
-4.300000,-5.804486,0.000000,0.000972,-0.062243,0.000000,-0.002053,0.084546,-6.447105,0.034800,-0.466632,80.697899,0.000107,0.000264,0.000000,0.000000,0.000000,0.000000
5.740000,14.532926,0.000000,0.001107,0.083087,0.000000,-0.002160,-0.116081,16.493277,0.034536,0.683077,-193.632065,-0.000002,-0.001819,0.000000,0.000000,0.000000,0.000000
-3.720000,-16.269928,0.000000,-0.001165,-0.053847,0.000000,-0.002076,0.054036,-16.400301,0.039838,-0.096467,634.655823,-0.000164,0.011760,0.000000,0.000000,0.000000,0.000000
-7.180000,-5.008359,0.000000,-0.001215,-0.103931,0.000000,-0.001912,0.105170,-5.048858,0.028078,-0.187753,195.379776,0.000189,0.003170,0.000000,0.000000,0.000000,0.000000
-1.370000,8.409989,0.000000,-0.001281,-0.019831,0.000000,-0.002101,0.019398,8.537053,0.024909,-0.047161,-242.588608,0.000214,-0.004727,0.000000,0.000000,0.000000,0.000000
0.700000,2.996330,0.000000,-0.001084,0.010133,0.000000,-0.002315,-0.012055,3.069525,0.029635,0.036726,-69.605553,0.000025,-0.001210,0.000000,0.000000,0.000000,0.000000
-0.050000,-1.085627,0.000000,-0.000802,-0.000724,0.000000,-0.002340,-0.000087,-1.127062,0.030845,0.000314,21.475731,-0.000022,0.000410,0.000000,0.000000,0.000000,0.000000
-1.430000,-1.997553,0.000000,-0.000559,-0.020699,0.000000,-0.002319,0.023271,-2.101716,0.030436,-0.096907,34.867424,0.000023,0.000397,0.000000,0.000000,0.000000,0.000000
-1.650000,-0.318451,0.000000,-0.000381,-0.023884,0.000000,-0.002342,0.028383,-0.342082,0.030038,-0.132261,5.071497,0.000070,-0.000262,0.000000,0.000000,0.000000,0.000000
-7.050000,-7.816514,0.000000,-0.000216,-0.102049,0.000000,-0.002412,0.129140,-8.505582,0.030301,-0.660102,114.957214,0.000188,0.000392,0.000000,0.000000,0.000000,0.000000
-2.310000,6.861162,0.000000,-0.000282,-0.033437,0.000000,-0.002600,0.044343,7.614579,0.029909,-0.244744,-95.311089,0.000264,-0.002467,0.000000,0.000000,0.000000,0.000000
-1.390000,1.331702,0.000000,-0.000150,-0.020120,0.000000,-0.002864,0.028277,1.509027,0.032377,-0.166395,-17.716061,0.000105,-0.000781,0.000000,0.000000,0.000000,0.000000
-2.560000,-10.740469,0.000000,-0.000417,-0.037056,0.000000,-0.000950,0.037570,-10.826465,0.023070,-0.067072,418.960571,-0.000104,0.007753,0.000000,0.000000,0.000000,0.000000
-4.030000,-2.127829,0.000000,-0.000462,-0.058334,0.000000,-0.000847,0.059256,-2.145125,0.015317,-0.105785,83.011673,0.000120,0.001271,0.000000,0.000000,0.000000,0.000000
-6.150000,-3.068705,0.000000,-0.000494,-0.089021,0.000000,-0.000967,0.092576,-3.115797,0.014045,-0.225070,88.538391,0.000191,0.001065,0.000000,0.000000,0.000000,0.000000
-0.470000,8.221815,0.000000,-0.000629,-0.006803,0.000000,-0.001158,0.006636,8.425334,0.012980,-0.020217,-191.055603,0.000177,-0.003674,0.000000,0.000000,0.000000,0.000000
-0.300000,0.246075,0.000000,-0.000512,-0.004343,0.000000,-0.001335,0.004257,0.254373,0.016654,-0.015433,-4.846982,0.000016,-0.000127,0.000000,0.000000,0.000000,0.000000
1.370000,2.417329,0.000000,-0.000392,0.019831,0.000000,-0.001351,-0.023367,2.540459,0.016781,0.097306,-42.146168,-0.000015,-0.000535,0.000000,0.000000,0.000000,0.000000
-3.720000,-7.367788,0.000000,-0.000203,-0.053847,0.000000,-0.001336,0.064783,-7.872103,0.017316,-0.301883,116.706795,0.000026,0.001394,0.000000,0.000000,0.000000,0.000000
-1.370000,3.401631,0.000000,-0.000233,-0.019831,0.000000,-0.001362,0.024853,3.699506,0.015921,-0.127035,-50.000690,0.000137,-0.001293,0.000000,0.000000,0.000000,0.000000
1.920000,4.762283,0.000000,-0.000166,0.027792,0.000000,-0.001499,-0.037392,5.285491,0.017214,0.206376,-66.158066,-0.000001,-0.000692,0.000000,0.000000,0.000000,0.000000
3.250000,1.925178,0.000000,0.000039,0.047044,0.000000,-0.001498,-0.066557,2.183807,0.017906,0.391658,-25.638029,-0.000139,0.000575,0.000000,0.000000,0.000000,0.000000
-8.210000,-13.041999,0.000000,0.000540,-0.118840,0.000000,0.000187,0.122272,-13.146125,0.014611,-0.218284,508.726349,0.000082,0.009041,0.000000,0.000000,0.000000,0.000000
-1.860000,9.191642,0.000000,0.000255,-0.026924,0.000000,0.000105,0.027828,9.264586,0.005569,-0.049680,-358.519257,0.000251,-0.006940,0.000000,0.000000,0.000000,0.000000
-2.320000,-0.665851,0.000000,0.000309,-0.033582,0.000000,-0.000145,0.035441,-0.676439,0.012509,-0.086163,19.221676,0.000083,0.000144,0.000000,0.000000,0.000000,0.000000
5.170000,10.841794,0.000000,0.000341,0.074836,0.000000,-0.000228,-0.080067,11.110207,0.012365,0.243928,-251.938675,-0.000006,-0.004111,0.000000,0.000000,0.000000,0.000000
-0.210000,-7.787564,0.000000,0.000715,-0.003040,0.000000,-0.000221,0.004173,-8.075408,0.016476,-0.015128,153.873840,-0.000142,0.002880,0.000000,0.000000,0.000000,0.000000
-0.260000,-0.072375,0.000000,0.000855,-0.003764,0.000000,-0.000080,0.005336,-0.077156,0.013596,-0.022222,1.280016,0.000013,-0.000041,0.000000,0.000000,0.000000,0.000000
3.410000,5.312335,0.000000,0.000999,0.049360,0.000000,-0.000093,-0.058403,5.673871,0.013637,0.272152,-84.117203,-0.000051,-0.000857,0.000000,0.000000,0.000000,0.000000
-3.240000,-9.625892,0.000000,0.001306,-0.046899,0.000000,-0.000042,0.061132,-10.473531,0.014494,-0.312475,141.555038,-0.000033,0.001837,0.000000,0.000000,0.000000,0.000000
