-0.000000,-0.000000,0.475725,0.129967,-0.000000,ovf,-0.000000,ovf,-0.000003,-0.061451,-0.000000,-0.000000,0.000000,ovf,ovf,ovf,-0.000001,ovf
0.510000,0.882977,0.000000,0.000000,0.007382,0.000000,0.000000,-0.007426,0.884729,0.000000,0.006707,-67.675117,-0.000003,-0.001263,0.000000,0.000000,0.000000,0.000000
2.210000,2.460754,0.000000,0.000020,0.031990,0.000000,0.000003,-0.032160,2.465622,0.001263,0.029046,-188.601501,-0.000040,-0.003490,0.000000,0.000000,0.000000,0.000000
-1.280000,-5.051784,0.000000,0.000155,-0.018528,0.000000,0.000044,0.019029,-5.083061,0.004754,-0.030032,222.508270,-0.000045,0.004138,0.000000,0.000000,0.000000,0.000000
-0.290000,1.433028,0.000000,0.000112,-0.004198,0.000000,0.000088,0.004474,1.451173,0.000615,-0.009988,-44.910404,0.000040,-0.000885,0.000000,0.000000,0.000000,0.000000
-1.570000,-1.852803,0.000000,0.000118,-0.022726,0.000000,0.000049,0.024327,-1.892811,0.001500,-0.069524,45.755093,0.000030,0.000680,0.000000,0.000000,0.000000,0.000000
-1.110000,0.665851,0.000000,0.000066,-0.016067,0.000000,0.000019,0.017731,0.687647,0.000820,-0.061153,-13.774458,0.000061,-0.000427,0.000000,0.000000,0.000000,0.000000
-1.540000,-0.622426,0.000000,0.000034,-0.022292,0.000000,-0.000042,0.025470,-0.651461,0.001248,-0.101891,11.250230,0.000056,-0.000062,0.000000,0.000000,0.000000,0.000000
-0.790000,1.085627,0.000000,-0.000016,-0.011435,0.000000,-0.000099,0.013595,1.153633,0.001310,-0.061308,-17.672602,0.000059,-0.000500,0.000000,0.000000,0.000000,0.000000
0.150000,1.360652,0.000000,-0.000033,0.002171,0.000000,-0.000157,-0.002752,1.471403,0.001810,0.013692,-20.431934,0.000020,-0.000349,0.000000,0.000000,0.000000,0.000000
4.610000,6.455861,0.000000,-0.000012,0.066730,0.000000,-0.000177,-0.087753,7.119925,0.002159,0.473558,-91.147224,-0.000103,-0.000444,0.000000,0.000000,0.000000,0.000000
3.310000,-1.881754,0.000000,0.000199,0.047912,0.000000,-0.000075,-0.066341,-2.121139,0.002603,0.383110,25.375210,-0.000219,0.001518,0.000000,0.000000,0.000000,0.000000
-1.430000,-6.861162,0.000000,0.000355,-0.020699,0.000000,0.000145,0.031068,-7.918165,0.001085,-0.189884,89.500435,-0.000065,0.001178,0.000000,0.000000,0.000000,0.000000
-0.280000,1.664628,0.000000,0.000317,-0.004053,0.000000,0.000210,0.006864,1.970504,-0.000093,-0.044003,-21.236279,0.000056,-0.000523,0.000000,0.000000,0.000000,0.000000
-1.040000,-1.100102,0.000000,0.000328,-0.015054,0.000000,0.000154,0.025800,-1.339130,0.000431,-0.172155,13.864197,0.000044,-0.000202,0.000000,0.000000,0.000000,0.000000
-0.260000,1.129052,0.000000,0.000311,-0.003764,0.000000,0.000110,0.007313,1.414397,0.000633,-0.050479,-14.156096,0.000046,-0.000404,0.000000,0.000000,0.000000,0.000000
3.580000,5.616310,0.000000,0.001317,0.051821,0.000000,0.001336,-0.051583,5.660836,0.002792,0.092087,-219.061981,-0.000032,-0.003898,0.000000,0.000000,0.000000,0.000000
-3.030000,-9.567992,0.000000,0.001578,-0.043859,0.000000,0.001368,0.046523,-9.644332,0.006690,-0.083055,373.214600,-0.000057,0.006849,0.000000,0.000000,0.000000,0.000000
-1.720000,1.896228,0.000000,0.001484,-0.024897,0.000000,0.001425,0.027588,1.924922,-0.000159,-0.067072,-54.698517,0.000111,-0.001230,0.000000,0.000000,0.000000,0.000000
2.980000,6.803262,0.000000,0.001463,0.043136,0.000000,0.001314,-0.044790,6.971807,0.001071,0.136454,-158.094955,0.000011,-0.002622,0.000000,0.000000,0.000000,0.000000
-5.750000,-12.636698,0.000000,0.001664,-0.083231,0.000000,0.001303,0.094344,-13.102673,0.003693,-0.342053,249.666443,0.000007,0.003807,0.000000,0.000000,0.000000,0.000000
3.020000,12.694597,0.000000,0.001490,0.043715,0.000000,0.001296,-0.048790,13.345500,-0.000114,0.203172,-221.401627,0.000121,-0.003650,0.000000,0.000000,0.000000,0.000000
-8.750000,-17.037106,0.000000,0.001708,-0.126656,0.000000,0.001175,0.155018,-18.201637,0.003535,-0.722366,269.845886,0.000074,0.003162,0.000000,0.000000,0.000000,0.000000
-5.100000,5.283385,0.000000,0.001431,-0.073823,0.000000,0.001101,0.095434,5.746984,0.000373,-0.487810,-77.673378,0.000367,-0.002796,0.000000,0.000000,0.000000,0.000000
-7.750000,-3.835882,0.000000,0.001321,-0.112181,0.000000,0.000734,0.151802,-4.259371,0.003169,-0.837838,53.314213,0.000329,-0.001252,0.000000,0.000000,0.000000,0.000000
6.030000,19.946587,0.000000,0.001107,0.087284,0.000000,0.000405,-0.122025,22.641142,0.004421,0.718055,-265.808350,0.000098,-0.003088,0.000000,0.000000,0.000000,0.000000
11.650000,8.134964,0.000000,0.001477,0.168634,0.000000,0.000307,-0.251450,9.459288,0.007509,1.561310,-105.245026,-0.000501,0.002236,0.000000,0.000000,0.000000,0.000000
-8.370000,-14.171051,0.000000,-0.000225,-0.121156,0.000000,-0.000705,0.123871,-14.284277,0.020649,-0.221139,552.770325,0.000066,0.009864,0.000000,0.000000,0.000000,0.000000
0.950000,13.490724,0.000000,-0.000504,0.013751,0.000000,-0.000771,-0.014596,13.597759,0.010785,0.026057,-526.203552,0.000218,-0.009911,0.000000,0.000000,0.000000,0.000000
6.740000,8.381039,0.000000,-0.000272,0.097562,0.000000,-0.000989,-0.102308,8.507719,0.020696,0.248730,-241.755066,-0.000116,-0.003887,0.000000,0.000000,0.000000,0.000000
-0.230000,-10.089092,0.000000,0.000227,-0.003329,0.000000,-0.000873,0.003823,-10.340540,0.024583,-0.011646,234.485458,-0.000185,0.004416,0.000000,0.000000,0.000000,0.000000
2.680000,4.212233,0.000000,0.000412,0.038793,0.000000,-0.000687,-0.042652,4.366230,0.020167,0.154641,-83.196869,-0.000032,-0.001165,0.000000,0.000000,0.000000,0.000000
4.510000,2.648930,0.000000,0.000729,0.065282,0.000000,-0.000655,-0.074590,2.783343,0.021332,0.310610,-46.175606,-0.000149,-0.000032,0.000000,0.000000,0.000000,0.000000
4.060000,-0.651377,0.000000,0.001129,0.058769,0.000000,-0.000506,-0.069608,-0.697736,0.021364,0.324364,10.344188,-0.000201,0.001073,0.000000,0.000000,0.000000,0.000000
-7.480000,-16.704180,0.000000,0.001517,-0.108273,0.000000,-0.000305,0.139232,-18.174402,0.020291,-0.711684,245.636185,0.000033,0.002724,0.000000,0.000000,0.000000,0.000000
-4.840000,3.821407,0.000000,0.001426,-0.070059,0.000000,-0.000338,0.095606,4.240026,0.017567,-0.527678,-53.072071,0.000339,-0.002437,0.000000,0.000000,0.000000,0.000000
0.950000,8.381040,0.000000,0.001455,0.013751,0.000000,-0.000676,-0.017411,9.510975,0.020004,0.102456,-111.659401,0.000132,-0.001833,0.000000,0.000000,0.000000,0.000000
8.640000,11.131295,0.000000,0.001736,0.125064,0.000000,-0.000809,-0.185520,12.942604,0.021837,1.151934,-144.000778,-0.000257,0.000393,0.000000,0.000000,0.000000,0.000000
-9.860000,-12.926197,0.000000,-0.001019,-0.142724,0.000000,-0.001774,0.145170,-13.029808,0.033066,-0.259162,504.225128,0.000146,0.008846,0.000000,0.000000,0.000000,0.000000
-6.650000,4.646483,0.000000,-0.001326,-0.096259,0.000000,-0.001921,0.097201,4.682873,0.024220,-0.173527,-181.216949,0.000351,-0.003917,0.000000,0.000000,0.000000,0.000000
-3.810000,4.110908,0.000000,-0.001341,-0.055150,0.000000,-0.002272,0.056270,4.172520,0.028137,-0.136803,-118.566185,0.000231,-0.002608,0.000000,0.000000,0.000000,0.000000
1.690000,7.961264,0.000000,-0.001233,0.024463,0.000000,-0.002503,-0.027618,8.157621,0.030745,0.084139,-184.984894,0.000079,-0.003270,0.000000,0.000000,0.000000,0.000000
6.200000,6.528236,0.000000,-0.000886,0.089745,0.000000,-0.002582,-0.100718,6.767083,0.034015,0.365164,-128.944199,-0.000144,-0.001448,0.000000,0.000000,0.000000,0.000000
3.690000,-3.633231,0.000000,-0.000347,0.053413,0.000000,-0.002438,-0.062118,-3.821680,0.035463,0.258674,63.401611,-0.000240,0.001903,0.000000,0.000000,0.000000,0.000000
3.330000,-0.521101,0.000000,0.000080,0.048202,0.000000,-0.002198,-0.058114,-0.558987,0.033560,0.270806,8.287180,-0.000167,0.000886,0.000000,0.000000,0.000000,0.000000
-2.950000,-9.090317,0.000000,0.000491,-0.042701,0.000000,-0.002030,0.054775,-9.891843,0.032674,-0.279982,133.693222,-0.000039,0.001772,0.000000,0.000000,0.000000,0.000000
-4.560000,-2.330479,0.000000,0.000638,-0.066006,0.000000,-0.001991,0.089133,-2.589987,0.030902,-0.491950,32.418667,0.000192,-0.000720,0.000000,0.000000,0.000000,0.000000
1.110000,8.207339,0.000000,0.000722,0.016067,0.000000,-0.002184,-0.021728,9.313329,0.031622,0.127860,-109.339050,0.000117,-0.001723,0.000000,0.000000,0.000000,0.000000
2.660000,2.243629,0.000000,0.001047,0.038504,0.000000,-0.002301,-0.056344,2.605531,0.033345,0.349855,-28.989405,-0.000103,0.000401,0.000000,0.000000,0.000000,0.000000
-1.110000,-5.457085,0.000000,0.001443,-0.016067,0.000000,-0.002197,0.028069,-6.519707,0.032944,-0.182338,69.336029,-0.000047,0.000819,0.000000,0.000000,0.000000,0.000000
-1.740000,7.744139,0.000000,-0.001120,-0.025187,0.000000,-0.001848,0.024717,7.804950,0.031981,-0.044126,-302.034515,0.000215,-0.005840,0.000000,0.000000,0.000000,0.000000
-0.650000,1.577778,0.000000,-0.001112,-0.009409,0.000000,-0.002063,0.008495,1.589401,0.037821,-0.015166,-61.506348,0.000053,-0.001195,0.000000,0.000000,0.000000,0.000000
-4.400000,-5.428135,0.000000,-0.000777,-0.063690,0.000000,-0.002116,0.065791,-5.511942,0.039015,-0.159950,156.627151,0.000073,0.002535,0.000000,0.000000,0.000000,0.000000
0.010000,6.383486,0.000000,-0.000624,0.000145,0.000000,-0.002189,-0.000826,6.540355,0.036480,0.002517,-148.311218,0.000121,-0.002806,0.000000,0.000000,0.000000,0.000000
5.280000,7.628339,0.000000,-0.000277,0.076428,0.000000,-0.002311,-0.085242,7.907299,0.039286,0.309053,-150.670578,-0.000081,-0.002012,0.000000,0.000000,0.000000,0.000000
2.240000,-4.400408,0.000000,0.000300,0.032424,0.000000,-0.002230,-0.037118,-4.628759,0.041298,0.154570,76.791031,-0.000188,0.001876,0.000000,0.000000,0.000000,0.000000
-2.500000,-6.861162,0.000000,0.000746,-0.036188,0.000000,-0.002042,0.044602,-7.332726,0.039422,-0.207841,108.710335,-0.000018,0.001493,0.000000,0.000000,0.000000,0.000000
6.640000,13.230173,0.000000,0.000992,0.096114,0.000000,-0.002024,-0.120629,14.389582,0.037929,0.616597,-194.482437,-0.000054,-0.002017,0.000000,0.000000,0.000000,0.000000
-3.110000,-14.113150,0.000000,0.001634,-0.045017,0.000000,-0.001970,0.062393,-15.671629,0.039947,-0.344363,196.160553,-0.000128,0.002787,0.000000,0.000000,0.000000,0.000000
-1.740000,1.983078,0.000000,0.001874,-0.025187,0.000000,-0.001842,0.038316,2.246590,0.037160,-0.225471,-26.375101,0.000146,-0.001114,0.000000,0.000000,0.000000,0.000000
3.850000,8.091539,0.000000,0.002184,0.055729,0.000000,-0.001989,-0.080547,9.405425,0.038275,0.500133,-104.645744,-0.000040,-0.000627,0.000000,0.000000,0.000000,0.000000
-2.410000,-3.531906,0.000000,-0.002005,-0.034885,0.000000,-0.003079,0.033776,-3.561131,0.047416,-0.060297,137.807968,0.000024,0.002447,0.000000,0.000000,0.000000,0.000000
-4.010000,-2.316004,0.000000,-0.001987,-0.058045,0.000000,-0.003103,0.057398,-2.335491,0.044969,-0.102468,90.378418,0.000111,0.001430,0.000000,0.000000,0.000000,0.000000
-3.030000,1.418553,0.000000,-0.001758,-0.043859,0.000000,-0.003214,0.044027,1.438739,0.043539,-0.107037,-40.883156,0.000146,-0.001066,0.000000,0.000000,0.000000,0.000000
-0.370000,3.850357,0.000000,-0.001497,-0.005356,0.000000,-0.003360,0.004148,3.944141,0.044605,-0.012636,-89.438614,0.000086,-0.001726,0.000000,0.000000,0.000000,0.000000
-0.020000,0.506626,0.000000,-0.001127,-0.000290,0.000000,-0.003445,-0.000930,0.523092,0.046331,0.003373,-9.967328,0.000007,-0.000176,0.000000,0.000000,0.000000,0.000000
1.990000,2.909480,0.000000,-0.000750,0.028805,0.000000,-0.003453,-0.034151,3.056173,0.046508,0.142211,-50.701851,-0.000035,-0.000575,0.000000,0.000000,0.000000,0.000000
-0.190000,-3.155556,0.000000,-0.000292,-0.002750,0.000000,-0.003418,0.002968,-3.374147,0.047083,-0.013831,50.022953,-0.000056,0.000911,0.000000,0.000000,0.000000,0.000000
2.370000,3.705606,0.000000,0.000068,0.034306,0.000000,-0.003362,-0.043418,4.027812,0.046172,0.221933,-54.437908,-0.000041,-0.000432,0.000000,0.000000,0.000000,0.000000
-3.290000,-8.192864,0.000000,0.000538,-0.047623,0.000000,-0.003321,0.064412,-9.099210,0.046604,-0.355508,113.894089,0.000002,0.001196,0.000000,0.000000,0.000000,0.000000
2.050000,7.729664,0.000000,0.000771,0.029674,0.000000,-0.003323,-0.040925,8.769888,0.045408,0.240823,-102.959007,0.000055,-0.001300,0.000000,0.000000,0.000000,0.000000
-2.710000,-6.890112,0.000000,0.001233,-0.039227,0.000000,-0.003379,0.060863,-8.018637,0.046709,-0.377914,89.216187,0.000013,0.000669,0.000000,0.000000,0.000000,0.000000
-4.080000,-6.340061,0.000000,-0.001729,-0.059058,0.000000,-0.002674,0.058796,-6.391484,0.041722,-0.104965,247.336472,0.000038,0.004398,0.000000,0.000000,0.000000,0.000000
-2.730000,1.954129,0.000000,-0.001789,-0.039517,0.000000,-0.002712,0.038629,1.968789,0.037324,-0.068962,-76.187851,0.000142,-0.001637,0.000000,0.000000,0.000000,0.000000
-6.970000,-6.137410,0.000000,-0.001551,-0.100891,0.000000,-0.002854,0.103884,-6.231926,0.038961,-0.252561,177.086197,0.000163,0.002673,0.000000,0.000000,0.000000,0.000000
2.440000,13.620998,0.000000,-0.001522,0.035319,0.000000,-0.003017,-0.039597,13.957583,0.036288,0.120635,-316.506714,0.000157,-0.005672,0.000000,0.000000,0.000000,0.000000
-0.070000,-3.633231,0.000000,-0.001080,-0.001013,0.000000,-0.003173,-0.000074,-3.769023,0.041960,0.000267,71.817299,-0.000072,0.001371,0.000000,0.000000,0.000000,0.000000
-0.340000,-0.390826,0.000000,-0.000757,-0.004922,0.000000,-0.003102,0.004812,-0.413105,0.040589,-0.020039,6.853405,0.000005,0.000073,0.000000,0.000000,0.000000,0.000000
-1.740000,-2.026504,0.000000,-0.000452,-0.025187,0.000000,-0.003107,0.029871,-2.167476,0.040516,-0.139195,32.133625,0.000040,0.000232,0.000000,0.000000,0.000000,0.000000
-3.250000,-2.185729,0.000000,-0.000211,-0.047044,0.000000,-0.003147,0.059392,-2.380694,0.040284,-0.303581,32.176273,0.000116,-0.000212,0.000000,0.000000,0.000000,0.000000
-3.710000,-0.665851,0.000000,-0.000036,-0.053702,0.000000,-0.003262,0.071775,-0.742397,0.040496,-0.396149,9.292531,0.000180,-0.000895,0.000000,0.000000,0.000000,0.000000
-1.430000,3.300306,0.000000,0.000118,-0.020699,0.000000,-0.003442,0.029477,3.742722,0.041392,-0.173458,-43.939777,0.000150,-0.001300,0.000000,0.000000,0.000000,0.000000
-5.370000,-2.634455,0.000000,-0.001127,-0.077731,0.000000,-0.001873,0.078512,-2.656203,0.032749,-0.140162,102.789246,0.000162,0.001570,0.000000,0.000000,0.000000,0.000000
-2.760000,3.777981,0.000000,-0.001259,-0.039951,0.000000,-0.002035,0.039617,3.807281,0.031180,-0.070726,-147.333450,0.000179,-0.002984,0.000000,0.000000,0.000000,0.000000
-0.930000,2.648930,0.000000,-0.001058,-0.013462,0.000000,-0.002214,0.012971,2.688084,0.034164,-0.031535,-76.384499,0.000086,-0.001526,0.000000,0.000000,0.000000,0.000000
-6.480000,-8.033639,0.000000,-0.000780,-0.093798,0.000000,-0.002300,0.099976,-8.234430,0.035690,-0.304582,186.726654,0.000114,0.002715,0.000000,0.000000,0.000000,0.000000
7.570000,20.337410,0.000000,-0.000759,0.109576,0.000000,-0.002414,-0.122616,21.084898,0.032975,0.444556,-401.764709,0.000067,-0.006410,0.000000,0.000000,0.000000,0.000000
1.230000,-9.177166,0.000000,-0.000124,0.017804,0.000000,-0.002481,-0.020716,-9.650362,0.039385,0.086265,160.099350,-0.000239,0.003277,0.000000,0.000000,0.000000,0.000000
-5.590000,-9.871967,0.000000,0.000233,-0.080915,0.000000,-0.002242,0.097999,-10.548752,0.036108,-0.456663,156.389084,0.000066,0.001720,0.000000,0.000000,0.000000,0.000000
-5.430000,0.231601,0.000000,0.000300,-0.078599,0.000000,-0.002308,0.100056,0.249266,0.034388,-0.511438,-3.368958,0.000275,-0.001450,0.000000,0.000000,0.000000,0.000000
-6.250000,-1.186952,0.000000,0.000374,-0.090469,0.000000,-0.002583,0.121497,-1.320759,0.035839,-0.670577,16.531832,0.000303,-0.001498,0.000000,0.000000,0.000000,0.000000
2.020000,11.970846,0.000000,0.000416,0.029240,0.000000,-0.002887,-0.040813,13.585193,0.037337,0.240165,-159.490982,0.000146,-0.002368,0.000000,0.000000,0.000000,0.000000
12.590000,26.170847,0.000000,-0.001419,0.182241,0.000000,-0.002202,-0.187968,26.378153,0.034546,0.335566,-1020.776855,-0.000009,-0.018416,0.000000,0.000000,0.000000,0.000000
-3.090000,-22.696840,0.000000,-0.000844,-0.044728,0.000000,-0.002193,0.044933,-22.878675,0.052963,-0.080216,885.354797,-0.000312,0.016581,0.000000,0.000000,0.000000,0.000000
-1.190000,2.750255,0.000000,-0.000628,-0.017225,0.000000,-0.001881,0.017356,2.790832,0.036381,-0.042196,-79.304192,0.000100,-0.001646,0.000000,0.000000,0.000000,0.000000
-5.380000,-6.065036,0.000000,-0.000327,-0.077876,0.000000,-0.001981,0.083349,-6.217151,0.038028,-0.253928,140.982147,0.000108,0.001986,0.000000,0.000000,0.000000,0.000000
-2.740000,3.821407,0.000000,-0.000219,-0.039662,0.000000,-0.002089,0.043832,3.960310,0.036042,-0.158918,-75.462212,0.000193,-0.001862,0.000000,0.000000,0.000000,0.000000
6.910000,13.968399,0.000000,0.000003,0.100022,0.000000,-0.002282,-0.115570,14.682798,0.037905,0.481261,-243.587357,-0.000035,-0.003307,0.000000,0.000000,0.000000,0.000000
-7.990000,-21.567787,0.000000,0.000643,-0.115655,0.000000,-0.002247,0.140447,-23.043903,0.041212,-0.654468,341.634247,-0.000056,0.004705,0.000000,0.000000,0.000000,0.000000
-1.630000,9.206116,0.000000,0.000647,-0.023594,0.000000,-0.002191,0.030742,10.012155,0.036507,-0.157137,-135.319290,0.000273,-0.002996,0.000000,0.000000,0.000000,0.000000
0.790000,3.502956,0.000000,0.000926,0.011435,0.000000,-0.002464,-0.014056,3.885046,0.039503,0.077577,-48.628803,0.000035,-0.000705,0.000000,0.000000,0.000000,0.000000
1.760000,1.404077,0.000000,0.001311,0.025476,0.000000,-0.002499,-0.034216,1.589478,0.040208,0.201345,-18.660572,-0.000063,0.000193,0.000000,0.000000,0.000000,0.000000
-2.720000,-11.912946,0.000000,-0.002170,-0.039372,0.000000,-0.003137,0.038190,-12.008703,0.043046,-0.068178,464.710571,-0.000124,0.008615,0.000000,0.000000,0.000000,0.000000
-2.520000,0.289501,0.000000,-0.002174,-0.036477,0.000000,-0.003013,0.035123,0.291016,0.034431,-0.062702,-11.261683,0.000101,-0.000399,0.000000,0.000000,0.000000,0.000000
-4.820000,-3.329256,0.000000,-0.001975,-0.069770,0.000000,-0.003114,0.070896,-3.380907,0.034830,-0.172360,96.071739,0.000128,0.001354,0.000000,0.000000,0.000000,0.000000
-2.680000,3.097656,0.000000,-0.001897,-0.038793,0.000000,-0.003242,0.039656,3.173313,0.033476,-0.120813,-71.959068,0.000167,-0.001692,0.000000,0.000000,0.000000,0.000000
8.130000,15.647503,0.000000,-0.001737,0.117682,0.000000,-0.003409,-0.132710,16.222347,0.035168,0.481155,-309.110657,-0.000052,-0.004548,0.000000,0.000000,0.000000,0.000000
2.650000,-7.932314,0.000000,-0.001112,0.038359,0.000000,-0.003357,-0.045608,-8.341373,0.039717,0.189922,138.383240,-0.000281,0.003142,0.000000,0.000000,0.000000,0.000000
-6.370000,-13.056474,0.000000,-0.000735,-0.092206,0.000000,-0.003075,0.110465,-13.950427,0.036574,-0.514753,206.820129,0.000035,0.002518,0.000000,0.000000,0.000000,0.000000
3.380000,14.113150,0.000000,-0.000749,0.048926,0.000000,-0.003111,-0.062995,15.351276,0.034056,0.322001,-207.480240,0.000120,-0.003062,0.000000,0.000000,0.000000,0.000000
-2.990000,-9.220592,0.000000,-0.000355,-0.043280,0.000000,-0.003231,0.057410,-10.238840,0.037119,-0.316864,128.158752,-0.000039,0.001575,0.000000,0.000000,0.000000,0.000000
-3.770000,-1.129052,0.000000,-0.000233,-0.054571,0.000000,-0.003192,0.076941,-1.284502,0.035543,-0.452758,15.080132,0.000184,-0.000942,0.000000,0.000000,0.000000,0.000000
-0.180000,5.196534,0.000000,-0.000145,-0.002606,0.000000,-0.003376,0.003701,6.040565,0.036485,-0.022980,-67.207962,0.000124,-0.001333,0.000000,0.000000,0.000000,0.000000
-4.330000,-21.017736,0.000000,-0.000618,-0.062677,0.000000,-0.001187,0.063602,-21.185503,0.024800,-0.113543,819.832703,-0.000229,0.015219,0.000000,0.000000,0.000000,0.000000
-1.890000,3.531906,0.000000,-0.000728,-0.027358,0.000000,-0.000958,0.027267,3.559782,0.009581,-0.048677,-137.755783,0.000142,-0.002768,0.000000,0.000000,0.000000,0.000000
-2.190000,-0.434251,0.000000,-0.000696,-0.031700,0.000000,-0.001100,0.032423,-0.441223,0.012349,-0.078826,12.537789,0.000079,0.000029,0.000000,0.000000,0.000000,0.000000
0.420000,3.777982,0.000000,-0.000683,0.006080,0.000000,-0.001179,-0.007268,3.871276,0.012320,0.022144,-87.786324,0.000053,-0.001602,0.000000,0.000000,0.000000,0.000000
0.620000,0.289501,0.000000,-0.000557,0.008975,0.000000,-0.001232,-0.010593,0.299551,0.013922,0.038406,-5.707822,-0.000023,-0.000001,0.000000,0.000000,0.000000,0.000000
0.000000,-0.897452,0.000000,-0.000427,0.000000,0.000000,-0.001209,-0.000494,-0.944213,0.013923,0.002057,15.664475,-0.000019,0.000302,0.000000,0.000000,0.000000,0.000000
-2.400000,-3.474006,0.000000,-0.000328,-0.034740,0.000000,-0.001190,0.041558,-3.712077,0.013621,-0.193655,55.032890,0.000042,0.000518,0.000000,0.000000,0.000000,0.000000
4.690000,10.262794,0.000000,-0.000333,0.067888,0.000000,-0.001232,-0.086515,11.163896,0.013103,0.442221,-150.885666,-0.000023,-0.001662,0.000000,0.000000,0.000000,0.000000
-0.680000,-7.773089,0.000000,-0.000040,-0.009843,0.000000,-0.001209,0.013111,-8.630319,0.014765,-0.072363,108.025017,-0.000128,0.001853,0.000000,0.000000,0.000000,0.000000
-0.080000,0.868502,0.000000,0.000026,-0.001158,0.000000,-0.001082,0.001676,0.984759,0.012912,-0.009864,-11.561125,0.000023,-0.000249,0.000000,0.000000,0.000000,0.000000
-2.050000,-2.851580,0.000000,0.000117,-0.029674,0.000000,-0.001105,0.044814,-3.317753,0.013161,-0.278259,36.913662,0.000058,-0.000053,0.000000,0.000000,0.000000,0.000000
-0.990000,1.534353,0.000000,0.000127,-0.014330,0.000000,-0.001163,0.023175,1.830492,0.013215,-0.150545,-19.466986,0.000097,-0.000776,0.000000,0.000000,0.000000,0.000000
-4.140000,-7.179613,0.000000,0.000799,-0.059927,0.000000,0.000558,0.062205,-7.236999,0.009627,-0.111050,280.056061,0.000031,0.005004,0.000000,0.000000,0.000000,0.000000
-3.970000,0.246075,0.000000,0.000662,-0.057466,0.000000,0.000527,0.059517,0.247881,0.004623,-0.106251,-9.592468,0.000166,-0.000478,0.000000,0.000000,0.000000,0.000000
-2.760000,1.751478,0.000000,0.000566,-0.039951,0.000000,0.000362,0.042370,1.777869,0.005101,-0.103009,-50.519871,0.000148,-0.001234,0.000000,0.000000,0.000000,0.000000
9.820000,18.209581,0.000000,0.000530,0.142145,0.000000,0.000214,-0.152208,18.661043,0.006336,0.463709,-423.163849,-0.000059,-0.006756,0.000000,0.000000,0.000000,0.000000
8.520000,-1.881753,0.000000,0.001066,0.123327,0.000000,0.000272,-0.135869,-1.951973,0.013092,0.492606,37.194103,-0.000404,0.002049,0.000000,0.000000,0.000000,0.000000
-2.170000,-15.473803,0.000000,0.001551,-0.031411,0.000000,0.000677,0.038086,-16.268841,0.011042,-0.158601,269.899811,-0.000204,0.004678,0.000000,0.000000,0.000000,0.000000
4.170000,9.177166,0.000000,0.001582,0.060361,0.000000,0.000881,-0.070984,9.802942,0.006365,0.330776,-145.332184,-0.000006,-0.001866,0.000000,0.000000,0.000000,0.000000
-2.010000,-8.945566,0.000000,0.001897,-0.029095,0.000000,0.000887,0.039302,-9.733236,0.008230,-0.200894,131.549576,-0.000078,0.001951,0.000000,0.000000,0.000000,0.000000
-4.910000,-4.197757,0.000000,0.001961,-0.071072,0.000000,0.000965,0.097678,-4.661727,0.006280,-0.539113,58.350468,0.000176,-0.000357,0.000000,0.000000,0.000000,0.000000
10.640000,22.508665,0.000000,0.001917,0.154014,0.000000,0.000789,-0.215363,25.548716,0.006637,1.267309,-299.943451,-0.000099,-0.002251,0.000000,0.000000,0.000000,0.000000
-6.790000,-4.284608,0.000000,-0.000173,-0.098285,0.000000,-0.000838,0.100528,-4.319415,0.028513,-0.179465,167.151932,0.000190,0.002684,0.000000,0.000000,0.000000,0.000000
-4.050000,3.966157,0.000000,-0.000370,-0.058624,0.000000,-0.001028,0.059646,3.997049,0.025830,-0.106482,-154.677078,0.000237,-0.003222,0.000000,0.000000,0.000000,0.000000
-2.960000,1.577778,0.000000,-0.000254,-0.042846,0.000000,-0.001265,0.044540,1.600759,0.029051,-0.108285,-45.487118,0.000150,-0.001148,0.000000,0.000000,0.000000,0.000000
-4.070000,-1.606728,0.000000,-0.000090,-0.058913,0.000000,-0.001416,0.063223,-1.647913,0.030200,-0.192613,37.368614,0.000140,0.000189,0.000000,0.000000,0.000000,0.000000
2.210000,9.090317,0.000000,0.000022,0.031990,0.000000,-0.001555,-0.035526,9.423548,0.030011,0.128802,-179.562119,0.000082,-0.003052,0.000000,0.000000,0.000000,0.000000
2.010000,-0.289501,0.000000,0.000411,0.029095,0.000000,-0.001637,-0.033143,-0.306466,0.033063,0.138016,5.084271,-0.000096,0.000475,0.000000,0.000000,0.000000,0.000000
-3.330000,-7.729664,0.000000,0.000793,-0.048202,0.000000,-0.001542,0.059168,-8.260102,0.032588,-0.275717,122.459038,0.000004,0.001572,0.000000,0.000000,0.000000,0.000000
-3.590000,-0.376351,0.000000,0.000950,-0.051965,0.000000,-0.001545,0.067106,-0.412176,0.031016,-0.343010,5.570763,0.000174,-0.000825,0.000000,0.000000,0.000000,0.000000
0.580000,6.036086,0.000000,0.001103,0.008396,0.000000,-0.001719,-0.009753,6.697664,0.031841,0.053831,-83.834129,0.000100,-0.001440,0.000000,0.000000,0.000000,0.000000
1.910000,1.925179,0.000000,0.001438,0.027647,0.000000,-0.001819,-0.037111,2.181505,0.033281,0.218381,-25.610996,-0.000059,0.000108,0.000000,0.000000,0.000000,0.000000
-0.470000,-3.445056,0.000000,0.001838,-0.006803,0.000000,-0.001760,0.012998,-4.011226,0.033173,-0.080709,44.629322,-0.000041,0.000627,0.000000,0.000000,0.000000,0.000000
-0.900000,-5.949235,0.000000,-0.001606,-0.013028,0.000000,-0.002478,0.011784,-5.997471,0.038489,-0.021037,232.089050,-0.000082,0.004337,0.000000,0.000000,0.000000,0.000000
-1.730000,-1.201427,0.000000,-0.001550,-0.025042,0.000000,-0.002396,0.024053,-1.211791,0.034152,-0.042941,46.893677,0.000042,0.000764,0.000000,0.000000,0.000000,0.000000
-5.910000,-6.050560,0.000000,-0.001321,-0.085547,0.000000,-0.002438,0.088078,-6.143581,0.033388,-0.214135,174.575790,0.000122,0.002725,0.000000,0.000000,0.000000,0.000000
-2.080000,5.543935,0.000000,-0.001298,-0.030108,0.000000,-0.002560,0.030965,5.680327,0.030663,-0.094335,-128.808929,0.000191,-0.002699,0.000000,0.000000,0.000000,0.000000
3.490000,8.062590,0.000000,-0.001112,0.050518,0.000000,-0.002751,-0.057376,8.358031,0.033363,0.208023,-159.259125,0.000003,-0.002448,0.000000,0.000000,0.000000,0.000000
-3.510000,-10.132518,0.000000,-0.000688,-0.050807,0.000000,-0.002754,0.057912,-10.654352,0.035810,-0.241157,176.755508,-0.000045,0.002699,0.000000,0.000000,0.000000,0.000000
-3.870000,-0.521101,0.000000,-0.000574,-0.056018,0.000000,-0.002709,0.066957,-0.558708,0.033111,-0.312010,8.283042,0.000171,-0.000692,0.000000,0.000000,0.000000,0.000000
2.900000,9.799592,0.000000,-0.000480,0.041978,0.000000,-0.002880,-0.053843,10.658526,0.033804,0.275218,-144.055344,0.000056,-0.001982,0.000000,0.000000,0.000000,0.000000
-3.250000,-8.902141,0.000000,-0.000102,-0.047044,0.000000,-0.002936,0.062781,-9.885359,0.035785,-0.346508,123.734261,-0.000017,0.001409,0.000000,0.000000,0.000000,0.000000
-1.610000,2.373904,0.000000,0.000014,-0.023305,0.000000,-0.002918,0.033019,2.691792,0.034376,-0.194300,-31.601795,0.000140,-0.001127,0.000000,0.000000,0.000000,0.000000
-4.420000,-25.432619,0.000000,-0.000424,-0.063980,0.000000,-0.001032,0.065139,-25.635544,0.026294,-0.116287,992.039612,-0.000309,0.018472,0.000000,0.000000,0.000000,0.000000
-1.190000,4.675433,0.000000,-0.000533,-0.017225,0.000000,-0.000723,0.017091,4.712440,0.007823,-0.030511,-182.361115,0.000136,-0.003570,0.000000,0.000000,0.000000,0.000000
0.020000,1.751478,0.000000,-0.000479,0.000290,0.000000,-0.000859,-0.000804,1.777741,0.011392,0.001953,-50.516235,0.000031,-0.000945,0.000000,0.000000,0.000000,0.000000
0.830000,1.172477,0.000000,-0.000372,0.012014,0.000000,-0.000890,-0.013313,1.201078,0.012337,0.040558,-27.236040,-0.000013,-0.000404,0.000000,0.000000,0.000000,0.000000
0.950000,0.173700,0.000000,-0.000231,0.013751,0.000000,-0.000877,-0.015539,0.179478,0.012741,0.056337,-3.419889,-0.000039,0.000088,0.000000,0.000000,0.000000,0.000000
0.060000,-1.288277,0.000000,-0.000087,0.000869,0.000000,-0.000838,-0.001104,-1.355113,0.012653,0.004598,22.481304,-0.000029,0.000438,0.000000,0.000000,0.000000,0.000000
-3.410000,-5.022834,0.000000,0.000017,-0.049360,0.000000,-0.000810,0.059630,-5.366727,0.012215,-0.277869,79.563675,0.000060,0.000754,0.000000,0.000000,0.000000,0.000000
1.840000,7.599388,0.000000,-0.000027,0.026634,0.000000,-0.000869,-0.033810,8.266400,0.011461,0.172822,-111.724564,0.000065,-0.001649,0.000000,0.000000,0.000000,0.000000
-2.670000,-6.528237,0.000000,0.000151,-0.038648,0.000000,-0.000934,0.051892,-7.248348,0.013110,-0.286407,90.726997,0.000003,0.000946,0.000000,0.000000,0.000000,0.000000
2.330000,7.237513,0.000000,0.000140,0.033727,0.000000,-0.000937,-0.047558,8.214503,0.012164,0.279853,-96.438774,0.000027,-0.001071,0.000000,0.000000,0.000000,0.000000
-1.090000,-4.950459,0.000000,0.000339,-0.015778,0.000000,-0.000964,0.024244,-5.759003,0.013235,-0.150537,64.075272,-0.000044,0.000808,0.000000,0.000000,0.000000,0.000000
-7.220000,-9.929868,0.000000,0.000589,-0.104510,0.000000,0.000315,0.107641,-10.009157,0.011191,-0.192163,387.332550,0.000102,0.006813,0.000000,0.000000,0.000000,0.000000
-2.300000,7.121712,0.000000,0.000334,-0.033293,0.000000,0.000213,0.034430,7.178222,0.004379,-0.061466,-277.781494,0.000229,-0.005439,0.000000,0.000000,0.000000,0.000000
1.420000,5.384709,0.000000,0.000345,0.020555,0.000000,-0.000015,-0.021134,5.466177,0.009817,0.051380,-155.326675,0.000046,-0.002792,0.000000,0.000000,0.000000,0.000000
3.250000,2.648930,0.000000,0.000532,0.047044,0.000000,-0.000061,-0.049991,2.714022,0.012609,0.152301,-61.544052,-0.000084,-0.000748,0.000000,0.000000,0.000000,0.000000
3.860000,0.882976,0.000000,0.000804,0.055874,0.000000,0.000023,-0.061199,0.914627,0.013357,0.221882,-17.427866,-0.000148,0.000272,0.000000,0.000000,0.000000,0.000000
1.000000,-4.139857,0.000000,0.001109,0.014475,0.000000,0.000171,-0.015445,-4.353374,0.013086,0.064315,72.222389,-0.000124,0.001541,0.000000,0.000000,0.000000,0.000000
2.430000,2.069929,0.000000,0.001296,0.035174,0.000000,0.000295,-0.040913,2.210035,0.011545,0.190649,-32.764580,-0.000069,-0.000108,0.000000,0.000000,0.000000,0.000000
-5.600000,-11.623446,0.000000,0.001554,-0.081060,0.000000,0.000363,0.104768,-12.646543,0.011652,-0.535519,170.924377,0.000044,0.001788,0.000000,0.000000,0.000000,0.000000
-4.700000,1.302753,0.000000,0.001481,-0.068033,0.000000,0.000319,0.092970,1.444568,0.009864,-0.513127,-18.081535,0.000279,-0.001734,0.000000,0.000000,0.000000,0.000000
-4.930000,-0.332925,0.000000,0.001456,-0.071362,0.000000,0.000040,0.103107,-0.379940,0.011598,-0.606735,4.460523,0.000271,-0.001554,0.000000,0.000000,0.000000,0.000000
-1.610000,4.805708,0.000000,0.001431,-0.023305,0.000000,-0.000231,0.037209,5.586797,0.013152,-0.231040,-62.159286,0.000206,-0.001799,0.000000,0.000000,0.000000,0.000000
-11.610000,-36.896839,0.000000,-0.000628,-0.168055,0.000000,-0.001140,0.171481,-37.190826,0.022362,-0.306133,1439.203735,-0.000241,0.026427,0.000000,0.000000,0.000000,0.000000
-4.930000,9.669317,0.000000,-0.001029,-0.071362,0.000000,-0.000900,0.072014,9.746370,-0.004065,-0.128561,-377.163239,0.000380,-0.007538,0.000000,0.000000,0.000000,0.000000
-3.830000,1.592253,0.000000,-0.001210,-0.055439,0.000000,-0.001279,0.056709,1.616440,0.003474,-0.137871,-45.932693,0.000183,-0.001229,0.000000,0.000000,0.000000,0.000000
-1.750000,3.010805,0.000000,-0.001349,-0.025331,0.000000,-0.001463,0.025776,3.085497,0.004702,-0.078528,-69.967735,0.000128,-0.001535,0.000000,0.000000,0.000000,0.000000
4.590000,9.177166,0.000000,-0.001404,0.066440,0.000000,-0.001591,-0.075395,9.515144,0.006237,0.273353,-181.307480,-0.000024,-0.002691,0.000000,0.000000,0.000000,0.000000
0.890000,-5.355760,0.000000,-0.001188,0.012883,0.000000,-0.001567,-0.016259,-5.630744,0.008928,0.067705,93.413948,-0.000151,0.001957,0.000000,0.000000,0.000000,0.000000
-2.740000,-5.254434,0.000000,-0.001142,-0.039662,0.000000,-0.001416,0.046518,-5.613352,0.006971,-0.216767,83.219978,0.000020,0.000986,0.000000,0.000000,0.000000,0.000000
7.680000,15.082976,0.000000,-0.001259,0.111168,0.000000,-0.001436,-0.142576,16.408655,0.005985,0.728775,-221.771240,-0.000075,-0.002230,0.000000,0.000000,0.000000,0.000000
-1.100000,-12.709072,0.000000,-0.000942,-0.015923,0.000000,-0.001361,0.020035,-14.108862,0.008215,-0.110580,176.599503,-0.000213,0.003049,0.000000,0.000000,0.000000,0.000000
0.840000,2.808155,0.000000,-0.001002,0.012159,0.000000,-0.001148,-0.018636,3.187940,0.005166,0.109664,-37.426605,0.000010,-0.000418,0.000000,0.000000,0.000000,0.000000
4.720000,5.616310,0.000000,-0.000987,0.068322,0.000000,-0.001158,-0.104261,6.532260,0.005584,0.647378,-72.678612,-0.000158,0.000376,0.000000,0.000000,0.000000,0.000000
-3.540000,-3.575331,0.000000,0.002042,-0.051242,0.000000,0.002084,0.054557,-3.603773,-0.003455,-0.097397,139.458130,0.000080,0.002376,0.000000,0.000000,0.000000,0.000000
-3.110000,0.622426,0.000000,0.001898,-0.045017,0.000000,0.002004,0.048036,0.627437,-0.005832,-0.085756,-24.280451,0.000142,-0.000696,0.000000,0.000000,0.000000,0.000000
-1.500000,2.330479,0.000000,0.001759,-0.021713,0.000000,0.001863,0.024545,2.365924,-0.005136,-0.059673,-67.230011,0.000111,-0.001433,0.000000,0.000000,0.000000,0.000000
5.150000,9.625893,0.000000,0.001707,0.074546,0.000000,0.001752,-0.078288,9.864648,-0.003703,0.238507,-223.693985,-0.000025,-0.003588,0.000000,0.000000,0.000000,0.000000
-3.920000,-13.128849,0.000000,0.001968,-0.056742,0.000000,0.001777,0.065244,-13.612816,-0.000115,-0.236550,259.387024,-0.000081,0.004278,0.000000,0.000000,0.000000,0.000000
0.940000,7.034862,0.000000,0.001841,0.013607,0.000000,0.001858,-0.013595,7.395535,-0.004393,0.056612,-122.691803,0.000103,-0.002178,0.000000,0.000000,0.000000,0.000000
0.000000,-1.360652,0.000000,0.001939,0.000000,0.000000,0.001755,0.002341,-1.454172,-0.002215,-0.010909,21.558634,-0.000021,0.000383,0.000000,0.000000,0.000000,0.000000
-3.870000,-5.601835,0.000000,0.002009,-0.056018,0.000000,0.001776,0.073587,-6.094904,-0.002598,-0.376141,82.375702,0.000084,0.000542,0.000000,0.000000,0.000000,0.000000
2.390000,9.061366,0.000000,0.001928,0.034595,0.000000,0.001692,-0.043690,10.058436,-0.003139,0.241140,-125.900642,0.000072,-0.001733,0.000000,0.000000,0.000000,0.000000
-0.990000,-18.470133,0.000000,0.000033,-0.014330,0.000000,-0.000409,0.014754,-18.617514,0.018841,-0.026340,720.457153,-0.000313,0.013574,0.000000,0.000000,0.000000,0.000000
-11.850000,-15.719879,0.000000,0.000041,-0.171529,0.000000,-0.000096,0.175670,-15.845036,0.005268,-0.313611,613.168213,0.000176,0.010737,0.000000,0.000000,0.000000,0.000000
-5.050000,9.843018,0.000000,-0.000486,-0.073099,0.000000,-0.000272,0.075934,9.992860,-0.005469,-0.184610,-283.956757,0.000394,-0.005896,0.000000,0.000000,0.000000,0.000000
-0.320000,6.846687,0.000000,-0.000696,-0.004632,0.000000,-0.000666,0.004231,7.016650,0.000427,-0.012888,-159.111832,0.000144,-0.003037,0.000000,0.000000,0.000000,0.000000
0.310000,0.911927,0.000000,-0.000698,0.004487,0.000000,-0.000810,-0.005762,0.945480,0.003463,0.020892,-18.015764,0.000002,-0.000279,0.000000,0.000000,0.000000,0.000000
-2.010000,-3.358206,0.000000,-0.000677,-0.029095,0.000000,-0.000812,0.032836,-3.530536,0.003742,-0.136735,58.571533,0.000022,0.000740,0.000000,0.000000,0.000000,0.000000
-5.840000,-5.543935,0.000000,-0.000762,-0.084534,0.000000,-0.000834,0.101166,-5.922502,0.003003,-0.471424,87.803246,0.000161,0.000386,0.000000,0.000000,0.000000,0.000000
5.770000,16.805504,0.000000,-0.001017,0.083521,0.000000,-0.000995,-0.107207,18.282694,0.002617,0.547989,-247.099823,0.000056,-0.003197,0.000000,0.000000,0.000000,0.000000
1.440000,-6.267686,0.000000,-0.000785,0.020844,0.000000,-0.001051,-0.028927,-6.957968,0.005814,0.159657,87.092316,-0.000210,0.002087,0.000000,0.000000,0.000000,0.000000
-3.530000,-7.194088,0.000000,-0.000742,-0.051097,0.000000,-0.000841,0.071301,-8.166138,0.003727,-0.419573,95.870949,0.000039,0.000677,0.000000,0.000000,0.000000,0.000000
-2.960000,0.825076,0.000000,-0.000911,-0.042846,0.000000,-0.000880,0.063082,0.960079,0.003051,-0.391690,-10.681934,0.000189,-0.001263,0.000000,0.000000,0.000000,0.000000
-0.760000,-3.459531,0.000000,0.001943,-0.011001,0.000000,0.002047,0.013246,-3.486980,-0.006049,-0.023648,134.938507,-0.000031,0.002493,0.000000,0.000000,0.000000,0.000000
-1.840000,-1.563303,0.000000,0.001902,-0.026634,0.000000,0.002078,0.029217,-1.575605,-0.008543,-0.052160,60.972462,0.000049,0.001009,0.000000,0.000000,0.000000,0.000000
0.050000,2.735780,0.000000,0.001770,0.000724,0.000000,0.002029,0.001094,2.777539,-0.009551,-0.002660,-78.926460,0.000055,-0.001504,0.000000,0.000000,0.000000,0.000000
-8.610000,-12.535371,0.000000,0.001739,-0.124630,0.000000,0.001973,0.135822,-12.846295,-0.008048,-0.413788,291.306763,0.000124,0.004399,0.000000,0.000000,0.000000,0.000000
3.900000,18.108257,0.000000,0.001329,0.056453,0.000000,0.001849,-0.061259,18.775585,-0.012447,0.222100,-357.761658,0.000190,-0.006182,0.000000,0.000000,0.000000,0.000000
-0.410000,-6.238736,0.000000,0.001481,-0.005935,0.000000,0.001660,0.008569,-6.558883,-0.006266,-0.035683,108.811745,-0.000101,0.001975,0.000000,0.000000,0.000000,0.000000
4.070000,6.484812,0.000000,0.001455,0.058913,0.000000,0.001761,-0.069389,6.927732,-0.008241,0.323344,-102.706131,-0.000056,-0.001074,0.000000,0.000000,0.000000,0.000000
-1.840000,-8.554741,0.000000,0.001632,-0.026634,0.000000,0.001817,0.035846,-9.306799,-0.007167,-0.183226,125.786072,-0.000079,0.001888,0.000000,0.000000,0.000000,0.000000
-4.020000,-3.155555,0.000000,0.001569,-0.058190,0.000000,0.001896,0.079923,-3.503288,-0.009055,-0.441118,43.850376,0.000150,-0.000366,0.000000,0.000000,0.000000,0.000000
10.720000,21.336187,0.000000,0.001425,0.155172,0.000000,0.001746,-0.217700,24.219437,-0.008689,1.281060,-284.337616,-0.000131,-0.001918,0.000000,0.000000,0.000000,0.000000
6.490000,-6.122936,0.000000,0.001908,0.093943,0.000000,0.001877,-0.138446,-7.122148,-0.006771,0.859640,79.241768,-0.000509,0.003829,0.000000,0.000000,0.000000,0.000000
0.580000,-8.554740,0.000000,0.002227,0.008396,0.000000,0.002386,-0.009888,-10.214661,-0.010600,0.064232,108.631271,-0.000219,0.002224,0.000000,0.000000,0.000000,0.000000
-0.750000,-8.366565,0.000000,0.000957,-0.010856,0.000000,0.000695,0.012126,-8.433418,0.010406,-0.021648,326.354889,-0.000126,0.006117,0.000000,0.000000,0.000000,0.000000
-3.950000,-4.632008,0.000000,0.000954,-0.057176,0.000000,0.000821,0.059520,-4.669002,0.004289,-0.106257,180.680176,0.000073,0.003122,0.000000,0.000000,0.000000,0.000000
-3.160000,1.143527,0.000000,0.000826,-0.045741,0.000000,0.000748,0.048696,1.160793,0.001167,-0.118390,-32.985046,0.000154,-0.000951,0.000000,0.000000,0.000000,0.000000
0.570000,5.399185,0.000000,0.000740,0.008251,0.000000,0.000595,-0.008073,5.532950,0.002117,0.024594,-125.466965,0.000083,-0.002307,0.000000,0.000000,0.000000,0.000000
0.780000,0.303976,0.000000,0.000827,0.011291,0.000000,0.000512,-0.011628,0.314764,0.004425,0.042158,-5.997714,-0.000026,0.000005,0.000000,0.000000,0.000000,0.000000
3.870000,4.472783,0.000000,0.000929,0.056018,0.000000,0.000538,-0.063654,4.701734,0.004420,0.265070,-78.001694,-0.000083,-0.000760,0.000000,0.000000,0.000000,0.000000
-0.800000,-6.759837,0.000000,0.001172,-0.011580,0.000000,0.000621,0.015400,-7.222332,0.005180,-0.071761,107.073685,-0.000095,0.001835,0.000000,0.000000,0.000000,0.000000
-0.610000,0.275025,0.000000,0.001222,-0.008830,0.000000,0.000716,0.012747,0.298362,0.003345,-0.065156,-4.032508,0.000040,-0.000256,0.000000,0.000000,0.000000,0.000000
2.640000,4.704383,0.000000,0.001288,0.038214,0.000000,0.000676,-0.049386,5.221444,0.003601,0.272574,-65.356400,-0.000035,-0.000500,0.000000,0.000000,0.000000,0.000000
4.630000,2.880530,0.000000,0.001501,0.067019,0.000000,0.000710,-0.092772,3.268410,0.004101,0.545918,-38.371326,-0.000189,0.000751,0.000000,0.000000,0.000000,0.000000
1.130000,-5.066259,0.000000,0.001806,0.016357,0.000000,0.000899,-0.021889,-5.894025,0.003350,0.135911,65.577545,-0.000170,0.001608,0.000000,0.000000,0.000000,0.000000
-3.910000,-4.530683,0.000000,0.000136,-0.056597,0.000000,-0.000276,0.058134,-4.567175,0.017471,-0.103782,176.739700,0.000071,0.003063,0.000000,0.000000,0.000000,0.000000
-3.120000,1.143527,0.000000,0.000026,-0.045162,0.000000,-0.000347,0.046267,1.152248,0.014408,-0.082598,-44.589485,0.000147,-0.001073,0.000000,0.000000,0.000000,0.000000
-1.120000,2.895005,0.000000,0.000053,-0.016212,0.000000,-0.000494,0.017009,2.938457,0.015482,-0.041352,-83.499107,0.000101,-0.001691,0.000000,0.000000,0.000000,0.000000
3.950000,7.338839,0.000000,0.000174,0.057176,0.000000,-0.000596,-0.061266,7.520148,0.017173,0.186651,-170.529327,-0.000024,-0.002721,0.000000,0.000000,0.000000,0.000000
-0.100000,-5.862386,0.000000,0.000525,-0.001448,0.000000,-0.000572,0.002192,-6.079462,0.019894,-0.007946,115.841827,-0.000109,0.002177,0.000000,0.000000,0.000000,0.000000
0.200000,0.434251,0.000000,0.000699,0.002895,0.000000,-0.000463,-0.002537,0.455260,0.017717,0.010566,-7.552763,0.000002,-0.000118,0.000000,0.000000,0.000000,0.000000
1.950000,2.533129,0.000000,0.000891,0.028226,0.000000,-0.000465,-0.033011,2.704602,0.017835,0.153826,-40.096714,-0.000038,-0.000343,0.000000,0.000000,0.000000,0.000000
-0.730000,-3.879307,0.000000,0.001164,-0.010567,0.000000,-0.000427,0.014877,-4.222131,0.018178,-0.076044,57.064217,-0.000040,0.000875,0.000000,0.000000,0.000000,0.000000
-4.170000,-4.979409,0.000000,0.001331,-0.060361,0.000000,-0.000387,0.082509,-5.529974,0.017302,-0.455391,69.218246,0.000119,0.000077,0.000000,0.000000,0.000000,0.000000
1.420000,8.091539,0.000000,0.001361,0.020555,0.000000,-0.000506,-0.027177,9.182652,0.017225,0.159921,-107.804878,0.000100,-0.001609,0.000000,0.000000,0.000000,0.000000
4.410000,4.328032,0.000000,0.001635,0.063835,0.000000,-0.000606,-0.093565,5.030563,0.018834,0.580969,-55.970581,-0.000158,0.000515,0.000000,0.000000,0.000000,0.000000
-3.260000,-11.102345,0.000000,0.002043,-0.047189,0.000000,-0.000448,0.078918,-13.258778,0.018319,-0.512657,141.004959,-0.000037,0.001282,0.000000,0.000000,0.000000,0.000000
0.740000,-0.072375,0.000000,-0.000679,0.010712,0.000000,-0.001291,-0.011599,-0.073610,0.026640,0.020707,2.848546,-0.000033,0.000108,0.000000,0.000000,0.000000,0.000000
1.450000,1.027727,0.000000,-0.000586,0.020989,0.000000,-0.001258,-0.022091,1.035242,0.026533,0.039437,-40.061615,-0.000040,-0.000652,0.000000,0.000000,0.000000,0.000000
-0.420000,-2.706830,0.000000,-0.000274,-0.006080,0.000000,-0.001218,0.006072,-2.748904,0.027185,-0.014761,78.112747,-0.000036,0.001440,0.000000,0.000000,0.000000,0.000000
-0.770000,-0.506626,0.000000,-0.000051,-0.011146,0.000000,-0.001183,0.011925,-0.520324,0.025744,-0.036329,11.799044,0.000022,0.000122,0.000000,0.000000,0.000000,0.000000
-2.400000,-2.359429,0.000000,0.000155,-0.034740,0.000000,-0.001205,0.038779,-2.447708,0.025622,-0.140597,46.640152,0.000059,0.000503,0.000000,0.000000,0.000000,0.000000
-1.260000,1.650153,0.000000,0.000289,-0.018239,0.000000,-0.001264,0.021409,1.733221,0.025119,-0.089150,-28.754097,0.000091,-0.000787,0.000000,0.000000,0.000000,0.000000
-2.090000,-1.201427,0.000000,0.000475,-0.030253,0.000000,-0.001354,0.037108,-1.285413,0.025906,-0.172919,19.056711,0.000076,-0.000105,0.000000,0.000000,0.000000,0.000000
-2.280000,-0.275026,0.000000,0.000627,-0.033003,0.000000,-0.001430,0.042648,-0.301421,0.026011,-0.217996,4.073852,0.000110,-0.000512,0.000000,0.000000,0.000000,0.000000
-1.000000,1.852803,0.000000,0.000775,-0.014475,0.000000,-0.001540,0.020396,2.054282,0.026524,-0.112570,-25.713285,0.000094,-0.000790,0.000000,0.000000,0.000000,0.000000
-1.980000,-1.418553,0.000000,0.000981,-0.028661,0.000000,-0.001634,0.041972,-1.613289,0.027314,-0.246983,18.940104,0.000083,-0.000308,0.000000,0.000000,0.000000,0.000000
-3.580000,-21.958614,0.000000,-0.000822,-0.051821,0.000000,-0.001492,0.052287,-22.133968,0.029254,-0.093345,856.536255,-0.000278,0.015967,0.000000,0.000000,0.000000,0.000000
0.710000,6.209786,0.000000,-0.000892,0.010277,0.000000,-0.001214,-0.011436,6.258871,0.013287,0.020416,-242.204620,0.000088,-0.004560,0.000000,0.000000,0.000000,0.000000
-0.660000,-1.983079,0.000000,-0.000705,-0.009554,0.000000,-0.001302,0.009253,-2.013785,0.017847,-0.022496,57.223644,-0.000013,0.001031,0.000000,0.000000,0.000000,0.000000
-6.690000,-8.728441,0.000000,-0.000588,-0.096838,0.000000,-0.001289,0.103449,-8.945668,0.016816,-0.315163,202.854904,0.000110,0.002987,0.000000,0.000000,0.000000,0.000000
-12.230000,-8.019163,0.000000,-0.000749,-0.177030,0.000000,-0.001399,0.195901,-8.315088,0.013830,-0.710259,158.440857,0.000372,0.001073,0.000000,0.000000,0.000000,0.000000
1.180000,19.411009,0.000000,-0.001159,0.017081,0.000000,-0.001772,-0.021075,20.406507,0.012756,0.087762,-338.543610,0.000329,-0.006175,0.000000,0.000000,0.000000,0.000000
2.450000,1.838329,0.000000,-0.000994,0.035464,0.000000,-0.002100,-0.044029,1.962988,0.018931,0.205168,-29.102013,-0.000083,0.000015,0.000000,0.000000,0.000000,0.000000
-6.360000,-12.752498,0.000000,-0.000784,-0.092061,0.000000,-0.002018,0.115754,-13.874233,0.018916,-0.591675,187.517242,0.000051,0.001950,0.000000,0.000000,0.000000,0.000000
7.210000,13.041997,0.000000,0.000904,0.104365,0.000000,0.000781,-0.105918,13.145558,0.004515,0.189088,-508.704407,-0.000038,-0.009124,0.000000,0.000000,0.000000,0.000000
4.470000,-3.966157,0.000000,0.001199,0.064703,0.000000,0.000818,-0.065022,-3.998109,0.013639,0.116079,154.718079,-0.000252,0.003260,0.000000,0.000000,0.000000,0.000000
-3.380000,-11.362895,0.000000,0.001501,-0.048926,0.000000,0.001070,0.052733,-11.536101,0.010379,-0.128203,327.809479,-0.000075,0.005854,0.000000,0.000000,0.000000,0.000000
-3.610000,-0.332925,0.000000,0.001445,-0.052255,0.000000,0.001145,0.057717,-0.341594,0.004524,-0.175838,7.746101,0.000150,-0.000340,0.000000,0.000000,0.000000,0.000000
-4.140000,-0.767176,0.000000,0.001390,-0.059927,0.000000,0.000996,0.068141,-0.795982,0.004864,-0.247053,15.167130,0.000169,-0.000380,0.000000,0.000000,0.000000,0.000000
-9.200000,-7.324363,0.000000,0.001320,-0.133170,0.000000,0.000827,0.155401,-7.700858,0.005245,-0.647125,127.757088,0.000274,0.000669,0.000000,0.000000,0.000000,0.000000
3.300000,18.093782,0.000000,0.001040,0.047768,0.000000,0.000552,-0.056431,19.328896,0.004575,0.262960,-286.557892,0.000213,-0.004716,0.000000,0.000000,0.000000,0.000000
4.570000,1.838328,0.000000,0.001302,0.066151,0.000000,0.000339,-0.082238,1.998572,0.009291,0.420360,-27.011703,-0.000185,0.000634,0.000000,0.000000,0.000000,0.000000
9.330000,6.890111,0.000000,0.001626,0.135052,0.000000,0.000524,-0.178448,7.647290,0.008657,0.984907,-95.720512,-0.000338,0.000851,0.000000,0.000000,0.000000,0.000000
7.630000,-2.460754,0.000000,0.002162,0.110444,0.000000,0.000862,-0.153324,-2.795517,0.007806,0.902234,32.819538,-0.000467,0.003060,0.000000,0.000000,0.000000,0.000000
3.410000,7.816514,0.000000,0.000560,0.049360,0.000000,-0.000074,-0.049897,7.877962,0.026567,0.089078,-304.859863,0.000015,-0.005537,0.000000,0.000000,0.000000,0.000000
3.680000,0.390826,0.000000,0.000758,0.053268,0.000000,-0.000089,-0.053765,0.393068,0.032104,0.095982,-15.210889,-0.000138,-0.000018,0.000000,0.000000,0.000000,0.000000
3.430000,-0.361875,0.000000,0.001233,0.049649,0.000000,0.000049,-0.050630,-0.368616,0.032122,0.123092,10.474593,-0.000144,0.000531,0.000000,0.000000,0.000000,0.000000
-3.140000,-9.510092,0.000000,0.001704,-0.045452,0.000000,0.000193,0.050683,-9.747696,0.031591,-0.154409,221.041946,-0.000047,0.003767,0.000000,0.000000,0.000000,0.000000
-2.600000,0.781651,0.000000,0.001889,-0.037635,0.000000,0.000240,0.043923,0.808581,0.027824,-0.159249,-15.407208,0.000134,-0.000729,0.000000,0.000000,0.000000,0.000000
-1.200000,2.026503,0.000000,0.002111,-0.017370,0.000000,0.000106,0.022510,2.128145,0.028554,-0.093735,-35.305889,0.000101,-0.000921,0.000000,0.000000,0.000000,0.000000
-7.880000,-9.669317,0.000000,0.002407,-0.114063,0.000000,0.000005,0.140654,-10.332639,0.029474,-0.655432,153.185135,0.000185,0.001129,0.000000,0.000000,0.000000,0.000000
-8.240000,-0.521101,0.000000,0.002431,-0.119274,0.000000,-0.000180,0.154342,-0.570159,0.028345,-0.788919,7.705988,0.000406,-0.001990,0.000000,0.000000,0.000000,0.000000
24.110001,23.377165,0.000000,-0.002843,0.348993,0.000000,-0.003946,-0.360132,23.561935,0.049352,0.642919,-911.795410,-0.000529,-0.015522,0.000000,0.000000,0.000000,0.000000
-3.350000,-39.748421,0.000000,-0.001782,-0.048491,0.000000,-0.003417,0.047825,-40.066128,0.064874,-0.085379,1550.471680,-0.000628,0.029156,0.000000,0.000000,0.000000,0.000000
-0.550000,4.053007,0.000000,-0.001602,-0.007961,0.000000,-0.002789,0.006650,4.113496,0.035718,-0.016168,-116.888962,0.000097,-0.002311,0.000000,0.000000,0.000000,0.000000
-1.350000,-1.158002,0.000000,-0.001299,-0.019541,0.000000,-0.002886,0.019607,-1.188224,0.038029,-0.059733,26.944551,0.000030,0.000353,0.000000,0.000000,0.000000,0.000000
-12.130000,-15.604077,0.000000,-0.001043,-0.175582,0.000000,-0.002916,0.193965,-16.180557,0.037676,-0.703240,308.314362,0.000218,0.003935,0.000000,0.000000,0.000000,0.000000
0.520000,18.310907,0.000000,-0.001272,0.007527,0.000000,-0.003134,-0.010167,19.248732,0.033741,0.042336,-319.336121,0.000337,-0.005939,0.000000,0.000000,0.000000,0.000000
1.580000,1.534353,0.000000,-0.000959,0.022871,0.000000,-0.003471,-0.028778,1.636837,0.039681,0.134102,-24.266712,-0.000047,-0.000086,0.000000,0.000000,0.000000,0.000000
2.810000,1.780428,0.000000,-0.000610,0.040675,0.000000,-0.003423,-0.052356,1.934245,0.039766,0.267617,-26.142302,-0.000105,0.000229,0.000000,0.000000,0.000000,0.000000
0.530000,-3.300306,0.000000,-0.000214,0.007672,0.000000,-0.003318,-0.010546,-3.666811,0.039537,0.058208,45.897186,-0.000098,0.001026,0.000000,0.000000,0.000000,0.000000
-1.010000,-2.229154,0.000000,0.000084,-0.014620,0.000000,-0.003221,0.020821,-2.533757,0.038511,-0.122518,29.746460,0.000009,0.000230,0.000000,0.000000,0.000000,0.000000
0.020000,-23.608767,0.000000,-0.000563,0.000290,0.000000,-0.001238,-0.000802,-23.797256,0.029260,0.001432,920.901917,-0.000453,0.017441,0.000000,0.000000,0.000000,0.000000
2.610000,3.749032,0.000000,-0.000492,0.037780,0.000000,-0.000785,-0.039186,3.778565,0.011820,0.069956,-146.222214,-0.000034,-0.002612,0.000000,0.000000,0.000000,0.000000
-1.940000,-6.586137,0.000000,-0.000255,-0.028082,0.000000,-0.000752,0.029099,-6.686726,0.014431,-0.070745,190.009781,-0.000048,0.003411,0.000000,0.000000,0.000000,0.000000
-7.640000,-8.250764,0.000000,-0.000234,-0.110589,0.000000,-0.000704,0.118610,-8.455934,0.011020,-0.361350,191.749527,0.000161,0.002647,0.000000,0.000000,0.000000,0.000000
0.070000,11.160244,0.000000,-0.000473,0.001013,0.000000,-0.000865,-0.001651,11.570953,0.008373,0.005987,-220.480133,0.000214,-0.004163,0.000000,0.000000,0.000000,0.000000
-1.370000,-2.084404,0.000000,-0.000374,-0.019831,0.000000,-0.001079,0.022482,-2.191996,0.012537,-0.093621,36.365181,0.000019,0.000443,0.000000,0.000000,0.000000,0.000000
0.790000,3.126606,0.000000,-0.000341,0.011435,0.000000,-0.001098,-0.014222,3.339468,0.012094,0.066271,-49.508835,0.000025,-0.000759,0.000000,0.000000,0.000000,0.000000
-6.380000,-10.378593,0.000000,-0.000218,-0.092351,0.000000,-0.001123,0.116839,-11.291529,0.012853,-0.597221,152.610687,0.000102,0.001276,0.000000,0.000000,0.000000,0.000000
-5.220000,1.679103,0.000000,-0.000401,-0.075560,0.000000,-0.001225,0.100519,1.863340,0.011577,-0.554796,-23.323275,0.000307,-0.001945,0.000000,0.000000,0.000000,0.000000
5.240000,15.140877,0.000000,-0.000538,0.075849,0.000000,-0.001532,-0.108162,17.186350,0.013522,0.636479,-201.768768,0.000032,-0.002095,0.000000,0.000000,0.000000,0.000000
9.450000,6.093985,0.000000,-0.000242,0.136789,0.000000,-0.001564,-0.206132,7.086283,0.015617,1.279918,-78.842728,-0.000423,0.001973,0.000000,0.000000,0.000000,0.000000
-0.420000,-7.700714,0.000000,0.000985,-0.006080,0.000000,0.000719,0.007264,-7.762278,0.010563,-0.012968,300.383209,-0.000127,0.005649,0.000000,0.000000,0.000000,0.000000
-4.650000,-6.122936,0.000000,0.000995,-0.067309,0.000000,0.000845,0.069936,-6.171805,0.004914,-0.124853,238.835358,0.000073,0.004174,0.000000,0.000000,0.000000,0.000000
-5.440000,-1.143527,0.000000,0.000835,-0.078744,0.000000,0.000773,0.083219,-1.161008,0.000739,-0.202321,32.991173,0.000203,0.000070,0.000000,0.000000,0.000000,0.000000
-1.780000,5.297860,0.000000,0.000644,-0.025766,0.000000,0.000570,0.028385,5.429188,0.000670,-0.086476,-123.114029,0.000179,-0.002565,0.000000,0.000000,0.000000,0.000000
-1.120000,0.955352,0.000000,0.000623,-0.016212,0.000000,0.000390,0.018708,0.990237,0.003235,-0.067829,-18.868599,0.000069,-0.000536,0.000000,0.000000,0.000000,0.000000
6.280000,10.711519,0.000000,0.000634,0.090903,0.000000,0.000321,-0.104304,11.260690,0.003771,0.434346,-186.814651,-0.000069,-0.002361,0.000000,0.000000,0.000000,0.000000
-1.270000,-10.928644,0.000000,0.000971,-0.018383,0.000000,0.000390,0.023373,-11.675859,0.006132,-0.108916,173.098846,-0.000158,0.002987,0.000000,0.000000,0.000000,0.000000
-0.930000,0.492151,0.000000,0.000990,-0.013462,0.000000,0.000548,0.018327,0.534694,0.003145,-0.093681,-7.226662,0.000060,-0.000396,0.000000,0.000000,0.000000,0.000000
-1.370000,-0.636901,0.000000,0.001031,-0.019831,0.000000,0.000488,0.027902,-0.707936,0.003541,-0.153997,8.861178,0.000062,-0.000248,0.000000,0.000000,0.000000,0.000000
2.260000,5.254435,0.000000,0.001061,0.032714,0.000000,0.000426,-0.044819,5.963479,0.003789,0.263741,-70.011604,-0.000008,-0.000612,0.000000,0.000000,0.000000,0.000000
-1.920000,-16.385729,0.000000,0.000186,-0.027792,0.000000,-0.000148,0.028682,-16.516417,0.014053,-0.051204,639.149292,-0.000235,0.011965,0.000000,0.000000,0.000000,0.000000
-2.410000,-0.709276,0.000000,0.000145,-0.034885,0.000000,0.000088,0.035867,-0.714978,0.002088,-0.064031,27.668085,0.000084,0.000329,0.000000,0.000000,0.000000,0.000000
-3.970000,-2.258104,0.000000,0.000069,-0.057466,0.000000,0.000004,0.060166,-2.292493,0.001759,-0.146274,65.143417,0.000119,0.000837,0.000000,0.000000,0.000000,0.000000
-0.670000,4.776759,0.000000,-0.000080,-0.009698,0.000000,-0.000115,0.010337,4.895251,0.000922,-0.031493,-111.006310,0.000120,-0.002189,0.000000,0.000000,0.000000,0.000000
4.580000,7.599388,0.000000,-0.000081,0.066296,0.000000,-0.000236,-0.073764,7.879139,0.003111,0.267439,-150.134003,-0.000051,-0.002115,0.000000,0.000000,0.000000,0.000000
-2.440000,-10.161468,0.000000,0.000150,-0.035319,0.000000,-0.000185,0.040984,-10.683186,0.005226,-0.170665,177.233887,-0.000091,0.002898,0.000000,0.000000,0.000000,0.000000
1.960000,6.369011,0.000000,0.000076,0.028371,0.000000,-0.000094,-0.034170,6.803833,0.002328,0.159229,-100.869293,0.000037,-0.001485,0.000000,0.000000,0.000000,0.000000
2.130000,0.246075,0.000000,0.000192,0.030832,0.000000,-0.000131,-0.038856,0.267327,0.003813,0.198612,-3.613055,-0.000100,0.000472,0.000000,0.000000,0.000000,0.000000
-3.760000,-8.525790,0.000000,0.000316,-0.054426,0.000000,-0.000030,0.073214,-9.465215,0.003341,-0.404091,118.475349,0.000019,0.001149,0.000000,0.000000,0.000000,0.000000
-5.320000,-2.258104,0.000000,0.000194,-0.077007,0.000000,-0.000049,0.109314,-2.563605,0.002192,-0.643260,30.096870,0.000247,-0.001172,0.000000,0.000000,0.000000,0.000000
0.190000,5.572885,0.000000,0.001275,0.002750,0.000000,0.001195,-0.001499,5.617083,0.002401,0.002675,-217.368851,0.000102,-0.004106,0.000000,0.000000,0.000000,0.000000
-13.280000,-19.497858,0.000000,0.001291,-0.192228,0.000000,0.001093,0.198144,-19.653152,0.006507,-0.353732,760.534058,0.000164,0.013451,0.000000,0.000000,0.000000,0.000000
-2.630000,15.415901,0.000000,0.000716,-0.038069,0.000000,0.000929,0.040559,15.650391,-0.006944,-0.098607,-444.720947,0.000406,-0.008712,0.000000,0.000000,0.000000,0.000000
1.480000,5.949236,0.000000,0.000646,0.021423,0.000000,0.000523,-0.022331,6.096677,0.001768,0.068032,-138.250244,0.000054,-0.002418,0.000000,0.000000,0.000000,0.000000
-3.170000,-6.730887,0.000000,0.000765,-0.045886,0.000000,0.000469,0.051843,-6.979177,0.004186,-0.187964,132.985580,0.000008,0.002014,0.000000,0.000000,0.000000,0.000000
0.990000,6.021611,0.000000,0.000684,0.014330,0.000000,0.000461,-0.015768,6.330235,0.002172,0.065662,-105.018501,0.000077,-0.001815,0.000000,0.000000,0.000000,0.000000
3.720000,3.951682,0.000000,0.000788,0.053847,0.000000,0.000384,-0.064076,4.221016,0.003986,0.298587,-62.578098,-0.000094,-0.000374,0.000000,0.000000,0.000000,0.000000
3.150000,-0.825076,0.000000,0.001015,0.045596,0.000000,0.000477,-0.056537,-0.898395,0.004360,0.288988,12.142255,-0.000170,0.001012,0.000000,0.000000,0.000000,0.000000
-2.570000,-8.279715,0.000000,0.001223,-0.037201,0.000000,0.000647,0.051390,-9.192574,0.003348,-0.283635,115.062714,-0.000035,0.001410,0.000000,0.000000,0.000000,0.000000
0.570000,4.545158,0.000000,0.001199,0.008251,0.000000,0.000682,-0.009985,5.158405,0.001938,0.058754,-60.559990,0.000071,-0.000990,0.000000,0.000000,0.000000,0.000000
2.110000,2.229154,0.000000,0.001315,0.030542,0.000000,0.000611,-0.043965,2.591204,0.002929,0.272991,-28.830009,-0.000070,0.000194,0.000000,0.000000,0.000000,0.000000
-3.070000,-0.868501,0.000000,0.000601,-0.044438,0.000000,0.000257,0.046154,-0.875805,0.014184,-0.082396,33.891739,0.000108,0.000419,0.000000,0.000000,0.000000,0.000000
-0.070000,4.342508,0.000000,0.000517,-0.001013,0.000000,0.000149,0.001566,4.376663,0.013766,-0.002797,-169.367325,0.000087,-0.003215,0.000000,0.000000,0.000000,0.000000
-7.910000,-11.348420,0.000000,0.000690,-0.114497,0.000000,0.000062,0.120455,-11.521566,0.016981,-0.292849,327.396423,0.000108,0.005413,0.000000,0.000000,0.000000,0.000000
0.580000,12.289296,0.000000,0.000499,0.008396,0.000000,-0.000046,-0.008487,12.593637,0.011568,0.025856,-285.577423,0.000215,-0.005347,0.000000,0.000000,0.000000,0.000000
2.540000,2.837105,0.000000,0.000697,0.036767,0.000000,-0.000261,-0.040084,2.940565,0.016915,0.145330,-56.031353,-0.000053,-0.000658,0.000000,0.000000,0.000000,0.000000
-2.560000,-7.382263,0.000000,0.000984,-0.037056,0.000000,-0.000208,0.043954,-7.762373,0.017573,-0.183036,128.777649,-0.000028,0.001945,0.000000,0.000000,0.000000,0.000000
-2.480000,0.115800,0.000000,0.001056,-0.035898,0.000000,-0.000180,0.044627,0.122254,0.015629,-0.207959,-1.812463,0.000123,-0.000600,0.000000,0.000000,0.000000,0.000000
-1.080000,2.026504,0.000000,0.001139,-0.015633,0.000000,-0.000303,0.021269,2.202849,0.016229,-0.108718,-29.772615,0.000099,-0.000857,0.000000,0.000000,0.000000,0.000000
-3.610000,-3.662181,0.000000,0.001288,-0.052255,0.000000,-0.000402,0.071610,-4.067634,0.017086,-0.395239,50.914242,0.000117,-0.000103,0.000000,0.000000,0.000000,0.000000
3.060000,9.654841,0.000000,0.001339,0.044294,0.000000,-0.000518,-0.060822,10.957249,0.017190,0.357905,-128.638748,0.000043,-0.001467,0.000000,0.000000,0.000000,0.000000
-1.880000,-7.150663,0.000000,0.001678,-0.027213,0.000000,-0.000561,0.043461,-8.319517,0.018657,-0.269858,92.563812,-0.000040,0.001025,0.000000,0.000000,0.000000,0.000000
-6.490000,-6.672987,0.000000,0.001822,-0.093943,0.000000,-0.000521,0.153510,-7.970301,0.017632,-0.997211,84.762863,0.000264,-0.001094,0.000000,0.000000,0.000000,0.000000
-6.170000,-12.187971,0.000000,-0.000575,-0.089311,0.000000,-0.001147,0.090916,-12.285519,0.024848,-0.162306,475.422760,0.000013,0.008565,0.000000,0.000000,0.000000,0.000000
-4.040000,3.083181,0.000000,-0.000757,-0.058479,0.000000,-0.001160,0.059102,3.107316,0.016283,-0.105510,-120.246338,0.000219,-0.002578,0.000000,0.000000,0.000000,0.000000
-1.680000,3.416106,0.000000,-0.000747,-0.024318,0.000000,-0.001378,0.024649,3.467432,0.018861,-0.059925,-98.530411,0.000132,-0.002023,0.000000,0.000000,0.000000,0.000000
0.850000,3.662181,0.000000,-0.000634,0.012304,0.000000,-0.001510,-0.013905,3.752218,0.020884,0.042362,-85.086517,0.000033,-0.001493,0.000000,0.000000,0.000000,0.000000
3.990000,4.545158,0.000000,-0.000410,0.057755,0.000000,-0.001544,-0.064639,4.711476,0.022377,0.234357,-89.775375,-0.000086,-0.001063,0.000000,0.000000,0.000000,0.000000
-1.060000,-7.309888,0.000000,-0.000052,-0.015344,0.000000,-0.001458,0.017669,-7.686337,0.023440,-0.073578,127.516228,-0.000098,0.002217,0.000000,0.000000,0.000000,0.000000
-0.440000,0.897452,0.000000,0.000086,-0.006369,0.000000,-0.001360,0.007795,0.957284,0.021222,-0.036325,-14.192080,0.000039,-0.000371,0.000000,0.000000,0.000000,0.000000
-3.050000,-3.777982,0.000000,0.000251,-0.044149,0.000000,-0.001400,0.056306,-4.111715,0.021593,-0.287809,55.571899,0.000074,0.000274,0.000000,0.000000,0.000000,0.000000
-1.530000,2.200204,0.000000,0.000307,-0.022147,0.000000,-0.001474,0.030030,2.440635,0.021319,-0.165743,-30.549238,0.000127,-0.001027,0.000000,0.000000,0.000000,0.000000
-3.840000,-3.343731,0.000000,0.000428,-0.055584,0.000000,-0.001601,0.079311,-3.797833,0.022346,-0.466704,44.586781,0.000142,-0.000416,0.000000,0.000000,0.000000,0.000000
0.860000,4.849134,0.000000,-0.000160,0.012449,0.000000,-0.000620,-0.012861,4.887194,0.019739,0.022960,-189.123718,0.000057,-0.003518,0.000000,0.000000,0.000000,0.000000
-4.370000,-7.570438,0.000000,-0.000078,-0.063256,0.000000,-0.000677,0.064687,-7.631242,0.023257,-0.115482,295.312408,0.000030,0.005286,0.000000,0.000000,0.000000,0.000000
-6.650000,-3.300306,0.000000,-0.000079,-0.096259,0.000000,-0.000708,0.100579,-3.351093,0.017971,-0.244526,95.224556,0.000209,0.001132,0.000000,0.000000,0.000000,0.000000
-2.550000,5.934761,0.000000,-0.000187,-0.036911,0.000000,-0.000916,0.039472,6.081299,0.016839,-0.120253,-137.901520,0.000222,-0.002939,0.000000,0.000000,0.000000,0.000000
-1.210000,1.939654,0.000000,-0.000111,-0.017515,0.000000,-0.001138,0.019341,2.010079,0.019778,-0.070123,-38.301296,0.000090,-0.000909,0.000000,0.000000,0.000000,0.000000
-0.170000,1.505403,0.000000,0.000022,-0.002461,0.000000,-0.001228,0.002869,1.581388,0.020687,-0.011948,-26.235195,0.000038,-0.000527,0.000000,0.000000,0.000000,0.000000
-0.960000,-1.143527,0.000000,0.000200,-0.013896,0.000000,-0.001265,0.017023,-1.223137,0.021215,-0.079326,18.133455,0.000023,0.000130,0.000000,0.000000,0.000000,0.000000
-1.790000,-1.201427,0.000000,0.000345,-0.025910,0.000000,-0.001288,0.033296,-1.308736,0.021085,-0.170191,17.688231,0.000065,-0.000126,0.000000,0.000000,0.000000,0.000000
-2.230000,-0.636901,0.000000,0.000456,-0.032279,0.000000,-0.001353,0.043782,-0.709009,0.021211,-0.241645,8.874605,0.000105,-0.000485,0.000000,0.000000,0.000000,0.000000
-0.270000,2.837105,0.000000,0.000552,-0.003908,0.000000,-0.001458,0.006316,3.218291,0.021696,-0.037164,-37.782932,0.000078,-0.000815,0.000000,0.000000,0.000000,0.000000
-1.360000,-7.020387,0.000000,-0.000232,-0.019686,0.000000,-0.000744,0.019973,-7.076780,0.022020,-0.035657,273.855957,-0.000080,0.005091,0.000000,0.000000,0.000000,0.000000
0.790000,3.112130,0.000000,-0.000232,0.011435,0.000000,-0.000664,-0.011946,3.136454,0.016930,0.021326,-121.373932,0.000027,-0.002250,0.000000,0.000000,0.000000,0.000000
0.950000,0.231600,0.000000,-0.000017,0.013751,0.000000,-0.000691,-0.014398,0.234447,0.019180,0.035004,-6.662040,-0.000035,-0.000027,0.000000,0.000000,0.000000,0.000000
-1.300000,-3.256881,0.000000,0.000205,-0.018818,0.000000,-0.000656,0.020445,-3.338567,0.019207,-0.062288,75.706429,-0.000008,0.001265,0.000000,0.000000,0.000000,0.000000
-0.570000,1.056677,0.000000,0.000326,-0.008251,0.000000,-0.000649,0.009531,1.094585,0.017942,-0.034555,-20.856909,0.000047,-0.000491,0.000000,0.000000,0.000000,0.000000
0.430000,1.447503,0.000000,0.000481,0.006224,0.000000,-0.000695,-0.006637,1.520520,0.018433,0.027636,-25.225401,0.000011,-0.000402,0.000000,0.000000,0.000000,0.000000
2.360000,2.793680,0.000000,0.000682,0.034161,0.000000,-0.000706,-0.040431,2.982960,0.018835,0.188404,-44.223473,-0.000053,-0.000327,0.000000,0.000000,0.000000,0.000000
5.330000,4.299083,0.000000,0.000970,0.077152,0.000000,-0.000653,-0.096611,4.675012,0.019162,0.493826,-63.185127,-0.000173,0.000140,0.000000,0.000000,0.000000,0.000000
-2.040000,-10.668094,0.000000,0.001390,-0.029529,0.000000,-0.000480,0.041352,-11.845344,0.019022,-0.228236,148.267227,-0.000112,0.002190,0.000000,0.000000,0.000000,0.000000
-0.720000,1.910703,0.000000,0.001509,-0.010422,0.000000,-0.000368,0.016894,2.166424,0.016832,-0.099410,-25.433949,0.000087,-0.000755,0.000000,0.000000,0.000000,0.000000
-2.340000,-2.547605,0.000000,-0.000417,-0.033872,0.000000,-0.001044,0.034321,-2.568549,0.027083,-0.061270,99.397224,0.000044,0.001718,0.000000,0.000000,0.000000,0.000000
0.490000,4.096432,0.000000,-0.000442,0.007093,0.000000,-0.001088,-0.007715,4.128376,0.025366,0.013773,-159.759155,0.000057,-0.002991,0.000000,0.000000,0.000000,0.000000
-1.430000,-2.779205,0.000000,-0.000154,-0.020699,0.000000,-0.001145,0.021485,-2.822431,0.028357,-0.052235,80.202103,0.000005,0.001383,0.000000,0.000000,0.000000,0.000000
1.600000,4.385932,0.000000,0.000043,0.023160,0.000000,-0.001149,-0.024846,4.493561,0.026974,0.075695,-101.897446,0.000018,-0.001727,0.000000,0.000000,0.000000,0.000000
1.170000,-0.622426,0.000000,0.000377,0.016936,0.000000,-0.001167,-0.018402,-0.646937,0.028701,0.066719,12.327140,-0.000062,0.000417,0.000000,0.000000,0.000000,0.000000
-0.880000,-2.967380,0.000000,0.000693,-0.012738,0.000000,-0.001105,0.015519,-3.121535,0.028284,-0.064625,51.786209,-0.000017,0.000805,0.000000,0.000000,0.000000,0.000000
-0.220000,0.955352,0.000000,0.000924,-0.003185,0.000000,-0.001088,0.004962,1.018398,0.027479,-0.023122,-15.098125,0.000033,-0.000350,0.000000,0.000000,0.000000,0.000000
-5.030000,-6.962488,0.000000,0.001190,-0.072809,0.000000,-0.001121,0.093842,-7.576994,0.027829,-0.479676,102.406876,0.000110,0.000642,0.000000,0.000000,0.000000,0.000000
-4.580000,0.651376,0.000000,0.001258,-0.066296,0.000000,-0.001231,0.090349,0.720200,0.027187,-0.498662,-9.014691,0.000258,-0.001521,0.000000,0.000000,0.000000,0.000000
-1.310000,4.733334,0.000000,0.001354,-0.018962,0.000000,-0.001489,0.028767,5.369622,0.028707,-0.169280,-63.039692,0.000179,-0.001649,0.000000,0.000000,0.000000,0.000000
-3.200000,-17.268703,0.000000,-0.001338,-0.046320,0.000000,-0.002134,0.046139,-17.406887,0.035043,-0.082369,673.608459,-0.000205,0.012535,0.000000,0.000000,0.000000,0.000000
-6.310000,-4.501732,0.000000,-0.001379,-0.091337,0.000000,-0.001929,0.092108,-4.538051,0.022508,-0.164434,175.612640,0.000164,0.002857,0.000000,0.000000,0.000000,0.000000
-4.380000,2.793680,0.000000,-0.001465,-0.063401,0.000000,-0.002092,0.064768,2.835581,0.019651,-0.157464,-80.575768,0.000229,-0.001957,0.000000,0.000000,0.000000,0.000000
-2.610000,2.562080,0.000000,-0.001470,-0.037780,0.000000,-0.002321,0.039025,2.624909,0.021608,-0.118893,-59.523308,0.000155,-0.001445,0.000000,0.000000,0.000000,0.000000
-0.370000,3.242406,0.000000,-0.001407,-0.005356,0.000000,-0.002476,0.004388,3.360916,0.023053,-0.015911,-64.040977,0.000075,-0.001253,0.000000,0.000000,0.000000,0.000000
2.820000,4.617533,0.000000,-0.001255,0.040820,0.000000,-0.002551,-0.048616,4.853346,0.024306,0.202448,-80.516930,-0.000040,-0.000975,0.000000,0.000000,0.000000,0.000000
1.950000,-1.259327,0.000000,-0.000973,0.028226,0.000000,-0.002511,-0.035263,-1.346676,0.025280,0.164321,19.964956,-0.000121,0.000824,0.000000,0.000000,0.000000,0.000000
2.540000,0.854026,0.000000,-0.000737,0.036767,0.000000,-0.002390,-0.047560,0.927623,0.024456,0.243103,-12.537297,-0.000111,0.000419,0.000000,0.000000,0.000000,0.000000
-6.770000,-13.476249,0.000000,-0.000480,-0.097996,0.000000,-0.002280,0.130421,-14.962066,0.024037,-0.719831,187.279007,0.000070,0.001598,0.000000,0.000000,0.000000,0.000000
3.310000,14.590825,0.000000,-0.000620,0.047912,0.000000,-0.002349,-0.068720,16.561256,0.022439,0.404384,-194.430161,0.000128,-0.002591,0.000000,0.000000,0.000000,0.000000
-2.730000,-7.802039,0.000000,0.000496,-0.039517,0.000000,0.000152,0.041007,-7.864481,0.014285,-0.073207,304.338257,-0.000038,0.005569,0.000000,0.000000,0.000000,0.000000
-7.100000,-6.325585,0.000000,0.000425,-0.102773,0.000000,0.000190,0.105664,-6.376138,0.008715,-0.188634,246.742599,0.000165,0.004152,0.000000,0.000000,0.000000,0.000000
-2.620000,6.484811,0.000000,0.000194,-0.037925,0.000000,0.000025,0.039862,6.583197,0.004564,-0.096911,-187.067917,0.000232,-0.003812,0.000000,0.000000,0.000000,0.000000
-6.450000,-5.543935,0.000000,0.000174,-0.093364,0.000000,-0.000207,0.100535,-5.681886,0.008376,-0.306284,128.844284,0.000164,0.001618,0.000000,0.000000,0.000000,0.000000
0.180000,9.596942,0.000000,-0.000019,0.002606,0.000000,-0.000371,-0.002916,9.950062,0.006758,0.010573,-189.594635,0.000180,-0.003564,0.000000,0.000000,0.000000,0.000000
1.260000,1.563303,0.000000,0.000082,0.018239,0.000000,-0.000552,-0.020980,1.642866,0.010322,0.087365,-27.255119,-0.000026,-0.000273,0.000000,0.000000,0.000000,0.000000
-2.410000,-5.312335,0.000000,0.000228,-0.034885,0.000000,-0.000526,0.042404,-5.675971,0.010595,-0.197599,84.148338,0.000007,0.001059,0.000000,0.000000,0.000000,0.000000
-2.790000,-0.550051,0.000000,0.000219,-0.040385,0.000000,-0.000533,0.051493,-0.599201,0.009536,-0.263205,8.098502,0.000128,-0.000561,0.000000,0.000000,0.000000,0.000000
0.860000,5.283384,0.000000,0.000195,0.012449,0.000000,-0.000661,-0.016388,5.864337,0.010096,0.090452,-73.403458,0.000066,-0.001144,0.000000,0.000000,0.000000,0.000000
3.100000,3.242406,0.000000,0.000326,0.044873,0.000000,-0.000727,-0.063076,3.679418,0.011240,0.371173,-43.196583,-0.000101,0.000188,0.000000,0.000000,0.000000,0.000000
4.090000,1.433028,0.000000,0.000552,0.059203,0.000000,-0.000626,-0.088226,1.665196,0.011052,0.547818,-18.527149,-0.000207,0.001131,0.000000,0.000000,0.000000,0.000000
-2.170000,-9.061366,0.000000,0.000823,-0.031411,0.000000,-0.000419,0.051671,-10.820075,0.009922,-0.335657,115.069756,-0.000065,0.001269,0.000000,0.000000,0.000000,0.000000
1.460000,2.750255,0.000000,0.000521,0.021134,0.000000,0.000239,-0.021074,2.771802,0.011593,0.037622,-107.262680,-0.000004,-0.001932,0.000000,0.000000,0.000000,0.000000
-2.690000,-6.007136,0.000000,0.000607,-0.038938,0.000000,0.000243,0.040490,-6.055288,0.013524,-0.072284,234.326416,-0.000005,0.004245,0.000000,0.000000,0.000000,0.000000
-2.030000,0.955352,0.000000,0.000601,-0.029384,0.000000,0.000248,0.031357,0.969492,0.009279,-0.076235,-27.549053,0.000103,-0.000736,0.000000,0.000000,0.000000,0.000000
-3.170000,-1.650153,0.000000,0.000631,-0.045886,0.000000,0.000145,0.049996,-1.691630,0.010015,-0.152316,38.359940,0.000103,0.000316,0.000000,0.000000,0.000000,0.000000
0.130000,4.776759,0.000000,0.000613,0.001882,0.000000,0.000042,-0.001410,4.952056,0.009699,0.005113,-94.359543,0.000090,-0.001773,0.000000,0.000000,0.000000,0.000000
5.610000,7.932314,0.000000,0.000744,0.081205,0.000000,-0.000048,-0.092971,8.338394,0.011473,0.387151,-138.333817,-0.000094,-0.001569,0.000000,0.000000,0.000000,0.000000
1.470000,-5.992661,0.000000,0.001118,0.021278,0.000000,0.000046,-0.024346,-6.403267,0.013042,0.113450,94.930763,-0.000187,0.002107,0.000000,0.000000,0.000000,0.000000
1.320000,-0.217125,0.000000,0.001322,0.019107,0.000000,0.000233,-0.022555,-0.237650,0.010934,0.115288,3.211954,-0.000065,0.000369,0.000000,0.000000,0.000000,0.000000
2.330000,1.461977,0.000000,0.001528,0.033727,0.000000,0.000298,-0.043064,1.621244,0.010566,0.237682,-20.292986,-0.000086,0.000258,0.000000,0.000000,0.000000,0.000000
-0.550000,-4.168808,0.000000,0.001787,-0.007961,0.000000,0.000384,0.013803,-4.734355,0.010308,-0.081224,55.581615,-0.000052,0.000832,0.000000,0.000000,0.000000,0.000000
4.010000,6.600612,0.000000,0.001937,0.058045,0.000000,0.000436,-0.084401,7.674228,0.009475,0.524067,-85.384262,-0.000083,-0.000201,0.000000,0.000000,0.000000,0.000000
-2.690000,-1.823853,0.000000,-0.000387,-0.038938,0.000000,-0.000968,0.039534,-1.838992,0.025107,-0.070577,71.164963,0.000072,0.001157,0.000000,0.000000,0.000000,0.000000
-1.370000,1.910704,0.000000,-0.000431,-0.019831,0.000000,-0.001040,0.019863,1.925301,0.023950,-0.035460,-74.504936,0.000090,-0.001509,0.000000,0.000000,0.000000,0.000000
-0.250000,1.621203,0.000000,-0.000245,-0.003619,0.000000,-0.001130,0.003528,1.644970,0.025459,-0.008577,-46.743404,0.000041,-0.000906,0.000000,0.000000,0.000000,0.000000
-1.800000,-2.243629,0.000000,-0.000009,-0.026055,0.000000,-0.001171,0.027995,-2.300460,0.026364,-0.085287,52.165962,0.000032,0.000759,0.000000,0.000000,0.000000,0.000000
-2.810000,-1.461978,0.000000,0.000157,-0.040675,0.000000,-0.001203,0.045376,-1.517201,0.025606,-0.164515,28.909700,0.000094,0.000101,0.000000,0.000000,0.000000,0.000000
4.390000,10.422018,0.000000,0.000278,0.063545,0.000000,-0.001297,-0.073104,10.955129,0.025505,0.304423,-181.745407,0.000010,-0.002618,0.000000,0.000000,0.000000,0.000000
-2.980000,-10.668094,0.000000,0.000713,-0.043136,0.000000,-0.001306,0.052954,-11.398898,0.028123,-0.246758,168.992813,-0.000073,0.002537,0.000000,0.000000,0.000000,0.000000
-1.100000,2.721305,0.000000,0.000836,-0.015923,0.000000,-0.001234,0.021253,2.958164,0.025586,-0.108632,-39.981071,0.000114,-0.001056,0.000000,0.000000,0.000000,0.000000
-0.690000,0.593476,0.000000,0.001045,-0.009988,0.000000,-0.001347,0.014755,0.656093,0.026641,-0.081437,-8.212264,0.000052,-0.000374,0.000000,0.000000,0.000000,0.000000
-0.710000,-0.028950,0.000000,0.001277,-0.010277,0.000000,-0.001400,0.016360,-0.036070,0.027015,-0.096270,0.423460,0.000043,-0.000252,0.000000,0.000000,0.000000,0.000000
-5.080000,-9.785117,0.000000,-0.000753,-0.073533,0.000000,-0.001494,0.074597,-9.863737,0.032210,-0.133172,381.705109,0.000015,0.006868,0.000000,0.000000,0.000000,0.000000
-3.210000,2.706830,0.000000,-0.000874,-0.046465,0.000000,-0.001509,0.046680,2.727743,0.025342,-0.083334,-105.557701,0.000178,-0.002237,0.000000,0.000000,0.000000,0.000000
-3.520000,-0.448726,0.000000,-0.000749,-0.050952,0.000000,-0.001687,0.052499,-0.456449,0.027579,-0.127635,12.970453,0.000133,-0.000096,0.000000,0.000000,0.000000,0.000000
-3.240000,0.405301,0.000000,-0.000644,-0.046899,0.000000,-0.001820,0.049715,0.414230,0.027675,-0.151459,-9.393209,0.000142,-0.000587,0.000000,0.000000,0.000000,0.000000
3.620000,9.929868,0.000000,-0.000532,0.052400,0.000000,-0.001962,-0.058823,10.294230,0.028262,0.213268,-196.152634,0.000036,-0.003136,0.000000,0.000000,0.000000,0.000000
1.820000,-2.605505,0.000000,-0.000121,0.026345,0.000000,-0.001997,-0.030580,-2.741044,0.031398,0.127344,45.473877,-0.000135,0.001211,0.000000,0.000000,0.000000,0.000000
-3.390000,-7.541488,0.000000,0.000210,-0.049070,0.000000,-0.001863,0.059513,-8.058691,0.030187,-0.277322,119.473038,0.000009,0.001510,0.000000,0.000000,0.000000,0.000000
1.300000,6.788787,0.000000,0.000318,0.018818,0.000000,-0.001871,-0.023461,7.383124,0.028677,0.119920,-99.786629,0.000076,-0.001568,0.000000,0.000000,0.000000,0.000000
-2.010000,-4.791234,0.000000,0.000627,-0.029095,0.000000,-0.001948,0.039751,-5.321692,0.030245,-0.219396,66.611206,0.000007,0.000671,0.000000,0.000000,0.000000,0.000000
-1.460000,4.096432,0.000000,-0.000930,-0.021134,0.000000,-0.001611,0.020757,4.128282,0.029775,-0.037056,-159.755508,0.000134,-0.003126,0.000000,0.000000,0.000000,0.000000
0.380000,2.663405,0.000000,-0.000916,0.005501,0.000000,-0.001745,-0.006570,2.683779,0.032901,0.011729,-103.856407,0.000033,-0.001929,0.000000,0.000000,0.000000,0.000000
-1.400000,-2.576555,0.000000,-0.000577,-0.020265,0.000000,-0.001778,0.020588,-2.616890,0.034830,-0.050054,74.361465,0.000006,0.001276,0.000000,0.000000,0.000000,0.000000
-10.920000,-13.780225,0.000000,-0.000327,-0.158067,0.000000,-0.001784,0.169540,-14.123572,0.033554,-0.516511,320.270721,0.000191,0.004665,0.000000,0.000000,0.000000,0.000000
4.070000,21.698065,0.000000,-0.000510,0.058913,0.000000,-0.001975,-0.066037,22.495831,0.028889,0.239424,-428.649506,0.000247,-0.007477,0.000000,0.000000,0.000000,0.000000
2.460000,-2.330479,0.000000,-0.000034,0.035609,0.000000,-0.002222,-0.041185,-2.452232,0.036366,0.171503,40.682495,-0.000158,0.001248,0.000000,0.000000,0.000000,0.000000
0.160000,-3.329256,0.000000,0.000369,0.002316,0.000000,-0.002064,-0.002352,-3.559154,0.035118,0.010959,52.765762,-0.000073,0.001026,0.000000,0.000000,0.000000,0.000000
-3.140000,-4.776759,0.000000,0.000675,-0.045452,0.000000,-0.001990,0.058496,-5.199395,0.034092,-0.299001,70.272438,0.000060,0.000520,0.000000,0.000000,0.000000,0.000000
-0.360000,4.024057,0.000000,0.000845,-0.005211,0.000000,-0.002050,0.008100,4.464058,0.033572,-0.044706,-55.876259,0.000106,-0.001180,0.000000,0.000000,0.000000,0.000000
3.350000,5.370234,0.000000,0.001138,0.048491,0.000000,-0.002156,-0.067050,6.092237,0.034752,0.394559,-71.523224,-0.000066,-0.000285,0.000000,0.000000,0.000000,0.000000
3.850000,0.723751,0.000000,0.001593,0.055729,0.000000,-0.002090,-0.081435,0.837258,0.035037,0.505650,-9.315416,-0.000204,0.001192,0.000000,0.000000,0.000000,0.000000
11.970000,11.753721,0.000000,0.002078,0.173266,0.000000,-0.001886,-0.274411,14.027514,0.033845,1.782589,-149.180328,-0.000476,0.001995,0.000000,0.000000,0.000000,0.000000
1.100000,2.562080,0.000000,-0.001218,0.015923,0.000000,-0.002163,-0.017452,2.581442,0.041285,0.031156,-99.896156,0.000003,-0.001811,0.000000,0.000000,0.000000,0.000000
-4.300000,-7.816514,0.000000,-0.001077,-0.062243,0.000000,-0.002165,0.062627,-7.879741,0.043096,-0.111804,304.928772,0.000020,0.005475,0.000000,0.000000,0.000000,0.000000
-5.330000,-1.490928,0.000000,-0.000901,-0.077152,0.000000,-0.002186,0.079738,-1.514832,0.037621,-0.193858,43.045406,0.000187,0.000281,0.000000,0.000000,0.000000,0.000000
-4.060000,1.838328,0.000000,-0.000780,-0.058769,0.000000,-0.002373,0.062326,1.882407,0.037340,-0.189879,-42.686073,0.000204,-0.001322,0.000000,0.000000,0.000000,0.000000
0.150000,6.093986,0.000000,-0.000608,0.002171,0.000000,-0.002576,-0.003089,6.316536,0.038663,0.011199,-120.359192,0.000111,-0.002246,0.000000,0.000000,0.000000,0.000000
4.170000,5.818960,0.000000,-0.000256,0.060361,0.000000,-0.002687,-0.070041,6.115125,0.040909,0.291668,-101.449829,-0.000074,-0.001128,0.000000,0.000000,0.000000,0.000000
-1.560000,-8.294189,0.000000,0.000268,-0.022581,0.000000,-0.002613,0.027594,-8.863625,0.042037,-0.128583,131.406464,-0.000093,0.002142,0.000000,0.000000,0.000000,0.000000
0.860000,3.502956,0.000000,0.000547,0.012449,0.000000,-0.002520,-0.015093,3.807588,0.039894,0.077148,-51.461468,0.000031,-0.000770,0.000000,0.000000,0.000000,0.000000
0.030000,-1.201427,0.000000,0.000932,0.000434,0.000000,-0.002552,0.000666,-1.337542,0.040664,-0.003674,16.741911,-0.000024,0.000308,0.000000,0.000000,0.000000,0.000000
3.040000,4.356983,0.000000,0.001287,0.044004,0.000000,-0.002528,-0.060485,4.941464,0.040356,0.355926,-58.013084,-0.000070,-0.000136,0.000000,0.000000,0.000000,0.000000
2.490000,-22.277063,0.000000,-0.001817,0.036043,0.000000,-0.002806,-0.038663,-22.455276,0.043650,0.069022,868.970215,-0.000530,0.016641,0.000000,0.000000,0.000000,0.000000
-0.010000,-3.618756,0.000000,-0.001616,-0.000145,0.000000,-0.002276,-0.001506,-3.648158,0.027009,0.002689,141.175735,-0.000072,0.002650,0.000000,0.000000,0.000000,0.000000
-1.940000,-2.793680,0.000000,-0.001408,-0.028082,0.000000,-0.002204,0.027893,-2.836873,0.024359,-0.067814,80.612488,0.000022,0.001338,0.000000,0.000000,0.000000,0.000000
-2.210000,-0.390826,0.000000,-0.001301,-0.031990,0.000000,-0.002226,0.032984,-0.401350,0.023021,-0.100488,9.101145,0.000082,-0.000102,0.000000,0.000000,0.000000,0.000000
-3.200000,-1.433028,0.000000,-0.001216,-0.046320,0.000000,-0.002307,0.050125,-1.486765,0.023123,-0.181732,28.329735,0.000107,0.000045,0.000000,0.000000,0.000000,0.000000
0.240000,4.979409,0.000000,-0.001183,0.003474,0.000000,-0.002415,-0.005381,5.233842,0.023078,0.022406,-86.829361,0.000084,-0.001584,0.000000,0.000000,0.000000,0.000000
1.020000,1.129052,0.000000,-0.001009,0.014765,0.000000,-0.002499,-0.019049,1.204886,0.024662,0.088765,-17.862877,-0.000029,-0.000095,0.000000,0.000000,0.000000,0.000000
-5.540000,-9.495617,0.000000,-0.000810,-0.080192,0.000000,-0.002470,0.100669,-10.331552,0.024757,-0.514569,139.636093,0.000077,0.001252,0.000000,0.000000,0.000000,0.000000
-6.710000,-1.693578,0.000000,-0.000895,-0.097127,0.000000,-0.002547,0.128705,-1.881447,0.023505,-0.710361,23.549929,0.000312,-0.001478,0.000000,0.000000,0.000000,0.000000
-3.710000,4.342508,0.000000,-0.001035,-0.053702,0.000000,-0.002859,0.074574,4.927991,0.024982,-0.438833,-57.854908,0.000294,-0.002280,0.000000,0.000000,0.000000,0.000000
7.830000,16.704180,0.000000,-0.001058,0.113339,0.000000,-0.003154,-0.172085,19.425892,0.027262,1.068516,-216.134476,-0.000098,-0.001198,0.000000,0.000000,0.000000,0.000000
-5.130000,5.616310,0.000000,0.000751,-0.074257,0.000000,0.000431,0.076837,5.660601,0.013070,-0.137171,-219.052902,0.000315,-0.004517,0.000000,0.000000,0.000000,0.000000
-5.520000,-0.564526,0.000000,0.000583,-0.079902,0.000000,0.000115,0.082409,-0.569498,0.017587,-0.147119,22.038319,0.000212,0.000028,0.000000,0.000000,0.000000,0.000000
-3.070000,3.546381,0.000000,0.000546,-0.044438,0.000000,-0.000096,0.047041,3.599617,0.017559,-0.114366,-102.286598,0.000195,-0.002246,0.000000,0.000000,0.000000,0.000000
-0.360000,3.922732,0.000000,0.000626,-0.005211,0.000000,-0.000291,0.006273,4.019099,0.019805,-0.019112,-91.138405,0.000093,-0.001773,0.000000,0.000000,0.000000,0.000000
6.290000,9.625892,0.000000,0.000832,0.091048,0.000000,-0.000384,-0.100257,9.979119,0.021578,0.363493,-190.148346,-0.000082,-0.002614,0.000000,0.000000,0.000000,0.000000
5.870000,-0.607951,0.000000,0.001337,0.084968,0.000000,-0.000302,-0.096635,-0.640990,0.024192,0.402409,10.634007,-0.000273,0.001295,0.000000,0.000000,0.000000,0.000000
-4.180000,-14.547400,0.000000,0.001831,-0.060506,0.000000,-0.000028,0.075281,-15.543236,0.022898,-0.350799,230.434128,-0.000090,0.003412,0.000000,0.000000,0.000000,0.000000
0.170000,6.296636,0.000000,0.001907,0.002461,0.000000,0.000062,-0.000702,6.847639,0.019486,0.003590,-92.549278,0.000128,-0.001749,0.000000,0.000000,0.000000,0.000000
-2.340000,-3.633231,0.000000,0.002181,-0.033872,0.000000,-0.000066,0.048218,-4.036353,0.021235,-0.266127,50.522709,0.000054,0.000240,0.000000,0.000000,0.000000,0.000000
0.920000,4.718858,0.000000,0.002363,0.013317,0.000000,-0.000120,-0.015511,5.353132,0.020995,0.091274,-62.846085,0.000059,-0.000944,0.000000,0.000000,0.000000,0.000000
-0.800000,-2.489705,0.000000,0.002697,-0.011580,0.000000,-0.000179,0.021476,-2.899836,0.021938,-0.133351,32.263874,0.000003,0.000252,0.000000,0.000000,0.000000,0.000000
-4.140000,1.563303,0.000000,-0.001823,-0.059927,0.000000,-0.002689,0.059581,1.574825,0.038425,-0.106366,-60.942268,0.000191,-0.001442,0.000000,0.000000,0.000000,0.000000
-1.110000,4.385932,0.000000,-0.001894,-0.016067,0.000000,-0.002880,0.014512,4.419872,0.039867,-0.025908,-171.039429,0.000123,-0.003306,0.000000,0.000000,0.000000,0.000000
-5.160000,-5.862386,0.000000,-0.001551,-0.074691,0.000000,-0.003002,0.076486,-5.952870,0.043173,-0.185951,169.156540,0.000094,0.002706,0.000000,0.000000,0.000000,0.000000
-10.430000,-7.628338,0.000000,-0.001410,-0.150975,0.000000,-0.003096,0.160753,-7.819194,0.040467,-0.489741,177.310593,0.000287,0.002028,0.000000,0.000000,0.000000,0.000000
1.220000,16.863405,0.000000,-0.001517,0.017660,0.000000,-0.003383,-0.021311,17.482813,0.038440,0.077266,-333.128357,0.000273,-0.006103,0.000000,0.000000,0.000000,0.000000
3.940000,3.937207,0.000000,-0.001122,0.057032,0.000000,-0.003656,-0.067195,4.136857,0.044542,0.279814,-68.630379,-0.000104,-0.000531,0.000000,0.000000,0.000000,0.000000
0.820000,-4.516208,0.000000,-0.000617,0.011870,0.000000,-0.003552,-0.015080,-4.827473,0.045074,0.070270,71.569046,-0.000132,0.001546,0.000000,0.000000,0.000000,0.000000
0.430000,-0.564526,0.000000,-0.000252,0.006224,0.000000,-0.003420,-0.008213,-0.617237,0.043527,0.041983,8.342268,-0.000034,0.000269,0.000000,0.000000,0.000000,0.000000
-3.770000,-6.079511,0.000000,0.000094,-0.054571,0.000000,-0.003386,0.073110,-6.752577,0.043259,-0.403517,84.521469,0.000070,0.000508,0.000000,0.000000,0.000000,0.000000
1.320000,7.367788,0.000000,0.000263,0.019107,0.000000,-0.003456,-0.026683,8.359694,0.042750,0.157016,-98.143311,0.000086,-0.001435,0.000000,0.000000,0.000000,0.000000
0.710000,-0.882977,0.000000,0.000646,0.010277,0.000000,-0.003542,-0.014488,-1.031441,0.044185,0.089961,11.475924,-0.000059,0.000463,0.000000,0.000000,0.000000,0.000000
-1.840000,-3.691132,0.000000,0.001007,-0.026634,0.000000,-0.003483,0.044308,-4.411927,0.043721,-0.287827,46.920135,0.000036,0.000109,0.000000,0.000000,0.000000,0.000000
-4.420000,-5.761060,0.000000,-0.001321,-0.063980,0.000000,-0.002127,0.064239,-5.807734,0.035451,-0.114682,224.746643,0.000064,0.003945,0.000000,0.000000,0.000000,0.000000
-7.750000,-4.820184,0.000000,-0.001409,-0.112181,0.000000,-0.002191,0.113419,-4.859266,0.031506,-0.202479,188.042969,0.000215,0.003006,0.000000,0.000000,0.000000,0.000000
-7.670000,0.115800,0.000000,-0.001466,-0.111023,0.000000,-0.002405,0.114568,0.116689,0.028501,-0.278535,-3.315824,0.000312,-0.000822,0.000000,0.000000,0.000000,0.000000
1.290000,12.969623,0.000000,-0.001530,0.018673,0.000000,-0.002717,-0.021714,13.290353,0.029323,0.066154,-301.376373,0.000192,-0.005526,0.000000,0.000000,0.000000,0.000000
1.100000,-0.275025,0.000000,-0.001201,0.015923,0.000000,-0.002909,-0.019029,-0.286730,0.034849,0.068992,5.463532,-0.000057,0.000300,0.000000,0.000000,0.000000,0.000000
0.950000,-0.217125,0.000000,-0.000889,0.013751,0.000000,-0.002852,-0.016917,-0.230090,0.034548,0.070446,3.817192,-0.000050,0.000262,0.000000,0.000000,0.000000,0.000000
4.420000,5.022834,0.000000,-0.000591,0.063980,0.000000,-0.002802,-0.077978,5.363808,0.034286,0.363370,-79.520401,-0.000109,-0.000523,0.000000,0.000000,0.000000,0.000000
-0.390000,-6.962487,0.000000,-0.000149,-0.005645,0.000000,-0.002693,0.006970,-7.576867,0.034809,-0.035629,102.405174,-0.000124,0.001844,0.000000,0.000000,0.000000,0.000000
1.100000,2.156779,0.000000,0.000087,0.015923,0.000000,-0.002568,-0.021179,2.391626,0.032966,0.116891,-29.935797,-0.000012,-0.000254,0.000000,0.000000,0.000000,0.000000
-3.060000,-6.021610,0.000000,0.000387,-0.044294,0.000000,-0.002557,0.063265,-6.838516,0.033220,-0.372285,80.284592,0.000042,0.000514,0.000000,0.000000,0.000000,0.000000
-3.730000,-0.969827,0.000000,0.000513,-0.053992,0.000000,-0.002598,0.081991,-1.131307,0.032706,-0.509099,12.587046,0.000200,-0.001140,0.000000,0.000000,0.000000,0.000000
-4.910000,-6.354536,0.000000,-0.000512,-0.071072,0.000000,-0.001126,0.072311,-6.405739,0.026620,-0.129092,247.888138,0.000074,0.004347,0.000000,0.000000,0.000000,0.000000
-5.400000,-0.709276,0.000000,-0.000639,-0.078165,0.000000,-0.001200,0.079378,-0.715463,0.022273,-0.141709,27.686842,0.000201,0.000133,0.000000,0.000000,0.000000,0.000000
-4.960000,0.636901,0.000000,-0.000650,-0.071796,0.000000,-0.001401,0.074400,0.645861,0.022140,-0.180879,-18.352753,0.000213,-0.000837,0.000000,0.000000,0.000000,0.000000
-1.930000,4.385933,0.000000,-0.000646,-0.027937,0.000000,-0.001614,0.029332,4.493837,0.022977,-0.089362,-101.903709,0.000164,-0.002170,0.000000,0.000000,0.000000,0.000000
-1.860000,0.101325,0.000000,-0.000510,-0.026924,0.000000,-0.001778,0.029354,0.103845,0.025147,-0.106425,-1.978729,0.000081,-0.000321,0.000000,0.000000,0.000000,0.000000
5.300000,10.364119,0.000000,-0.000375,0.076718,0.000000,-0.001859,-0.089078,10.894449,0.025468,0.370943,-180.738739,-0.000035,-0.002418,0.000000,0.000000,0.000000,0.000000
5.820000,0.752701,0.000000,0.000068,0.084245,0.000000,-0.001824,-0.101655,0.802204,0.027887,0.473701,-11.892965,-0.000260,0.001061,0.000000,0.000000,0.000000,0.000000
0.430000,-7.802039,0.000000,0.000533,0.006224,0.000000,-0.001565,-0.007218,-8.489936,0.026826,0.036894,114.745743,-0.000180,0.002271,0.000000,0.000000,0.000000,0.000000
-0.530000,-1.389602,0.000000,0.000771,-0.007672,0.000000,-0.001385,0.011292,-1.545060,0.024555,-0.062325,19.339397,0.000002,0.000193,0.000000,0.000000,0.000000,0.000000
1.050000,2.287054,0.000000,0.000975,0.015199,0.000000,-0.001387,-0.020140,2.593375,0.024362,0.118517,-30.446377,-0.000005,-0.000256,0.000000,0.000000,0.000000,0.000000
-2.290000,-10.610194,0.000000,-0.000590,-0.033148,0.000000,-0.001236,0.033403,-10.695276,0.028042,-0.059633,413.883850,-0.000112,0.007676,0.000000,0.000000,0.000000,0.000000
-2.530000,-0.347401,0.000000,-0.000612,-0.036622,0.000000,-0.001124,0.036870,-0.350661,0.020366,-0.065821,13.569804,0.000093,0.000065,0.000000,0.000000,0.000000,0.000000
-4.730000,-3.184506,0.000000,-0.000526,-0.068467,0.000000,-0.001218,0.071048,-3.233575,0.020301,-0.172731,91.885170,0.000131,0.001272,0.000000,0.000000,0.000000,0.000000
-5.010000,-0.405301,0.000000,-0.000547,-0.072520,0.000000,-0.001348,0.077356,-0.416117,0.019029,-0.235670,9.436007,0.000201,-0.000461,0.000000,0.000000,0.000000,0.000000
-7.300000,-3.314781,0.000000,-0.000585,-0.105668,0.000000,-0.001550,0.116778,-3.437768,0.019490,-0.423391,65.505379,0.000250,0.000096,0.000000,0.000000,0.000000,0.000000
4.570000,17.181856,0.000000,-0.000729,0.066151,0.000000,-0.001800,-0.077278,18.062458,0.019394,0.321804,-299.655884,0.000133,-0.004804,0.000000,0.000000,0.000000,0.000000
3.880000,-0.998777,0.000000,-0.000363,0.056163,0.000000,-0.001932,-0.068263,-1.068488,0.024197,0.318097,15.840731,-0.000205,0.001169,0.000000,0.000000,0.000000,0.000000
-1.180000,-7.324363,0.000000,-0.000030,-0.017081,0.000000,-0.001727,0.021623,-7.969730,0.023028,-0.110526,107.714912,-0.000092,0.001738,0.000000,0.000000,0.000000,0.000000
2.610000,5.486035,0.000000,0.000088,0.037780,0.000000,-0.001635,-0.050411,6.088477,0.021290,0.278232,-76.208969,-0.000021,-0.000694,0.000000,0.000000,0.000000,0.000000
1.120000,-2.156779,0.000000,0.000366,0.016212,0.000000,-0.001614,-0.022438,-2.450392,0.021983,0.132037,28.767754,-0.000107,0.000903,0.000000,0.000000,0.000000,0.000000
-1.490000,-16.023853,0.000000,0.000050,-0.021568,0.000000,-0.000413,0.022184,-16.151804,0.019706,-0.039604,625.039490,-0.000246,0.011726,0.000000,0.000000,0.000000,0.000000
-2.360000,-1.259327,0.000000,0.000040,-0.034161,0.000000,-0.000167,0.035018,-1.269550,0.007980,-0.062515,49.128826,0.000071,0.000739,0.000000,0.000000,0.000000,0.000000
-0.940000,2.055453,0.000000,0.000017,-0.013607,0.000000,-0.000239,0.014247,2.086438,0.007240,-0.034636,-59.288151,0.000078,-0.001218,0.000000,0.000000,0.000000,0.000000
-6.010000,-7.338838,0.000000,0.000061,-0.086995,0.000000,-0.000316,0.093568,-7.521311,0.008458,-0.285058,170.555695,0.000111,0.002461,0.000000,0.000000,0.000000,0.000000
-4.300000,2.475229,0.000000,-0.000125,-0.062243,0.000000,-0.000427,0.069032,2.566108,0.005997,-0.250281,-48.896206,0.000235,-0.001607,0.000000,0.000000,0.000000,0.000000
-8.890000,-6.644038,0.000000,-0.000235,-0.128683,0.000000,-0.000662,0.148418,-6.985317,0.007605,-0.618048,115.886299,0.000269,0.000525,0.000000,0.000000,0.000000,0.000000
-4.050000,7.005913,0.000000,-0.000547,-0.058624,0.000000,-0.000931,0.070136,7.484151,0.007079,-0.326824,-110.955254,0.000331,-0.002986,0.000000,0.000000,0.000000,0.000000
-2.850000,1.737003,0.000000,-0.000656,-0.041254,0.000000,-0.001262,0.051485,1.889224,0.010065,-0.263164,-25.533815,0.000174,-0.001190,0.000000,0.000000,0.000000,0.000000
-7.020000,-6.036086,0.000000,-0.000718,-0.101615,0.000000,-0.001436,0.134943,-6.701334,0.011255,-0.744787,83.880066,0.000238,-0.000424,0.000000,0.000000,0.000000,0.000000
-3.960000,4.429358,0.000000,-0.000962,-0.057321,0.000000,-0.001674,0.079803,5.027659,0.011679,-0.469600,-59.025017,0.000311,-0.002387,0.000000,0.000000,0.000000,0.000000
10.570000,21.032211,0.000000,-0.001084,0.153001,0.000000,-0.001985,-0.231786,24.460724,0.014067,1.439209,-272.152588,-0.000164,-0.001256,0.000000,0.000000,0.000000,0.000000
-1.950000,3.126606,0.000000,0.001564,-0.028226,0.000000,0.001423,0.030520,3.151275,0.004712,-0.054486,-121.947456,0.000143,-0.002454,0.000000,0.000000,0.000000,0.000000
-2.760000,-1.172477,0.000000,0.001501,-0.039951,0.000000,0.001281,0.042442,-1.182058,0.007166,-0.075769,45.743050,0.000092,0.000666,0.000000,0.000000,0.000000,0.000000
-3.930000,-1.693578,0.000000,0.001482,-0.056887,0.000000,0.001188,0.061038,-1.719681,0.006500,-0.148396,48.866386,0.000132,0.000523,0.000000,0.000000,0.000000,0.000000
-1.080000,4.125382,0.000000,0.001418,-0.015633,0.000000,0.001056,0.018327,4.227273,0.005977,-0.055834,-95.859032,0.000129,-0.001967,0.000000,0.000000,0.000000,0.000000
4.120000,7.527013,0.000000,0.001493,0.059637,0.000000,0.000927,-0.064615,7.803512,0.007944,0.234270,-148.692947,-0.000027,-0.002178,0.000000,0.000000,0.000000,0.000000
-0.360000,-6.484811,0.000000,0.001807,-0.005211,0.000000,0.000954,0.008109,-6.818665,0.010123,-0.033770,113.121544,-0.000107,0.002055,0.000000,0.000000,0.000000,0.000000
-2.680000,-3.358206,0.000000,0.001939,-0.038793,0.000000,0.001061,0.049189,-3.588853,0.008068,-0.229217,53.206051,0.000065,0.000384,0.000000,0.000000,0.000000,0.000000
-2.500000,0.260551,0.000000,0.001984,-0.036188,0.000000,0.000996,0.048407,0.281928,0.007684,-0.247434,-3.810401,0.000136,-0.000742,0.000000,0.000000,0.000000,0.000000
0.270000,4.009582,0.000000,0.002050,0.003908,0.000000,0.000860,-0.002485,4.449288,0.008426,0.013717,-55.691376,0.000077,-0.001016,0.000000,0.000000,0.000000,0.000000
3.670000,4.921509,0.000000,0.002247,0.053123,0.000000,0.000782,-0.072039,5.584237,0.009443,0.423917,-65.559265,-0.000089,-0.000093,0.000000,0.000000,0.000000,0.000000
2.010000,-2.402854,0.000000,0.002600,0.029095,0.000000,0.000872,-0.039855,-2.797630,0.009535,0.247468,31.126730,-0.000161,0.001259,0.000000,0.000000,0.000000,0.000000
-2.390000,6.600611,0.000000,-0.000718,-0.034595,0.000000,-0.001391,0.034757,6.652380,0.029278,-0.062050,-257.432556,0.000220,-0.005045,0.000000,0.000000,0.000000,0.000000
-5.870000,-5.037309,0.000000,-0.000741,-0.084968,0.000000,-0.001611,0.086240,-5.078222,0.034322,-0.153958,196.516083,0.000137,0.003314,0.000000,0.000000,0.000000,0.000000
-4.530000,1.939653,0.000000,-0.000686,-0.065572,0.000000,-0.001748,0.067853,1.968104,0.031008,-0.164963,-55.925583,0.000221,-0.001511,0.000000,0.000000,0.000000,0.000000
3.480000,11.594496,0.000000,-0.000574,0.050373,0.000000,-0.001968,-0.054758,11.880827,0.032520,0.166823,-269.413513,0.000076,-0.004647,0.000000,0.000000,0.000000,0.000000
-0.770000,-6.151886,0.000000,-0.000104,-0.011146,0.000000,-0.002045,0.012270,-6.380398,0.037167,-0.044487,121.576065,-0.000088,0.002190,0.000000,0.000000,0.000000,0.000000
1.720000,3.604281,0.000000,0.000175,0.024897,0.000000,-0.001957,-0.028566,3.787049,0.034977,0.118954,-62.827084,-0.000005,-0.000872,0.000000,0.000000,0.000000,0.000000
1.050000,-0.969827,0.000000,0.000564,0.015199,0.000000,-0.001951,-0.017674,-1.038698,0.035849,0.082359,15.399084,-0.000067,0.000516,0.000000,0.000000,0.000000,0.000000
2.130000,1.563303,0.000000,0.000926,0.030832,0.000000,-0.001884,-0.037925,1.697630,0.035333,0.193854,-22.944326,-0.000070,0.000089,0.000000,0.000000,0.000000,0.000000
-1.360000,-5.051784,0.000000,0.001340,-0.019686,0.000000,-0.001814,0.028121,-5.611759,0.035244,-0.155209,70.241928,-0.000030,0.000910,0.000000,0.000000,0.000000,0.000000
1.530000,4.183282,0.000000,0.001616,0.022147,0.000000,-0.001784,-0.029071,4.744569,0.034334,0.171071,-55.701523,0.000011,-0.000594,0.000000,0.000000,0.000000,0.000000
-1.490000,-4.371458,0.000000,0.002022,-0.021568,0.000000,-0.001795,0.035486,-5.088971,0.034927,-0.220341,56.620422,-0.000000,0.000477,0.000000,0.000000,0.000000,0.000000
-8.750000,-6.557187,0.000000,-0.001606,-0.126656,0.000000,-0.002538,0.128135,-6.610325,0.041077,-0.228750,255.805145,0.000221,0.004224,0.000000,0.000000,0.000000,0.000000
-2.990000,8.337615,0.000000,-0.001851,-0.043280,0.000000,-0.002760,0.042420,8.403058,0.036853,-0.075729,-325.179993,0.000273,-0.006370,0.000000,0.000000,0.000000,0.000000
-9.730000,-9.756166,0.000000,-0.001581,-0.140842,0.000000,-0.003033,0.145630,-9.905831,0.043223,-0.354053,281.483765,0.000206,0.004384,0.000000,0.000000,0.000000,0.000000
-4.060000,8.207339,0.000000,-0.001640,-0.058769,0.000000,-0.003239,0.061402,8.409505,0.038839,-0.187063,-190.696655,0.000325,-0.004125,0.000000,0.000000,0.000000,0.000000
0.410000,6.470336,0.000000,-0.001455,0.005935,0.000000,-0.003564,-0.008212,6.706701,0.042964,0.029774,-127.793648,0.000104,-0.002332,0.000000,0.000000,0.000000,0.000000
1.570000,1.679103,0.000000,-0.001084,0.022726,0.000000,-0.003668,-0.027511,1.762838,0.045295,0.114563,-29.245451,-0.000041,-0.000240,0.000000,0.000000,0.000000,0.000000
3.410000,2.663404,0.000000,-0.000671,0.049360,0.000000,-0.003627,-0.060419,2.842500,0.045535,0.281546,-42.141090,-0.000110,-0.000036,0.000000,0.000000,0.000000,0.000000
7.030000,5.239960,0.000000,-0.000185,0.101759,0.000000,-0.003517,-0.129281,5.697174,0.045571,0.660820,-77.000160,-0.000242,0.000330,0.000000,0.000000,0.000000,0.000000
-5.030000,-17.456882,0.000000,0.000453,-0.072809,0.000000,-0.003276,0.097984,-19.383343,0.045241,-0.540801,242.619781,-0.000102,0.003131,0.000000,0.000000,0.000000,0.000000
-0.420000,-12.086646,0.000000,-0.001265,-0.006080,0.000000,-0.002113,0.005018,-12.183675,0.037203,-0.008958,471.481659,-0.000217,0.008897,0.000000,0.000000,0.000000,0.000000
-6.730000,-9.133741,0.000000,-0.001192,-0.097417,0.000000,-0.001896,0.098524,-9.207056,0.028305,-0.175888,356.292969,0.000093,0.006254,0.000000,0.000000,0.000000,0.000000
-5.880000,1.230377,0.000000,-0.001268,-0.085113,0.000000,-0.001988,0.087680,1.248415,0.022051,-0.213167,-35.474915,0.000261,-0.001260,0.000000,0.000000,0.000000,0.000000
0.730000,9.567992,0.000000,-0.001312,0.010567,0.000000,-0.002249,-0.012768,9.804556,0.023311,0.038897,-222.331284,0.000151,-0.004102,0.000000,0.000000,0.000000,0.000000
-0.470000,-1.737003,0.000000,-0.001068,-0.006803,0.000000,-0.002400,0.006374,-1.802192,0.027414,-0.023109,34.340096,-0.000017,0.000595,0.000000,0.000000,0.000000,0.000000
1.330000,2.605505,0.000000,-0.000885,0.019252,0.000000,-0.002382,-0.023268,2.737827,0.026818,0.096891,-45.420502,-0.000011,-0.000599,0.000000,0.000000,0.000000,0.000000
-7.120000,-12.231397,0.000000,-0.000630,-0.103062,0.000000,-0.002371,0.123701,-13.068419,0.027417,-0.576433,193.744049,0.000087,0.002110,0.000000,0.000000,0.000000,0.000000
-6.490000,0.911927,0.000000,-0.000743,-0.093943,0.000000,-0.002459,0.118192,0.990553,0.025307,-0.604137,-13.387816,0.000338,-0.001892,0.000000,0.000000,0.000000,0.000000
2.120000,12.462997,0.000000,-0.000834,0.030687,0.000000,-0.002797,-0.042158,13.833904,0.027198,0.232682,-173.157898,0.000147,-0.002646,0.000000,0.000000,0.000000,0.000000
-7.260000,-5.370235,0.000000,0.000013,-0.105089,0.000000,-0.000389,0.107656,-5.413390,0.017154,-0.192191,209.486359,0.000188,0.003452,0.000000,0.000000,0.000000,0.000000
-1.150000,8.844241,0.000000,-0.000229,-0.016646,0.000000,-0.000578,0.016809,8.914235,0.013702,-0.030009,-344.961456,0.000214,-0.006619,0.000000,0.000000,0.000000,0.000000
-9.230000,-11.695821,0.000000,-0.000080,-0.133604,0.000000,-0.000792,0.139631,-11.874295,0.020321,-0.339469,337.419586,0.000152,0.005483,0.000000,0.000000,0.000000,0.000000
-3.920000,7.686238,0.000000,-0.000312,-0.056742,0.000000,-0.000944,0.060652,7.876340,0.014838,-0.184778,-178.606461,0.000313,-0.003892,0.000000,0.000000,0.000000,0.000000
1.030000,7.165138,0.000000,-0.000305,0.014909,0.000000,-0.001257,-0.016907,7.428122,0.018730,0.061299,-141.540054,0.000094,-0.002507,0.000000,0.000000,0.000000,0.000000
0.270000,-1.100102,0.000000,-0.000083,0.003908,0.000000,-0.001352,-0.004611,-1.157802,0.021237,0.019202,19.207909,-0.000035,0.000420,0.000000,0.000000,0.000000,0.000000
-0.760000,-1.490928,0.000000,0.000105,-0.011001,0.000000,-0.001317,0.013412,-1.594203,0.020817,-0.062500,23.634636,0.000006,0.000278,0.000000,0.000000,0.000000,0.000000
1.540000,3.329256,0.000000,0.000249,0.022292,0.000000,-0.001323,-0.027953,3.620197,0.020539,0.142882,-48.928787,-0.000007,-0.000540,0.000000,0.000000,0.000000,0.000000
0.280000,-1.823853,0.000000,0.000492,0.004053,0.000000,-0.001316,-0.004762,-2.026694,0.021080,0.026285,25.367970,-0.000051,0.000552,0.000000,0.000000,0.000000,0.000000
-1.760000,-4.053007,0.000000,-0.000091,-0.025476,0.000000,-0.000602,0.026046,-4.085804,0.021881,-0.046499,158.111679,-0.000007,0.002867,0.000000,0.000000,0.000000,0.000000
1.410000,4.588583,0.000000,-0.000106,0.020410,0.000000,-0.000595,-0.021006,4.624589,0.019014,0.037501,-178.961502,0.000031,-0.003292,0.000000,0.000000,0.000000,0.000000
-7.470000,-12.853823,0.000000,0.000166,-0.108128,0.000000,-0.000626,0.113248,-13.049990,0.022307,-0.275326,370.828094,0.000059,0.006283,0.000000,0.000000,0.000000,0.000000
-6.680000,1.143527,0.000000,0.000023,-0.096693,0.000000,-0.000685,0.103951,1.171190,0.016024,-0.316691,-26.558294,0.000303,-0.001371,0.000000,0.000000,0.000000,0.000000
-8.010000,-1.925179,0.000000,-0.000084,-0.115945,0.000000,-0.000989,0.128756,-1.996981,0.017395,-0.466819,38.051716,0.000310,-0.000540,0.000000,0.000000,0.000000,0.000000
-7.400000,0.882977,0.000000,-0.000251,-0.107115,0.000000,-0.001298,0.123479,0.927272,0.017935,-0.514195,-15.383428,0.000351,-0.001681,0.000000,0.000000,0.000000,0.000000
-6.610000,1.143527,0.000000,-0.000394,-0.095680,0.000000,-0.001649,0.115071,1.220457,0.019616,-0.536219,-18.093721,0.000334,-0.001790,0.000000,0.000000,0.000000,0.000000
-7.420000,-1.172477,0.000000,-0.000506,-0.107405,0.000000,-0.001983,0.135564,-1.276857,0.021406,-0.692934,17.257366,0.000342,-0.001544,0.000000,0.000000,0.000000,0.000000
-4.110000,4.791233,0.000000,-0.000657,-0.059492,0.000000,-0.002325,0.078688,5.317461,0.022950,-0.434302,-66.558228,0.000313,-0.002432,0.000000,0.000000,0.000000,0.000000
13.230000,25.099695,0.000000,-0.000674,0.191505,0.000000,-0.002638,-0.272117,28.490156,0.025382,1.601277,-334.476105,-0.000197,-0.001997,0.000000,0.000000,0.000000,0.000000
-10.670000,-6.948013,0.000000,0.000362,-0.154449,0.000000,-0.000095,0.158560,-7.003785,0.019189,-0.283066,271.031189,0.000297,0.004370,0.000000,0.000000,0.000000,0.000000
-2.000000,12.549848,0.000000,-0.000009,-0.028950,0.000000,-0.000391,0.029633,12.649273,0.014819,-0.052902,-489.499207,0.000319,-0.009420,0.000000,0.000000,0.000000,0.000000
-6.320000,-6.253211,0.000000,0.000149,-0.091482,0.000000,-0.000711,0.095822,-6.349122,0.024239,-0.232961,180.416428,0.000138,0.002803,0.000000,0.000000,0.000000,0.000000
3.320000,13.953924,0.000000,0.000104,0.048057,0.000000,-0.000849,-0.051541,14.299190,0.021435,0.157021,-324.253113,0.000131,-0.005720,0.000000,0.000000,0.000000,0.000000
4.050000,1.056677,0.000000,0.000495,0.058624,0.000000,-0.000980,-0.064599,1.094066,0.027155,0.234210,-20.847021,-0.000154,0.000249,0.000000,0.000000,0.000000,0.000000
-4.980000,-13.070949,0.000000,0.000920,-0.072086,0.000000,-0.000826,0.084356,-13.743476,0.026906,-0.351279,228.004028,-0.000032,0.003367,0.000000,0.000000,0.000000,0.000000
3.270000,11.941895,0.000000,0.000959,0.047333,0.000000,-0.000794,-0.056004,12.755582,0.023539,0.260973,-189.106140,0.000090,-0.002881,0.000000,0.000000,0.000000,0.000000
